url,category_code,category_description,date_added,source,notes
https://www.galilcol.ac.il/,CTRL,Control content,2014-04-15,citizenlab,
http://www.isa.gov.il/,GOVT,Government,2014-04-15,citizenlab,
http://www.noontidepress.com/,HATE,Hate Speech,2014-04-15,citizenlab,
https://www.haaretz.co.il/,NEWS,News Media,2014-04-15,citizenlab,
http://angryarab.blogspot.com/,POLR,Political Criticism,2014-04-15,citizenlab,
http://emarati.katib.org/,POLR,Political Criticism,2014-04-15,citizenlab,
http://www.danielpipes.org/,POLR,Political Criticism,2014-04-15,citizenlab,
http://www.uaehewar.net/Forums/,POLR,Political Criticism,2014-04-15,citizenlab,"Currently offlne, but let's keep because is is a high profile site and linked to prominent UAE political oppponents"
http://www.bahai-faith.org/,REL,Religion,2014-04-15,citizenlab,
http://www.bahai.com/,REL,Religion,2014-04-15,citizenlab,
http://www.bayynat.org/,REL,Religion,2014-04-15,citizenlab,
http://www.faithfreedom.org/,REL,Religion,2014-04-15,citizenlab,
http://www.light-of-life.com/,REL,Religion,2014-04-15,citizenlab,
http://www.yahosein.com/,REL,Religion,2014-04-15,citizenlab,
https://answering-islam.org/,REL,Religion,2014-04-15,citizenlab,
https://rhr.org.il/eng/,CTRL,Control content,2014-04-15,citizenlab,
https://www.likud.org.il/,GOVT,Government,2014-04-15,citizenlab,
https://www.youtube.com/watch?v=jMxV1-jeCJ0/,HUMR,Human Rights Issues,2014-04-15,citizenlab,
https://www.youtube.com/watch?v=rSmLBoJC_l4/,HUMR,Human Rights Issues,2014-04-15,citizenlab,
https://www.youtube.com/watch?v=PdmfSUoQyds&feature=related/,POLR,Political Criticism,2014-04-15,citizenlab,
https://www.youtube.com/watch?v=Pk0p48sOG2k&feature=related/,POLR,Political Criticism,2014-04-15,citizenlab,
https://www.youtube.com/watch?v=z1HRwkxh3M8&feature=related/,POLR,Political Criticism,2014-04-15,citizenlab,
https://www.rafed.net/ar/,REL,Religion,2014-04-15,citizenlab,
https://www.youtube.com/watch?v=BgQdZgojOFI/,REL,Religion,2014-04-15,citizenlab,
https://main.knesset.gov.il/pages/default.aspx/,GOVT,Government,2014-04-15,citizenlab,
https://kwirmedia.com/,LGBT,LGBT,2014-04-15,citizenlab,
https://www.alalamtv.net/,NEWS,News Media,2014-04-15,citizenlab,Iran-aligned
https://arabic.cnn.com/,NEWS,News Media,2014-04-15,citizenlab,
http://www.dubaihotties.org/,PORN,Pornography,2014-04-15,citizenlab,
https://centerforinquiry.org/blog/category/secular-islam/,REL,Religion,2014-04-15,citizenlab,
https://twitter.com/Ahmed_Mansoor/,POLR,Political Criticism,2014-04-15,citizenlab,
https://twitter.com/uae_detainees/,NEWS,News Media,2014-04-15,citizenlab,
https://toystore.co.il/,CTRL,Control content,2014-04-15,citizenlab,
https://www.metrodate.com/,DATE,Online Dating,2014-04-15,citizenlab,
https://www.idf.il/,GOVT,Government,2014-04-15,citizenlab,
https://www.mossad.gov.il/default.aspx/,GOVT,Government,2014-04-15,citizenlab,
https://www.business-humanrights.org/,HUMR,Human Rights Issues,2014-04-15,citizenlab,
https://alemarat.wordpress.com/,NEWS,News Media,2014-04-15,citizenlab,
https://britishexpats.com/forum/,NEWS,News Media,2014-04-15,citizenlab,
https://al-bab.com/,NEWS,News Media,2014-04-15,citizenlab,
https://www.albawaba.com/,NEWS,News Media,2014-04-15,citizenlab,
https://www.alquds.co.uk/,NEWS,News Media,2014-04-15,citizenlab,
https://www.anti-cair-net.org/,NEWS,News Media,2014-04-15,citizenlab,
https://elaph.com/,NEWS,News Media,2014-04-15,citizenlab,
https://middle-east-online.com/,NEWS,News Media,2014-04-15,citizenlab,
https://www.radiosawa.com/,NEWS,News Media,2014-04-15,citizenlab,
https://www.ikhwanweb.com/,POLR,Political Criticism,2014-04-15,citizenlab,
https://www.alnour.com/,REL,Religion,2014-04-15,citizenlab,
https://www.arabicbible.com/,REL,Religion,2014-04-15,citizenlab,
https://sat7.org/,REL,Religion,2014-04-15,citizenlab,
https://the-good-way.com/eng/,REL,Religion,2014-04-15,citizenlab,
https://www.thegrace.com/,REL,Religion,2014-04-15,citizenlab,
http://www.mousematrix.com/,ANON,Anonymization and circumvention tools,2014-04-15,citizenlab,
https://www.mousematrix.com/,ANON,Anonymization and circumvention tools,2014-04-15,citizenlab,
http://www.scunthorpegilbertandsullivan.org/,CTRL,Control content,2014-04-15,citizenlab,
http://www.thissiteisntreal.xxx/,CTRL,Control content,2014-04-15,citizenlab,
http://www.adabislami.org/,CULTR,Culture,2014-04-15,citizenlab,
http://www.alsakher.com/,CULTR,Culture,2014-04-15,citizenlab,
http://www.arabicpoems.com/,CULTR,Culture,2014-04-15,citizenlab,
http://www.bakatheer.com/,CULTR,Culture,2014-04-15,citizenlab,
http://www.metrodate.com/cairo/,DATE,Online Dating,2014-04-15,citizenlab,
http://www.worldsexarchives.com/,DATE,Online Dating,2014-04-15,citizenlab,
http://www.worldsexguide.com/,DATE,Online Dating,2014-04-15,citizenlab,
http://www.heretical.com/,HATE,Hate Speech,2014-04-15,citizenlab,
http://lujrg.blogspot.com/,HUMR,Human Rights Issues,2014-04-15,citizenlab,
http://uaemot.blogspot.com/,HUMR,Human Rights Issues,2014-04-15,citizenlab,
http://www.ansarburney.org/,HUMR,Human Rights Issues,2014-04-15,citizenlab,
http://www.freemuslim.org/,HUMR,Human Rights Issues,2014-04-15,citizenlab,
http://www.gvnet.com/,HUMR,Human Rights Issues,2014-04-15,citizenlab,
http://www.gvnet.com/childprostitution/UnitedArabEmirates.htm/,HUMR,Human Rights Issues,2014-04-15,citizenlab,
http://www.humum.net/,HUMR,Human Rights Issues,2014-04-15,citizenlab,
http://www.uaeprison.com/,HUMR,Human Rights Issues,2014-04-15,citizenlab,
http://arabic.peopledaily.com.cn/,NEWS,News Media,2014-04-15,citizenlab,
http://dubaiatrandom.blogspot.com/,NEWS,News Media,2014-04-15,citizenlab,
http://dubaiconsumermirror.blogspot.com/,NEWS,News Media,2014-04-15,citizenlab,
http://dubaiinmyface.blogspot.com/,NEWS,News Media,2014-04-15,citizenlab,
http://dubaimedia.blogspot.com/,NEWS,News Media,2014-04-15,citizenlab,
http://emirateseconomist.blogspot.com/,NEWS,News Media,2014-04-15,citizenlab,
http://onebigconstructionsite.blogspot.com/,NEWS,News Media,2014-04-15,citizenlab,
http://secretdubai.blogspot.com/,NEWS,News Media,2014-04-15,citizenlab,
http://www.elbadil.info/new/,NEWS,News Media,2014-04-15,citizenlab,Muaritanian news site; blocked in the UAE in the past
http://www.hadash.org.il/,NEWS,News Media,2014-04-15,citizenlab,
http://www.baath-party.org/,POLR,Political Criticism,2014-04-15,citizenlab,
http://www.freearabvoice.org/,POLR,Political Criticism,2014-04-15,citizenlab,
http://www.marxy.com/,POLR,Political Criticism,2014-04-15,citizenlab,
http://www.uaetorture.com/,POLR,Political Criticism,2014-04-15,citizenlab,
http://www.dubai-escort-list.com/,PORN,Pornography,2014-04-15,citizenlab,
http://www.coptic.net/EncyclopediaCoptica/,REL,Religion,2014-04-15,citizenlab,
http://www.thekoran.com/,REL,Religion,2014-04-15,citizenlab,
http://www.thequran.com/,REL,Religion,2014-04-15,citizenlab,
https://www.middleeasteye.net/,NEWS,News Media,2016-07-13,citizenlab,
https://www.alaraby.co.uk/,NEWS,News Media,2016-10-23,OONI,
http://textsecure-service-ca.whispersystems.org/,COMT,Communication Tools,2017-01-23,citizenlab,Used by Signal desktop
https://textsecure-service-ca.whispersystems.org/,COMT,Communication Tools,2017-01-23,citizenlab,Used by signal desktop with cert signed by Whisper
http://www.aaci.org.il/,CTRL,Control content,2017-10-20,citizenlab,
http://www.antiquities.org.il/,CTRL,Control content,2017-10-20,citizenlab,Israel Antiquities Authority
http://www.basket.co.il/,CTRL,Control content,2017-10-20,citizenlab,
http://www.boi.org.il/,CTRL,Control content,2017-10-20,citizenlab,
https://meretz.org.il/,CTRL,Control content,2017-10-20,citizenlab,Israeli Web site
http://www.ramla.muni.il/,CTRL,Control content,2017-10-20,citizenlab,Ramla Municipality site
https://www.lahamag.com/,CULTR,Culture,2017-10-20,citizenlab,
http://www.ikhwantube.com/,POLR,Political Criticism,2017-10-20,citizenlab,
http://ar.wikishia.net/view/%D8%A7%D9%84%D8%B5%D9%81%D8%AD%D8%A9_%D8%A7%D9%84%D8%B1%D8%A6%D9%8A%D8%B3%D9%8A%D8%A9/,REL,Religion,2017-10-20,citizenlab,
http://bahai-books.org/,REL,Religion,2017-10-20,citizenlab,Bahai faith group
http://bahai-devotions.org/,REL,Religion,2017-10-20,citizenlab,Bahai faith group
http://bahai-internet-services.org/,REL,Religion,2017-10-20,citizenlab,Bahai faith group
http://bahai-readings.org/,REL,Religion,2017-10-20,citizenlab,Bahai faith group
http://bahai-writings.org/,REL,Religion,2017-10-20,citizenlab,Bahai faith group
http://www.ansarh.com/,REL,Religion,2017-10-20,citizenlab,Muslim Shia Web site
http://www.ansarweb.net/,REL,Religion,2017-10-20,citizenlab,Muslim Shia Web site
https://www.biblegateway.com/,REL,Religion,2017-10-20,citizenlab,
http://www.coptic-church.org/,REL,Religion,2017-10-20,citizenlab,
https://www.science.co.il/,CTRL,Control content,2017-10-20,citizenlab,Israel Science and Technology
https://middleeasttransparent.com/en/,POLR,Political Criticism,2017-10-20,citizenlab,NGO promotes transparency in the middle east
https://www.ikhwanonline.com/,POLR,Political Criticism,2017-10-20,citizenlab,
https://www.watanserb.com/,POLR,Political Criticism,2017-10-20,citizenlab,
https://www.christian-dogma.com/,REL,Religion,2017-10-20,citizenlab,
https://mecc.org/,REL,Religion,2017-10-20,citizenlab,
http://www.casinoduliban.com.lb/,GMB,Gambling,2017-10-20,citizenlab,Gambling
https://kvinfo.dk/,HUMR,Human Rights Issues,2017-10-20,citizenlab,
http://www.ahrfund.org/,HUMR,Human Rights Issues,2017-10-20,citizenlab,
https://www.dapp.dk/ar/,HUMR,Human Rights Issues,2017-10-20,citizenlab,Women rights
https://euromedrights.org/,HUMR,Human Rights Issues,2017-10-20,citizenlab,The Euro-Mediterranean Human Rights Network
http://www.bbc.com/arabic/,NEWS,News Media,2017-10-20,citizenlab,BBC Arabic
https://thenewkhalij.news/,NEWS,News Media,2017-10-20,citizenlab,
https://twitter.com/gamaleid/,POLR,Political Criticism,2017-10-20,citizenlab,
https://twitter.com/ghonim/,POLR,Political Criticism,2017-10-20,citizenlab,
https://www.al-qaradawi.net/,POLR,Political Criticism,2017-10-20,citizenlab,
http://www.shiaweb.org/books/,REL,Religion,2017-10-20,citizenlab,Shia Web. Shiite Web site
https://www.facebook.com/GayStarNews/,LGBT,LGBT,2017-10-20,citizenlab,
https://ar-ar.facebook.com/uaehewarnet-110911154284/,POLR,Political Criticism,2017-10-20,citizenlab,
https://twitter.com/UAE_Council/,POLR,Political Criticism,2017-10-20,citizenlab,
https://www.facebook.com/EmiratiAffairs/,POLR,Political Criticism,2017-10-20,citizenlab,
https://www.facebook.com/Moh.alrashed/,POLR,Political Criticism,2017-10-20,citizenlab,
https://www.facebook.com/alqaradawy/,POLR,Political Criticism,2017-10-20,citizenlab,
https://www.facebook.com/bostan.ikhwan/,POLR,Political Criticism,2017-10-20,citizenlab,
https://www.facebook.com/newbedon/,POLR,Political Criticism,2017-10-20,citizenlab,
https://ar-ar.facebook.com/Il7ad/,REL,Religion,2017-10-20,citizenlab,Arab atheists
https://twitter.com/arabatheisttv/,REL,Religion,2017-10-20,citizenlab,Arab atheists
https://www.tarjem.com/,COMT,Communication Tools,2017-10-20,citizenlab,Enligh Arabic Translation
https://www.oswego.lib.il.us/,CTRL,Control content,2017-10-20,citizenlab,Illinois Library page
https://www.sqlserver.co.il/,CTRL,Control content,2017-10-20,citizenlab,SQL Server.il
https://www.nikahsearch.com/,DATE,Online Dating,2017-10-20,citizenlab,
https://mfa.gov.il/,GOVT,Government,2017-10-20,citizenlab,Israeli Web site
https://www.netanyahu.org.il/,GOVT,Government,2017-10-20,citizenlab,
https://www.rafael.co.il/,GOVT,Government,2017-10-20,citizenlab,Rafael Advanced Defense Systems
https://internet.tumblr.com/,HOST,Hosting and Blogging Platforms,2017-10-20,citizenlab,To test of certain blogs on tumblr are blocked. Some ISPs block entire platform.
https://religion.tumblr.com/,HOST,Hosting and Blogging Platforms,2017-10-20,citizenlab,To test of certain blogs on tumblr are blocked
https://sports.tumblr.com/,HOST,Hosting and Blogging Platforms,2017-10-20,citizenlab,to test of certain blogs on tumblr are blocked
https://www.amnesty.org/ar/,HUMR,Human Rights Issues,2017-10-20,citizenlab,Article about Moroccan abuses of W. Saharans
https://www.equalitynow.org/,HUMR,Human Rights Issues,2017-10-20,citizenlab,International women NGO
https://learningpartnership.org/,HUMR,Human Rights Issues,2017-10-20,citizenlab,
https://www.theahafoundation.org/,HUMR,Human Rights Issues,2017-10-20,citizenlab,
https://www.moqawama.org/,MILX,Terrorism and Militants,2017-10-20,citizenlab,Hizballah news  website
https://alkhaleejonline.net/,NEWS,News Media,2017-10-20,citizenlab,Political news and views
https://arabi21.com/,NEWS,News Media,2017-10-20,citizenlab,
https://arabic.sputniknews.com/,NEWS,News Media,2017-10-20,citizenlab,Russian news agency
https://www.al-akhbar.com/,NEWS,News Media,2017-10-20,citizenlab,Lebanese newspaper
https://www.al-monitor.com/,NEWS,News Media,2017-10-20,citizenlab,
https://www.alahednews.com.lb/,NEWS,News Media,2017-10-20,citizenlab,Hezbollah-aligned
https://alarab.co.uk/,NEWS,News Media,2017-10-20,citizenlab,
https://www.alaraby.co.uk/portal/,NEWS,News Media,2017-10-20,citizenlab,Pan-Arab newspaper
https://www.arabstoday.net/,NEWS,News Media,2017-10-20,citizenlab,Arabic media
https://www.azzaman.com/,NEWS,News Media,2017-10-20,citizenlab,Regional Arabic online news portal
https://www.dw.com/,NEWS,News Media,2017-10-20,citizenlab,German news service
https://www.eremnews.com/,NEWS,News Media,2017-10-20,citizenlab,Arab news portal
https://www.france24.com/ar/,NEWS,News Media,2017-10-20,citizenlab,France 24 news service
https://www.mc-doualiya.com/,NEWS,News Media,2017-10-20,citizenlab,Monte Carlo radio
https://rassd.com/,NEWS,News Media,2017-10-20,citizenlab,Arab news portal
https://www.raya.com/,NEWS,News Media,2017-10-20,citizenlab,Qatar-aligned
https://www.sasapost.com/,NEWS,News Media,2017-10-20,citizenlab,Sasa Post
https://www.skynewsarabia.com/,NEWS,News Media,2017-10-20,citizenlab,Sky News Arabia
https://carnegie-mec.org/,POLR,Political Criticism,2017-10-20,citizenlab,
https://www.watan.com/,POLR,Political Criticism,2017-10-20,citizenlab,
https://neswangy.net/,PORN,Pornography,2017-10-20,citizenlab,Arabic sex site
https://anaahor.blogspot.com/,REL,Religion,2017-10-20,citizenlab,Arab atheists
https://irshadmanji.com/,REL,Religion,2017-10-20,citizenlab,Critical of Islam
https://www.saintmarysdubai.org/,REL,Religion,2017-10-20,citizenlab,
https://www.stfrancisjebelali.ae/,REL,Religion,2017-10-20,citizenlab,
http://library.sheba.co.il/,CTRL,Control content,2017-10-20,citizenlab,Miriam Gutwirth Medical Library
http://minuf.co.il/,CTRL,Control content,2017-10-20,citizenlab,Minuf Group
http://thissitedoesnotexist.il/,CTRL,Control content,2017-10-20,citizenlab,This site does not exist. Used to test if .il domains are blocked.
http://www.greenbo.co.il/,CTRL,Control content,2017-10-20,citizenlab,Greenbo Gardening Store
http://www.nancyajram.com/,CULTR,Culture,2017-10-20,citizenlab,
http://www.zawagislamy.com/,DATE,Online Dating,2017-10-20,citizenlab,"""Islamic"" dating service"
https://arabic.arabianbusiness.com/,ECON,Economics,2017-10-20,citizenlab,
http://elyon1.court.gov.il/eng/siyur/index.html,GOVT,Government,2017-10-20,citizenlab,Israel Supreme Court
http://www.cbs.gov.il/,GOVT,Government,2017-10-20,citizenlab,Government
http://www.mod.gov.il/,GOVT,Government,2017-10-20,citizenlab,Ministry of Defense
http://www.timesofisrael.com/,GOVT,Government,2017-10-20,citizenlab,Times of Israel
http://thiswebsitedoesnotexistyet.tumblr.com/,HOST,Hosting and Blogging Platforms,2017-10-20,citizenlab,to test of certain blogs on tumblr are blocked
http://afteegypt.org/,HUMR,Human Rights Issues,2017-10-20,citizenlab,
https://arabwomenwork.wordpress.com/,HUMR,Human Rights Issues,2017-10-20,citizenlab,
http://karamah.org/,HUMR,Human Rights Issues,2017-10-20,citizenlab,
http://www.alkarama.org/,HUMR,Human Rights Issues,2017-10-20,citizenlab,
http://anhri.net/,HUMR,Human Rights Issues,2017-10-20,citizenlab,Human rights information network
http://www.annd.org/arabic/index.php/,HUMR,Human Rights Issues,2017-10-20,citizenlab,
http://www.arabruleoflaw.org/,HUMR,Human Rights Issues,2017-10-20,citizenlab,
http://www.arabwomenorg.org/,HUMR,Human Rights Issues,2017-10-20,citizenlab,Women rights
http://www.cawtar.org/,HUMR,Human Rights Issues,2017-10-20,citizenlab,Women rights
http://www.coptic.net/,HUMR,Human Rights Issues,2017-10-20,citizenlab,Religious conversion commentary and criticism
http://www.equalpowerlastingpeace.org/ar/,HUMR,Human Rights Issues,2017-10-20,citizenlab,Women rights
http://www.sistersunited.org/,HUMR,Human Rights Issues,2017-10-20,citizenlab,
https://www.tacticaltech.org/,HUMR,Human Rights Issues,2017-10-20,citizenlab,
http://www.wavo.org/,HUMR,Human Rights Issues,2017-10-20,citizenlab,
http://www.wluml.org/ar/,HUMR,Human Rights Issues,2017-10-20,citizenlab,
http://arabgaypride.blogspot.com/,LGBT,LGBT,2017-10-20,citizenlab,
http://arabiclgbt.blogspot.com/,LGBT,LGBT,2017-10-20,citizenlab,
http://gay-uae.blogspot.com/,LGBT,LGBT,2017-10-20,citizenlab,
http://www.bintelnas.org/,LGBT,LGBT,2017-10-20,citizenlab,
https://www.youtube.com/user/freedomforgays/,LGBT,LGBT,2017-10-20,citizenlab,
http://www.alnour.com.lb/,NEWS,News Media,2017-10-20,citizenlab,al-Nour Radio is the official radio station of Hizbollah
http://almayadeen.net/,NEWS,News Media,2017-10-20,citizenlab,
https://arabic.rt.com/,NEWS,News Media,2017-10-20,citizenlab,Russian news website
http://asrararabiya.com/,NEWS,News Media,2017-10-20,citizenlab,
http://islamion.com/,NEWS,News Media,2017-10-20,citizenlab,
http://mubasher.aljazeera.net/,NEWS,News Media,2017-10-20,citizenlab,
http://opl-now.org/,NEWS,News Media,2017-10-20,citizenlab,
http://www.alhayat.com/,NEWS,News Media,2017-10-20,citizenlab,Pan-Arab newspaper
https://www.alhurra.com/,NEWS,News Media,2017-10-20,citizenlab,
http://www.almayadeen.net/,NEWS,News Media,2017-10-20,citizenlab,Hezbollah-aligned
http://www.caironewss.com/,NEWS,News Media,2017-10-20,citizenlab,
http://www.islamtoday.net/,NEWS,News Media,2017-10-20,citizenlab,Regional news portal from Islamist's point of view
http://www.mepanorama.net/,NEWS,News Media,2017-10-20,citizenlab,
http://www.noonpost.net/,NEWS,News Media,2017-10-20,citizenlab,Noot Post
https://www.palinfo.com/,NEWS,News Media,2017-10-20,citizenlab,Palestinian news website
http://www.qudspress.com/,NEWS,News Media,2017-10-20,citizenlab,
http://www.shaharah.net/,NEWS,News Media,2017-10-20,citizenlab,Shaharah news portal
http://albechir.net/,POLR,Political Criticism,2017-10-20,citizenlab,"Mauritanian websites, previously blocked in UAE"
http://alislaah.net/site/,POLR,Political Criticism,2017-10-20,citizenlab,
http://arabanticorruption.org/,POLR,Political Criticism,2017-10-20,citizenlab,
http://emirati-affairs.com/,POLR,Political Criticism,2017-10-20,citizenlab,
http://omeldunya.com/,POLR,Political Criticism,2017-10-20,citizenlab,
https://raseef22.com/,POLR,Political Criticism,2017-10-20,citizenlab,
http://sevenuae.blogspot.com/,POLR,Political Criticism,2017-10-20,citizenlab,
https://thawrah2day.com/,POLR,Political Criticism,2017-10-20,citizenlab,
http://www.ahewar.org/,POLR,Political Criticism,2017-10-20,citizenlab,Arabic secular news and views
http://www.emasc-uae.com/,POLR,Political Criticism,2017-10-20,citizenlab,
http://www.emirates71.org/,POLR,Political Criticism,2017-10-20,citizenlab,
http://www.rasid.net/,POLR,Political Criticism,2017-10-20,citizenlab,Saudi opposition publication
http://www.uae71.com/,POLR,Political Criticism,2017-10-20,citizenlab,
http://aamagazine.blogspot.com/,REL,Religion,2017-10-20,citizenlab,Arab atheists
http://anbia.tripod.com/,REL,Religion,2017-10-20,citizenlab,
http://answer-islam.com/,REL,Religion,2017-10-20,citizenlab,
http://arabatheistbroadcasting.com/,REL,Religion,2017-10-20,citizenlab,Arab atheists
http://arabel7ad.blogspot.com/,REL,Religion,2017-10-20,citizenlab,Arab atheists
http://el7adarab.blogspot.com/,REL,Religion,2017-10-20,citizenlab,Arab atheists
https://ladeenioon.blogspot.com/,REL,Religion,2017-10-20,citizenlab,Arab atheists
https://richarddawkins.net/,REL,Religion,2017-10-20,citizenlab,Richard Dawkins
http://tabee3iil7ad.blogspot.com/,REL,Religion,2017-10-20,citizenlab,Arab atheists
http://www.al-ketab.net/,REL,Religion,2017-10-20,citizenlab,
http://www.arabchurch.com/,REL,Religion,2017-10-20,citizenlab,
http://www.biblequery.org/,REL,Religion,2017-10-20,citizenlab,
http://www.christianmuslimanswers.com/,REL,Religion,2017-10-20,citizenlab,
http://www.debate.org.uk/,REL,Religion,2017-10-20,citizenlab,
http://www.islamreview.com/,REL,Religion,2017-10-20,citizenlab,
http://www.islamway.com/,REL,Religion,2017-10-20,citizenlab,
http://www.mahdi-alumma.com/,REL,Religion,2017-10-20,citizenlab,
http://www.thereligionofpeace.com/,REL,Religion,2017-10-20,citizenlab,
https://www.google.co.il/,SRCH,Search Engines,2017-10-20,citizenlab,Google Israel
https://www.detainedindubai.org/,HUMR,Human Rights Issues,2017-11-09,citizenlab,
https://gulfnews.com/,NEWS,News Media,2018-01-23,citizenlab,
https://www.change.org/p/etisalat-and-du-stop-blocking-voip-services/,HUMR,Human Rights Issues,2018-01-23,citizenlab,
https://en.wiktionary.org/,CULTR,Culture,2018-07-06,Wikimedia,URLs provided by wikipedia based on the most popular language domains per country
https://fa.wikipedia.org/,CULTR,Culture,2018-07-06,Wikimedia,URLs provided by wikipedia based on the most popular language domains per country
https://www.mashrobi.com/,ALDR,Alcohol & Drugs,2019-06-03,Netalitica,
https://www.africanandeastern.com/,ALDR,Alcohol & Drugs,2019-06-03,Netalitica,
https://www.leclos.net/,ALDR,Alcohol & Drugs,2019-06-03,Netalitica,
https://centaurusint.net/,ALDR,Alcohol & Drugs,2019-06-03,Netalitica,
http://www.mmidubai.com/,ALDR,Alcohol & Drugs,2019-06-03,Netalitica,
https://www.spinneysauh.com/,ALDR,Alcohol & Drugs,2019-06-03,Netalitica,
https://www.selfridges.com/,ALDR,Alcohol & Drugs,2019-06-03,Netalitica,
https://www.drinkies.net/,ALDR,Alcohol & Drugs,2019-06-03,Netalitica,
https://gulfbrandsinternational.com/,ALDR,Alcohol & Drugs,2019-06-03,Netalitica,
https://ar.drinkedin.net/,ALDR,Alcohol & Drugs,2019-06-03,Netalitica,
https://www.cyber-arabs.com/,ANON,Anonymization and circumvention tools,2019-06-03,Netalitica,
https://mahjooob.com/,ANON,Anonymization and circumvention tools,2019-06-03,Netalitica,
https://www.arabichotspotshield.com/,ANON,Anonymization and circumvention tools,2019-06-03,Netalitica,
http://www.arabprogs.com/,ANON,Anonymization and circumvention tools,2019-06-03,Netalitica,
https://www.toopenblockedsites.com/,ANON,Anonymization and circumvention tools,2019-06-03,Netalitica,
https://www.newtactics.org/ar,ANON,Anonymization and circumvention tools,2019-06-03,Netalitica,
https://www.openingblockedsite.com/,ANON,Anonymization and circumvention tools,2019-06-03,Netalitica,
https://nottrees.com/,ANON,Anonymization and circumvention tools,2019-06-03,Netalitica,
https://salamatechwiki.org/,ANON,Anonymization and circumvention tools,2019-06-03,Netalitica,
https://beheard.salamatech.org/ar,ANON,Anonymization and circumvention tools,2019-06-03,Netalitica,
https://www.salamatech.org/,ANON,Anonymization and circumvention tools,2019-06-03,Netalitica,
https://ar.vpnmentor.com/,ANON,Anonymization and circumvention tools,2019-06-03,Netalitica,
https://ara.privateinternetaccess.com/,ANON,Anonymization and circumvention tools,2019-06-03,Netalitica,
https://weneedprivacy.com/,ANON,Anonymization and circumvention tools,2019-06-03,Netalitica,
https://kaserproxy.net/,ANON,Anonymization and circumvention tools,2019-06-03,Netalitica,
https://xn--ngbsg7dyao.xyz/,ANON,Anonymization and circumvention tools,2019-06-03,Netalitica,
http://www.proxyarab.com/,ANON,Anonymization and circumvention tools,2019-06-03,Netalitica,
https://www.proteachin.com/,ANON,Anonymization and circumvention tools,2019-06-03,Netalitica,
https://ae.opensooq.com/en/,COMM,E-commerce,2019-06-03,Netalitica,
https://www.alittihad.ae/,CTRL,Control content,2019-06-03,Netalitica,"UAE govt and govt friendly sites. If inaccessible, need to check network measurement"
https://uaeu.ac.ae/ar/,CTRL,Control content,2019-06-03,Netalitica,"UAE govt and govt friendly sites. If inaccessible, need to check network measurement"
https://www.dc.gov.ae/,CTRL,Control content,2019-06-03,Netalitica,"UAE govt and govt friendly sites. If inaccessible, need to check network measurement"
https://www.vision2021.ae/,CTRL,Control content,2019-06-03,Netalitica,"UAE govt and govt friendly sites. If inaccessible, need to check network measurement"
https://www.government.ae/en#/,CTRL,Control content,2019-06-03,Netalitica,"UAE govt and govt friendly sites. If inaccessible, need to check network measurement"
https://www.uae-embassy.org/,CTRL,Control content,2019-06-03,Netalitica,"UAE govt and govt friendly sites. If inaccessible, need to check network measurement"
https://www.uaeexchange.com/,CTRL,Control content,2019-06-03,Netalitica,"UAE govt and govt friendly sites. If inaccessible, need to check network measurement"
https://www.moi.gov.ae/en/default.aspx/,CTRL,Control content,2019-06-03,Netalitica,"UAE govt and govt friendly sites. If inaccessible, need to check network measurement"
https://www.du.ae/personal/,CTRL,Control content,2019-06-03,Netalitica,"UAE govt and govt friendly sites. If inaccessible, need to check network measurement"
http://www.alwaraq.net/Core/index.jsp?option=1/,CULTR,Culture,2019-06-03,Netalitica,
http://www.qu.edu.qa/,CULTR,Culture,2019-06-03,Netalitica,Qatar-aligned
https://www.beinsports.com/en/,CULTR,Culture,2019-06-03,Netalitica,Qatar-aligned
http://www.awttar.com/,CULTR,Culture,2019-06-03,Netalitica,
https://www.aljasraculture.com/,CULTR,Culture,2019-06-03,Netalitica,
http://www.adab.com/,CULTR,Culture,2019-06-03,Netalitica,
https://www.diwanalarab.com/,CULTR,Culture,2019-06-03,Netalitica,
https://www.aldiwan.net/,CULTR,Culture,2019-06-03,Netalitica,
http://www.alapn.co/ar/,CULTR,Culture,2019-06-03,Netalitica,
http://arabca.net/,CULTR,Culture,2019-06-03,Netalitica,
https://www.hiamag.com/,CULTR,Culture,2019-06-03,Netalitica,
https://www.alukah.net/,CULTR,Culture,2019-06-03,Netalitica,
https://www.zahratalkhaleej.ae/,CULTR,Culture,2019-06-03,Netalitica,
https://www.sayidaty.net/,CULTR,Culture,2019-06-03,Netalitica,
https://arb.majalla.com/,CULTR,Culture,2019-06-03,Netalitica,
http://www.xn--mgbai3a1bycq.net/,DATE,Online Dating,2019-06-03,Netalitica,
https://www.betrallyelarab.com/,DATE,Online Dating,2019-06-03,Netalitica,
https://www.buzzarab.com/,DATE,Online Dating,2019-06-03,Netalitica,
https://www.zohradating.com/,DATE,Online Dating,2019-06-03,Netalitica,
https://badoo.com/ar/dating/,DATE,Online Dating,2019-06-03,Netalitica,
https://www.nisfo.com/,DATE,Online Dating,2019-06-03,Netalitica,
https://ar.dateforeal.com/,DATE,Online Dating,2019-06-03,Netalitica,
https://www.gulf-dating.com/,DATE,Online Dating,2019-06-03,Netalitica,
https://ahlam.net/,DATE,Online Dating,2019-06-03,Netalitica,
https://msyaronline.com/,DATE,Online Dating,2019-06-03,Netalitica,
http://syria-dating.com/,DATE,Online Dating,2019-06-03,Netalitica,
http://www.ekhetba.com/home.ar/,DATE,Online Dating,2019-06-03,Netalitica,
https://zaoag.net/,DATE,Online Dating,2019-06-03,Netalitica,
http://www.asawer.net/,DATE,Online Dating,2019-06-03,Netalitica,
https://www.inkeedo.com/,DATE,Online Dating,2019-06-03,Netalitica,
http://www.ekhotoba.com/home.ar/,DATE,Online Dating,2019-06-03,Netalitica,
https://www.tunisia-dating.com/,DATE,Online Dating,2019-06-03,Netalitica,
https://www.soudfa.com/,DATE,Online Dating,2019-06-03,Netalitica,
https://www.meet-lebanese.com/ar/,DATE,Online Dating,2019-06-03,Netalitica,
https://hotornot.com/ar/,DATE,Online Dating,2019-06-03,Netalitica,
https://www.muslima.com/ar/,DATE,Online Dating,2019-06-03,Netalitica,
http://zwaj-palestine.com/,DATE,Online Dating,2019-06-03,Netalitica,
http://eg.daleel.waseet.net/,DATE,Online Dating,2019-06-03,Netalitica,
http://www.klmnyy.com/,DATE,Online Dating,2019-06-03,Netalitica,
https://zawgaty.com/,DATE,Online Dating,2019-06-03,Netalitica,
https://www.zawaj.com/,DATE,Online Dating,2019-06-03,Netalitica,
http://www.yazawaj.com/,DATE,Online Dating,2019-06-03,Netalitica,
https://www.umnea.net/,DATE,Online Dating,2019-06-03,Netalitica,
http://zawaghalal.com/,DATE,Online Dating,2019-06-03,Netalitica,
http://talaki.com/,DATE,Online Dating,2019-06-03,Netalitica,
https://www.sharekomry.com/,DATE,Online Dating,2019-06-03,Netalitica,
https://www.qiran.com/,DATE,Online Dating,2019-06-03,Netalitica,
https://www.qatarairways.com/,ECON,Economics,2019-06-03,Netalitica,Qatar-aligned
https://aliqtisadi.com/,ECON,Economics,2019-06-03,Netalitica,
https://www.arabianbusiness.com/,ECON,Economics,2019-06-03,Netalitica,
https://www.zawya.com/,ECON,Economics,2019-06-03,Netalitica,
https://www.forbesmiddleeast.com/,ECON,Economics,2019-06-03,Netalitica,
http://www.aleqt.com/,ECON,Economics,2019-06-03,Netalitica,
https://www.cnbcarabia.com/,ECON,Economics,2019-06-03,Netalitica,
https://www.al-iqtisad.net/,ECON,Economics,2019-06-03,Netalitica,
https://menafn.com/,ECON,Economics,2019-06-03,Netalitica,
http://www.tradearabia.com/,ECON,Economics,2019-06-03,Netalitica,
https://mtgryonline.com/,ECON,Economics,2019-06-03,Netalitica,
https://www.shopgo.me/ar/,ECON,Economics,2019-06-03,Netalitica,
https://www.rowadalaamal.com/,ECON,Economics,2019-06-03,Netalitica,
https://amwal-mag.com/,ECON,Economics,2019-06-03,Netalitica,
https://e-tejara.com/,ECON,Economics,2019-06-03,Netalitica,
http://www.mduae.net/,ECON,Economics,2019-06-03,Netalitica,
https://www.nasdaqdubai.com/,ECON,Economics,2019-06-03,Netalitica,
https://www.essamalzamel.com/,ECON,Economics,2019-06-03,Netalitica,
https://uaebusiness.com/,ECON,Economics,2019-06-03,Netalitica,
https://naturemena.com/,ENV,Environment,2019-06-03,Netalitica,
http://natural-snc.org/,ENV,Environment,2019-06-03,Netalitica,
https://www.eeg-uae.org/,ENV,Environment,2019-06-03,Netalitica,
http://www.persga.org/,ENV,Environment,2019-06-03,Netalitica,
https://www.iucnredlist.org/,ENV,Environment,2019-06-03,Netalitica,
https://acwua.org/,ENV,Environment,2019-06-03,Netalitica,
http://www.arabwatercouncil.org/,ENV,Environment,2019-06-03,Netalitica,
https://eet-uae.com/,ENV,Environment,2019-06-03,Netalitica,
https://www.alsindibad.com/,FILE,File-sharing,2019-06-03,Netalitica,
https://ar4up.com/,FILE,File-sharing,2019-06-03,Netalitica,
http://www.th3download.com/,FILE,File-sharing,2019-06-03,Netalitica,
https://www.downloadxdriver.com/,FILE,File-sharing,2019-06-03,Netalitica,
http://www.arabyarea.com/,FILE,File-sharing,2019-06-03,Netalitica,
https://www.bramjfreee.com/,FILE,File-sharing,2019-06-03,Netalitica,
https://www.arbprograms.com/,FILE,File-sharing,2019-06-03,Netalitica,
http://www.5-yal.com/,FILE,File-sharing,2019-06-03,Netalitica,
http://multkasoft.com/,FILE,File-sharing,2019-06-03,Netalitica,
https://www.androidapps-ar.com/,FILE,File-sharing,2019-06-03,Netalitica,
https://technoarabi.com/,FILE,File-sharing,2019-06-03,Netalitica,
https://www.alarabydownloads.com/,FILE,File-sharing,2019-06-03,Netalitica,
https://www.mo7pro.com/,FILE,File-sharing,2019-06-03,Netalitica,
http://shamela.ws/index.php/,FILE,File-sharing,2019-06-03,Netalitica,
https://www.esm3.com/,FILE,File-sharing,2019-06-03,Netalitica,
https://www.bramjzone.com/,FILE,File-sharing,2019-06-03,Netalitica,
https://www.downloadprogramsline.com/,FILE,File-sharing,2019-06-03,Netalitica,
https://www.mohmal.com/,FILE,File-sharing,2019-06-03,Netalitica,
https://bramjmyegy.co/,FILE,File-sharing,2019-06-03,Netalitica,
http://www.doniacomputer.com/,FILE,File-sharing,2019-06-03,Netalitica,
http://www.ar.obfog.com/,GAME,Gaming,2019-06-03,Netalitica,
http://game-game.ma/,GAME,Gaming,2019-06-03,Netalitica,
http://www.337.com/ar/minigame/,GAME,Gaming,2019-06-03,Netalitica,
https://viptarneeb.com/,GAME,Gaming,2019-06-03,Netalitica,
https://www.jawaker.com/,GAME,Gaming,2019-06-03,Netalitica,
https://www.gamku.com/,GAME,Gaming,2019-06-03,Netalitica,
https://chessduo.com/ar/,GAME,Gaming,2019-06-03,Netalitica,
https://www.gamessakhr.com/,GAME,Gaming,2019-06-03,Netalitica,
https://www.gmajid.com/,GAME,Gaming,2019-06-03,Netalitica,
https://www.casinoelarab.com/,GMB,Gambling,2019-06-03,Netalitica,
https://casinoarabian.com/,GMB,Gambling,2019-06-03,Netalitica,
https://casino-abu-dhabi.com/,GMB,Gambling,2019-06-03,Netalitica,
https://www.toparabcasinos.com/,GMB,Gambling,2019-06-03,Netalitica,
https://www.elarabcasino.com/,GMB,Gambling,2019-06-03,Netalitica,
https://www.finalarab.com/,GMB,Gambling,2019-06-03,Netalitica,
https://arabcasino.co/,GMB,Gambling,2019-06-03,Netalitica,
https://www.arabiccasinochoice.com/,GMB,Gambling,2019-06-03,Netalitica,
https://www.casinoarbi.com/,GMB,Gambling,2019-06-03,Netalitica,
https://arab-casino.org/,GMB,Gambling,2019-06-03,Netalitica,
https://www.casinoaraby.com/,GMB,Gambling,2019-06-03,Netalitica,
https://www.a7lacasino.com/,GMB,Gambling,2019-06-03,Netalitica,
https://www.7alalcasino.com/,GMB,Gambling,2019-06-03,Netalitica,
https://arabcasinohex.com/,GMB,Gambling,2019-06-03,Netalitica,
https://arabian-roulette.com/,GMB,Gambling,2019-06-03,Netalitica,
http://xn--mgbaad5cxb7deyuu.com/,GMB,Gambling,2019-06-03,Netalitica,
http://arabian-slotsx.com/,GMB,Gambling,2019-06-03,Netalitica,
https://online-casino-arabic.com/,GMB,Gambling,2019-06-03,Netalitica,
http://arabianbetting.com/,GMB,Gambling,2019-06-03,Netalitica,
http://www.reefclubcasino.com/,GMB,Gambling,2019-06-03,Netalitica,
https://www.dubaicasino.org/,GMB,Gambling,2019-06-03,Netalitica,
http://www.onlinearabiccasino.com/,GMB,Gambling,2019-06-03,Netalitica,
https://www.casinosenarabe.com.ar/,GMB,Gambling,2019-06-03,Netalitica,
https://arabian-live-casino.com/,GMB,Gambling,2019-06-03,Netalitica,
https://www.viparabcasinos.com/,GMB,Gambling,2019-06-03,Netalitica,
https://www.andubai.com/,GMB,Gambling,2019-06-03,Netalitica,
https://xn--888-nze9cufxaqq.com/,GMB,Gambling,2019-06-03,Netalitica,
https://www.sheikhcasinos.com/,GMB,Gambling,2019-06-03,Netalitica,
https://www.casinoar.com/,GMB,Gambling,2019-06-03,Netalitica,
https://casinocairo.com/,GMB,Gambling,2019-06-03,Netalitica,
http://www.aljyyosh.com/vb/,HACK,Hacking Tools,2019-06-03,Netalitica,
http://www.hack-int.com/cc/,HACK,Hacking Tools,2019-06-03,Netalitica,
https://www.alkrsan.net/forum/,HACK,Hacking Tools,2019-06-03,Netalitica,
http://hackerz.ahlamontada.net/,HACK,Hacking Tools,2019-06-03,Netalitica,
http://hackers.banouta.net/,HACK,Hacking Tools,2019-06-03,Netalitica,
http://hackerr.hooxs.com/forum/,HACK,Hacking Tools,2019-06-03,Netalitica,
http://abtalealdjazaire.ahlamontada.net/,HACK,Hacking Tools,2019-06-03,Netalitica,
http://hakers.arabepro.com/,HACK,Hacking Tools,2019-06-03,Netalitica,
http://egypt4hack.ahlamontada.com/,HACK,Hacking Tools,2019-06-03,Netalitica,
http://alhacker.mam9.com/,HACK,Hacking Tools,2019-06-03,Netalitica,
http://212.129.24.11/,HACK,Hacking Tools,2019-06-03,Netalitica,
http://www.v4-team.com/cc/index.php/,HACK,Hacking Tools,2019-06-03,Netalitica,
http://dev-hack.ahlamontada.net/,HACK,Hacking Tools,2019-06-03,Netalitica,
http://bl4ck-ghost.hooxs.com/,HACK,Hacking Tools,2019-06-03,Netalitica,
http://school-kings-hacker.7olm.org/,HACK,Hacking Tools,2019-06-03,Netalitica,
https://www.arabhost.com/,HOST,Hosting and Blogging Platforms,2019-06-03,Netalitica,
https://the-arabs.com/,HOST,Hosting and Blogging Platforms,2019-06-03,Netalitica,
http://webarabi.com/,HOST,Hosting and Blogging Platforms,2019-06-03,Netalitica,
https://hostkda.com/ar/,HOST,Hosting and Blogging Platforms,2019-06-03,Netalitica,
https://www.estedafah.com/,HOST,Hosting and Blogging Platforms,2019-06-03,Netalitica,
https://www.hosting-uae.com/,HOST,Hosting and Blogging Platforms,2019-06-03,Netalitica,
https://naja7host.com/,HOST,Hosting and Blogging Platforms,2019-06-03,Netalitica,
https://www.badrnet.net/,HOST,Hosting and Blogging Platforms,2019-06-03,Netalitica,
https://sahaba.io/reseller-hosting/,HOST,Hosting and Blogging Platforms,2019-06-03,Netalitica,
https://www.gccwebhosting.com/,HOST,Hosting and Blogging Platforms,2019-06-03,Netalitica,
https://www.aeserver.com/,HOST,Hosting and Blogging Platforms,2019-06-03,Netalitica,
https://www.lookserv.com/,HOST,Hosting and Blogging Platforms,2019-06-03,Netalitica,
http://www.uaeleaks.com/,HUMR,Human Rights Issues,2019-06-03,Netalitica,Also Political Criticism
http://www.boycottuae.com/,HUMR,Human Rights Issues,2019-06-03,Netalitica,Also Political Criticism
http://www.monthlyblogs.com/,HUMR,Human Rights Issues,2019-06-03,Netalitica,Also Political Criticism
http://judgmentforsale.com/,HUMR,Human Rights Issues,2019-06-03,Netalitica,Also Political Criticism
http://www.reparationlaw.com/,HUMR,Human Rights Issues,2019-06-03,Netalitica,Also Political Criticism
http://www.hvacuae.com/,HUMR,Human Rights Issues,2019-06-03,Netalitica,Also Political Criticism
http://migrantforum.com/,HUMR,Human Rights Issues,2019-06-03,Netalitica,Also Political Criticism
http://uaecrowdfunding.com/,HUMR,Human Rights Issues,2019-06-03,Netalitica,Also Political Criticism
http://www.tradeaddress.com/,HUMR,Human Rights Issues,2019-06-03,Netalitica,Also Political Criticism
http://www.commercedubai.com/,HUMR,Human Rights Issues,2019-06-03,Netalitica,Also Political Criticism
http://www.sheikhsaif.com/,HUMR,Human Rights Issues,2019-06-03,Netalitica,Also Political Criticism
http://tldbank.com/,HUMR,Human Rights Issues,2019-06-03,Netalitica,Also Political Criticism
http://judgmentcreditor.com/,HUMR,Human Rights Issues,2019-06-03,Netalitica,Also Political Criticism
http://abudhabiae.com/,HUMR,Human Rights Issues,2019-06-03,Netalitica,Also Political Criticism
http://decreeholder.com/,HUMR,Human Rights Issues,2019-06-03,Netalitica,Also Political Criticism
http://jabir.org/,HUMR,Human Rights Issues,2019-06-03,Netalitica,Also Political Criticism
http://www.indiauae.com/,HUMR,Human Rights Issues,2019-06-03,Netalitica,Also Political Criticism
http://unuae.com/,HUMR,Human Rights Issues,2019-06-03,Netalitica,Also Political Criticism
http://aohr.org.uk/index.php/ar/,HUMR,Human Rights Issues,2019-06-03,Netalitica,
http://www.uaedetainees.org/,HUMR,Human Rights Issues,2019-06-03,Netalitica,Also Political Criticism
https://genevacouncil.com/,HUMR,Human Rights Issues,2019-06-03,Netalitica,Also Political Criticism
http://www.echr.org.uk/ar/,HUMR,Human Rights Issues,2019-06-03,Netalitica,Also Political Criticism
http://www.ic4jhr.org/ar/,HUMR,Human Rights Issues,2019-06-03,Netalitica,Also Political Criticism
https://www.gc4hr.org/main/,HUMR,Human Rights Issues,2019-06-03,Netalitica,Also Political Criticism
http://gohod.net/,HUMR,Human Rights Issues,2019-06-03,Netalitica,
http://www.avtuae.org/,HUMR,Human Rights Issues,2019-06-03,Netalitica,Also Political Criticism
https://www.homochat.org/ar/,LGBT,LGBT,2019-06-03,Netalitica,
https://www.lgbtarabic.com/,LGBT,LGBT,2019-06-03,Netalitica,
https://majal.org/ahwaa/,LGBT,LGBT,2019-06-03,Netalitica,
https://ahwaa.org/?lang=ar/,LGBT,LGBT,2019-06-03,Netalitica,
https://www.buzzarab.com/chat/gay-arabs/,LGBT,LGBT,2019-06-03,Netalitica,
https://www.mykalimag.com/,LGBT,LGBT,2019-06-03,Netalitica,
http://www.aswatmag.com/,LGBT,LGBT,2019-06-03,Netalitica,
https://www.queer-refugees.hamburg/,LGBT,LGBT,2019-06-03,Netalitica,
http://gaymorocco.yoo7.com/,LGBT,LGBT,2019-06-03,Netalitica,
http://hakr-man.yoo7.com/,LGBT,LGBT,2019-06-03,Netalitica,
https://saudislgbt.tumblr.com/,LGBT,LGBT,2019-06-03,Netalitica,
https://www.beirutpride.org/,LGBT,LGBT,2019-06-03,Netalitica,
http://www.helem.net/,LGBT,LGBT,2019-06-03,Netalitica,
https://thequeerarabs.com/,LGBT,LGBT,2019-06-03,Netalitica,
https://www.hidayahlgbt.co.uk/,LGBT,LGBT,2019-06-03,Netalitica,
https://www.salaamcanada.info/,LGBT,LGBT,2019-06-03,Netalitica,
https://imaanlondon.wordpress.com/,LGBT,LGBT,2019-06-03,Netalitica,
http://www.lgbtmuslimretreat.com/,LGBT,LGBT,2019-06-03,Netalitica,
https://londonqueermuslims.com/,LGBT,LGBT,2019-06-03,Netalitica,
http://sabaah.dk/,LGBT,LGBT,2019-06-03,Netalitica,
https://mutsaween.wordpress.com/,LGBT,LGBT,2019-06-03,Netalitica,
https://rmdan.tv/,MMED,Media sharing,2019-06-03,Netalitica,
https://arabseed.me/,MMED,Media sharing,2019-06-03,Netalitica,
https://instaview.me/ar/,MMED,Media sharing,2019-06-03,Netalitica,
http://cima4u.tv/,MMED,Media sharing,2019-06-03,Netalitica,
https://www.dardarkom.tv/,MMED,Media sharing,2019-06-03,Netalitica,
https://arabseed.tv/,MMED,Media sharing,2019-06-03,Netalitica,
http://www.nsaem.net/videos/,MMED,Media sharing,2019-06-03,Netalitica,
http://cima4up.co/,MMED,Media sharing,2019-06-03,Netalitica,
https://yomlek.com/,MMED,Media sharing,2019-06-03,Netalitica,
http://movizland.online/,MMED,Media sharing,2019-06-03,Netalitica,
https://video.mzarita.tv/,MMED,Media sharing,2019-06-03,Netalitica,
http://anakbnet.co/,MMED,Media sharing,2019-06-03,Netalitica,
https://www.series4watch.online/,MMED,Media sharing,2019-06-03,Netalitica,
https://www.farfeshplus.com/,MMED,Media sharing,2019-06-03,Netalitica,
https://arabtigers.com/,MMED,Media sharing,2019-06-03,Netalitica,
https://www.4helal.tv/,MMED,Media sharing,2019-06-03,Netalitica,
http://3arbt.com/,MMED,Media sharing,2019-06-03,Netalitica,
http://melody4arab.com/,MMED,Media sharing,2019-06-03,Netalitica,
https://mp3songs.alarab.com/,MMED,Media sharing,2019-06-03,Netalitica,
https://www.nghmaty.com/,MMED,Media sharing,2019-06-03,Netalitica,
https://arab.phonezik.net/,MMED,Media sharing,2019-06-03,Netalitica,
http://arabsong.top/index.php/,MMED,Media sharing,2019-06-03,Netalitica,
https://nogomistars.com/,MMED,Media sharing,2019-06-03,Netalitica,
https://www.youtubeto.com/ar/,MMED,Media sharing,2019-06-03,Netalitica,
https://www.alhemyarianews.com/index.php/,NEWS,News Media,2019-06-03,Netalitica,
https://www.yemenipress.net/,NEWS,News Media,2019-06-03,Netalitica,Yemen-aligned
https://almersad.net/index.php/,NEWS,News Media,2019-06-03,Netalitica,Yemen-aligned
http://www.alkawthartv.com/,NEWS,News Media,2019-06-03,Netalitica,
https://www.yamanyoon.com/,NEWS,News Media,2019-06-03,Netalitica,Yemen-aligned
https://yemenvibe.com/,NEWS,News Media,2019-06-03,Netalitica,Yemen-aligned
https://alsudanalyoum.com/,NEWS,News Media,2019-06-03,Netalitica,
http://saba.ye/ar/,NEWS,News Media,2019-06-03,Netalitica,Yemen-aligned
http://www.alwasat-ye.net/,NEWS,News Media,2019-06-03,Netalitica,Yemen-aligned
http://ar.farsnews.com/,NEWS,News Media,2019-06-03,Netalitica,Iran-aligned
https://www.farsnews.com/,NEWS,News Media,2019-06-03,Netalitica,Iran-aligned
https://www.presstv.com/,NEWS,News Media,2019-06-03,Netalitica,Iran-aligned
https://aden-post.com/,NEWS,News Media,2019-06-03,Netalitica,Yemen-aligned
http://alhakk.net/,NEWS,News Media,2019-06-03,Netalitica,Yemen-aligned
https://www.belqees.tv/,NEWS,News Media,2019-06-03,Netalitica,Yemen-aligned
http://almotamar.net/news/,NEWS,News Media,2019-06-03,Netalitica,Yemen-aligned
http://www.awraqpress.net/portal/,NEWS,News Media,2019-06-03,Netalitica,Yemen-aligned
http://hournews.net/,NEWS,News Media,2019-06-03,Netalitica,Yemen-aligned
http://lahjnews.net/news/,NEWS,News Media,2019-06-03,Netalitica,Yemen-aligned
https://marebpress.net/,NEWS,News Media,2019-06-03,Netalitica,Yemen-aligned
https://www.almasdaronline.com/,NEWS,News Media,2019-06-03,Netalitica,Yemen-aligned
http://saadahpress.net/news/,NEWS,News Media,2019-06-03,Netalitica,Yemen-aligned
http://sabanews.net/ar/,NEWS,News Media,2019-06-03,Netalitica,Yemen-aligned
http://www.26sep.net/,NEWS,News Media,2019-06-03,Netalitica,Yemen-aligned
http://www.almasirah.net/,NEWS,News Media,2019-06-03,Netalitica,Yemen-aligned
https://www.ansarollah.com/,NEWS,News Media,2019-06-03,Netalitica,Yemen-aligned
http://althawrah.ye/,NEWS,News Media,2019-06-03,Netalitica,Yemen-aligned
http://www.ansarallah.net/,NEWS,News Media,2019-06-03,Netalitica,Yemen-aligned
http://www.saadahpress.net/news/,NEWS,News Media,2019-06-03,Netalitica,Yemen-aligned
https://www.yemen-24.com/,NEWS,News Media,2019-06-03,Netalitica,Yemen-aligned
http://www.yemenat.net/,NEWS,News Media,2019-06-03,Netalitica,Yemen-aligned
https://adenalyoum.com/,NEWS,News Media,2019-06-03,Netalitica,Yemen-aligned
https://www.alsulta-alrabea.com/index.php/,NEWS,News Media,2019-06-03,Netalitica,Yemen-aligned
https://ibb-press.net/index.php/,NEWS,News Media,2019-06-03,Netalitica,Yemen-aligned
http://khabaragency.net/,NEWS,News Media,2019-06-03,Netalitica,Yemen-aligned
https://mandabpress.com/,NEWS,News Media,2019-06-03,Netalitica,Yemen-aligned
http://mokawamah.net/portal/,NEWS,News Media,2019-06-03,Netalitica,Yemen-aligned
https://nabdalsharea.com/,NEWS,News Media,2019-06-03,Netalitica,Syrian-aligned
http://www.dampress.net/,NEWS,News Media,2019-06-03,Netalitica,Syrian-aligned
http://www.champress.net/,NEWS,News Media,2019-06-03,Netalitica,Syrian-aligned
http://syrianownews.com/,NEWS,News Media,2019-06-03,Netalitica,Syrian-aligned
https://syria.news/,NEWS,News Media,2019-06-03,Netalitica,Syrian-aligned
https://syria.press/,NEWS,News Media,2019-06-03,Netalitica,Syrian-aligned
http://www.ortas.gov.sy/,NEWS,News Media,2019-06-03,Netalitica,Syrian-aligned
http://syriahomenews.com/,NEWS,News Media,2019-06-03,Netalitica,Syrian-aligned
http://jamahir.alwehda.gov.sy/,NEWS,News Media,2019-06-03,Netalitica,Syrian-aligned
http://moia.gov.sy/portal/site/arabic/,NEWS,News Media,2019-06-03,Netalitica,Syrian-aligned
http://thawra.sy/,NEWS,News Media,2019-06-03,Netalitica,Syrian-aligned
http://fedaa.alwehda.gov.sy/,NEWS,News Media,2019-06-03,Netalitica,Syrian-aligned
http://www.syria-scope.com/,NEWS,News Media,2019-06-03,Netalitica,Syrian-aligned
https://www.al-sharq.com/,NEWS,News Media,2019-06-03,Netalitica,Qatar-aligned
http://www.al-watan.com/,NEWS,News Media,2019-06-03,Netalitica,Qatar-aligned
https://www.alarab.qa/,NEWS,News Media,2019-06-03,Netalitica,Qatar-aligned
https://www.gulf-times.com/,NEWS,News Media,2019-06-03,Netalitica,Qatar-aligned
https://thepeninsulaqatar.com/,NEWS,News Media,2019-06-03,Netalitica,Qatar-aligned
https://www.mofa.gov.qa/,NEWS,News Media,2019-06-03,Netalitica,Qatar-aligned
http://doc.aljazeera.net/,NEWS,News Media,2019-06-03,Netalitica,Qatar-aligned
http://www.qtv.qa/,NEWS,News Media,2019-06-03,Netalitica,Qatar-aligned
https://portal.www.gov.qa/wps/portal,NEWS,News Media,2019-06-03,Netalitica,Qatar-aligned
http://www.mcs.gov.qa/,NEWS,News Media,2019-06-03,Netalitica,Qatar-aligned
http://www.cb.gov.qa/English/Pages/default.aspx/,NEWS,News Media,2019-06-03,Netalitica,Qatar-aligned
https://www.binzaid.gov.qa/,NEWS,News Media,2019-06-03,Netalitica,Qatar-aligned
https://www.singlewindow.gov.qa/BookServ/,NEWS,News Media,2019-06-03,Netalitica,Qatar-aligned
https://www.diwan.gov.qa/,NEWS,News Media,2019-06-03,Netalitica,Qatar-aligned
http://www.edu.gov.qa/Ar/Pages/Home.aspx/,NEWS,News Media,2019-06-03,Netalitica,Qatar-aligned
http://www.namlc.gov.qa/,NEWS,News Media,2019-06-03,Netalitica,Qatar-aligned
http://www.qatar-tribune.com/,NEWS,News Media,2019-06-03,Netalitica,Qatar-aligned
https://www.aa.com.tr/ar/,NEWS,News Media,2019-06-03,Netalitica,Turkey-aligned
https://www.turk-now.com/,NEWS,News Media,2019-06-03,Netalitica,Turkey-aligned
https://www.turkeyalaan.net/,NEWS,News Media,2019-06-03,Netalitica,Turkey-aligned
http://www.turkey-post.net/,NEWS,News Media,2019-06-03,Netalitica,Turkey-aligned
https://arabturkey.com/,NEWS,News Media,2019-06-03,Netalitica,Turkey-aligned
https://www.turkeytoday.net/,NEWS,News Media,2019-06-03,Netalitica,Turkey-aligned
https://www.zamanarabic.com/,NEWS,News Media,2019-06-03,Netalitica,Turkey-aligned
https://www.turkpress.co/,NEWS,News Media,2019-06-03,Netalitica,Turkey-aligned
http://www.turkpress.co/,NEWS,News Media,2019-06-03,Netalitica,Turkey-aligned
http://www.akhbarturkiya.com/,NEWS,News Media,2019-06-03,Netalitica,Turkey-aligned
https://www.trtarabi.com/,NEWS,News Media,2019-06-03,Netalitica,Turkey-aligned
http://www.turkishpress.com/,NEWS,News Media,2019-06-03,Netalitica,Turkey-aligned
http://www.hurriyetdailynews.com/,NEWS,News Media,2019-06-03,Netalitica,Turkey-aligned
https://www.turk.life/,NEWS,News Media,2019-06-03,Netalitica,Turkey-aligned
https://www.dailysabah.com/,NEWS,News Media,2019-06-03,Netalitica,Turkey-aligned
http://aletejahtv.com/,NEWS,News Media,2019-06-03,Netalitica,Hezbollah-aligned
http://alwelayah.net/,NEWS,News Media,2019-06-03,Netalitica,Hezbollah-aligned
https://www.islamtimes.org/,NEWS,News Media,2019-06-03,Netalitica,Hezbollah-aligned
http://www.irna.ir/en/,NEWS,News Media,2019-06-03,Netalitica,Iran-aligned
http://kayhan.ir/,NEWS,News Media,2019-06-03,Netalitica,Iran-aligned
https://www.tabnak.ir/,NEWS,News Media,2019-06-03,Netalitica,Iran-aligned
http://www.khamenei.ir/,NEWS,News Media,2019-06-03,Netalitica,Iran-aligned
https://www.asriran.com/,NEWS,News Media,2019-06-03,Netalitica,Iran-aligned
https://www.alef.ir/,NEWS,News Media,2019-06-03,Netalitica,Iran-aligned
http://aftabnews.ir/,NEWS,News Media,2019-06-03,Netalitica,Iran-aligned
http://www.irinn.ir/,NEWS,News Media,2019-06-03,Netalitica,Iran-aligned
http://www.ghanoondaily.ir/fa/,NEWS,News Media,2019-06-03,Netalitica,Iran-aligned
https://www.khabaronline.ir/,NEWS,News Media,2019-06-03,Netalitica,Iran-aligned
http://omidnameh.com/,NEWS,News Media,2019-06-03,Netalitica,Iran-aligned
https://www.tasnimnews.com/,NEWS,News Media,2019-06-03,Netalitica,Iran-aligned
http://www.alalam.ir/,NEWS,News Media,2019-06-03,Netalitica,Iran-aligned
http://javanonline.ir/,NEWS,News Media,2019-06-03,Netalitica,Iran-aligned
http://siasatrooz.ir/ar/,NEWS,News Media,2019-06-03,Netalitica,Iran-aligned
http://www.hamshahrionline.ir/,NEWS,News Media,2019-06-03,Netalitica,Iran-aligned
http://alarabiya24.com/,NEWS,News Media,2019-06-03,Netalitica,Iran-aligned
https://almawqeapost.net/,NEWS,News Media,2019-06-03,Netalitica,
https://alsharq-news.com/,NEWS,News Media,2019-06-03,Netalitica,
https://aba6eel.com/,NEWS,News Media,2019-06-03,Netalitica,
http://elmeda.net/spip.php?rubrique1/,NEWS,News Media,2019-06-03,Netalitica,
https://www.independentarabia.com/,NEWS,News Media,2019-06-03,Netalitica,
https://arabicpost.net/,NEWS,News Media,2019-06-03,Netalitica,
https://www.elsaba7.com/,NEWS,News Media,2019-06-03,Netalitica,
https://www.altamkeen.net/,NEWS,News Media,2019-06-03,Netalitica,Also Poliical Criticism
https://alresalah.ps/,NEWS,News Media,2019-06-03,Netalitica,
http://www.masralarabia.com/,NEWS,News Media,2019-06-03,Netalitica,
https://www.dotemirates.com/ar/,NEWS,News Media,2019-06-03,Netalitica,
https://www.raialyoum.com/,NEWS,News Media,2019-06-03,Netalitica,
https://alhudhudonline.com/,NEWS,News Media,2019-06-03,Netalitica,
http://www.asrar7days.com/,NEWS,News Media,2019-06-03,Netalitica,
http://www.al-vefagh.com/,NEWS,News Media,2019-06-03,Netalitica,
http://www.motabaat.com/,NEWS,News Media,2019-06-03,Netalitica,
https://nahrainnet.net/,NEWS,News Media,2019-06-03,Netalitica,
https://muwatin.net/,NEWS,News Media,2019-06-03,Netalitica,
http://emasc.org/,POLR,Political Criticism,2019-06-03,Netalitica,
http://www.alghoraba.com/,POLR,Political Criticism,2019-06-03,Netalitica,Also Religion
http://emiratiaffairs.com/,POLR,Political Criticism,2019-06-03,Netalitica,POLR
https://emiratiaffairs.com/,POLR,Political Criticism,2019-06-03,Netalitica,POLR
https://emiratesleaks.com/,POLR,Political Criticism,2019-06-03,Netalitica,site accessible as http and https. Both are included to compare blocking
http://emiratesleaks.com/,POLR,Political Criticism,2019-06-03,Netalitica,site accessible as http and https. Both are included to compare blocking
https://ikhwanonline.info/,POLR,Political Criticism,2019-06-03,Netalitica,
https://www.ikhwanwiki.com/,POLR,Political Criticism,2019-06-03,Netalitica,
https://ikhwansyria.com/,POLR,Political Criticism,2019-06-03,Netalitica,
http://www.ikhwanpress.com/,POLR,Political Criticism,2019-06-03,Netalitica,
http://ikhwan.site/,POLR,Political Criticism,2019-06-03,Netalitica,
http://fj-p.com/,POLR,Political Criticism,2019-06-03,Netalitica,
http://www.al-jamaa.org/,POLR,Political Criticism,2019-06-03,Netalitica,
http://www.alqassam.ps/arabic/index.php/,POLR,Political Criticism,2019-06-03,Netalitica,
http://www.ikhwan.sd/,POLR,Political Criticism,2019-06-03,Netalitica,
https://saudileaks.com/,POLR,Political Criticism,2019-06-03,Netalitica,"Saudi leaks, but to check if UAE blocks content hostile to its ally, Saudi Arabia"
http://alwaienews.net/,POLR,Political Criticism,2019-06-03,Netalitica,
http://iranalyaum.com/,POLR,Political Criticism,2019-06-03,Netalitica,
https://www.noonpost.com/,POLR,Political Criticism,2019-06-03,Netalitica,
https://bzazi.com/,PORN,Pornography,2019-06-03,Netalitica,
https://xxxnxx.me/,PORN,Pornography,2019-06-03,Netalitica,
https://sexsaoy.com/,PORN,Pornography,2019-06-03,Netalitica,
https://sexjk.com/,PORN,Pornography,2019-06-03,Netalitica,
https://sex4arabxxx.com/,PORN,Pornography,2019-06-03,Netalitica,
https://mitnaka.com/,PORN,Pornography,2019-06-03,Netalitica,
https://www.tubev.sex/,PORN,Pornography,2019-06-03,Netalitica,
https://xnxxx.cc/,PORN,Pornography,2019-06-03,Netalitica,
https://sexalarab.com/,PORN,Pornography,2019-06-03,Netalitica,
https://zobry.site/,PORN,Pornography,2019-06-03,Netalitica,
http://3arabporn.com/,PORN,Pornography,2019-06-03,Netalitica,
https://www.aflamsexhd.com/,PORN,Pornography,2019-06-03,Netalitica,
https://b3bos.com/,PORN,Pornography,2019-06-03,Netalitica,
https://www.arabianchicks.com/,PORN,Pornography,2019-06-03,Netalitica,
https://www.youporngay.com/,PORN,Pornography,2019-06-03,Netalitica,
https://tiaz.site/,PORN,Pornography,2019-06-03,Netalitica,
https://www.hot-arab-films.com/,PORN,Pornography,2019-06-03,Netalitica,
https://sa.made-in-china.com/co_cnjmint/,PROV,Provocative Attire,2019-06-03,Netalitica,
https://www.tradefairdates.com/,PROV,Provocative Attire,2019-06-03,Netalitica,
http://www.kyivfashion.kiev.ua/en/,PROV,Provocative Attire,2019-06-03,Netalitica,
http://www.fantasiawear.com/,PROV,Provocative Attire,2019-06-03,Netalitica,
https://www.lovehoney.de/,PROV,Provocative Attire,2019-06-03,Netalitica,
https://www.yandy.com/,PROV,Provocative Attire,2019-06-03,Netalitica,
https://www.modcloth.com/,PROV,Provocative Attire,2019-06-03,Netalitica,
https://www.nayomi.com/,PROV,Provocative Attire,2019-06-03,Netalitica,
https://ar.aliexpress.com/,PROV,Provocative Attire,2019-06-03,Netalitica,
https://www.victoriassecret.ae/en/,PROV,Provocative Attire,2019-06-03,Netalitica,
https://www.daloah.com/,PROV,Provocative Attire,2019-06-03,Netalitica,
https://www.miraclelingerie.ae/,PROV,Provocative Attire,2019-06-03,Netalitica,
https://en-ae.namshi.com/,PROV,Provocative Attire,2019-06-03,Netalitica,
https://www.spicylingerie.com/,PROV,Provocative Attire,2019-06-03,Netalitica,
https://www.klynn.com/,PROV,Provocative Attire,2019-06-03,Netalitica,
https://www.kiabi.ae/,PROV,Provocative Attire,2019-06-03,Netalitica,
https://brayola.com/,PROV,Provocative Attire,2019-06-03,Netalitica,
https://www.splashfashions.com/,PROV,Provocative Attire,2019-06-03,Netalitica,
https://www.journelle.com/,PROV,Provocative Attire,2019-06-03,Netalitica,
https://www.soma.com/store/,PROV,Provocative Attire,2019-06-03,Netalitica,
https://www.splashfashions.com/ae/en/,PROV,Provocative Attire,2019-06-03,Netalitica,
https://www.soma.com/,PROV,Provocative Attire,2019-06-03,Netalitica,
https://www.fredericks.com/,PROV,Provocative Attire,2019-06-03,Netalitica,
https://www.webteb.com/,PUBH,Public Health,2019-06-03,Netalitica,
http://www.sehha.com/index.shtml/,PUBH,Public Health,2019-06-03,Netalitica,
https://www.altibbi.com/,PUBH,Public Health,2019-06-03,Netalitica,
https://www.doctoori.net/,PUBH,Public Health,2019-06-03,Netalitica,
https://www.sehaama.com/,PUBH,Public Health,2019-06-03,Netalitica,
https://a3chabe.com/public-health/,PUBH,Public Health,2019-06-03,Netalitica,
https://www.se7a4evryone.com/,PUBH,Public Health,2019-06-03,Netalitica,
https://www.seha-tok.com/,PUBH,Public Health,2019-06-03,Netalitica,
http://www.hi-mama.com/,PUBH,Public Health,2019-06-03,Netalitica,
https://www.3rbdr.net/,PUBH,Public Health,2019-06-03,Netalitica,
http://www.mediall1.com/,PUBH,Public Health,2019-06-03,Netalitica,
http://www.hijabi.net/,REL,Religion,2019-06-03,Netalitica,
http://www.rahmah.ae/,REL,Religion,2019-06-03,Netalitica,
https://rasoulallah.net/ar/,REL,Religion,2019-06-03,Netalitica,
https://ar.islamway.net/,REL,Religion,2019-06-03,Netalitica,
http://www.alwaei.com/shabab/site/,REL,Religion,2019-06-03,Netalitica,Also Political Criticism
http://www.free-mind.tv/,REL,Religion,2019-06-03,Netalitica,
http://www.justaskislam.com/,REL,Religion,2019-06-03,Netalitica,
https://www.nasser-yamani.com/,REL,Religion,2019-06-03,Netalitica,
https://maktoob.yahoo.com/,SRCH,Search Engines,2019-06-03,Netalitica,
https://lableb.com/,SRCH,Search Engines,2019-06-03,Netalitica,
https://mawdoo3.com/,SRCH,Search Engines,2019-06-03,Netalitica,
https://www.marefa.org/,SRCH,Search Engines,2019-06-03,Netalitica,
http://www.raddadi.com/,SRCH,Search Engines,2019-06-03,Netalitica,
http://yaarabi.com/,SRCH,Search Engines,2019-06-03,Netalitica,
https://www.yamli.com/ar/,SRCH,Search Engines,2019-06-03,Netalitica,
http://www.arabo.com/,SRCH,Search Engines,2019-06-03,Netalitica,
https://www.sahafah24.net/index.php/,SRCH,Search Engines,2019-06-03,Netalitica,
https://www.dailymedicalinfo.com/,XED,Sex Education,2019-06-03,Netalitica,
http://www.feedo.net/Default.htm/,XED,Sex Education,2019-06-03,Netalitica,
http://hayatouki.com/,XED,Sex Education,2019-06-03,Netalitica,
https://aljens.info/,XED,Sex Education,2019-06-03,Netalitica,
https://www.e7kky.com/,XED,Sex Education,2019-06-03,Netalitica,
http://alsayeda.net/,XED,Sex Education,2019-06-03,Netalitica,
http://www.kalam.co.il/,XED,Sex Education,2019-06-03,Netalitica,
http://m3loma.com/,XED,Sex Education,2019-06-03,Netalitica,
https://jensaneya.org/,XED,Sex Education,2019-06-03,Netalitica,
https://lmarabic.com/,XED,Sex Education,2019-06-03,Netalitica,
https://www.zanzu.de/ar/,XED,Sex Education,2019-06-03,Netalitica,
