url,category_code,category_description,date_added,source,notes
https://sq.wikipedia.org/,CULTR,Culture,2018-07-06,Wikimedia,URLs provided by wikipedia based on the most popular language domains per country
https://sr.wikipedia.org/,CULTR,Culture,2018-07-06,Wikimedia,URLs provided by wikipedia based on the most popular language domains per country
https://en.wiktionary.org/,CULTR,Culture,2018-07-06,Wikimedia,URLs provided by wikipedia based on the most popular language domains per country
https://sq.wiktionary.org/,CULTR,Culture,2018-07-06,Wikimedia,URLs provided by wikipedia based on the most popular language domains per country
