url,category_code,category_description,date_added,source,notes
http://acij.org.ar/,HUMR,Human Rights Issues,2017-07-04,ADC,
http://adc.org.ar/,HUMR,Human Rights Issues,2017-07-04,ADC,
https://adc.org.ar/,HUMR,Human Rights Issues,2018-09-17,OONI,
https://adcdigital.org.ar/,HUMR,Human Rights Issues,2017-07-04,ADC,
http://andhes.org.ar/,HUMR,Human Rights Issues,2017-07-04,ADC,
https://argentinachronicles.blogspot.com/,CULTR,Culture,2018-09-17,OONI,
https://blog.smaldone.com.ar/,POLR,Political Criticism,2017-07-04,ADC,
http://c5n.com.ar/,NEWS,News Media,2017-07-04,ADC,
https://cambiemos.com/,POLR,Political Criticism,2018-09-17,OONI,
http://canalaonline.com/,NEWS,News Media,2017-07-04,ADC,
http://catolicas.org.ar/,HUMR,Human Rights Issues,2018-09-17,OONI,
http://ccmatienzo.com.ar/,CULTR,Culture,2017-07-04,ADC,
http://clarin.com.ar/,NEWS,News Media,2017-07-04,ADC,
http://comunicacionsocial.org.ar/,NEWS,News Media,2018-02-28,,
http://cosecharoja.org/,NEWS,News Media,2018-02-28,,
http://diarioelsol.com.ar/,NEWS,News Media,2017-07-04,ADC,
http://diarioelzondasj.com.ar/index.php,NEWS,News Media,2017-07-04,ADC,
http://diarioepoca.com/,NEWS,News Media,2017-07-04,ADC,
http://diariohoy.net/,NEWS,News Media,2017-07-04,ADC,
http://diariolaopinion.com.ar/,NEWS,News Media,2017-07-04,ADC,
http://edicionlimite.com.ar/,NEWS,News Media,2017-07-04,ADC,
http://eleco.com.ar/,NEWS,News Media,2017-07-04,ADC,
http://elsigloweb.com/,NEWS,News Media,2017-07-04,ADC,
https://es.wikibooks.org/,CULTR,Culture,2018-07-06,Wikimedia,URLs provided by wikipedia based on the most popular language domains per country
https://es.wiktionary.org/,CULTR,Culture,2018-07-06,Wikimedia,URLs provided by wikipedia based on the most popular language domains per country
http://farn.org.ar/,ENV,Environment,2017-07-04,ADC,
http://feim.org.ar/,HUMR,Human Rights Issues,2017-07-04,ADC,
http://fmlatribu.com/,NEWS,News Media,2017-07-04,ADC,
https://freedomhouse.org/report/freedom-net/2017/argentina,HUMR,Human Rights Issues,2018-09-17,OONI,
http://fundacionmalvinas.org.ar/,HUMR,Human Rights Issues,2017-07-04,ADC,
https://geekgaucho.blogspot.com/,HACK,Hacking Tools,2018-09-17,OONI,
http://grupofusa.org/,XED,Sex Education,2018-09-17,OONI,
http://guerrasdeinternet.com/blog/,POLR,Political Criticism,2017-07-04,ADC,
https://history-of-argentina.blogspot.com/2010/06/diaguita.html,CULTR,Culture,2018-09-17,OONI,
https://identidadydiversidad.adc.org.ar/,LGBT,LGBT,2018-09-17,OONI,
http://lanacion.com.ar/,NEWS,News Media,2017-07-04,ADC,
http://larazon.viapais.com.ar/,NEWS,News Media,2017-07-04,ADC,
http://larevuelta.com.ar/,XED,Sex Education,2017-07-04,ADC,
https://latam.googleblog.com/,HOST,Hosting and Blogging Platforms,2018-09-17,OONI,
http://launion.com.ar/,NEWS,News Media,2017-07-04,ADC,
http://lavozdetandil.com.ar/,NEWS,News Media,2017-07-04,ADC,
https://leyderecho.org/,CULTR,Culture,2018-09-17,OONI,Free encyclopedia of law for Latin American countries
http://libresdelsur.org.ar/,POLR,Political Criticism,2018-09-17,OONI,
http://lmdiario.com.ar/,NEWS,News Media,2017-07-04,ADC,
http://madres.org/,HUMR,Human Rights Issues,2017-07-04,ADC,
https://mapucheit.wordpress.com/,HUMR,Human Rights Issues,2018-09-17,OONI,
https://martinbecerra.wordpress.com/,POLR,Political Criticism,2017-07-04,ADC,
https://minorityrights.org/minorities/mapuche-2/,HUMR,Human Rights Issues,2018-09-17,OONI,
http://misionesonline.net/,NEWS,News Media,2017-07-04,ADC,
http://movimientopopularfueguino.com.ar/,POLR,Political Criticism,2018-09-17,OONI,
http://mundoalbiceleste.com/,NEWS,News Media,2018-09-17,OONI,
http://musicaypropuestas.com.ar/,NEWS,News Media,2017-07-04,ADC,
http://opiniondelacosta.com.ar/,NEWS,News Media,2017-07-04,ADC,
http://opisantacruz.com.ar/,NEWS,News Media,2017-07-04,ADC,
https://pagina12.com.ar/,NEWS,News Media,2017-07-04,ADC,
https://panampost.com/,NEWS,News Media,2018-09-17,OONI,
http://paralelo32.com.ar/,NEWS,News Media,2017-07-04,ADC,
http://partidopirata.com.ar/,POLR,Political Criticism,2017-07-04,ADC,
http://pca.org.ar/,POLR,Political Criticism,2018-09-17,OONI,
http://periodicotribuna.com.ar/,NEWS,News Media,2017-07-04,ADC,
http://pj.org.ar/,POLR,Political Criticism,2018-09-17,OONI,
https://poringa.net/,PORN,Pornography,2017-07-04,ADC,
https://prisioneroenargentina.com/,HUMR,Human Rights Issues,2018-09-17,OONI,
https://privacyinternational.org/state-privacy/57/state-privacy-argentina,HUMR,Human Rights Issues,2018-09-17,OONI,
https://psa.org.ar/,POLR,Political Criticism,2018-09-17,OONI,
https://pt.wikipedia.org/,CULTR,Culture,2018-07-06,Wikimedia,URLs provided by wikipedia based on the most popular language domains per country
http://radio.mapuche.nl/,NEWS,News Media,2018-09-17,OONI,
http://redaf.org.ar/,ENV,Environment,2018-09-17,OONI,
https://revisbarcelona.com/,POLR,Political Criticism,2017-07-04,ADC,
http://socorristasenred.org/,XED,Sex Education,2018-08-22,ADC,
https://southernconeguidebooks.blogspot.com/,CULTR,Culture,2018-09-17,OONI,
https://taringa.net/,GRP,Social Networking,2017-07-04,ADC,
http://tn.com.ar/,NEWS,News Media,2017-07-04,ADC,
http://unpo.org/members/20867,HUMR,Human Rights Issues,2018-09-17,OONI,
http://varelaaldia.com.ar/,NEWS,News Media,2017-07-04,ADC,
https://vimeo.com/205117580,MMED,Media sharing,2017-07-04,ADC,
https://weeksnotice.blogspot.com/,POLR,Political Criticism,2018-09-17,OONI,
http://www.abortolegal.com.ar/,XED,Sex Education,2017-07-04,ADC,
http://www.abortosinbarreras.org/,XED,Sex Education,2018-09-17,OONI,
http://www.agendadelasmujeres.com.ar/,HUMR,Human Rights Issues,2018-09-17,OONI,
https://www.altermundi.net/,COMT,Communication Tools,2017-07-04,ADC,
http://www.ambito.com/,NEWS,News Media,2017-07-04,ADC,
http://www.ambitoweb.com/,NEWS,News Media,2017-07-04,ADC,
http://www.amia.org.ar/,REL,Religion,2017-07-04,ADC,
https://www.amnesty.org/en/countries/americas/argentina/,HUMR,Human Rights Issues,2018-09-17,OONI,
https://www.amnestyusa.org/countries/argentina/,HUMR,Human Rights Issues,2018-09-17,OONI,
http://www.anred.org/,NEWS,News Media,2017-07-04,ADC,
http://www.apdh-argentina.org.ar/,HUMR,Human Rights Issues,2017-07-04,ADC,
https://www.argentina.gob.ar/,GOVT,Government,2018-09-17,OONI,
http://www.argentinaindependent.com/,NEWS,News Media,2018-09-17,OONI,
http://www.argentinepost.com/,NEWS,News Media,2018-09-17,OONI,
http://www.asadoargentina.com/,CULTR,Culture,2018-09-17,OONI,
http://www.ate.org.ar/,POLR,Political Criticism,2017-07-04,ADC,
http://www.atlantida.com.ar/,NEWS,News Media,2017-07-04,ADC,
http://www.barilochedigital.com/,NEWS,News Media,2017-07-04,ADC,
https://www.bbc.com/news/world-latin-america-18707514,NEWS,News Media,2018-09-17,OONI,
http://www.buenosairesherald.com/,NEWS,News Media,2017-07-04,ADC,
http://www.carasycaretas.org.ar/,POLR,Political Criticism,2017-07-04,ADC,
http://www.caref.org.ar/,HUMR,Human Rights Issues,2017-07-04,ADC,
http://www.cba24n.com.ar/,NEWS,News Media,2017-07-04,ADC,
http://www.cels.org.ar/,HUMR,Human Rights Issues,2017-07-04,ADC,
http://www.cha.org.ar/,LGBT,LGBT,2017-07-04,ADC,
https://www.clarin.com/,NEWS,News Media,2018-09-17,OONI,
http://www.coalicioncivicaari.org.ar/,POLR,Political Criticism,2018-09-17,OONI,
http://www.comisionporlamemoria.org/,HUMR,Human Rights Issues,2017-07-04,ADC,
https://www.contextotucuman.com/,NEWS,News Media,2018-09-17,OONI,
http://www.correpi.lahaine.org/,POLR,Political Criticism,2017-07-04,ADC,
http://www.corteidh.or.cr/,HUMR,Human Rights Issues,2018-09-17,OONI,
http://www.cronica.com.ar/,NEWS,News Media,2017-07-04,ADC,
https://www.cronica.com.ar/,NEWS,News Media,2018-09-17,OONI,
http://www.cronista.com/,NEWS,News Media,2017-07-04,ADC,
https://www.cronista.com/,NEWS,News Media,2018-09-17,OONI,
http://www.cta.org.ar/,POLR,Political Criticism,2017-07-04,ADC,
http://www.daia.org.ar/,REL,Religion,2017-07-04,ADC,
http://www.damepelota.com.ar/,NEWS,News Media,2017-07-04,ADC,
http://www.democracia-diario.com.ar/,NEWS,News Media,2017-07-04,ADC,
http://www.derechos.org/nizkor/arg/,HUMR,Human Rights Issues,2018-09-17,OONI,
http://www.desaparecidos.org/familiares/,HUMR,Human Rights Issues,2017-07-04,ADC,
http://www.despenalizacion.org.ar/,XED,Sex Education,2017-07-04,ADC,
http://www.diaadia.com.ar/,NEWS,News Media,2017-07-04,ADC,
http://www.diario-elmensajero.com.ar/,NEWS,News Media,2017-07-04,ADC,
http://www.diario26.com/,NEWS,News Media,2017-07-04,ADC,
http://www.diario5dias.com.ar/,NEWS,News Media,2017-07-04,ADC,
http://www.diarioaccion.com.ar/,NEWS,News Media,2017-07-04,ADC,
http://www.diariocronica.com.ar/,NEWS,News Media,2017-07-04,ADC,
http://www.diariodecuyo.com.ar/,NEWS,News Media,2017-07-04,ADC,
http://www.diarioellibertador.com.ar/,NEWS,News Media,2017-07-04,ADC,
http://www.diarioelnorte.com.ar/,NEWS,News Media,2017-07-04,ADC,
http://www.diarioextra.com.ar/,NEWS,News Media,2017-07-04,ADC,
http://www.diariohuarpe.com/,NEWS,News Media,2017-07-04,ADC,
http://www.diariojornada.com.ar/,NEWS,News Media,2017-07-04,ADC,
http://www.diariolareforma.com.ar/,NEWS,News Media,2017-07-04,ADC,
http://www.diariolarepublica.com.ar/,NEWS,News Media,2017-07-04,ADC,
http://www.diariolavanguardia.com/,NEWS,News Media,2017-07-04,ADC,
http://www.diarionuevodia.com.ar/,NEWS,News Media,2017-07-04,ADC,
http://www.diariopinion.com.ar/,NEWS,News Media,2017-07-04,ADC,
http://www.diarioprimeralinea.com.ar/,NEWS,News Media,2017-07-04,ADC,
https://www.diarioregistrado.com/,NEWS,News Media,2017-04-06,Duplika,
http://www.diarioresumen.com.ar/,NEWS,News Media,2017-07-04,ADC,
http://www.diariosanrafael.com.ar/,NEWS,News Media,2017-07-04,ADC,
http://www.diariouno.net.ar/,NEWS,News Media,2017-07-04,ADC,
http://www.diarioveloz.com/,NEWS,News Media,2017-07-04,ADC,
http://www.ecologiapolitica.info/,ENV,Environment,2018-09-17,OONI,
http://www.ecosdiariosweb.com.ar/,NEWS,News Media,2017-07-04,ADC,
http://www.ela.org.ar/,HUMR,Human Rights Issues,2017-07-04,ADC,
http://www.elancasti.com.ar/,NEWS,News Media,2017-07-04,ADC,
http://www.elchubut.com.ar/,NEWS,News Media,2017-07-04,ADC,
http://www.elcohetealaluna.com/,NEWS,News Media,2018-02-28,,
http://www.elcolonodeloeste.com.ar/,NEWS,News Media,2017-07-04,ADC,
http://www.elcomercial.com.ar/,NEWS,News Media,2017-07-04,ADC,
http://www.elcordillerano.com.ar/,NEWS,News Media,2017-07-04,ADC,
http://www.eldebate.com.ar/,NEWS,News Media,2017-07-04,ADC,
http://www.eldia.com/,NEWS,News Media,2017-07-04,ADC,
http://www.eldiaonline.com/,NEWS,News Media,2017-07-04,ADC,
http://www.eldiario.com.ar/,NEWS,News Media,2017-07-04,ADC,
http://www.eldiariocba.com.ar/,NEWS,News Media,2017-07-04,ADC,
http://www.eldiariodecarlospaz.com/,NEWS,News Media,2017-07-04,ADC,
http://www.eldiariodelapampa.com.ar/,NEWS,News Media,2017-07-04,ADC,
http://www.eldiariodelarepublica.com/,NEWS,News Media,2017-07-04,ADC,
http://www.eldiariodelfindelmundo.com/,NEWS,News Media,2017-07-04,ADC,
http://www.eldiariodemoron.com.ar/,NEWS,News Media,2017-07-04,ADC,
http://www.eldisenso.com/,NEWS,News Media,2018-03-02,,
http://www.elesquiu.com/,NEWS,News Media,2017-07-04,ADC,
http://www.elgrafico.com.ar/,NEWS,News Media,2017-07-04,ADC,
http://www.elheraldo.com.ar/,NEWS,News Media,2017-07-04,ADC,
http://www.elliberal.com.ar/,NEWS,News Media,2017-07-04,ADC,
http://www.ellitoral.com.ar/,NEWS,News Media,2017-07-04,ADC,
http://www.elnueve.com.ar/,NEWS,News Media,2017-07-04,ADC,
http://www.elorejiverde.com/,NEWS,News Media,2017-07-04,ADC,
http://www.elperiodicoaustral.com/,NEWS,News Media,2017-07-04,ADC,
http://www.elpopular.com.ar/,NEWS,News Media,2017-07-04,ADC,
http://www.elsol.com.ar/,NEWS,News Media,2017-07-04,ADC,
http://www.elsolnoticias.com.ar/,NEWS,News Media,2017-07-04,ADC,
http://www.eltribuno.info/jujuy,NEWS,News Media,2017-07-04,ADC,
http://www.eltribuno.info/salta,NEWS,News Media,2017-07-04,ADC,
http://www.exdesaparecidos.org/,HUMR,Human Rights Issues,2017-07-04,ADC,
https://www.fabio.com.ar/,CULTR,Culture,2017-07-04,ADC,
http://www.falgbt.org/,LGBT,LGBT,2018-09-17,OONI,
http://www.fmlapatriada.com.ar/,NEWS,News Media,2018-02-28,,
http://www.fopea.org/,HUMR,Human Rights Issues,2017-07-04,ADC,
http://www.frenteparalavictoria.org/,POLR,Political Criticism,2018-09-17,OONI,
https://www.futurock.fm/,NEWS,News Media,2018-02-28,,
https://www.genderindex.org/country/argentina/,HUMR,Human Rights Issues,2018-09-17,OONI,
http://www.gente.com.ar/,NEWS,News Media,2017-07-04,ADC,
http://www.hechoenbsas.net/,NEWS,News Media,2017-07-04,ADC,
http://www.hijos-capital.org.ar/,HUMR,Human Rights Issues,2017-07-04,ADC,
https://www.hrw.org/americas/argentina,HUMR,Human Rights Issues,2018-09-17,OONI,
https://www.hrw.org/world-report/2018/country-chapters/argentina,HUMR,Human Rights Issues,2018-09-17,OONI,
https://www.huesped.org.ar/,PUBH,Public Health,2018-09-17,OONI,
http://www.infobae.com/,NEWS,News Media,2017-07-04,ADC,
http://www.infocanuelas.com/,NEWS,News Media,2017-07-04,ADC,
http://www.infojusnoticias.gov.ar/,GOVT,Government,2017-07-04,ADC,
http://www.infonews.com/,NEWS,News Media,2017-07-04,ADC,
https://www.iwgia.org/es/argentina,HUMR,Human Rights Issues,2018-09-17,OONI,
http://www.jachallaopinion.com.ar/,NEWS,News Media,2017-07-04,ADC,
http://www.jachalmagazine.com.ar/,NEWS,News Media,2017-07-04,ADC,
http://www.laarena.com.ar/,NEWS,News Media,2017-07-04,ADC,
http://www.laautenticadefensa.net/,NEWS,News Media,2017-07-04,ADC,
http://www.lacapital.com.ar/,NEWS,News Media,2017-07-04,ADC,
http://www.lagaceta.com.ar/,NEWS,News Media,2017-07-04,ADC,
http://www.laizquierdadiario.com/,NEWS,News Media,2017-07-04,ADC,
http://www.lamanana.com.ar/,NEWS,News Media,2017-07-04,ADC,
http://www.lanoticiaregional.com.ar/,NEWS,News Media,2017-07-04,ADC,
http://www.lanueva.com/,NEWS,News Media,2017-07-04,ADC,
http://www.laopinion.com.ar/,NEWS,News Media,2017-07-04,ADC,
http://www.laopinionpergamino.com.ar/,NEWS,News Media,2017-07-04,ADC,
http://www.lapoderosa.org.ar/,POLR,Political Criticism,2017-07-04,ADC,
http://www.laprensa.com.ar/,NEWS,News Media,2017-07-04,ADC,
http://www.laprensafederal.com.ar/,NEWS,News Media,2017-07-04,ADC,
http://www.laprimerapiedra.com.ar/,NEWS,News Media,2017-07-04,ADC,
http://www.larazondechivilcoy.com.ar/,NEWS,News Media,2017-07-04,ADC,
https://www.latinamericancupid.com/en/landing/argentina-dating,DATE,Online Dating,2018-09-17,OONI,
http://www.launiondigital.com.ar/,NEWS,News Media,2017-07-04,ADC,
http://www.laverdadonline.com/,NEWS,News Media,2017-07-04,ADC,
http://www.lavozdesanjusto.com.ar/,NEWS,News Media,2017-07-04,ADC,
http://www.lmneuquen.com.ar/,NEWS,News Media,2017-07-04,ADC,
http://www.losandes.com.ar/,NEWS,News Media,2017-07-04,ADC,
https://www.mapuche-nation.org/,HUMR,Human Rights Issues,2018-09-17,OONI,
http://www.mapuche.info/,NEWS,News Media,2017-07-04,ADC,
http://www.mapuchenative.com/,CULTR,Culture,2018-09-17,OONI,
http://www.marcha.org.ar/,POLR,Political Criticism,2017-07-04,ADC,
http://www.marchadelorgullo.org.ar/,LGBT,LGBT,2018-09-17,OONI,
https://www.mas.org.ar/,POLR,Political Criticism,2017-07-04,ADC,
https://www.match.com.ar/,DATE,Online Dating,2018-09-17,OONI,
http://www.mdzol.com/,NEWS,News Media,2017-07-04,ADC,
http://www.memoriaabierta.org.ar/,HUMR,Human Rights Issues,2017-07-04,ADC,
https://www.mercadolibre.com.ar/,COMM,E-commerce,2018-09-17,OONI,
http://www.minutorioja.com.ar/,NEWS,News Media,2017-07-04,ADC,
https://www.minutouno.com/,NEWS,News Media,2018-09-17,OONI,
http://www.movimientopopularneuquino.org/,POLR,Political Criticism,2018-09-17,OONI,
https://www.nodal.am/,NEWS,News Media,2018-02-28,,
http://www.noticiasdelacalle.com.ar/,NEWS,News Media,2017-07-04,ADC,
http://www.noticiasnet.com.ar/,NEWS,News Media,2017-07-04,ADC,
http://www.nuevarioja.com.ar/,NEWS,News Media,2017-07-04,ADC,
http://www.nuevodiariodesalta.com.ar/,NEWS,News Media,2017-07-04,ADC,
https://www.oas.org/es/cidh/,HUMR,Human Rights Issues,2018-09-17,OONI,
http://www.ole.clarin.com/,NEWS,News Media,2017-07-04,ADC,
https://www.ole.com.ar/,NEWS,News Media,2018-09-17,OONI,Sports news
http://www.onu.org.ar/derechos-humanos/,HUMR,Human Rights Issues,2018-09-17,OONI,
http://www.p23.com.ar/,NEWS,News Media,2017-07-04,ADC,
http://www.partidodemocratacristiano.com.ar/,POLR,Political Criticism,2018-09-17,OONI,
http://www.partidosocialista.org.ar/,POLR,Political Criticism,2018-09-17,OONI,
http://www.pcr.org.ar/,POLR,Political Criticism,2017-07-04,ADC,
http://www.perfil.com/,NEWS,News Media,2017-07-04,ADC,
http://www.perspectivasur.com/,NEWS,News Media,2017-07-04,ADC,
http://www.pilaradiario.com/,NEWS,News Media,2017-07-04,ADC,
http://www.pregon.com.ar/,NEWS,News Media,2017-07-04,ADC,
http://www.primeraedicion.com.ar/,NEWS,News Media,2017-07-04,ADC,
http://www.pro.com.ar/,POLR,Political Criticism,2018-09-17,OONI,
http://www.puntal.com.ar/v2/,NEWS,News Media,2017-07-04,ADC,
http://www.resumenlatinoamericano.org/,NEWS,News Media,2018-09-17,OONI,
http://www.revista-noticias.com.ar/,NEWS,News Media,2017-07-04,ADC,
http://www.revistaanfibia.com/,CULTR,Culture,2018-02-28,,
http://www.revistabarcelona.com.ar/,POLR,Political Criticism,2017-07-04,ADC,
http://www.revistaenie.clarin.com/,NEWS,News Media,2017-07-04,ADC,
http://www.revistasudestada.com.ar/,NEWS,News Media,2017-07-04,ADC,
http://www.revistathc.com/,ALDR,Alcohol & Drugs,2017-07-04,ADC,
http://www.riojalibre.com.ar/,NEWS,News Media,2017-07-04,ADC,
http://www.rionegro.com.ar/,NEWS,News Media,2017-07-04,ADC,
http://www.rnma.org.ar/,NEWS,News Media,2017-07-04,ADC,
http://www.rollingstone.com.ar/,NEWS,News Media,2017-07-04,ADC,
http://www.santiagomaldonado.com/,HUMR,Human Rights Issues,2018-09-17,OONI,
http://www.serpaj.org/,HUMR,Human Rights Issues,2017-07-04,ADC,
http://www.solochaco.com/,NEWS,News Media,2017-07-04,ADC,
http://www.surenio.com.ar/,NEWS,News Media,2017-07-04,ADC,
http://www.tageblatt.com.ar/,NEWS,News Media,2017-07-04,ADC,
https://www.taringa.net/,COMT,Communication Tools,2018-09-17,OONI,
http://www.territoriodigital.com/,NEWS,News Media,2017-07-04,ADC,
http://www.thebubble.com/,NEWS,News Media,2018-09-17,OONI,
http://www.tiempoar.com.ar/,NEWS,News Media,2017-07-04,ADC,
https://www.tiempoar.com.ar/,NEWS,News Media,2018-09-17,OONI,
http://www.tiemposur.com.ar/,NEWS,News Media,2017-07-04,ADC,
https://www.transparency.org/country/ARG,POLR,Political Criticism,2018-09-17,OONI,
http://www.tribunadigital.com.ar/,NEWS,News Media,2017-07-04,ADC,
https://www.uber.com/es-AR/blog/,COMM,E-commerce,2018-09-17,OONI,
http://www.ucr.org.ar/,POLR,Political Criticism,2018-09-17,OONI,
http://www.unoentrerios.com.ar/,NEWS,News Media,2017-07-04,ADC,
http://www.unwomen.org/en/where-we-are/americas-and-the-caribbean,HUMR,Human Rights Issues,2018-09-17,OONI,
http://www.veintitres.com.ar/,NEWS,News Media,2017-07-04,ADC,
https://www.vialibre.org.ar/,HUMR,Human Rights Issues,2017-07-04,ADC,
http://www.vidasilvestre.org.ar/,ENV,Environment,2017-07-04,ADC,
