url,category_code,category_description,date_added,source,notes
https://nl.wikipedia.org/,CULTR,Culture,2018-07-06,Wikimedia,URLs provided by wikipedia based on the most popular language domains per country
https://fr.wiktionary.org/,CULTR,Culture,2018-07-06,Wikimedia,URLs provided by wikipedia based on the most popular language domains per country
https://pl.wikipedia.org/,CULTR,Culture,2018-07-06,Wikimedia,URLs provided by wikipedia based on the most popular language domains per country
https://fr.wikisource.org/,CULTR,Culture,2019-06-07,Wikimedia,URLs provided by wikipedia based on the most popular language domains per country
https://fr.m.wikisource.org/,CULTR,Culture,2019-06-07,Wikimedia,URLs provided by wikipedia based on the most popular language domains per country
