url,category_code,category_description,date_added,source,notes
http://www.hadash.org.il/,CTRL,Control content,2014-04-15,citizenlab,
http://www.arabsgate.com/,HOST,Hosting and Blogging Platforms,2014-04-15,citizenlab,
http://www.annaqed.com/,NEWS,News Media,2014-04-15,citizenlab,
http://angryarab.blogspot.com/,POLR,Political Criticism,2014-04-15,citizenlab,
http://www.ansarweb.net/,REL,Religion,2014-04-15,citizenlab,
http://www.arabchurch.com/,REL,Religion,2014-04-15,citizenlab,
http://www.bahai-faith.org/,REL,Religion,2014-04-15,citizenlab,
http://www.bahai.com/,REL,Religion,2014-04-15,citizenlab,
http://www.coptic.net/EncyclopediaCoptica/,REL,Religion,2014-04-15,citizenlab,
http://www.freemuslim.org/,REL,Religion,2014-04-15,citizenlab,
http://www.light-of-life.com/,REL,Religion,2014-04-15,citizenlab,
http://www.yahosein.com/,REL,Religion,2014-04-15,citizenlab,
http://www.casinoduliban.com.lb/,GMB,Gambling,2014-04-15,citizenlab,
https://kwirmedia.com/,LGBT,LGBT,2014-04-15,citizenlab,
https://www.alalamtv.net/,NEWS,News Media,2014-04-15,citizenlab,
http://www.thequran.com/,REL,Religion,2014-04-15,citizenlab,
https://www.tarjem.com/,COMT,Communication Tools,2014-04-15,citizenlab,
https://crackshome.com/,FILE,File-sharing,2014-04-15,citizenlab,
https://www.g9g.com/,GAME,Gaming,2014-04-15,citizenlab,
https://www.idf.il/,GOVT,Government,2014-04-15,citizenlab,
https://mfa.gov.il/MFA/Pages/default.aspx/,GOVT,Government,2014-04-15,citizenlab,
https://toystore.co.il/,GOVT,Government,2014-04-15,citizenlab,
https://www.business-humanrights.org/,HUMR,Human Rights Issues,2014-04-15,citizenlab,
https://www.childsrights.org/en/,HUMR,Human Rights Issues,2014-04-15,citizenlab,
https://home.crin.org/,HUMR,Human Rights Issues,2014-04-15,citizenlab,
https://www.equalitynow.org/,HUMR,Human Rights Issues,2014-04-15,citizenlab,
https://gayguide.net/,LGBT,LGBT,2014-04-15,citizenlab,
https://gayswithoutborders.wordpress.com/,LGBT,LGBT,2014-04-15,citizenlab,
https://www.globalgayz.com/,LGBT,LGBT,2014-04-15,citizenlab,
https://www.spiegel.de/,LGBT,LGBT,2014-04-15,citizenlab,
https://www.albawaba.com/,NEWS,News Media,2014-04-15,citizenlab,
https://www.alquds.co.uk/,NEWS,News Media,2014-04-15,citizenlab,
https://www.anti-cair-net.org/,NEWS,News Media,2014-04-15,citizenlab,
https://www.azzaman.com/,NEWS,News Media,2014-04-15,citizenlab,
https://arabic.cnn.com/,NEWS,News Media,2014-04-15,citizenlab,
https://elaph.com/,NEWS,News Media,2014-04-15,citizenlab,
https://www.haaretz.co.il/,NEWS,News Media,2014-04-15,citizenlab,
https://middle-east-online.com/,NEWS,News Media,2014-04-15,citizenlab,
https://www.radiosawa.com/,NEWS,News Media,2014-04-15,citizenlab,
https://www.nikahsearch.com/,DATE,Online Dating,2014-04-15,citizenlab,
https://www.ikhwanweb.com/,POLR,Political Criticism,2014-04-15,citizenlab,
https://www.likud.org.il/,POLR,Political Criticism,2014-04-15,citizenlab,
https://meretz.org.il/,POLR,Political Criticism,2014-04-15,citizenlab,
https://www.rafed.net/ar/,POLR,Political Criticism,2014-04-15,citizenlab,
https://www.vob.org/,POLR,Political Criticism,2014-04-15,citizenlab,
https://answering-islam.org/,REL,Religion,2014-04-15,citizenlab,
https://www.arabicbible.com/,REL,Religion,2014-04-15,citizenlab,
https://irshadmanji.com/,REL,Religion,2014-04-15,citizenlab,
https://the-good-way.com/eng,REL,Religion,2014-04-15,citizenlab,
https://www.thegrace.com/,REL,Religion,2014-04-15,citizenlab,
http://www.almisbar.com/,COMT,Communication Tools,2014-04-15,citizenlab,
http://www.nancyajram.com/,CULTR,Culture,2014-04-15,citizenlab,CULTR
http://arabdl.com/,FILE,File-sharing,2014-04-15,citizenlab,
http://www.jsoftj.com/,FILE,File-sharing,2014-04-15,citizenlab,
http://www.avoda.org.il/,GOVT,Government,2014-04-15,citizenlab,
http://www.knesset.gov.il/,GOVT,Government,2014-04-15,citizenlab,
http://www.thissitedoesnotexist.co.il/,GOVT,Government,2014-04-15,citizenlab,
http://amnestybahrain.org/,HUMR,Human Rights Issues,2014-04-15,citizenlab,
http://www.14masom.com/,HUMR,Human Rights Issues,2014-04-15,citizenlab,
http://www.bahrainrights.org/,HUMR,Human Rights Issues,2014-04-15,citizenlab,
http://www.coptic.net/,HUMR,Human Rights Issues,2014-04-15,citizenlab,
http://www.defendingwomen-defendingrights.org/,HUMR,Human Rights Issues,2014-04-15,citizenlab,
http://www.humum.net/,HUMR,Human Rights Issues,2014-04-15,citizenlab,
http://www.lavaplace.com/,LGBT,LGBT,2014-04-15,citizenlab,
http://ammar456.blogspot.com/,NEWS,News Media,2014-04-15,citizenlab,
http://arabic.peopledaily.com.cn/,NEWS,News Media,2014-04-15,citizenlab,Chinese Arabic newspaper
http://lulubahrain.blogspot.com/,NEWS,News Media,2014-04-15,citizenlab,
http://www.ahraralbahrain.com/,NEWS,News Media,2014-04-15,citizenlab,
http://www.ahraralbahrain.net/,NEWS,News Media,2014-04-15,citizenlab,
http://www.bahraintimes.org/,NEWS,News Media,2014-04-15,citizenlab,
http://www.danielpipes.org/,NEWS,News Media,2014-04-15,citizenlab,
http://www.rezgar.com/,NEWS,News Media,2014-04-15,citizenlab,
http://www.evemodels.com/,DATE,Online Dating,2014-04-15,citizenlab,
http://www.ru4arab.ru/,DATE,Online Dating,2014-04-15,citizenlab,
http://almenber.bh/,POLR,Political Criticism,2014-04-15,citizenlab,
http://ibloga.blogspot.com/,POLR,Political Criticism,2014-04-15,citizenlab,
http://mahmood.tv/,POLR,Political Criticism,2014-04-15,citizenlab,
http://metransparent.net/,POLR,Political Criticism,2014-04-15,citizenlab,
http://www.aldemokrati.org/,POLR,Political Criticism,2014-04-15,citizenlab,
http://www.alwefaq.org/,POLR,Political Criticism,2014-04-15,citizenlab,
http://www.alyousif.tv/,POLR,Political Criticism,2014-04-15,citizenlab,
http://www.baath-party.org/,POLR,Political Criticism,2014-04-15,citizenlab,
http://www.freearabvoice.org/,POLR,Political Criticism,2014-04-15,citizenlab,
http://www.metransparent.com/,POLR,Political Criticism,2014-04-15,citizenlab,
http://www.arabo.com/,SRCH,Search Engines,2014-04-15,citizenlab,
http://www.araboo.com/,SRCH,Search Engines,2014-04-15,citizenlab,
https://twitter.com/alwasatnews,NEWS,News Media,2017-01-24,citizenlab,Media outlet reported blocked
https://www.instagram.com/alwasatnews/,NEWS,News Media,2017-01-24,citizenlab,Media outlet reported blocked
https://www.youtube.com/alwasattube,NEWS,News Media,2017-01-24,citizenlab,Media outlet reported blocked
http://www.alwasatnews.com/,NEWS,News Media,2017-01-24,citizenlab,Reported blocked
https://arabic.arabianbusiness.com/,NEWS,News Media,2017-07-19,citizenlab,
https://raseef22.com/,NEWS,News Media,2017-07-19,citizenlab,
https://thawrah2day.com/,NEWS,News Media,2017-07-19,citizenlab,
http://www.bbcarabic.com/,NEWS,News Media,2017-07-19,BBC,
http://www.bbcpersian.com/,NEWS,News Media,2017-07-19,BBC,
http://www.lahamag.com/Global/,CULTR,Culture,2017-11-13,citizenlab,Women's rights
http://www.lahaonline.com/,CULTR,Culture,2017-11-13,citizenlab,Women's rights
http://basket.co.il/,GOVT,Government,2017-11-13,citizenlab,Israel Basketball League
https://www.science.co.il/,GOVT,Government,2017-11-13,citizenlab,Culture
http://www.bahrainmonitor.com/index.html/,HUMR,Human Rights Issues,2017-11-13,citizenlab,
http://bahrainmirror.com/,POLR,Political Criticism,2017-11-13,citizenlab,
http://www.ikhwanonline.com/,POLR,Political Criticism,2017-11-13,citizenlab,
http://www.ikhwantube.com/,POLR,Political Criticism,2017-11-13,citizenlab,
http://ar.wikishia.net/view/%D8%A7%D9%84%D8%B5%D9%81%D8%AD%D8%A9_%D8%A7%D9%84%D8%B1%D8%A6%D9%8A%D8%B3%D9%8A%D8%A9/,REL,Religion,2017-11-13,citizenlab,
http://bahai-books.org/,REL,Religion,2017-11-13,citizenlab,Bahai faith group
http://bahai-devotions.org/,REL,Religion,2017-11-13,citizenlab,Bahai faith group
http://bahai-internet-services.org/,REL,Religion,2017-11-13,citizenlab,Bahai faith group
http://www.alshirazi.com/,REL,Religion,2017-11-13,citizenlab,
http://www.ansarh.com/,REL,Religion,2017-11-13,citizenlab,Muslim Shia Web site
https://www.biblegateway.com/,REL,Religion,2017-11-13,citizenlab,
http://www.coptic-church.org/,REL,Religion,2017-11-13,citizenlab,
http://mecc.org/,REL,Religion,2017-11-13,citizenlab,
https://www.noip.com/,ANON,Anonymization and circumvention tools,2017-11-13,citizenlab,
http://www.sumotorrent.sx/,FILE,File-sharing,2017-11-13,citizenlab,
https://www.torrentdownloads.me/,FILE,File-sharing,2017-11-13,citizenlab,
https://www.fulltilt.com/,GMB,Gambling,2017-11-13,citizenlab,
https://kvinfo.dk/,HUMR,Human Rights Issues,2017-11-13,citizenlab,Women's rights
https://www.dapp.dk/ar/,HUMR,Human Rights Issues,2017-11-13,citizenlab,Women's rights
https://euromedrights.org/,HUMR,Human Rights Issues,2017-11-13,citizenlab,The Euro-Mediterranean Human Rights Network
https://thenewkhalij.news/,NEWS,News Media,2017-11-13,citizenlab,
http://www.noonpost.com/,NEWS,News Media,2017-11-13,citizenlab,Noot Post
http://arabic.bayynat.org.lb/,POLR,Political Criticism,2017-11-13,citizenlab,Sayyid Muhammad Hussein Fadlallah's website (spiritual guide of Hizbollah's Secretary General)
http://www.uae71.com/,POLR,Political Criticism,2017-11-13,citizenlab,
http://www.justaskislam.com/,REL,Religion,2017-11-13,citizenlab,
https://centerforinquiry.org/blog/category/secular-islam/,REL,Religion,2017-11-13,citizenlab,Center for secularing Islamic societies
https://ar.islamway.net/,REL,Religion,2017-11-13,citizenlab,Islam Way
https://www.bahrainbourse.com/,ECON,Economics,2017-11-13,citizenlab,
https://library.sheba.co.il/,CTRL,Control content,2017-11-13,citizenlab,
https://minuf.co.il/,CTRL,Control content,2017-11-13,citizenlab,
https://sports.tumblr.com/,CTRL,Control content,2017-11-13,citizenlab,To test of certain blogs on tumblr are blocked
https://www.greenbo.co.il/,CTRL,Control content,2017-11-13,citizenlab,Greenbo Gardening Store
https://www.rafael.co.il/,CTRL,Control content,2017-11-13,citizenlab,Control content
https://www.sqlserver.co.il/,CTRL,Control content,2017-11-13,citizenlab,
https://www.nbn.org.il/,CULTR,Culture,2017-11-13,citizenlab,Culture
https://www.boi.org.il/,GOVT,Government,2017-11-13,citizenlab,Bank of Israel
https://www.cbs.gov.il/,GOVT,Government,2017-11-13,citizenlab,Central Bureau of Statistics of Israel
https://www.mossad.gov.il/default.aspx/,GOVT,Government,2017-11-13,citizenlab,Government
https://www.netanyahu.org.il/,GOVT,Government,2017-11-13,citizenlab,
https://www.christian-dogma.com/,HUMR,Human Rights Issues,2017-11-13,citizenlab,
https://middleeasttransparent.com/,HUMR,Human Rights Issues,2017-11-13,citizenlab,NGO promotes transparency in the middle east
https://rhr.org.il/eng/,HUMR,Human Rights Issues,2017-11-13,citizenlab,Rabbis for Human Rights
http://www.ahrfund.org/,HUMR,Human Rights Issues,2017-11-13,citizenlab,
https://annabaa.org/,HUMR,Human Rights Issues,2017-11-13,citizenlab,Annabaa. Shiite news portal.
https://www.hri.ca/,HUMR,Human Rights Issues,2017-11-13,citizenlab,Human Rights Internet
https://www.theahafoundation.org/,HUMR,Human Rights Issues,2017-11-13,citizenlab,Women's rights
https://www.wtb.org.il/arabic/,HUMR,Human Rights Issues,2017-11-13,citizenlab,Women's rights
https://alkhaleejonline.net/,NEWS,News Media,2017-11-13,citizenlab,Political news and views
https://arabi21.com/,NEWS,News Media,2017-11-13,citizenlab,
https://arabic.sputniknews.com/,NEWS,News Media,2017-11-13,citizenlab,Russian news agency
https://www.al-akhbar.com/,NEWS,News Media,2017-11-13,citizenlab,Lebanese newspaper
https://al-bab.com/,NEWS,News Media,2017-11-13,citizenlab,Regional Arabic blog/portal
https://www.al-monitor.com/pulse/home.html/,NEWS,News Media,2017-11-13,citizenlab,
https://www.alahednews.com.lb/,NEWS,News Media,2017-11-13,citizenlab,Lebanese news site
https://alarab.co.uk/,NEWS,News Media,2017-11-13,citizenlab,
https://www.alaraby.co.uk/portal/,NEWS,News Media,2017-11-13,citizenlab,Pan-Arab newspaper
https://www.alayam.com/,NEWS,News Media,2017-11-13,citizenlab,
https://alwatannews.net/,NEWS,News Media,2017-11-13,citizenlab,
https://www.dw.com/ar/,NEWS,News Media,2017-11-13,citizenlab,German news service
https://www.eremnews.com/,NEWS,News Media,2017-11-13,citizenlab,Arab news portal
https://www.france24.com/en/,NEWS,News Media,2017-11-13,citizenlab,France 24 news service
https://kitabat.com/,NEWS,News Media,2017-11-13,citizenlab,Kitabat (writings)
https://www.mc-doualiya.com/,NEWS,News Media,2017-11-13,citizenlab,Monte Carlo radio
https://rassd.com/,NEWS,News Media,2017-11-13,citizenlab,Arab news portal
https://www.raya.com/,NEWS,News Media,2017-11-13,citizenlab,
https://www.sasapost.com/,NEWS,News Media,2017-11-13,citizenlab,Sasa Post
https://www.skynewsarabia.com/,NEWS,News Media,2017-11-13,citizenlab,Sky News Arabia
https://www.timesofisrael.com/,NEWS,News Media,2017-11-13,citizenlab,Times of Israel
https://www.watan.com/,NEWS,News Media,2017-11-13,citizenlab,
https://www.watanserb.com/,NEWS,News Media,2017-11-13,citizenlab,
https://carnegie-mec.org/,POLR,Political Criticism,2017-11-13,citizenlab,
https://nua.bh/,POLR,Political Criticism,2017-11-13,citizenlab,
https://www.jadaliyya.com/,POLR,Political Criticism,2017-11-13,citizenlab,
https://neswangy.net/,PORN,Pornography,2017-11-13,citizenlab,
https://anaahor.blogspot.com/,REL,Religion,2017-11-13,citizenlab,Arab atheists
https://ladeenioon.blogspot.com/,REL,Religion,2017-11-13,citizenlab,Arab atheists
https://religion.tumblr.com/,REL,Religion,2017-11-13,citizenlab,To test of certain blogs on tumblr are blocked
https://www.thereligionofpeace.com/,REL,Religion,2017-11-13,citizenlab,
https://www.moqawama.org/,MILX,Terrorism and Militants,2017-11-13,citizenlab,Terrorism and Militants
https://www.bfhr.org/,HUMR,Human Rights Issues,2017-11-13,citizenlab,
https://www.888poker.com/,GMB,Gambling,2017-11-13,citizenlab,
http://thissitedoesnotexist.il/,CTRL,Control content,2017-11-13,citizenlab,
http://thiswebsitedoesnotexistyet.tumblr.com/,CTRL,Control content,2017-11-13,citizenlab,To test of certain blogs on tumblr are blocked
http://www.aaci.org.il/,CTRL,Control content,2017-11-13,citizenlab,Association of Americans and Canadians in Israel
http://www.galilcol.ac.il/,CTRL,Control content,2017-11-13,citizenlab,Control content
http://www.arabicpoems.com/,CULTR,Culture,2017-11-13,citizenlab,
http://www.torrentz.com/,FILE,File-sharing,2017-11-13,citizenlab,
http://www.williamhill.com/,GMB,Gambling,2017-11-13,citizenlab,
http://www.antiquities.org.il/,GOVT,Government,2017-11-13,citizenlab,Israel Antiquities Authority
http://www.isa.gov.il/,GOVT,Government,2017-11-13,citizenlab,Government
http://www.mod.gov.il/,GOVT,Government,2017-11-13,citizenlab,Government
http://www.ramla.muni.il/,GOVT,Government,2017-11-13,citizenlab,Ramla Municipality site
http://ar.abna24.com/,HUMR,Human Rights Issues,2017-11-13,citizenlab,
http://bahai-writings.org/,HUMR,Human Rights Issues,2017-11-13,citizenlab,Bahai faith group
http://bhrs.org/Home_Page.aspx/,HUMR,Human Rights Issues,2017-11-13,citizenlab,
http://byshr.org/,HUMR,Human Rights Issues,2017-11-13,citizenlab,
http://iknowpolitics.org/,HUMR,Human Rights Issues,2017-11-13,citizenlab,
http://karamah.org/,HUMR,Human Rights Issues,2017-11-13,citizenlab,Women's rights
http://www.alkarama.org/,HUMR,Human Rights Issues,2017-11-13,citizenlab,
http://www.anhri.net/,HUMR,Human Rights Issues,2017-11-13,citizenlab,Human rights information network
http://www.annd.org/arabic/index.php/,HUMR,Human Rights Issues,2017-11-13,citizenlab,
http://www.arabruleoflaw.org/,HUMR,Human Rights Issues,2017-11-13,citizenlab,
http://www.arabwomenorg.org/,HUMR,Human Rights Issues,2017-11-13,citizenlab,Women's rights
http://www.cawtar.org/,HUMR,Human Rights Issues,2017-11-13,citizenlab,Women's rights
http://www.coepaonline.org/,HUMR,Human Rights Issues,2017-11-13,citizenlab,The Coptic Orthodox e-Publishing - Australia (COEPA)
http://www.equalpowerlastingpeace.org/ar/,HUMR,Human Rights Issues,2017-11-13,citizenlab,Women's rights
http://www.sistersunited.org/,HUMR,Human Rights Issues,2017-11-13,citizenlab,Women's rights
http://www.wluml.org/ar/,HUMR,Human Rights Issues,2017-11-13,citizenlab,Women's rights
http://arabgaypride.blogspot.com/,LGBT,LGBT,2017-11-13,citizenlab,
http://arabiclgbt.blogspot.com/,LGBT,LGBT,2017-11-13,citizenlab,
http://gay-uae.blogspot.com/,LGBT,LGBT,2017-11-13,citizenlab,
http://www.bintelnas.org/,LGBT,LGBT,2017-11-13,citizenlab,
https://www.youtube.com/user/freedomforgays/,LGBT,LGBT,2017-11-13,citizenlab,
http://almayadeen.net/,NEWS,News Media,2017-11-13,citizenlab,
http://alnabanews.com/,NEWS,News Media,2017-11-13,citizenlab,
http://altaleea.com/,NEWS,News Media,2017-11-13,citizenlab,
https://arabic.rt.com/,NEWS,News Media,2017-11-13,citizenlab,Russian news website
http://asrararabiya.com/,NEWS,News Media,2017-11-13,citizenlab,
http://islamion.com/,NEWS,News Media,2017-11-13,citizenlab,
http://mubasher.aljazeera.net/,NEWS,News Media,2017-11-13,citizenlab,
https://twitter.com/MontadaBahrain/,NEWS,News Media,2017-11-13,citizenlab,
http://voiceofbahrain.org/,NEWS,News Media,2017-11-13,citizenlab,
http://www.akhbar-alkhaleej.com/,NEWS,News Media,2017-11-13,citizenlab,
http://www.albiladpress.com/,NEWS,News Media,2017-11-13,citizenlab,
http://www.alhayat.com/,NEWS,News Media,2017-11-13,citizenlab,Pan-Arab newspaper
https://www.alhurra.com/,NEWS,News Media,2017-11-13,citizenlab,
http://www.alnour.com.lb/,NEWS,News Media,2017-11-13,citizenlab,al-Nour Radio is the official radio station of Hizbollah
http://www.bahrainpa.org/,NEWS,News Media,2017-11-13,citizenlab,
https://www.bahrainsms.net/ar/,NEWS,News Media,2017-11-13,citizenlab,
http://www.bbc.co.uk/arabic/,NEWS,News Media,2017-11-13,citizenlab,BBC Arabic
http://www.caironewss.com/,NEWS,News Media,2017-11-13,citizenlab,
http://www.emasc-uae.com/,NEWS,News Media,2017-11-13,citizenlab,
http://www.mepanorama.net/,NEWS,News Media,2017-11-13,citizenlab,
http://www.noontidepress.com/,NEWS,News Media,2017-11-13,citizenlab,News Media
http://www.qudspress.com/,NEWS,News Media,2017-11-13,citizenlab,
http://www.shaharah.net/,NEWS,News Media,2017-11-13,citizenlab,Shaharah news portal
https://www.tacticaltech.org/,NEWS,News Media,2017-11-13,citizenlab,
http://www.thenewkhalij.net/,NEWS,News Media,2017-11-13,citizenlab,Political news and views
http://www.dubai-escort-list.com/,DATE,Online Dating,2017-11-13,citizenlab,
http://www.zawagislamy.com/,DATE,Online Dating,2017-11-13,citizenlab,
http://alwefaq.net/cms/,POLR,Political Criticism,2017-11-13,citizenlab,
https://ar-ar.facebook.com/BahrainOL/,POLR,Political Criticism,2017-11-13,citizenlab,
http://arabanticorruption.org/,POLR,Political Criticism,2017-11-13,citizenlab,
https://instagram.com/LuaLuaTV/,POLR,Political Criticism,2017-11-13,citizenlab,
http://lualuatv.com/,POLR,Political Criticism,2017-11-13,citizenlab,
http://omeldunya.com/,POLR,Political Criticism,2017-11-13,citizenlab,
https://twitter.com/khalas_bh/,POLR,Political Criticism,2017-11-13,citizenlab,
http://waad.me/,POLR,Political Criticism,2017-11-13,citizenlab,
http://www.14febrayer.com/,POLR,Political Criticism,2017-11-13,citizenlab,
http://www.ahewar.org/,POLR,Political Criticism,2017-11-13,citizenlab,Arabic secular news and views
http://www.al-qawmi.org/,POLR,Political Criticism,2017-11-13,citizenlab,
http://www.alasalah-bh.org/,POLR,Political Criticism,2017-11-13,citizenlab,
http://www.bahrainalyoum.com/,POLR,Political Criticism,2017-11-13,citizenlab,
http://www.bcsl.org.uk/,POLR,Political Criticism,2017-11-13,citizenlab,
https://www.facebook.com//waad.bh/,POLR,Political Criticism,2017-11-13,citizenlab,
https://www.facebook.com/bostan.ikhwan/,POLR,Political Criticism,2017-11-13,citizenlab,
https://www.facebook.com/lualuachannel/,POLR,Political Criticism,2017-11-13,citizenlab,
https://www.fajrbh.com/,POLR,Political Criticism,2017-11-13,citizenlab,
http://www.jasblog.com/wp/,POLR,Political Criticism,2017-11-13,citizenlab,
http://www.manamavoice.com/,POLR,Political Criticism,2017-11-13,citizenlab,
http://www.marxy.com/,POLR,Political Criticism,2017-11-13,citizenlab,
https://www.periscope.tv/LuaLuaTV/,POLR,Political Criticism,2017-11-13,citizenlab,
https://www.youtube.com/user/loulouatv1/,POLR,Political Criticism,2017-11-13,citizenlab,
http://www.independentdubaiescorts.com/,PORN,Pornography,2017-11-13,citizenlab,Escort services
http://aamagazine.blogspot.com/,REL,Religion,2017-11-13,citizenlab,Arab atheists
http://anbia.tripod.com/,REL,Religion,2017-11-13,citizenlab,
https://ar-ar.facebook.com/Il7ad,REL,Religion,2017-11-13,citizenlab,Arab atheists
http://arabatheistbroadcasting.com/,REL,Religion,2017-11-13,citizenlab,Arab atheists
http://arabel7ad.blogspot.com/,REL,Religion,2017-11-13,citizenlab,Arab atheists
http://bahai-readings.org/,REL,Religion,2017-11-13,citizenlab,Bahai faith group
http://el7adarab.blogspot.com/,REL,Religion,2017-11-13,citizenlab,Arab atheists
https://richarddawkins.net/,REL,Religion,2017-11-13,citizenlab,Richard Dawkins
http://tabee3iil7ad.blogspot.com/,REL,Religion,2017-11-13,citizenlab,Arab atheists
https://twitter.com/arabatheisttv,REL,Religion,2017-11-13,citizenlab,Arab atheists
http://www.al-ketab.net/,REL,Religion,2017-11-13,citizenlab,
http://www.biblequery.org/,REL,Religion,2017-11-13,citizenlab,
http://www.debate.org.uk/,REL,Religion,2017-11-13,citizenlab,
http://www.faithfreedom.org/,REL,Religion,2017-11-13,citizenlab,Faith Freedom International - grassroots movement of ex-Muslims
https://www.il7ad.org/vb/index.php,REL,Religion,2017-11-13,citizenlab,Arab atheists
http://www.islamreview.com/,REL,Religion,2017-11-13,citizenlab,
http://www.mahdi-alumma.com/,REL,Religion,2017-11-13,citizenlab,Cntroversial religious content
https://www.google.co.il/,SRCH,Search Engines,2017-11-13,citizenlab,
https://gulfbrandsinternational.com/,ALDR,Alcohol & Drugs,2019-07-18,Netalitica,
https://bmmishops.com/verify/,ALDR,Alcohol & Drugs,2019-07-18,Netalitica,
https://www.africanandeastern.com/,ALDR,Alcohol & Drugs,2019-07-18,Netalitica,
http://nhscbahrain.com/verifyage,ALDR,Alcohol & Drugs,2019-07-18,Netalitica,
https://www.gbiexpress.com/i,ALDR,Alcohol & Drugs,2019-07-18,Netalitica,
https://www.mashrobi.com/,ALDR,Alcohol & Drugs,2019-07-18,Netalitica,
https://ar.drinkedin.net/,ALDR,Alcohol & Drugs,2019-07-18,Netalitica,
https://www.leclos.net/,ALDR,Alcohol & Drugs,2019-07-18,Netalitica,
https://www.drinkies.net/,ALDR,Alcohol & Drugs,2019-07-18,Netalitica,
https://www.cyber-arabs.com/,ANON,Anonymization and circumvention tools,2019-07-18,Netalitica,
https://mahjooob.com/,ANON,Anonymization and circumvention tools,2019-07-18,Netalitica,
https://www.arabichotspotshield.com/,ANON,Anonymization and circumvention tools,2019-07-18,Netalitica,
http://www.arabprogs.com/,ANON,Anonymization and circumvention tools,2019-07-18,Netalitica,
https://www.toopenblockedsites.com/,ANON,Anonymization and circumvention tools,2019-07-18,Netalitica,
https://www.newtactics.org/ar/,ANON,Anonymization and circumvention tools,2019-07-18,Netalitica,
https://www.openingblockedsite.com/,ANON,Anonymization and circumvention tools,2019-07-18,Netalitica,
https://nottrees.com/,ANON,Anonymization and circumvention tools,2019-07-18,Netalitica,
https://salamatechwiki.org/,ANON,Anonymization and circumvention tools,2019-07-18,Netalitica,
https://beheard.salamatech.org/ar/,ANON,Anonymization and circumvention tools,2019-07-18,Netalitica,
https://www.salamatech.org/,ANON,Anonymization and circumvention tools,2019-07-18,Netalitica,
https://ar.vpnmentor.com/,ANON,Anonymization and circumvention tools,2019-07-18,Netalitica,
https://ara.privateinternetaccess.com/,ANON,Anonymization and circumvention tools,2019-07-18,Netalitica,
https://weneedprivacy.com/,ANON,Anonymization and circumvention tools,2019-07-18,Netalitica,
https://kaserproxy.net/,ANON,Anonymization and circumvention tools,2019-07-18,Netalitica,
https://xn--ngbsg7dyao.xyz/,ANON,Anonymization and circumvention tools,2019-07-18,Netalitica,
http://www.proxyarab.com/,ANON,Anonymization and circumvention tools,2019-07-18,Netalitica,
https://www.proteachin.com/,ANON,Anonymization and circumvention tools,2019-07-18,Netalitica,
https://www.fdpm.gov.bh/,CTRL,Control content,2019-07-18,Netalitica,
http://www.uob.edu.bh/,CTRL,Control content,2019-07-18,Netalitica,
https://www.moic.gov.bh/ar/Pages/default.aspx/,CTRL,Control content,2019-07-18,Netalitica,
https://www.mofa.gov.bh/,CTRL,Control content,2019-07-18,Netalitica,
https://www.bna.bh/,CTRL,Control content,2019-07-18,Netalitica,
http://www.baa.bh/,CTRL,Control content,2019-07-18,Netalitica,
http://www.mybahrain.net/,CULTR,Culture,2019-07-18,Netalitica,
http://www.culture.gov.bh/ar/,CULTR,Culture,2019-07-18,Netalitica,
https://springofculture.org/,CULTR,Culture,2019-07-18,Netalitica,
http://bahrainbforum.com/,CULTR,Culture,2019-07-18,Netalitica,
http://www.adab.com/,CULTR,Culture,2019-07-18,Netalitica,
https://www.diwanalarab.com/,CULTR,Culture,2019-07-18,Netalitica,
https://www.aldiwan.net/,CULTR,Culture,2019-07-18,Netalitica,
https://mawdoo3.com/,CULTR,Culture,2019-07-18,Netalitica,
http://www.alapn.co/ar/,CULTR,Culture,2019-07-18,Netalitica,
http://arabca.net/,CULTR,Culture,2019-07-18,Netalitica,
https://www.hiamag.com/,CULTR,Culture,2019-07-18,Netalitica,
https://www.alukah.net/,CULTR,Culture,2019-07-18,Netalitica,
https://www.zahratalkhaleej.ae/,CULTR,Culture,2019-07-18,Netalitica,
https://www.sayidaty.net/,CULTR,Culture,2019-07-18,Netalitica,
https://arb.majalla.com/,CULTR,Culture,2019-07-18,Netalitica,
https://www.marefa.org/,CULTR,Culture,2019-07-18,Netalitica,
https://www.ubuy.com.bh/ar/,COMM,E-commerce,2019-07-18,Netalitica,
https://bahrain.dokkanafkar.com/,COMM,E-commerce,2019-07-18,Netalitica,
https://www.fruugobahrain.com/,COMM,E-commerce,2019-07-18,Netalitica,
https://ar-bahrain.namshi.com/,COMM,E-commerce,2019-07-18,Netalitica,
http://www.shopbahrain.com/ar/,COMM,E-commerce,2019-07-18,Netalitica,
https://www.mbahrain.me/vb/index.php/,COMM,E-commerce,2019-07-18,Netalitica,
https://www.dragoncitybahrain.com/ar/,COMM,E-commerce,2019-07-18,Netalitica,
https://olx.com.bh/,COMM,E-commerce,2019-07-18,Netalitica,
https://www.arabianbusiness.com/,ECON,Economics,2019-07-18,Netalitica,
https://www.zawya.com/,ECON,Economics,2019-07-18,Netalitica,
https://www.forbesmiddleeast.com/,ECON,Economics,2019-07-18,Netalitica,
https://www.cnbcarabia.com/,ECON,Economics,2019-07-18,Netalitica,
https://www.al-iqtisad.net/,ECON,Economics,2019-07-18,Netalitica,
https://hawamer.com/,ECON,Economics,2019-07-18,Netalitica,
https://menafn.com/,ECON,Economics,2019-07-18,Netalitica,
https://mtgryonline.com/,ECON,Economics,2019-07-18,Netalitica,
https://www.shopgo.me/ar/,ECON,Economics,2019-07-18,Netalitica,
https://www.rowadalaamal.com/,ECON,Economics,2019-07-18,Netalitica,
https://amwal-mag.com/,ECON,Economics,2019-07-18,Netalitica,
https://rowadbusiness.com/,ECON,Economics,2019-07-18,Netalitica,
https://e-tejara.com/,ECON,Economics,2019-07-18,Netalitica,
https://www.esimsar.com/,ECON,Economics,2019-07-18,Netalitica,
https://sa.opensooq.com/ar/,ECON,Economics,2019-07-18,Netalitica,
https://aqarati.com/,ECON,Economics,2019-07-18,Netalitica,
https://bh.opensooq.com/ar/,ECON,Economics,2019-07-18,Netalitica,
https://bahrainedb.com/,ECON,Economics,2019-07-18,Netalitica,
https://naturemena.com/,ENV,Environment,2019-07-18,Netalitica,
http://natural-snc.org/,ENV,Environment,2019-07-18,Netalitica,
http://www.persga.org/,ENV,Environment,2019-07-18,Netalitica,
https://www.iucnredlist.org/,ENV,Environment,2019-07-18,Netalitica,
https://acwua.org/,ENV,Environment,2019-07-18,Netalitica,
http://www.arabwatercouncil.org/,ENV,Environment,2019-07-18,Netalitica,
https://www.cepf.net/,ENV,Environment,2019-07-18,Netalitica,
http://www.nfdhr.org/,ENV,Environment,2019-07-18,Netalitica,
https://www.alsindibad.com/,FILE,File-sharing,2019-07-18,Netalitica,
https://ar4up.com/,FILE,File-sharing,2019-07-18,Netalitica,
http://www.th3download.com/,FILE,File-sharing,2019-07-18,Netalitica,
https://www.downloadxdriver.com/,FILE,File-sharing,2019-07-18,Netalitica,
http://www.arabyarea.com/,FILE,File-sharing,2019-07-18,Netalitica,
https://www.bramjfreee.com/,FILE,File-sharing,2019-07-18,Netalitica,
https://www.arbprograms.com/,FILE,File-sharing,2019-07-18,Netalitica,
http://www.5-yal.com/,FILE,File-sharing,2019-07-18,Netalitica,
http://multkasoft.com/,FILE,File-sharing,2019-07-18,Netalitica,
https://www.androidapps-ar.com/,FILE,File-sharing,2019-07-18,Netalitica,
https://technoarabi.com/,FILE,File-sharing,2019-07-18,Netalitica,
https://www.alarabydownloads.com/,FILE,File-sharing,2019-07-18,Netalitica,
https://www.mo7pro.com/,FILE,File-sharing,2019-07-18,Netalitica,
http://shamela.ws/index.php/,FILE,File-sharing,2019-07-18,Netalitica,
https://www.esm3.com/,FILE,File-sharing,2019-07-18,Netalitica,
https://www.bramjzone.com/,FILE,File-sharing,2019-07-18,Netalitica,
https://www.downloadprogramsline.com/,FILE,File-sharing,2019-07-18,Netalitica,
https://www.mohmal.com/,FILE,File-sharing,2019-07-18,Netalitica,
https://bramjmyegy.co/,FILE,File-sharing,2019-07-18,Netalitica,
http://www.doniacomputer.com/,FILE,File-sharing,2019-07-18,Netalitica,
https://www.casinoelarab.com/,GMB,Gambling,2019-07-18,Netalitica,
https://casinoarabian.com/,GMB,Gambling,2019-07-18,Netalitica,
https://www.toparabcasinos.com/,GMB,Gambling,2019-07-18,Netalitica,
https://www.elarabcasino.com/,GMB,Gambling,2019-07-18,Netalitica,
https://www.finalarab.com/,GMB,Gambling,2019-07-18,Netalitica,
https://arabcasino.co/,GMB,Gambling,2019-07-18,Netalitica,
https://www.arabiccasinochoice.com/,GMB,Gambling,2019-07-18,Netalitica,
https://www.casinoarbi.com/,GMB,Gambling,2019-07-18,Netalitica,
https://arab-casino.org/,GMB,Gambling,2019-07-18,Netalitica,
https://www.casinoaraby.com/,GMB,Gambling,2019-07-18,Netalitica,
https://www.a7lacasino.com/,GMB,Gambling,2019-07-18,Netalitica,
https://www.7alalcasino.com/,GMB,Gambling,2019-07-18,Netalitica,
https://arabcasinohex.com/,GMB,Gambling,2019-07-18,Netalitica,
https://arabian-roulette.com/,GMB,Gambling,2019-07-18,Netalitica,
http://xn--mgbaad5cxb7deyuu.com/,GMB,Gambling,2019-07-18,Netalitica,
http://arabian-slotsx.com/,GMB,Gambling,2019-07-18,Netalitica,
https://online-casino-arabic.com/,GMB,Gambling,2019-07-18,Netalitica,
http://arabianbetting.com/,GMB,Gambling,2019-07-18,Netalitica,
http://www.onlinearabiccasino.com/,GMB,Gambling,2019-07-18,Netalitica,
https://www.casino-bahrain.com/,GMB,Gambling,2019-07-18,Netalitica,
https://www.casinosenarabe.com.ar/,GMB,Gambling,2019-07-18,Netalitica,
https://xn--888-nze9cufxaqq.com/,GMB,Gambling,2019-07-18,Netalitica,
http://www.ar.obfog.com/,GAME,Gaming,2019-07-18,Netalitica,
http://game-game.ma/,GAME,Gaming,2019-07-18,Netalitica,
http://www.337.com/ar/minigame/,GAME,Gaming,2019-07-18,Netalitica,
https://viptarneeb.com/,GAME,Gaming,2019-07-18,Netalitica,
https://www.jawaker.com/,GAME,Gaming,2019-07-18,Netalitica,
https://www.gamku.com/,GAME,Gaming,2019-07-18,Netalitica,
https://chessduo.com/ar,GAME,Gaming,2019-07-18,Netalitica,
https://www.gamessakhr.com/,GAME,Gaming,2019-07-18,Netalitica,
https://www.gmajid.com/,GAME,Gaming,2019-07-18,Netalitica,
http://www.aljyyosh.com/vb/,HACK,Hacking Tools,2019-07-18,Netalitica,
http://www.hack-int.com/cc/,HACK,Hacking Tools,2019-07-18,Netalitica,
https://www.alkrsan.net/forum/,HACK,Hacking Tools,2019-07-18,Netalitica,
http://hackerz.ahlamontada.net/,HACK,Hacking Tools,2019-07-18,Netalitica,
http://hackers.banouta.net/,HACK,Hacking Tools,2019-07-18,Netalitica,
http://hackerr.hooxs.com/forum/,HACK,Hacking Tools,2019-07-18,Netalitica,
http://abtalealdjazaire.ahlamontada.net/,HACK,Hacking Tools,2019-07-18,Netalitica,
http://hakers.arabepro.com/,HACK,Hacking Tools,2019-07-18,Netalitica,
http://egypt4hack.ahlamontada.com/,HACK,Hacking Tools,2019-07-18,Netalitica,
http://alhacker.mam9.com/,HACK,Hacking Tools,2019-07-18,Netalitica,
http://212.129.24.11/,HACK,Hacking Tools,2019-07-18,Netalitica,
http://www.v4-team.com/cc/index.php/,HACK,Hacking Tools,2019-07-18,Netalitica,
http://dev-hack.ahlamontada.net/,HACK,Hacking Tools,2019-07-18,Netalitica,
http://bl4ck-ghost.hooxs.com/,HACK,Hacking Tools,2019-07-18,Netalitica,
http://school-kings-hacker.7olm.org/,HACK,Hacking Tools,2019-07-18,Netalitica,
https://www.arabhost.com/,HOST,Hosting and Blogging Platforms,2019-07-18,Netalitica,
https://the-arabs.com/,HOST,Hosting and Blogging Platforms,2019-07-18,Netalitica,
http://webarabi.com/,HOST,Hosting and Blogging Platforms,2019-07-18,Netalitica,
https://hostkda.com/ar/,HOST,Hosting and Blogging Platforms,2019-07-18,Netalitica,
https://www.estedafah.com/,HOST,Hosting and Blogging Platforms,2019-07-18,Netalitica,
https://naja7host.com/,HOST,Hosting and Blogging Platforms,2019-07-18,Netalitica,
https://www.badrnet.net/,HOST,Hosting and Blogging Platforms,2019-07-18,Netalitica,
https://sahaba.io/reseller-hosting/,HOST,Hosting and Blogging Platforms,2019-07-18,Netalitica,
https://www.lookserv.com/,HOST,Hosting and Blogging Platforms,2019-07-18,Netalitica,
https://www.explorebahrain.com/,HOST,Hosting and Blogging Platforms,2019-07-18,Netalitica,
http://bahrainwebhost.com/,HOST,Hosting and Blogging Platforms,2019-07-18,Netalitica,
http://www.bahrainserver.net/,HOST,Hosting and Blogging Platforms,2019-07-18,Netalitica,
http://www.nihr.org.bh/,HUMR,Human Rights Issues,2019-07-18,Netalitica,
http://www.gicj.org/ar/,HUMR,Human Rights Issues,2019-07-18,Netalitica,
http://aohr.net/portal/,HUMR,Human Rights Issues,2019-07-18,Netalitica,
https://fanack.com/ar/,HUMR,Human Rights Issues,2019-07-18,Netalitica,
https://www.gc4hr.org/main/,HUMR,Human Rights Issues,2019-07-18,Netalitica,
http://nhrc-qa.org/,HUMR,Human Rights Issues,2019-07-18,Netalitica,
http://www.humanrights.org.bh/,HUMR,Human Rights Issues,2019-07-18,Netalitica,
https://www.fidh.org/ar/,HUMR,Human Rights Issues,2019-07-18,Netalitica,
https://cihrs.org/,HUMR,Human Rights Issues,2019-07-18,Netalitica,
http://birdbh.org/,HUMR,Human Rights Issues,2019-07-18,Netalitica,
https://phr.org/countries/bahrain/,HUMR,Human Rights Issues,2019-07-18,Netalitica,
https://www.adhrb.org/,HUMR,Human Rights Issues,2019-07-18,Netalitica,
https://bahrainwatch.org/,HUMR,Human Rights Issues,2019-07-18,Netalitica,
http://bgobahrainar.org/,HUMR,Human Rights Issues,2019-07-18,Netalitica,
https://www.swissinfo.ch/ara/,HUMR,Human Rights Issues,2019-07-18,Netalitica,
http://bahrainws.org/,HUMR,Human Rights Issues,2019-07-18,Netalitica,
http://www.byfs.org/ar/,HUMR,Human Rights Issues,2019-07-18,Netalitica,
https://awalcentre.com/,HUMR,Human Rights Issues,2019-07-18,Netalitica,
http://www.dubaihotties.org/,LGBT,LGBT,2019-07-18,Netalitica,
https://www.homochat.org/ar/,LGBT,LGBT,2019-07-18,Netalitica,
https://www.lgbtarabic.com/,LGBT,LGBT,2019-07-18,Netalitica,
https://majal.org/ahwaa/,LGBT,LGBT,2019-07-18,Netalitica,
https://ahwaa.org/?lang=ar/,LGBT,LGBT,2019-07-18,Netalitica,
https://www.buzzarab.com/chat/gay-arabs/,LGBT,LGBT,2019-07-18,Netalitica,
https://www.mykalimag.com/,LGBT,LGBT,2019-07-18,Netalitica,
http://www.aswatmag.com/,LGBT,LGBT,2019-07-18,Netalitica,
http://gaymorocco.yoo7.com/,LGBT,LGBT,2019-07-18,Netalitica,
http://hakr-man.yoo7.com/,LGBT,LGBT,2019-07-18,Netalitica,
http://saudislgbt.tumblr.com/,LGBT,LGBT,2019-07-18,Netalitica,
https://www.beirutpride.org/,LGBT,LGBT,2019-07-18,Netalitica,
http://www.helem.net/,LGBT,LGBT,2019-07-18,Netalitica,
https://thequeerarabs.com/,LGBT,LGBT,2019-07-18,Netalitica,
https://www.hidayahlgbt.co.uk/,LGBT,LGBT,2019-07-18,Netalitica,
https://www.salaamcanada.info/,LGBT,LGBT,2019-07-18,Netalitica,
https://imaanlondon.wordpress.com/,LGBT,LGBT,2019-07-18,Netalitica,
http://www.lgbtmuslimretreat.com/,LGBT,LGBT,2019-07-18,Netalitica,
https://londonqueermuslims.com/,LGBT,LGBT,2019-07-18,Netalitica,
http://sabaah.dk/,LGBT,LGBT,2019-07-18,Netalitica,
https://mutsaween.wordpress.com/,LGBT,LGBT,2019-07-18,Netalitica,
http://bahraingays.blogspot.com/,LGBT,LGBT,2019-07-18,Netalitica,
https://rmdan.tv/,MMED,Media sharing,2019-07-18,Netalitica,
https://arabseed.me/,MMED,Media sharing,2019-07-18,Netalitica,
https://instaview.me/ar,MMED,Media sharing,2019-07-18,Netalitica,
http://cima4u.tv/,MMED,Media sharing,2019-07-18,Netalitica,
https://www.dardarkom.tv/,MMED,Media sharing,2019-07-18,Netalitica,
https://arabseed.tv/,MMED,Media sharing,2019-07-18,Netalitica,
http://www.nsaem.net/videos/,MMED,Media sharing,2019-07-18,Netalitica,
http://cima4up.co/,MMED,Media sharing,2019-07-18,Netalitica,
https://yomlek.com/,MMED,Media sharing,2019-07-18,Netalitica,
http://movizland.online/,MMED,Media sharing,2019-07-18,Netalitica,
https://video.mzarita.tv/,MMED,Media sharing,2019-07-18,Netalitica,
http://anakbnet.co/,MMED,Media sharing,2019-07-18,Netalitica,
https://www.series4watch.online/,MMED,Media sharing,2019-07-18,Netalitica,
https://www.farfeshplus.com/,MMED,Media sharing,2019-07-18,Netalitica,
https://arabtigers.com/,MMED,Media sharing,2019-07-18,Netalitica,
https://www.4helal.tv/,MMED,Media sharing,2019-07-18,Netalitica,
http://3arbt.com/,MMED,Media sharing,2019-07-18,Netalitica,
http://melody4arab.com/,MMED,Media sharing,2019-07-18,Netalitica,
https://mp3songs.alarab.com/,MMED,Media sharing,2019-07-18,Netalitica,
https://www.nghmaty.com/,MMED,Media sharing,2019-07-18,Netalitica,
https://arab.phonezik.net/,MMED,Media sharing,2019-07-18,Netalitica,
http://arabsong.top/index.php/,MMED,Media sharing,2019-07-18,Netalitica,
https://nogomistars.com/,MMED,Media sharing,2019-07-18,Netalitica,
https://www.manamapost.com/,NEWS,News Media,2019-07-18,Netalitica,
http://akhbar.adsfreevideos.com/,NEWS,News Media,2019-07-18,Netalitica,
https://yemenat.net/,NEWS,News Media,2019-07-18,Netalitica,Yemen-aligned
https://www.al-sharq.com/,NEWS,News Media,2019-07-18,Netalitica,
https://www.nthnews.net/,NEWS,News Media,2019-07-18,Netalitica,
http://www.almshhadalyemeni.net/,NEWS,News Media,2019-07-18,Netalitica,
https://www.yemenipress.net/,NEWS,News Media,2019-07-18,Netalitica,Yemen-aligned
https://www.alnaeem.tv/,NEWS,News Media,2019-07-18,Netalitica,
http://www.alebaa.tv/,NEWS,News Media,2019-07-18,Netalitica,
https://ar.irna.ir/,NEWS,News Media,2019-07-18,Netalitica,Iran-aligned
https://www.alarabi.press/,NEWS,News Media,2019-07-18,Netalitica,
http://www.saadahnews.com/,NEWS,News Media,2019-07-18,Netalitica,Yemen-aligned
https://www.elnashra.com/,NEWS,News Media,2019-07-18,Netalitica,
https://janoubia.com/,NEWS,News Media,2019-07-18,Netalitica,
https://www.alittihad44.com/,NEWS,News Media,2019-07-18,Netalitica,
https://middleeastpress.com/,NEWS,News Media,2019-07-18,Netalitica,
http://www.r-m-n.net/index.php/,NEWS,News Media,2019-07-18,Netalitica,
https://orientxxi.info/ar/,NEWS,News Media,2019-07-18,Netalitica,
http://awalonline.com/,NEWS,News Media,2019-07-18,Netalitica,
http://www.alkawthartv.com/,NEWS,News Media,2019-07-18,Netalitica,
http://www.alansaar.net/,NEWS,News Media,2019-07-18,Netalitica,
http://www.alhodamag.com/index.php/,NEWS,News Media,2019-07-18,Netalitica,
https://nilenetonline.com/,NEWS,News Media,2019-07-18,Netalitica,
http://arabicradio.net/,NEWS,News Media,2019-07-18,Netalitica,
http://iranalyaum.com/,NEWS,News Media,2019-07-18,Netalitica,
https://alsudanalyoum.com/,NEWS,News Media,2019-07-18,Netalitica,
http://www.syria-scope.com/,NEWS,News Media,2019-07-18,Netalitica,
https://www.alarab.qa/,NEWS,News Media,2019-07-18,Netalitica,Qatar-aligned
https://www.aa.com.tr/en/,NEWS,News Media,2019-07-18,Netalitica,Turkey-aligned
http://www.bkhitba.com/,DATE,Online Dating,2019-07-18,Netalitica,
http://www.xn--mgbai3a1bycq.net/,DATE,Online Dating,2019-07-18,Netalitica,
https://www.betrallyelarab.com/,DATE,Online Dating,2019-07-18,Netalitica,
https://www.buzzarab.com/,DATE,Online Dating,2019-07-18,Netalitica,
https://www.zohradating.com/,DATE,Online Dating,2019-07-18,Netalitica,
https://badoo.com/ar/dating/,DATE,Online Dating,2019-07-18,Netalitica,
https://www.nisfo.com/,DATE,Online Dating,2019-07-18,Netalitica,
https://ar.dateforeal.com/,DATE,Online Dating,2019-07-18,Netalitica,
https://www.gulf-dating.com/,DATE,Online Dating,2019-07-18,Netalitica,
https://ahlam.net/,DATE,Online Dating,2019-07-18,Netalitica,
https://msyaronline.com/,DATE,Online Dating,2019-07-18,Netalitica,
http://www.ekhetba.com/home.ar/,DATE,Online Dating,2019-07-18,Netalitica,
https://zaoag.net/,DATE,Online Dating,2019-07-18,Netalitica,
http://www.asawer.net/,DATE,Online Dating,2019-07-18,Netalitica,
https://www.inkeedo.com/,DATE,Online Dating,2019-07-18,Netalitica,
http://www.ekhotoba.com/home.ar/,DATE,Online Dating,2019-07-18,Netalitica,
https://www.soudfa.com/,DATE,Online Dating,2019-07-18,Netalitica,
https://www.meet-lebanese.com/ar/,DATE,Online Dating,2019-07-18,Netalitica,
https://hotornot.com/ar/,DATE,Online Dating,2019-07-18,Netalitica,
https://www.muslima.com/ar,DATE,Online Dating,2019-07-18,Netalitica,
http://zwaj-palestine.com/,DATE,Online Dating,2019-07-18,Netalitica,
http://www.klmnyy.com/,DATE,Online Dating,2019-07-18,Netalitica,
https://zawgaty.com/,DATE,Online Dating,2019-07-18,Netalitica,
https://www.zawaj.com/,DATE,Online Dating,2019-07-18,Netalitica,
http://www.yazawaj.com/,DATE,Online Dating,2019-07-18,Netalitica,
https://www.umnea.net/,DATE,Online Dating,2019-07-18,Netalitica,
http://zawaghalal.com/,DATE,Online Dating,2019-07-18,Netalitica,
http://talaki.com/,DATE,Online Dating,2019-07-18,Netalitica,
https://www.sharekomry.com/,DATE,Online Dating,2019-07-18,Netalitica,
https://www.qiran.com/,DATE,Online Dating,2019-07-18,Netalitica,
http://bahrainmirror.info/,POLR,Political Criticism,2019-07-18,Netalitica,
https://www.bahrainalyoum.co.uk/,POLR,Political Criticism,2019-07-18,Netalitica,
https://14f2011.com/ar/,POLR,Political Criticism,2019-07-18,Netalitica,
http://www.dr-hakem.com/,POLR,Political Criticism,2019-07-18,Netalitica,
http://southlb.com/,POLR,Political Criticism,2019-07-18,Netalitica,
https://salam-dhr.org/?lang=en/,POLR,Political Criticism,2019-07-18,Netalitica,
https://revolutionbahrain.net/,POLR,Political Criticism,2019-07-18,Netalitica,
http://ar.farsnews.com/,POLR,Political Criticism,2019-07-18,Netalitica,Iran-aligned
https://www.islamtimes.org/,POLR,Political Criticism,2019-07-18,Netalitica,
http://nedaalbahrain.com/,POLR,Political Criticism,2019-07-18,Netalitica,
https://www.al-wafa.co/,POLR,Political Criticism,2019-07-18,Netalitica,
http://iuvmpress.com/ar/,POLR,Political Criticism,2019-07-18,Netalitica,
https://ar.mehrnews.com/,POLR,Political Criticism,2019-07-18,Netalitica,
https://nahrainnet.net/,POLR,Political Criticism,2019-07-18,Netalitica,
http://ar.hawzahnews.com/,POLR,Political Criticism,2019-07-18,Netalitica,
http://almuqawamah.com/,POLR,Political Criticism,2019-07-18,Netalitica,
http://ar.rasanews.ir/,POLR,Political Criticism,2019-07-18,Netalitica,Iran-aligned
https://popularpetition.com/,POLR,Political Criticism,2019-07-18,Netalitica,
http://www.u-news.net/,POLR,Political Criticism,2019-07-18,Netalitica,
http://alwaienews.net/,POLR,Political Criticism,2019-07-18,Netalitica,
http://shiawaves.com/arabic/,POLR,Political Criticism,2019-07-18,Netalitica,
http://www.altaqadomi.org/,POLR,Political Criticism,2019-07-18,Netalitica,
https://www.hourriya-tagheer.org/,POLR,Political Criticism,2019-07-18,Netalitica,
http://www.bdys.org/main/,POLR,Political Criticism,2019-07-18,Netalitica,
http://ar.imam-khomeini.ir/,POLR,Political Criticism,2019-07-18,Netalitica,Iran-aligned
http://alshafafeyabh.org/index/,POLR,Political Criticism,2019-07-18,Netalitica,
https://www.anabahraini.org/,POLR,Political Criticism,2019-07-18,Netalitica,
https://saudileaks.com/,POLR,Political Criticism,2019-07-18,Netalitica,"Saudi-focused, but covers Bahrain"
https://bzazi.com/,PORN,Pornography,2019-07-18,Netalitica,
https://xxxnxx.me/,PORN,Pornography,2019-07-18,Netalitica,
https://sexsaoy.com/,PORN,Pornography,2019-07-18,Netalitica,
https://sexjk.com/,PORN,Pornography,2019-07-18,Netalitica,
https://mitnaka.com/,PORN,Pornography,2019-07-18,Netalitica,
https://www.tubev.sex/,PORN,Pornography,2019-07-18,Netalitica,
https://xnxxx.cc/,PORN,Pornography,2019-07-18,Netalitica,
https://sexalarab.com/,PORN,Pornography,2019-07-18,Netalitica,
https://zobry.site/,PORN,Pornography,2019-07-18,Netalitica,
http://3arabporn.com/,PORN,Pornography,2019-07-18,Netalitica,
https://www.aflamsexhd.com/,PORN,Pornography,2019-07-18,Netalitica,
https://b3bos.com/,PORN,Pornography,2019-07-18,Netalitica,
https://www.arabianchicks.com/,PORN,Pornography,2019-07-18,Netalitica,
https://tiaz.site/,PORN,Pornography,2019-07-18,Netalitica,
https://www.hot-arab-films.com/,PORN,Pornography,2019-07-18,Netalitica,
https://sa.made-in-china.com/co_cnjmint/,PROV,Provocative Attire,2019-07-18,Netalitica,
https://www.tradefairdates.com/,PROV,Provocative Attire,2019-07-18,Netalitica,
http://www.kyivfashion.kiev.ua/en/,PROV,Provocative Attire,2019-07-18,Netalitica,
http://www.fantasiawear.com/,PROV,Provocative Attire,2019-07-18,Netalitica,
https://www.lovehoney.de/,PROV,Provocative Attire,2019-07-18,Netalitica,
https://www.modcloth.com/,PROV,Provocative Attire,2019-07-18,Netalitica,
https://www.nayomi.com/,PROV,Provocative Attire,2019-07-18,Netalitica,
https://ar.aliexpress.com/,PROV,Provocative Attire,2019-07-18,Netalitica,
https://www.victoriassecret.ae/en/,PROV,Provocative Attire,2019-07-18,Netalitica,
https://www.daloah.com/,PROV,Provocative Attire,2019-07-18,Netalitica,
https://www.miraclelingerie.ae/,PROV,Provocative Attire,2019-07-18,Netalitica,
https://en-ae.namshi.com/,PROV,Provocative Attire,2019-07-18,Netalitica,
https://www.spicylingerie.com/,PROV,Provocative Attire,2019-07-18,Netalitica,
https://www.klynn.com/,PROV,Provocative Attire,2019-07-18,Netalitica,
https://www.kiabi.ae/,PROV,Provocative Attire,2019-07-18,Netalitica,
https://brayola.com/,PROV,Provocative Attire,2019-07-18,Netalitica,
https://www.splashfashions.com/,PROV,Provocative Attire,2019-07-18,Netalitica,
https://www.journelle.com/,PROV,Provocative Attire,2019-07-18,Netalitica,
https://www.soma.com/store/,PROV,Provocative Attire,2019-07-18,Netalitica,
https://www.splashfashions.com/ae/en/,PROV,Provocative Attire,2019-07-18,Netalitica,
https://www.soma.com/,PROV,Provocative Attire,2019-07-18,Netalitica,
https://www.webteb.com/,PUBH,Public Health,2019-07-18,Netalitica,
http://www.sehha.com/index.shtml/,PUBH,Public Health,2019-07-18,Netalitica,
https://www.altibbi.com/,PUBH,Public Health,2019-07-18,Netalitica,
https://www.doctoori.net/,PUBH,Public Health,2019-07-18,Netalitica,
https://www.sehaama.com/,PUBH,Public Health,2019-07-18,Netalitica,
https://a3chabe.com/public-health/,PUBH,Public Health,2019-07-18,Netalitica,
https://www.se7a4evryone.com/,PUBH,Public Health,2019-07-18,Netalitica,
https://www.seha-tok.com/,PUBH,Public Health,2019-07-18,Netalitica,
http://www.hi-mama.com/,PUBH,Public Health,2019-07-18,Netalitica,
https://www.3rbdr.net/,PUBH,Public Health,2019-07-18,Netalitica,
http://www.mediall1.com/,PUBH,Public Health,2019-07-18,Netalitica,
http://www.sunniwaqf.com/home/,REL,Religion,2019-07-18,Netalitica,
https://www.tarbeia.org/,REL,Religion,2019-07-18,Netalitica,
http://www.alburhan.com/,REL,Religion,2019-07-18,Netalitica,
http://arabic.al-shia.org/,REL,Religion,2019-07-18,Netalitica,
http://www.albainah.net/Index.aspx/,REL,Religion,2019-07-18,Netalitica,
https://www.aqaed.com/,REL,Religion,2019-07-18,Netalitica,
http://omarblog.com/,REL,Religion,2019-07-18,Netalitica,
http://almoslim.net/,REL,Religion,2019-07-18,Netalitica,
https://www.saffar.me/,REL,Religion,2019-07-18,Netalitica,
https://www.dd-sunnah.net/,REL,Religion,2019-07-18,Netalitica,
http://www.kadamya.com/,REL,Religion,2019-07-18,Netalitica,
http://www.quranya.com/,REL,Religion,2019-07-18,Netalitica,
http://www.hashemya.org/,REL,Religion,2019-07-18,Netalitica,
http://www.allah-akber.com/,REL,Religion,2019-07-18,Netalitica,
http://www.rezawya.com/,REL,Religion,2019-07-18,Netalitica,
https://maktoob.yahoo.com/,SRCH,Search Engines,2019-07-18,Netalitica,
https://lableb.com/,SRCH,Search Engines,2019-07-18,Netalitica,
http://www.raddadi.com/,SRCH,Search Engines,2019-07-18,Netalitica,
http://yaarabi.com/,SRCH,Search Engines,2019-07-18,Netalitica,
https://www.yamli.com/ar/,SRCH,Search Engines,2019-07-18,Netalitica,
https://www.sahafah24.net/index.php/,SRCH,Search Engines,2019-07-18,Netalitica,
http://www.feedo.net/Default.htm/,XED,Sex Education,2019-07-18,Netalitica,
http://hayatouki.com/,XED,Sex Education,2019-07-18,Netalitica,
https://aljens.info/,XED,Sex Education,2019-07-18,Netalitica,
https://www.e7kky.com/,XED,Sex Education,2019-07-18,Netalitica,
http://alsayeda.net/,XED,Sex Education,2019-07-18,Netalitica,
http://www.kalam.co.il/,XED,Sex Education,2019-07-18,Netalitica,
http://m3loma.com/,XED,Sex Education,2019-07-18,Netalitica,
https://jensaneya.org/,XED,Sex Education,2019-07-18,Netalitica,
https://lmarabic.com/,XED,Sex Education,2019-07-18,Netalitica,
https://www.zanzu.de/ar/,XED,Sex Education,2019-07-18,Netalitica,
