url,category_code,category_description,date_added,source,notes
http://0059.ws/,HACK,Hacking Tools,2017-03-09,CIPIT,
http://01net.com/,HOST,Hosting and Blogging Platforms,2017-03-02,CIPIT,
http://0237.ws/,HACK,Hacking Tools,2017-03-09,CIPIT,
http://0353.ws/,HACK,Hacking Tools,2017-03-09,CIPIT,
http://123rf.com/,COMM,E-commerce,2017-03-02,CIPIT,
http://1kdailyprofit.co/,COMM,E-commerce,2017-03-09,CIPIT,
http://20minutes.fr/,NEWS,News Media,2017-03-09,CIPIT,
http://2ie-edu.org/,MMED,Media sharing,2017-03-09,CIPIT,
http://4dsply.com/,COMM,E-commerce,2017-03-09,CIPIT,
http://4geniecivil.com/,COMM,E-commerce,2017-03-09,CIPIT,
http://4shared.com/,FILE,File-sharing,2017-03-09,CIPIT,
http://8307.ws/,HACK,Hacking Tools,2017-03-09,CIPIT,
http://about.com/,CULTR,Culture,2017-03-02,CIPIT,
http://absoluporn.com/,PORN,Pornography,2017-03-09,CIPIT,
http://academia.edu/,FILE,File-sharing,2017-03-09,CIPIT,
http://acces-vod.com/,PORN,Pornography,2017-03-09,CIPIT,
http://actionpay.ru/,COMM,E-commerce,2017-03-09,CIPIT,
http://adexc.net/,COMM,E-commerce,2017-03-09,CIPIT,
http://adexchangeprediction.com/,HACK,Hacking Tools,2017-03-09,CIPIT,
http://adf.ly/,COMM,E-commerce,2017-03-02,CIPIT,
http://adhoc1.net/,HACK,Hacking Tools,2017-03-09,CIPIT,
http://adk2x.com/,COMM,E-commerce,2017-03-09,CIPIT,
http://adnetworkperformance.com/,HACK,Hacking Tools,2017-03-09,CIPIT,
http://adobe.com/,COMM,E-commerce,2017-03-02,CIPIT,
http://adpop-1.com/,COMM,E-commerce,2017-03-02,CIPIT,
http://afftrack.com/,COMM,E-commerce,2017-03-09,CIPIT,
http://africatime.com/,NEWS,News Media,2017-03-09,CIPIT,
http://afrikmag.com/,NEWS,News Media,2017-03-02,CIPIT,
http://agence257.over-blog.com/,POLR,Political Criticism,2017-03-09,CIPIT,
http://agencebujanews.blogspot.be/,HOST,Hosting and Blogging Platforms,2017-03-02,CIPIT,
http://akeza.net/,NEWS,News Media,2017-03-02,CIPIT,
http://alibaba.com/,COMM,E-commerce,2017-03-02,CIPIT,
http://aliexpress.com/,COMM,E-commerce,2017-03-02,CIPIT,
http://alison.com/,FILE,File-sharing,2017-03-02,CIPIT,
http://aljazeera.com/,NEWS,News Media,2017-03-02,CIPIT,
http://allafrica.com/,NEWS,News Media,2017-03-09,CIPIT,
http://allocine.fr/,MMED,Media sharing,2017-03-09,CIPIT,
http://amazon.fr/,COMM,E-commerce,2017-03-02,CIPIT,
http://amazonaws.com/,COMM,E-commerce,2017-03-09,CIPIT,
http://ampxchange.com/,COMM,E-commerce,2017-03-09,CIPIT,
http://androidpit.fr/,HOST,Hosting and Blogging Platforms,2017-03-09,CIPIT,
http://apidock.com/,HACK,Hacking Tools,2017-03-09,CIPIT,
http://apple.com/,COMM,E-commerce,2017-03-09,CIPIT,
http://aprodh.org/,POLR,Political Criticism,2017-03-09,CIPIT,
http://apytrc.com/,HACK,Hacking Tools,2017-03-09,CIPIT,
http://aragontrack.com/,HACK,Hacking Tools,2017-03-09,CIPIT,
http://archives-ouvertes.fr/,FILE,File-sharing,2017-03-09,CIPIT,
http://arib.info/,NEWS,News Media,2017-03-02,CIPIT,
http://ask.com/,SRCH,Search Engines,2017-03-02,CIPIT,
http://assemblee.bi/,GOVT,Government,2017-03-09,CIPIT,
http://atlassian.com/,COMM,E-commerce,2017-03-09,CIPIT,
http://atlassian.net/,COMM,E-commerce,2017-03-09,CIPIT,
http://auf.org/,CULTR,Culture,2017-03-09,CIPIT,
http://aufeminin.com/,CULTR,Culture,2017-03-09,CIPIT,
http://aujourdhui.fr/,NEWS,News Media,2017-03-09,CIPIT,
http://avast.com/,HACK,Hacking Tools,2017-03-02,CIPIT,
http://aweber.com/,COMM,E-commerce,2017-03-09,CIPIT,
http://azlyrics.com/,CULTR,Culture,2017-03-09,CIPIT,
http://babbel.com/,COMM,E-commerce,2017-03-09,CIPIT,
http://bancobu.bi/,COMM,E-commerce,2017-03-09,CIPIT,
http://bancobu.com/,COMM,E-commerce,2017-03-09,CIPIT,
http://bbc.co.uk/,NEWS,News Media,2017-03-09,CIPIT,
http://beforward.jp/,COMM,E-commerce,2017-03-02,CIPIT,
http://behance.net/,CULTR,Culture,2017-03-09,CIPIT,
http://bellotube.com/,PORN,Pornography,2017-03-09,CIPIT,
http://bestfreetube.xxx/,PORN,Pornography,2017-03-09,CIPIT,
http://bestsub.com/,COMM,E-commerce,2017-03-09,CIPIT,
http://bfmtv.com/,NEWS,News Media,2017-03-02,CIPIT,
http://bing.com/,SRCH,Search Engines,2017-03-02,CIPIT,
http://bishasha.com/,CULTR,Culture,2017-03-09,CIPIT,
http://bitmedianetwork.com/,FILE,File-sharing,2017-03-09,CIPIT,
http://blkget.com/,COMM,E-commerce,2017-03-02,CIPIT,
http://blogger.com/,HOST,Hosting and Blogging Platforms,2017-03-09,CIPIT,
http://bluesquare.org/,HOST,Hosting and Blogging Platforms,2017-03-09,CIPIT,
http://bluestacks.com/,CULTR,Culture,2017-03-09,CIPIT,
http://bonesha.bi/,CULTR,Culture,2017-03-09,CIPIT,
http://bongacams.com/,PORN,Pornography,2017-03-02,CIPIT,
http://bongo5.com/,NEWS,News Media,2017-03-09,CIPIT,
http://bongomovies.com/,CULTR,Culture,2017-03-09,CIPIT,
http://booking.com/,COMM,E-commerce,2017-03-02,CIPIT,
http://bourse-etude.com/,HOST,Hosting and Blogging Platforms,2017-03-09,CIPIT,
http://boursedetude.org/,CULTR,Culture,2017-03-09,CIPIT,
http://boursesetude.com/,CULTR,Culture,2017-03-09,CIPIT,
http://brazzers.com/,PORN,Pornography,2017-03-09,CIPIT,
http://brazzersnetwork.com/,PORN,Pornography,2017-03-09,CIPIT,
http://brb.bi/,COMM,E-commerce,2017-03-09,CIPIT,
http://bujanews.wordpress.com/,HOST,Hosting and Blogging Platforms,2017-03-02,CIPIT,
http://bujumbura.be/,NEWS,News Media,2017-03-02,CIPIT,
http://bujumburanewsblog.wordpress.com/,HOST,Hosting and Blogging Platforms,2017-03-02,CIPIT,
http://burundi-agnews.org/,NEWS,News Media,2017-03-09,CIPIT,
http://burundi-eco.com/,ECON,Economics,2017-03-09,CIPIT,
http://burundi-forum.link/,POLR,Political Criticism,2017-03-09,CIPIT,
http://burundi24.wordpress.com/,HOST,Hosting and Blogging Platforms,2017-03-02,CIPIT,
http://burundinews.free.fr/actualites/actualites.htm,COMM,E-commerce,2017-03-09,CIPIT,
http://burundisafari.com/,COMM,E-commerce,2017-03-09,CIPIT,
http://bwiza.com/,NEWS,News Media,2017-03-09,CIPIT,
http://cairn.info/,CULTR,Culture,2017-03-09,CIPIT,
http://camdolls.com/,PORN,Pornography,2017-03-02,CIPIT,
http://cardealpage.com/,COMM,E-commerce,2017-03-09,CIPIT,
http://carfromjapan.com/,COMM,E-commerce,2017-03-09,CIPIT,
http://carused.jp/,COMM,E-commerce,2017-03-02,CIPIT,
http://cdiscount.com/,COMM,E-commerce,2017-03-09,CIPIT,
http://cefopi.bi/,COMM,E-commerce,2017-03-09,CIPIT,
http://celebsters.com/,CULTR,Culture,2017-03-09,CIPIT,
http://centerblog.net/,HOST,Hosting and Blogging Platforms,2017-03-09,CIPIT,
http://chocam.com/,PORN,Pornography,2017-03-09,CIPIT,
http://chron.com/,NEWS,News Media,2017-03-09,CIPIT,
http://cic.gc.ca/,GOVT,Government,2017-03-09,CIPIT,
http://cisco.com/,COMM,E-commerce,2017-03-09,CIPIT,
http://clicemploi.bi/,COMM,E-commerce,2017-03-09,CIPIT,
http://click2tap.com/,HACK,Hacking Tools,2017-03-09,CIPIT,
http://clicksgear.com/,HACK,Hacking Tools,2017-03-09,CIPIT,
http://clicksor.net/,COMM,E-commerce,2017-03-09,CIPIT,
http://clubic.com/,HOST,Hosting and Blogging Platforms,2017-03-02,CIPIT,
http://cnet.com/,COMM,E-commerce,2017-03-02,CIPIT,
http://cnfdi.com/,COMM,E-commerce,2017-03-09,CIPIT,
http://cnn.com/,NEWS,News Media,2017-03-02,CIPIT,
http://cnrtl.fr/,CULTR,Culture,2017-03-09,CIPIT,
http://co.bi/,NEWS,News Media,2017-03-02,CIPIT,
http://codeonclick.com/,COMM,E-commerce,2017-03-09,CIPIT,
http://codeschool.com/,COMM,E-commerce,2017-03-09,CIPIT,
http://commentcamarche.net/,NEWS,News Media,2017-03-02,CIPIT,
http://concomber.com/,CULTR,Culture,2017-03-09,CIPIT,
http://cosome.bi/,POLR,Political Criticism,2017-03-09,CIPIT,
http://cours-gratuit.com/,CULTR,Culture,2017-03-09,CIPIT,
http://cpasbien.cm/,FILE,File-sharing,2017-03-02,CIPIT,
http://cpmofferconvert.com/,HACK,Hacking Tools,2017-03-09,CIPIT,
http://dailymail.co.uk/,NEWS,News Media,2017-03-02,CIPIT,
http://dailymotion.com/,NEWS,News Media,2017-03-09,CIPIT,
http://dealwifi.com/,HACK,Hacking Tools,2017-03-09,CIPIT,
http://default-search.net/,SRCH,Search Engines,2017-03-09,CIPIT,
http://deturl.com/,MMED,Media sharing,2017-03-02,CIPIT,
http://developpez.com/,FILE,File-sharing,2017-03-02,CIPIT,
http://developpez.net/,COMM,E-commerce,2017-03-09,CIPIT,
http://dhis2-cg-hlt-dev.herokuapp.com/,FILE,File-sharing,2017-03-09,CIPIT,
http://dhis2-cg-hlt-prod.herokuapp.com/,FILE,File-sharing,2017-03-09,CIPIT,
http://directrev.com/,COMM,E-commerce,2017-03-09,CIPIT,
http://doctissimo.fr/,CULTR,Culture,2017-03-02,CIPIT,
http://doublepimp.com/,COMM,E-commerce,2017-03-02,CIPIT,
http://downloadastro.com/,FILE,File-sharing,2017-03-09,CIPIT,
http://dpreview.com/,HOST,Hosting and Blogging Platforms,2017-03-09,CIPIT,
http://dramaonline.com/,MMED,Media sharing,2017-03-02,CIPIT,
http://dropbox.com/,FILE,File-sharing,2017-03-09,CIPIT,
http://dropkickmedia.com/,COMM,E-commerce,2017-03-09,CIPIT,
http://dumedia.ru/,COMM,E-commerce,2017-03-09,CIPIT,
http://dvdvideosoft.com/,MMED,Media sharing,2017-03-09,CIPIT,
http://dw.com/,NEWS,News Media,2017-03-02,CIPIT,
http://eachamps.rw/,CULTR,Culture,2017-03-02,CIPIT,
http://easypdfcombine.com/,FILE,File-sharing,2017-03-02,CIPIT,
http://eatv.tv/,CULTR,Culture,2017-03-09,CIPIT,
http://ebay.be/,COMM,E-commerce,2017-03-09,CIPIT,
http://ebay.com/,COMM,E-commerce,2017-03-09,CIPIT,
http://edx.org/,COMM,E-commerce,2017-03-09,CIPIT,
http://empflix.com/,PORN,Pornography,2017-03-09,CIPIT,
http://empowr.com/,COMM,E-commerce,2017-03-09,CIPIT,
http://enhance-auto.jp/,COMM,E-commerce,2017-03-09,CIPIT,
http://enseignemoi.com/,REL,Religion,2017-03-09,CIPIT,
http://epfl.ch/,CULTR,Culture,2017-03-09,CIPIT,
http://etudier.com/,CULTR,Culture,2017-03-09,CIPIT,
http://eurosport.fr/,COMM,E-commerce,2017-03-09,CIPIT,
http://exoclick.com/,COMM,E-commerce,2017-03-09,CIPIT,
http://extase-y.fr/,CULTR,Culture,2017-03-09,CIPIT,
http://eyrolles.com/,COMM,E-commerce,2017-03-09,CIPIT,
http://fao.org/,IGO,Intergovernmental Organizations,2017-03-09,CIPIT,
http://fecofa-rdc.com/,GOVT,Government,2017-03-09,CIPIT,
http://ficusoid.xyz/,HACK,Hacking Tools,2017-03-09,CIPIT,
http://fidh.org/,HUMR,Human Rights Issues,2017-03-09,CIPIT,
http://fileeagle.com/,FILE,File-sharing,2017-03-09,CIPIT,
http://filehippo.com/,FILE,File-sharing,2017-03-09,CIPIT,
http://files.wordpress.com/,HOST,Hosting and Blogging Platforms,2017-03-09,CIPIT,
http://filesfetcher.com/,FILE,File-sharing,2017-03-09,CIPIT,
http://fimina.com/,HUMR,Human Rights Issues,2017-03-09,CIPIT,
http://findwide.com/,SRCH,Search Engines,2017-03-09,CIPIT,
http://firstgame.xyz/,HACK,Hacking Tools,2017-03-09,CIPIT,
http://flashscore.com/,GMB,Gambling,2017-03-09,CIPIT,
http://flightradar24.com/,SRCH,Search Engines,2017-03-09,CIPIT,
http://focode.org/,POLR,Political Criticism,2017-03-09,CIPIT,
http://football.fr/,CULTR,Culture,2017-03-09,CIPIT,
http://forsc.org/,HACK,Hacking Tools,2017-03-09,CIPIT,
http://france24.com/,NEWS,News Media,2017-03-02,CIPIT,
http://francetvinfo.fr/,NEWS,News Media,2017-03-09,CIPIT,
http://free.fr/,COMM,E-commerce,2017-03-02,CIPIT,
http://freelotto.com/,GMB,Gambling,2017-03-02,CIPIT,
http://freepdfconvert.com/,FILE,File-sharing,2017-03-09,CIPIT,
http://freepik.com/,MMED,Media sharing,2017-03-02,CIPIT,
http://fromdoctopdf.com/,FILE,File-sharing,2017-03-09,CIPIT,
http://frtyg.com/,HACK,Hacking Tools,2017-03-09,CIPIT,
http://fuckbookafricaine.com/,DATE,Online Dating,2017-03-02,CIPIT,
http://funkymediatabsearch.com/,SRCH,Search Engines,2017-03-09,CIPIT,
http://futura-sciences.com/,HOST,Hosting and Blogging Platforms,2017-03-02,CIPIT,
http://fvs-amade.org/,ECON,Economics,2017-03-02,CIPIT,
http://fwbntw.com/,HACK,Hacking Tools,2017-03-09,CIPIT,
http://gala.fr/,CULTR,Culture,2017-03-09,CIPIT,
http://gauleporno.xxx/,PORN,Pornography,2017-03-09,CIPIT,
http://gizmochina.com/,COMM,E-commerce,2017-03-09,CIPIT,
http://goal.com/,CULTR,Culture,2017-03-09,CIPIT,
http://google.be/,SRCH,Search Engines,2017-03-09,CIPIT,
http://google.bf/,SRCH,Search Engines,2017-03-02,CIPIT,
http://google.cd/,SRCH,Search Engines,2017-03-02,CIPIT,
http://google.co.in/,SRCH,Search Engines,2017-03-02,CIPIT,
http://googlevideo.com/,SRCH,Search Engines,2017-03-09,CIPIT,
http://gotporn.com/,PORN,Pornography,2017-03-09,CIPIT,
http://greatwork.info/,HACK,Hacking Tools,2017-03-09,CIPIT,
http://groupon.com/,COMM,E-commerce,2017-03-09,CIPIT,
http://gulfeconnection.com/,HACK,Hacking Tools,2017-03-09,CIPIT,
http://heroku.com/,COMM,E-commerce,2017-03-09,CIPIT,
http://herokuapp.com/,COMM,E-commerce,2017-03-02,CIPIT,
http://hi5.com/,GRP,Social Networking,2017-03-09,CIPIT,
http://hilltopads.net/,COMM,E-commerce,2017-03-09,CIPIT,
http://hitwe.com/,GRP,Social Networking,2017-03-09,CIPIT,
http://homecash.online/,HACK,Hacking Tools,2017-03-09,CIPIT,
http://hp.com/,COMM,E-commerce,2017-03-09,CIPIT,
http://hqbutt.com/,PORN,Pornography,2017-03-09,CIPIT,
http://huffingtonpost.fr/,NEWS,News Media,2017-03-09,CIPIT,
http://ibishasha.wordpress.com/,CULTR,Culture,2017-03-09,CIPIT,
http://ibyamamare.com/,NEWS,News Media,2017-03-09,CIPIT,
http://ifcmarkets.fr/,COMM,E-commerce,2017-03-02,CIPIT,
http://ifilez.org/,MMED,Media sharing,2017-03-09,CIPIT,
http://igihe.bi/,NEWS,News Media,2017-03-02,CIPIT,
http://igihe.com/,NEWS,News Media,2017-03-02,CIPIT,
http://ikiriho.org/,NEWS,News Media,2017-03-02,CIPIT,
http://ilo.org/,IGO,Intergovernmental Organizations,2017-03-09,CIPIT,
http://imburi.info/,NEWS,News Media,2017-03-09,CIPIT,
http://imdb.com/,CULTR,Culture,2017-03-09,CIPIT,
http://imirasire.com/,CULTR,Culture,2017-03-09,CIPIT,
http://imzog.com/,PORN,Pornography,2017-03-09,CIPIT,
http://independent.co.uk/,NEWS,News Media,2017-03-09,CIPIT,
http://indundi.com/,CULTR,Culture,2017-03-02,CIPIT,
http://infomaniak.com/,HOST,Hosting and Blogging Platforms,2017-03-02,CIPIT,
http://informaticien.be/,NEWS,News Media,2017-03-09,CIPIT,
http://informer.com/,HOST,Hosting and Blogging Platforms,2017-03-09,CIPIT,
http://infusionsoft.com/,COMM,E-commerce,2017-03-09,CIPIT,
http://inkino.bi/,CULTR,Culture,2017-03-09,CIPIT,
http://instagram.com/,GRP,Social Networking,2017-03-02,CIPIT,
http://intercontactservices.com/,HUMR,Human Rights Issues,2017-03-02,CIPIT,
http://internetdownloadmanager.com/,FILE,File-sharing,2017-03-09,CIPIT,
http://inyarwanda.com/,CULTR,Culture,2017-03-09,CIPIT,
http://isanganiro.org/,NEWS,News Media,2017-03-09,CIPIT,
http://iscam.bi/,GOVT,Government,2017-03-09,CIPIT,
http://isteebu.bi/,CULTR,Culture,2017-03-09,CIPIT,
http://iwacu-burundi.org/,POLR,Political Criticism,2017-03-02,CIPIT,
http://iwanttodeliver.com/,COMM,E-commerce,2017-03-02,CIPIT,
http://jadsmediaflw.com/,HACK,Hacking Tools,2017-03-09,CIPIT,
http://jambaze.com/,CULTR,Culture,2017-03-09,CIPIT,
http://japanesecartrade.com/,COMM,E-commerce,2017-03-09,CIPIT,
http://japanesevehicles.com/,COMM,E-commerce,2017-03-02,CIPIT,
http://jetelecharge.com/,COMM,E-commerce,2017-03-09,CIPIT,
http://jeuneafrique.com/,NEWS,News Media,2017-03-02,CIPIT,
http://jobinburundi.com/,COMM,E-commerce,2017-03-02,CIPIT,
http://journaldesfemmes.com/,CULTR,Culture,2017-03-02,CIPIT,
http://journaldunet.com/,HOST,Hosting and Blogging Platforms,2017-03-02,CIPIT,
http://jpnauction.com/,COMM,E-commerce,2017-03-02,CIPIT,
http://jtgeek.com/,HOST,Hosting and Blogging Platforms,2017-03-09,CIPIT,
http://justporno.tv/,PORN,Pornography,2017-03-02,CIPIT,
http://keepvid.com/,MMED,Media sharing,2017-03-09,CIPIT,
http://kupatana.com/,COMM,E-commerce,2017-03-09,CIPIT,
http://lacoccinelle.net/,MMED,Media sharing,2017-03-09,CIPIT,
http://lalibre.be/,CULTR,Culture,2017-03-09,CIPIT,
http://larousse.fr/,CULTR,Culture,2017-03-02,CIPIT,
http://leadpages.co/,COMM,E-commerce,2017-03-09,CIPIT,
http://lefigaro.fr/,NEWS,News Media,2017-03-02,CIPIT,
http://lemonde.fr/,NEWS,News Media,2017-03-02,CIPIT,
http://leparisien.fr/,NEWS,News Media,2017-03-09,CIPIT,
http://lequipe.fr/,CULTR,Culture,2017-03-09,CIPIT,
http://ligue-iteka.bi/,POLR,Political Criticism,2017-03-09,CIPIT,
http://linguee.fr/,CULTR,Culture,2017-03-09,CIPIT,
http://linkedin.com/,COMT,Communication Tools,2017-03-02,CIPIT,
http://linkis.com/,COMM,E-commerce,2017-03-09,CIPIT,
http://linternaute.com/,NEWS,News Media,2017-03-02,CIPIT,
http://list-manage.com/,HOST,Hosting and Blogging Platforms,2017-03-09,CIPIT,
http://live.com/,COMT,Communication Tools,2017-03-02,CIPIT,
http://livejasmin.com/,PORN,Pornography,2017-03-02,CIPIT,
http://livescore.com/,CULTR,Culture,2017-03-02,CIPIT,
http://logitheque.com/,FILE,File-sharing,2017-03-09,CIPIT,
http://luckysearches.com/,SRCH,Search Engines,2017-03-09,CIPIT,
http://lumitel.bi/,COMM,E-commerce,2017-03-09,CIPIT,
http://luxuretv.com/,PORN,Pornography,2017-03-09,CIPIT,
http://made-in-china.com/,COMM,E-commerce,2017-03-09,CIPIT,
http://makeuseof.com/,NEWS,News Media,2017-03-09,CIPIT,
http://masteretudes.fr/,CULTR,Culture,2017-03-09,CIPIT,
http://matchendirect.fr/,GMB,Gambling,2017-03-09,CIPIT,
http://maxifoot.fr/,CULTR,Culture,2017-03-09,CIPIT,
http://mbtrx.com/,COMM,E-commerce,2017-03-02,CIPIT,
http://mcafee.com/,HACK,Hacking Tools,2017-03-09,CIPIT,
http://mdnac.bi/,GOVT,Government,2017-03-09,CIPIT,
http://media-fire.org/,MMED,Media sharing,2017-03-02,CIPIT,
http://mediacongo.net/,NEWS,News Media,2017-03-02,CIPIT,
http://mediafire.com/,FILE,File-sharing,2017-03-02,CIPIT,
http://medianewpagesearch.com/,SRCH,Search Engines,2017-03-02,CIPIT,
http://memoireonline.com/,FILE,File-sharing,2017-03-02,CIPIT,
http://methode-binaire.com/,COMM,E-commerce,2017-03-09,CIPIT,
http://microsoft.com/,COMM,E-commerce,2017-03-02,CIPIT,
http://microsoftonline.com/,COMT,Communication Tools,2017-03-02,CIPIT,
http://mieuxexister.com/,PUBH,Public Health,2017-03-09,CIPIT,
http://millardayo.com/,CULTR,Culture,2017-03-09,CIPIT,
http://mobilemovies.me/,MMED,Media sharing,2017-03-09,CIPIT,
http://mofcom.gov.cn/,HACK,Hacking Tools,2017-03-09,CIPIT,
http://monitor.co.ug/,NEWS,News Media,2017-03-09,CIPIT,
http://moviesubtitles.org/,MMED,Media sharing,2017-03-09,CIPIT,
http://mozilla.org/,COMT,Communication Tools,2017-03-09,CIPIT,
http://mp3juices.cc/,MMED,Media sharing,2017-03-09,CIPIT,
http://msmtrakk06d.com/,HACK,Hacking Tools,2017-03-09,CIPIT,
http://msmtrakk10a.com/,HACK,Hacking Tools,2017-03-09,CIPIT,
http://mysql.com/,FILE,File-sharing,2017-03-09,CIPIT,
http://mystart.com/,SRCH,Search Engines,2017-03-09,CIPIT,
http://myway.com/,SRCH,Search Engines,2017-03-02,CIPIT,
http://nametests.com/,GAME,Gaming,2017-03-02,CIPIT,
http://ndondeza.org/,POLR,Political Criticism,2018-02-28,Community Member,
http://ndtv.com/,NEWS,News Media,2017-03-09,CIPIT,
http://netafrique.net/,NEWS,News Media,2017-03-09,CIPIT,
http://newgate.jp/,COMM,E-commerce,2017-03-09,CIPIT,
http://newpoptab.com/,HACK,Hacking Tools,2017-03-09,CIPIT,
http://newvision.co.ug/,NEWS,News Media,2017-03-02,CIPIT,
http://nih.gov/,GOVT,Government,2017-03-09,CIPIT,
http://notjustok.com/,CULTR,Culture,2017-03-02,CIPIT,
http://nouvelobs.com/,NEWS,News Media,2017-03-09,CIPIT,
http://nudevista.com/,PORN,Pornography,2017-03-09,CIPIT,
http://obr.bi/,GOVT,Government,2017-03-02,CIPIT,
http://obr.gov.bi/,GOVT,Government,2017-03-09,CIPIT,
http://offerland.mobi/,HACK,Hacking Tools,2017-03-09,CIPIT,
http://offerreality.com/,COMM,E-commerce,2017-03-02,CIPIT,
http://office.com/,COMM,E-commerce,2017-03-02,CIPIT,
http://office365.com/,COMM,E-commerce,2017-03-09,CIPIT,
http://olucome.bi/,POLR,Political Criticism,2017-03-09,CIPIT,
http://omniboxes.com/,SRCH,Search Engines,2017-03-09,CIPIT,
http://onclickads.net/,COMM,E-commerce,2017-03-02,CIPIT,
http://onef.gov.bf/,GOVT,Government,2017-03-09,CIPIT,
http://onisep.fr/,CULTR,Culture,2017-03-09,CIPIT,
http://onlinevideoconverter.com/,MMED,Media sharing,2017-03-09,CIPIT,
http://onpr.bi/,GOVT,Government,2017-03-09,CIPIT,
http://ooreka.fr/,FILE,File-sharing,2017-03-02,CIPIT,
http://openclassrooms.com/,COMM,E-commerce,2017-03-02,CIPIT,
http://openrbf.org/,ECON,Economics,2017-03-09,CIPIT,
http://orange.fr/,COMM,E-commerce,2017-03-09,CIPIT,
http://orbf-ci-hlt-dev.herokuapp.com/,GOVT,Government,2017-03-09,CIPIT,
http://outbrain.com/,COMM,E-commerce,2017-03-02,CIPIT,
http://over-blog.com/,HOST,Hosting and Blogging Platforms,2017-03-02,CIPIT,
http://padsdel.com/,HACK,Hacking Tools,2017-03-09,CIPIT,
http://pagesperso-orange.fr/,COMM,E-commerce,2017-03-09,CIPIT,
http://pageuppeople.com/,COMM,E-commerce,2017-03-09,CIPIT,
http://passeportsante.net/,CULTR,Culture,2017-03-09,CIPIT,
http://peopledaily.com.cn/,NEWS,News Media,2017-03-09,CIPIT,
http://perfectgirls.net/,PORN,Pornography,2017-03-02,CIPIT,
http://phonandroid.com/,COMM,E-commerce,2017-03-09,CIPIT,
http://pincae.com/,HACK,Hacking Tools,2017-03-09,CIPIT,
http://plusnetwork.com/,SRCH,Search Engines,2017-03-09,CIPIT,
http://popads.net/,COMM,E-commerce,2017-03-09,CIPIT,
http://popcash.net/,HACK,Hacking Tools,2017-03-09,CIPIT,
http://porn.com/,PORN,Pornography,2017-03-09,CIPIT,
http://pornodingue.com/,PORN,Pornography,2017-03-02,CIPIT,
http://pornodrome.tv/,PORN,Pornography,2017-03-09,CIPIT,
http://pornohub.su/,PORN,Pornography,2017-03-09,CIPIT,
http://ppbdi.com/,NEWS,News Media,2017-03-09,CIPIT,
http://presidence.gov.bi/,GOVT,Government,2017-03-09,CIPIT,
http://prionseneglise.fr/,REL,Religion,2017-03-09,CIPIT,
http://qq.com/,CULTR,Culture,2017-03-09,CIPIT,
http://radiookapi.net/,CULTR,Culture,2017-03-09,CIPIT,
http://realmotor.jp/,COMM,E-commerce,2017-03-02,CIPIT,
http://redpepper.co.ug/,NEWS,News Media,2017-03-09,CIPIT,
http://redtube.com/,PORN,Pornography,2017-03-02,CIPIT,
http://regarder-film-gratuit.com/,MMED,Media sharing,2017-03-09,CIPIT,
http://reimageplus.com/,COMM,E-commerce,2017-03-02,CIPIT,
http://researchgate.net/,CULTR,Culture,2017-03-09,CIPIT,
http://reverso.net/,CULTR,Culture,2017-03-02,CIPIT,
http://revues.org/,CULTR,Culture,2017-03-09,CIPIT,
http://rfi.fr/,NEWS,News Media,2017-03-02,CIPIT,
http://rhinoporn.mobi/,HACK,Hacking Tools,2017-03-09,CIPIT,
http://rondera.com/,NEWS,News Media,2017-03-09,CIPIT,
http://rpa.bi/,CULTR,Culture,2017-03-09,CIPIT,
http://rtnb.bi/,NEWS,News Media,2017-03-09,CIPIT,
http://rubyonrails.org/,HOST,Hosting and Blogging Platforms,2017-03-09,CIPIT,
http://sante-nutrition.org/,PUBH,Public Health,2017-03-09,CIPIT,
http://santeplusmag.com/,CULTR,Culture,2017-03-02,CIPIT,
http://sbtjapan.com/,COMM,E-commerce,2017-03-02,CIPIT,
http://scribd.com/,CULTR,Culture,2017-03-09,CIPIT,
http://searchalgo.com/,SRCH,Search Engines,2017-03-02,CIPIT,
http://server-ke123.com/,COMM,E-commerce,2017-03-09,CIPIT,
http://shglegle.com/,COMM,E-commerce,2017-03-09,CIPIT,
http://shutterstock.com/,COMM,E-commerce,2017-03-02,CIPIT,
http://siteadvisor.com/,HACK,Hacking Tools,2017-03-09,CIPIT,
http://skype.com/,COMT,Communication Tools,2017-03-09,CIPIT,
http://skysports.com/,CULTR,Culture,2017-03-09,CIPIT,
http://slideshare.net/,FILE,File-sharing,2017-03-02,CIPIT,
http://slimspots.com/,COMM,E-commerce,2017-03-09,CIPIT,
http://smadav.net/,HACK,Hacking Tools,2017-03-09,CIPIT,
http://smallpdf.com/,FILE,File-sharing,2017-03-09,CIPIT,
http://smartnewtab.com/,HACK,Hacking Tools,2017-03-09,CIPIT,
http://sne-international.com/,COMM,E-commerce,2017-03-09,CIPIT,
http://sofoot.com/,CULTR,Culture,2017-03-09,CIPIT,
http://softonic.com/,COMM,E-commerce,2017-03-02,CIPIT,
http://soundcloud.com/,MMED,Media sharing,2017-03-02,CIPIT,
http://sourceforge.net/,SRCH,Search Engines,2017-03-02,CIPIT,
http://souscription-sonatur.net/,GOVT,Government,2017-03-09,CIPIT,
http://spidernet-bi.com/,COMM,E-commerce,2017-03-09,CIPIT,
http://spotscenered.info/,HACK,Hacking Tools,2017-03-09,CIPIT,
http://sputniknews.com/,NEWS,News Media,2017-03-09,CIPIT,
http://spzan.com/,COMM,E-commerce,2017-03-02,CIPIT,
http://state.gov/,GOVT,Government,2017-03-02,CIPIT,
http://stream-tv-series.net/,MMED,Media sharing,2017-03-09,CIPIT,
http://stream-tv2.to/,MMED,Media sharing,2017-03-09,CIPIT,
http://streema.com/,CULTR,Culture,2017-03-09,CIPIT,
http://supremecluster.com/,COMM,E-commerce,2017-03-09,CIPIT,
http://t.co/,GRP,Social Networking,2017-03-02,CIPIT,
http://taboola.com/,COMM,E-commerce,2017-03-02,CIPIT,
http://tagged.com/,GRP,Social Networking,2017-03-09,CIPIT,
http://tanzil.net/,REL,Religion,2017-03-09,CIPIT,
http://tastyblacks.com/,PORN,Pornography,2017-03-09,CIPIT,
http://techincongo.net/,HACK,Hacking Tools,2017-03-09,CIPIT,
http://telechargerunevideo.com/,MMED,Media sharing,2017-03-02,CIPIT,
http://terraclicks.com/,COMM,E-commerce,2017-03-02,CIPIT,
http://tf1.fr/,CULTR,Culture,2017-03-09,CIPIT,
http://the-quantumcode.com/,HACK,Hacking Tools,2017-03-09,CIPIT,
http://thebanque-pdf.com/,CULTR,Culture,2017-03-02,CIPIT,
http://thefreedictionary.com/,CULTR,Culture,2017-03-09,CIPIT,
http://thefuncoolstuff.com/,SRCH,Search Engines,2017-03-09,CIPIT,
http://thewhizmarketing.com/,COMM,E-commerce,2017-03-09,CIPIT,
http://thirafileb-uk.ru/,COMM,E-commerce,2017-03-09,CIPIT,
http://tnaflix.com/,PORN,Pornography,2017-03-09,CIPIT,
http://tomsguide.fr/,HOST,Hosting and Blogging Platforms,2017-03-09,CIPIT,
http://torrent9.biz/,FILE,File-sharing,2017-03-09,CIPIT,
http://torrent9.ws/,FILE,File-sharing,2017-03-02,CIPIT,
http://tradeadexchange.com/,HACK,Hacking Tools,2017-03-09,CIPIT,
http://tradecarview.com/,COMM,E-commerce,2017-03-02,CIPIT,
http://traffic-media.co/,HACK,Hacking Tools,2017-03-09,CIPIT,
http://trafficstars.com/,COMM,E-commerce,2017-03-09,CIPIT,
http://trustmerchantbank.com/,COMM,E-commerce,2017-03-09,CIPIT,
http://tsrgate.com/,SRCH,Search Engines,2017-03-09,CIPIT,
http://tubidy.mobi/,CULTR,Culture,2017-03-09,CIPIT,
http://tukif.com/,PORN,Pornography,2017-03-02,CIPIT,
http://tumblr.com/,GRP,Social Networking,2017-03-02,CIPIT,
http://tunein.com/,MMED,Media sharing,2017-03-09,CIPIT,
http://tvplusnewtab.com/,CULTR,Culture,2017-03-09,CIPIT,
http://twoo.com/,GRP,Social Networking,2017-03-02,CIPIT,
http://txxx.com/,PORN,Pornography,2017-03-09,CIPIT,
http://u-picardie.fr/,CULTR,Culture,2017-03-02,CIPIT,
http://ub.edu.bi/,CULTR,Culture,2017-03-09,CIPIT,
http://ubmnews.com/,NEWS,News Media,2017-03-09,CIPIT,
http://uclouvain.be/,CULTR,Culture,2017-03-09,CIPIT,
http://ulaval.ca/,CULTR,Culture,2017-03-09,CIPIT,
http://un.org/,IGO,Intergovernmental Organizations,2017-03-02,CIPIT,
http://uncareer.net/,IGO,Intergovernmental Organizations,2017-03-09,CIPIT,
http://undp.org/,IGO,Intergovernmental Organizations,2017-03-02,CIPIT,
http://unesco.org/,IGO,Intergovernmental Organizations,2017-03-09,CIPIT,
http://unfpa.org/,IGO,Intergovernmental Organizations,2017-03-09,CIPIT,
http://unicef.org/,IGO,Intergovernmental Organizations,2017-03-02,CIPIT,
http://unjobs.org/,IGO,Intergovernmental Organizations,2017-03-02,CIPIT,
http://unzipper.com/,FILE,File-sharing,2017-03-02,CIPIT,
http://uptodown.com/,FILE,File-sharing,2017-03-02,CIPIT,
http://usembassy.gov/,GOVT,Government,2017-03-09,CIPIT,
http://utorrent.com/,FILE,File-sharing,2017-03-09,CIPIT,
http://viadeo.com/,COMM,E-commerce,2017-03-09,CIPIT,
http://videopornoxxx.name/,PORN,Pornography,2017-03-09,CIPIT,
http://videostripe.com/,MMED,Media sharing,2017-03-02,CIPIT,
http://vimeo.com/,MMED,Media sharing,2017-03-09,CIPIT,
http://voaafrique.com/,NEWS,News Media,2017-03-09,CIPIT,
http://vporn.com/,PORN,Pornography,2017-03-09,CIPIT,
http://watchmygf.me/,PORN,Pornography,2017-03-09,CIPIT,
http://watchmygirlfriend.tv/,PORN,Pornography,2017-03-09,CIPIT,
http://webcrawler.com/,SRCH,Search Engines,2017-03-02,CIPIT,
http://websearchne.ws/,SRCH,Search Engines,2017-03-02,CIPIT,
http://weebly.com/,COMM,E-commerce,2017-03-09,CIPIT,
http://wfp.org/,IGO,Intergovernmental Organizations,2017-03-09,CIPIT,
http://who.int/,PUBH,Public Health,2017-03-02,CIPIT,
http://wix.com/,HOST,Hosting and Blogging Platforms,2017-03-09,CIPIT,
http://wordpress.com/,HOST,Hosting and Blogging Platforms,2017-03-02,CIPIT,
http://worldbank.org/,IGO,Intergovernmental Organizations,2017-03-09,CIPIT,
http://wow.com/,NEWS,News Media,2017-03-09,CIPIT,
http://wvi.org/,ECON,Economics,2017-03-09,CIPIT,
http://www.anss.bi/,PUBH,Public Health,2017-03-09,CIPIT,
http://www.bbc.com/gahuza/,NEWS,News Media,2017-07-19,BBC,
http://www.bbc.com/greatlakes,NEWS,News Media,2017-07-19,BBC,
http://www.burundi.gov.bi/,GOVT,Government,2017-03-09,CIPIT,
http://www.cnared.info/wordpress,POLR,Political Criticism,2017-03-09,CIPIT,
https://www.facebook.com/sosmediasburundi,POLR,Political Criticism,2017-03-09,CIPIT,
http://www.inzamba.org/,CULTR,Culture,2017-03-09,CIPIT,
http://www.rpa.bi/index.php/nos-journaux-parles/2011-08-15-07-19-47,CULTR,Culture,2017-03-09,CIPIT,
http://www.rpa.bi/index.php/nos-journaux-parles/francais,CULTR,Culture,2017-03-09,CIPIT,
http://www.rpa.bi/index.php/nos-journaux-parles/kirundi,CULTR,Culture,2017-03-09,CIPIT,
http://xxxsexanal.com/,PORN,Pornography,2017-03-09,CIPIT,
http://yaga-burundi.com/,NEWS,News Media,2017-03-02,CIPIT,
http://yegob.rw/,CULTR,Culture,2017-03-02,CIPIT,
http://youx.xxx/,PORN,Pornography,2017-03-09,CIPIT,
http://zapmeta.ws/,SRCH,Search Engines,2017-03-02,CIPIT,
http://zhdoit.com/,COMM,E-commerce,2017-03-09,CIPIT,
http://zone-numerique.com/,HOST,Hosting and Blogging Platforms,2017-03-09,CIPIT,
http://zone-telechargement.com/,FILE,File-sharing,2017-03-09,CIPIT,
