url,category_code,category_description,date_added,source,notes
https://s3.amazonaws.com/0ubz-2q11-gi9y/en.html/,ANON,Anonymization and circumvention tools,2014-04-15,citizenlab,
https://s3.amazonaws.com/0ubz-2q11-gi9y/zh.html/,ANON,Anonymization and circumvention tools,2014-04-15,citizenlab,
https://trac.torproject.org/projects/tor/wiki/,ANON,Anonymization and circumvention tools,2014-04-15,citizenlab,
http://blog.sina.com.cn/,HOST,Hosting and Blogging Platforms,2014-04-15,citizenlab,
https://www.hrichina.org/chs/zhong-guo-ren-quan-shuang-zhou-kan/,HUMR,Human Rights Issues,2014-04-15,citizenlab,
https://tibetaction.net/,HUMR,Human Rights Issues,2014-04-15,citizenlab,
https://twitter.com/chrdnet/,HUMR,Human Rights Issues,2014-04-15,citizenlab,for control purposes
https://twitter.com/weiquanwang/,HUMR,Human Rights Issues,2014-04-15,citizenlab,for control purposes
http://www.dalailamaworld.com/,HUMR,Human Rights Issues,2014-04-15,citizenlab,
http://www.gyalwarinpoche.com/,HUMR,Human Rights Issues,2014-04-15,citizenlab,
http://www.huaxiabao.org/,HUMR,Human Rights Issues,2014-04-15,citizenlab,
http://www.renyurenquan.org/,HUMR,Human Rights Issues,2014-04-15,citizenlab,The website says it has been merged with https://www.hrichina.org/chs/zhong-guo-ren-quan-shuang-zhou-kan but the original website remains accessible
http://www.smhric.org/,HUMR,Human Rights Issues,2014-04-15,citizenlab,
https://blogs.wsj.com/chinarealtime/,NEWS,News Media,2014-04-15,citizenlab,
http://cnpolitics.org/,NEWS,News Media,2014-04-15,citizenlab,
http://www.caixin.com/,NEWS,News Media,2014-04-15,citizenlab,
http://www.epochtimes.com/,NEWS,News Media,2014-04-15,citizenlab,
http://www.fccchina.org/,NEWS,News Media,2014-04-15,citizenlab,
http://www.infzm.com/,NEWS,News Media,2014-04-15,citizenlab,Liberal-leaning newspaper
http://www.minghui.org/,NEWS,News Media,2014-04-15,citizenlab,
http://www.phayul.com/,NEWS,News Media,2014-04-15,citizenlab,
http://www.tiananmenmother.org/,NEWS,News Media,2014-04-15,citizenlab,
http://renren.com/,GRP,Social Networking,2014-04-15,citizenlab,
http://www.kaixin001.com/,GRP,Social Networking,2014-04-15,citizenlab,
http://www.qq.com/,GRP,Social Networking,2014-04-15,citizenlab,
http://www.tianya.cn/,GRP,Social Networking,2014-04-15,citizenlab,
https://thediplomat.com/,NEWS,News Media,2014-04-15,citizenlab,
https://foreignpolicy.com/,NEWS,News Media,2014-04-15,citizenlab,
https://www.fordfoundation.org/our-work-around-the-world/china/,IGO,Intergovernmental Organizations,2014-04-15,citizenlab,
https://chinadigitaltimes.net/chinese/,NEWS,News Media,2014-04-15,citizenlab,
https://globalnetworkinitiative.org/,HUMR,Human Rights Issues,2014-04-15,citizenlab,promoting freedom of expression
https://www.upi.com/Top_News/World-News/2012/11/04/Japan-PM-seeks-calm-talks-over-islands/94291352050130/,NEWS,News Media,2014-04-15,citizenlab,
https://chinalawandpolicy.com/,POLR,Political Criticism,2014-04-15,citizenlab,
https://project2049.net/,POLR,Political Criticism,2014-04-15,citizenlab,
https://www.americanprogress.org/,POLR,Political Criticism,2014-04-15,citizenlab,
https://www.americanprogress.org/issues/security/view/,POLR,Political Criticism,2014-04-15,citizenlab,
https://www.americanprogress.org/tag/china-leadership-transition/view/,POLR,Political Criticism,2014-04-15,citizenlab,
https://www.brookings.edu/center/john-l-thornton-china-center/,POLR,Political Criticism,2014-04-15,citizenlab,
https://www.foreignaffairs.com/regions/asia/,POLR,Political Criticism,2014-04-15,citizenlab,
https://www.falundafa.org/,REL,Religion,2014-04-15,citizenlab,
https://gb.falundafa.org/,REL,Religion,2014-04-15,citizenlab,
https://twitter.com/aiww/,HUMR,Human Rights Issues,2014-04-15,citizenlab,for control purposes
http://blog.sina.com.cn/twocold/,POLR,Political Criticism,2014-04-15,citizenlab,
http://www.cfr.org/,POLR,Political Criticism,2014-04-15,citizenlab,
https://www.nationalgeographic.com/news/energy/2012/10/121026-east-china-sea-dispute/,CULTR,Culture,2014-04-15,citizenlab,
https://foreignpolicy.com/author/david-bosco/,NEWS,News Media,2014-04-15,citizenlab,
https://www.pdf-18.com/,POLR,Political Criticism,2014-04-15,citizenlab,
https://big5.falundafa.org/,REL,Religion,2014-04-15,citizenlab,Website of Falungong
http://dongtaiwang.com/loc/phome.php?v=0/,ANON,Anonymization and circumvention tools,2014-04-15,citizenlab,
https://download.cnet.com/s/free-vpn/,ANON,Anonymization and circumvention tools,2014-04-15,citizenlab,
https://world.taobao.com/,COMM,E-commerce,2014-04-15,citizenlab,
https://www.globalwitness.org/zh/,ENV,Environment,2014-04-15,citizenlab,
https://www.globalwitness.org/zh/zh-hans/,ENV,Environment,2014-04-15,citizenlab,
https://www.bp.com/zh_cn/china.html/,ENV,Environment,2014-04-15,citizenlab,
https://civic-exchange.org/,ENV,Environment,2014-04-15,citizenlab,
https://www.amnesty.org.hk/en/china-callous-guilty-verdicts-against-supporters-of-hong-kong-pro-democracy-protests/,HUMR,Human Rights Issues,2014-04-15,citizenlab,
https://clb.org.hk/,HUMR,Human Rights Issues,2014-04-15,citizenlab,Labour issues
http://en.minghui.org/,HUMR,Human Rights Issues,2014-04-15,citizenlab,
https://freedomhouse.org/country/china/,HUMR,Human Rights Issues,2014-04-15,citizenlab,
https://www.hrichina.org/en/,HUMR,Human Rights Issues,2014-04-15,citizenlab,
https://www.hrichina.org/chs/,HUMR,Human Rights Issues,2014-04-15,citizenlab,
https://www.hrichina.org/cht/,HUMR,Human Rights Issues,2014-04-15,citizenlab,
https://www.hrw.org/asia/china-and-tibet/,HUMR,Human Rights Issues,2014-04-15,citizenlab,
https://studentsforafreetibet.org/,HUMR,Human Rights Issues,2014-04-15,citizenlab,
https://studentsforafreetibet.org/tibet-advocacy-coalition-regrets-us-withdrawal-from-un-human-rights-council-expressing-fear-that-chinas-bullying-will-prevail/,HUMR,Human Rights Issues,2014-04-15,citizenlab,
https://www.tacticaltech.org/#/,HUMR,Human Rights Issues,2014-04-15,citizenlab,
https://tibetnetwork.org/,HUMR,Human Rights Issues,2014-04-15,citizenlab,
https://liaowangxizang.net/,HUMR,Human Rights Issues,2014-04-15,citizenlab,
https://duihua.org/,HUMR,Human Rights Issues,2014-04-15,citizenlab,
https://savetibet.org/,HUMR,Human Rights Issues,2014-04-15,citizenlab,
https://www.ajc.org/,HUMR,Human Rights Issues,2014-04-15,citizenlab,
https://www.amnesty.org.hk/,HUMR,Human Rights Issues,2014-04-15,citizenlab,
http://chinamediaproject.org/,NEWS,News Media,2014-04-15,citizenlab,
https://www.ntd.com/,NEWS,News Media,2014-04-15,citizenlab,
https://tw.appledaily.com/home/,NEWS,News Media,2014-04-15,citizenlab,
https://www.bbc.com/zhongwen/simp/,NEWS,News Media,2014-04-15,citizenlab,
https://eurasianet.org/,NEWS,News Media,2014-04-15,citizenlab,
https://www.theguardian.com/technology/series/battle-for-the-internet/,NEWS,News Media,2014-04-15,citizenlab,
https://www.ted.com/#/,NEWS,News Media,2014-04-15,citizenlab,
https://www.ted.com/talks/michael_anti_behind_the_great_firewall_of_china/,NEWS,News Media,2014-04-15,citizenlab,
https://zhs.globalvoices.org/category/world/east-asia/china/,NEWS,News Media,2014-04-15,citizenlab,
https://zht.globalvoices.org/,NEWS,News Media,2014-04-15,citizenlab,
https://zht.globalvoices.org/category/world/east-asia/china/,NEWS,News Media,2014-04-15,citizenlab,
https://bigthink.com/,NEWS,News Media,2014-04-15,citizenlab,Encouraging conversation on social issues
https://www.fcchk.org/,NEWS,News Media,2014-04-15,citizenlab,
https://globalvoices.org/-/world/east-asia/china/,NEWS,News Media,2014-04-15,citizenlab,
https://www.ifeng.com/,NEWS,News Media,2014-04-15,citizenlab,
https://shanghai.ist/,NEWS,News Media,2014-04-15,citizenlab,
https://foreignpolicy.com/channel/tea-leaf-nation/,NEWS,News Media,2014-04-15,citizenlab,
https://www2.ohchr.org/english/bodies/cat/docs/co/cat-c-chn-co4_ch.pdf/,POLR,Political Criticism,2014-04-15,citizenlab,
https://www.romneyforutah.com/,POLR,Political Criticism,2014-04-15,citizenlab,
https://www.douban.com/,CULTR,Culture,2014-04-15,citizenlab,
https://www.wto.org/english/thewto_e/countries_e/china_e.htm/,ECON,Economics,2014-04-15,citizenlab,
https://www.chicagotribune.com/nation-world/ct-xpm-2012-11-01-sns-rt-us-china-environmentbre8a01l0-20121101-story.html/,ENV,Environment,2014-04-15,citizenlab,Chicago Tribune is a news website. This article talks about environmental issues in China.
https://www.nrdc.org/,ENV,Environment,2014-04-15,citizenlab,
https://www.csis.org/,GOVT,Government,2014-04-15,citizenlab,
https://www.csis.org/regions/asia/china/,GOVT,Government,2014-04-15,citizenlab,
https://www.whitehouse.gov/,GOVT,Government,2014-04-15,citizenlab,
https://tibet.net/,HUMR,Human Rights Issues,2014-04-15,citizenlab,
https://uhrp.org/,HUMR,Human Rights Issues,2014-04-15,citizenlab,
https://uyghuramerican.org/,HUMR,Human Rights Issues,2014-04-15,citizenlab,
https://weblog.savetibet.org/,HUMR,Human Rights Issues,2014-04-15,citizenlab,
https://wqw2010.blogspot.com/,HUMR,Human Rights Issues,2014-04-15,citizenlab,
https://www.64memo.com/,HUMR,Human Rights Issues,2014-04-15,citizenlab,
https://www.chinaaid.net/,HUMR,Human Rights Issues,2014-04-15,citizenlab,
https://www.chinaaid.org/,HUMR,Human Rights Issues,2014-04-15,citizenlab,
https://www.nchrd.org/,HUMR,Human Rights Issues,2014-04-15,citizenlab,Promoting human rights
https://www.dalailama.com/,HUMR,Human Rights Issues,2014-04-15,citizenlab,
https://www.hrw.org/zh-hans/,HUMR,Human Rights Issues,2014-04-15,citizenlab,
https://www.jbi-humanrights.org/,HUMR,Human Rights Issues,2014-04-15,citizenlab,
https://www.ohchr.org/ch/countries/asiaregion/pages/cnindex.aspx/,HUMR,Human Rights Issues,2014-04-15,citizenlab,
https://www.ohchr.org/en/countries/asiaregion/pages/cnindex.aspx/,HUMR,Human Rights Issues,2014-04-15,citizenlab,
https://www.ohchr.org/en/newsevents/pages/media.aspx?ismediapage=true&langid=e/,HUMR,Human Rights Issues,2014-04-15,citizenlab,
https://www.uyghurcongress.org/cn/,HUMR,Human Rights Issues,2014-04-15,citizenlab,
https://www.uyghurcongress.org/en/,HUMR,Human Rights Issues,2014-04-15,citizenlab,
https://www.tudou.com/,MMED,Media sharing,2014-04-15,citizenlab,
https://chinadigitaltimes.net/,NEWS,News Media,2014-04-15,citizenlab,
https://cn.nytimes.com/,NEWS,News Media,2014-04-15,citizenlab,
https://mashable.com/category/arab-spring/,NEWS,News Media,2014-04-15,citizenlab,
https://www.boxun.com/,NEWS,News Media,2014-04-15,citizenlab,
https://www.chinesepen.org/english/,NEWS,News Media,2014-04-15,citizenlab,
https://www.chinesepen.org/,NEWS,News Media,2014-04-15,citizenlab,
https://www.economist.com/topics/arab-spring/,NEWS,News Media,2014-04-15,citizenlab,
https://www.facebook.com/tiananmen.mothers/,NEWS,News Media,2014-04-15,citizenlab,for control purposes
https://www.mingpao.com/,NEWS,News Media,2014-04-15,citizenlab,
https://www.ntdtv.com/,NEWS,News Media,2014-04-15,citizenlab,
https://www.pen-international.org/,NEWS,News Media,2014-04-15,citizenlab,
https://www.rfa.org/cantonese/,NEWS,News Media,2014-04-15,citizenlab,
https://www.rfa.org/english/,NEWS,News Media,2014-04-15,citizenlab,
https://www.rfa.org/tibetan/,NEWS,News Media,2014-04-15,citizenlab,
https://www.rfa.org/uyghur/,NEWS,News Media,2014-04-15,citizenlab,
https://www.scmp.com/,NEWS,News Media,2014-04-15,citizenlab,
https://www.voatibetan.com/,NEWS,News Media,2014-04-15,citizenlab,
https://www.voatibetanenglish.com/,NEWS,News Media,2014-04-15,citizenlab,
https://www.vot.org/,NEWS,News Media,2014-04-15,citizenlab,
https://www.washingtonpost.com/,NEWS,News Media,2014-04-15,citizenlab,
https://www.youku.com/,NEWS,News Media,2014-04-15,citizenlab,
https://barackobama.com/,POLR,Political Criticism,2014-04-15,citizenlab,
https://www.iri.org/,POLR,Political Criticism,2014-04-15,citizenlab,
https://www.google.cn/,SRCH,Search Engines,2014-04-15,citizenlab,
https://www.google.com.hk/,SRCH,Search Engines,2014-04-15,citizenlab,
https://www.sohu.com/,GRP,Social Networking,2014-04-15,citizenlab,
https://www.ushahidi.com/,GRP,Social Networking,2014-04-15,citizenlab,
https://www.weibo.com/,GRP,Social Networking,2014-04-15,citizenlab,
https://www.bbc.com/burmese/,NEWS,News Media,2017-07-19,BBC,
https://www.bbc.com/kyrgyz/,NEWS,News Media,2017-07-19,BBC,
https://www.bbc.com/nepali/,NEWS,News Media,2017-07-19,BBC,
https://www.bbc.com/ukchina/simp/,NEWS,News Media,2017-07-19,BBC,
https://www.victimsofcommunism.org/witnessblog/,HUMR,Human Rights Issues,2017-08-31,Victims of Communism Memorial Foundation,
https://www.victimsofcommunism.org/,HUMR,Human Rights Issues,2017-08-31,Victims of Communism Memorial Foundation,
https://en.wiktionary.org/wiki/Wiktionary:Main_Page/,CULTR,Culture,2018-07-06,Wikimedia,URLs provided by wikipedia based on the most popular language domains per country
https://www.plurk.com/portal/,COMT,Communication Tools,2018-08-10,Princeton CITP,
https://www.chinesebookonline.com/,CULTR,Culture,2018-08-10,Princeton CITP,Online Chinese bookstore in North America
http://www.hkbookcity.com/,CULTR,Culture,2018-08-10,Princeton CITP,
http://chinalaborwatch.org/home.aspx/,HUMR,Human Rights Issues,2018-08-10,Princeton CITP,
https://chinaworker.info/en/,HUMR,Human Rights Issues,2018-08-10,Princeton CITP,
https://uyghurpress.com/,HUMR,Human Rights Issues,2018-08-10,Princeton CITP,
http://www.uyghurnet.org/,HUMR,Human Rights Issues,2018-08-10,Princeton CITP,
http://chinaexaminer.bayvoice.net/gb/,NEWS,News Media,2018-08-10,Princeton CITP,
http://cn.shafaqna.com/,NEWS,News Media,2018-08-10,Princeton CITP,
http://open.com.hk/,NEWS,News Media,2018-08-10,Princeton CITP,
https://www.civilmedia.tw/,NEWS,News Media,2018-08-10,Princeton CITP,
https://www.cw.com.tw/,NEWS,News Media,2018-08-10,Princeton CITP,Major Taiwanese magazine
http://www.soundofhope.org/,NEWS,News Media,2018-08-10,Princeton CITP,
https://www.storm.mg/,NEWS,News Media,2018-08-10,Princeton CITP,Taiwanese news media
https://www.thenewslens.com/,NEWS,News Media,2018-08-10,Princeton CITP,Taiwanese news media
https://www.twreporter.org/,NEWS,News Media,2018-08-10,Princeton CITP,Taiwanese investigative journalism site
https://www.godfootsteps.org/,REL,Religion,2018-08-10,Princeton CITP,
http://uncyclopedia.tw/wiki/%E9%A6%96%E9%A0%81/,CULTR,Culture,2018-08-10,Princeton CITP,
http://southmongolia.org/,GOVT,Government,2018-08-10,Princeton CITP,
http://www.chineselabourparty.org/,GOVT,Government,2018-08-10,Princeton CITP,Overseas opposition party
https://www.newpowerparty.tw/,GOVT,Government,2018-08-10,Princeton CITP,
https://jinpianwang.com/,CULTR,Culture,2018-08-10,Princeton CITP,
https://news.mingjingnews.com/,NEWS,News Media,2018-08-10,Princeton CITP,
https://islamqa.info/ar/,REL,Religion,2018-08-10,Princeton CITP,
https://chinese.aljazeera.net/,NEWS,News Media,2018-09-13,OONI,
http://sputniknews.cn/,NEWS,News Media,2018-09-13,OONI,
https://www.rfa.org/mandarin/,NEWS,News Media,2018-09-13,OONI,
https://www.voachinese.com/,NEWS,News Media,2018-09-13,OONI,
http://www.rfi.fr/cn/,NEWS,News Media,2018-09-13,OONI,
https://www.dw.com/zh/%E5%9C%A8%E7%BA%BF%E6%8A%A5%E5%AF%BC/s-9058/,NEWS,News Media,2018-09-13,OONI,
https://zh.wikinews.org/wiki/Wikinews:%E9%A6%96%E9%A1%B5/,CULTR,Culture,2019-05-02,Wikimedia,URLs provided by Wikipedia based on recent censorship events
https://matters.news/,HOST,Hosting and Blogging Platforms,2019-05-30,shenzhenlug,
https://github.com/programthink/zhao/issues/38/,POLR,Political Criticism,2019-08-06,,GitHub government takedown notice from 2016-06-08
https://ipfs.io/,ANON,Anonymization and circumvention tools,2019-09-09,Netalitica,Decentralized online file storage
https://www.uupt.com/,ECON,Economics,2019-09-09,Netalitica,Express shipping service
https://www.torrentkitty.tv/,FILE,File-sharing,2019-09-09,Netalitica,"Sharing torrents, mostly porn"
http://www.zhuixinfan.com/main.php/,FILE,File-sharing,2019-09-09,Netalitica,Movie piracy site
https://hk.sandsmacao.com/,GMB,Gambling,2019-09-09,Netalitica,Website of a Casino
https://www.grandlisboahotels.com/zh-hans/,GMB,Gambling,2019-09-09,Netalitica,Website of a Casino
https://uu.163.com/,GAME,Gaming,2019-09-09,Netalitica,Online gaming accelerator
http://www.beian.gov.cn/portal/index.do/,GOVT,Government,2019-09-09,Netalitica,"Internet secure service platform, registration for internet content providers and websites"
http://www.mps.gov.cn/,GOVT,Government,2019-09-09,Netalitica,Ministry of Public Security
http://www.chinapeace.gov.cn/,GOVT,Government,2019-09-09,Netalitica,Official media by Politics and Law Commitee
http://www.cac.gov.cn/,GOVT,Government,2019-09-09,Netalitica,Cyberspace Administration of China
http://www.tfd.org.tw/,GOVT,Government,2019-09-09,Netalitica,Taiwan Foundation for Democracy is a government funded foundation in Taiwan promoting democracy in Taiwan and other countries
https://www.president.gov.tw/,GOVT,Government,2019-09-09,Netalitica,Taiwan president office
https://www.tahr.org.tw/,HUMR,Human Rights Issues,2019-09-09,Netalitica,Taiwan Association for Human Rights
https://www.cna.com.tw/,NEWS,News Media,2019-09-09,Netalitica,Taiwan government funded news agency
https://www.rti.org.tw/,NEWS,News Media,2019-09-09,Netalitica,Taiwan government funded news agency
https://tantanapp.com/,DATE,Online Dating,2019-09-09,Netalitica,Matching app
https://www.dpp.org.tw/,POLR,Political Criticism,2019-09-09,Netalitica,"Taiwanese political party, pro-indepence"
http://www.kmt.org.tw/,POLR,Political Criticism,2019-09-09,Netalitica,"Taiwanese political party, pro-unification"
https://www.sehuatang.net/,PORN,Pornography,2019-09-09,Netalitica,Porn sharing
https://www.sis001.com/forum/index.php/,PORN,Pornography,2019-09-09,Netalitica,Porn sharing
http://skype.gmw.cn/,COMT,Communication Tools,2019-09-10,Netalitica,"Online chat and call, Chinese version of Skype"
http://www.goldenhorse.org.tw/,CULTR,Culture,2019-09-10,Netalitica,"Taiwan's major film award, Chinese filmmakers have been forbidden to attend since 2019"
http://www.bjiff.com/,CULTR,Culture,2019-09-10,Netalitica,Beijing international film festival
https://www.ctrip.com/,CULTR,Culture,2019-09-10,Netalitica,Hotel and travel booking site
https://www.btcchina.com/,COMM,E-commerce,2019-09-10,Netalitica,Cryptocurrency exchange
https://www.tmall.com/,COMM,E-commerce,2019-09-10,Netalitica,Online shopping site
https://www.yit.com/,COMM,E-commerce,2019-09-10,Netalitica,Design shop
http://cn.unionpay.com/,ECON,Economics,2019-09-10,Netalitica,Credit card company
https://www.openstreetmap.org/,ENV,Environment,2019-09-10,Netalitica,"Open map site. In China, it is illegal to make maps without approval"
http://map.sogou.com/,ENV,Environment,2019-09-10,Netalitica,Map
https://www.dytt8.net/index.htm/,FILE,File-sharing,2019-09-10,Netalitica,Movie piracy site
https://linux.cn/,FILE,File-sharing,2019-09-10,Netalitica,Linux news site
https://www.csdn.net/,FILE,File-sharing,2019-09-10,Netalitica,IT Developer news site
https://www.cr173.com/,FILE,File-sharing,2019-09-10,Netalitica,Software download site
http://xiazai.sogou.com/,FILE,File-sharing,2019-09-10,Netalitica,Software download site
http://btbit.org/,FILE,File-sharing,2019-09-10,Netalitica,Bittorrent search engine
http://guazicili.com/,FILE,File-sharing,2019-09-10,Netalitica,Bittorrent search engine
https://www.mac.gov.tw/,GOVT,Government,2019-09-10,Netalitica,Mainland Affairs Council of Taiwan is a government agency in charge of affairs with China.
https://coa.immigration.gov.tw/coa-frontend/overseas-foreign-china/,GOVT,Government,2019-09-10,Netalitica,National Immigration Agency of Taiwan foreigner visa application system
https://china.usembassy-china.org.cn/zh/,GOVT,Government,2019-09-10,Netalitica,US Embassy in China
https://msguancha.com/,HUMR,Human Rights Issues,2019-09-10,Netalitica,Human rights site
http://www.seftb.org/mp-1.html,IGO,Intergovernmental Organizations,2019-09-10,Netalitica,Straits exchange foundation is a Taiwanese government operated organization to facilitate exchange between Taiwan and China this is their news site
http://www.sef.org.tw/mp1.html,IGO,Intergovernmental Organizations,2019-09-10,Netalitica,Straits exchange foundation is a Taiwanese government operated organization to facilitate exchange between Taiwan and China this is their main website
http://www.ccsctda.com/,IGO,Intergovernmental Organizations,2019-09-10,Netalitica,Private foundation set up to facilitate exchange between Taiwan and China in commerce and culture
http://www.bds-cn.com/biccl/,IGO,Intergovernmental Organizations,2019-09-10,Netalitica,Beijing International Club
https://www.bilibili.com/,MMED,Media sharing,2019-09-10,Netalitica,Anime sharing site
https://www.iqiyi.com/,MMED,Media sharing,2019-09-10,Netalitica,Video dramas streaming
http://www.jjwxc.net/,MMED,Media sharing,2019-09-10,Netalitica,Online novel publishing site
https://www.qidian.com/,MMED,Media sharing,2019-09-10,Netalitica,Online novel publishing site
http://www.rongshuxia.com/,MMED,Media sharing,2019-09-10,Netalitica,Online novel publishing site
https://news.china.com/,NEWS,News Media,2019-09-10,Netalitica,State media
https://www.ifanr.com/,NEWS,News Media,2019-09-10,Netalitica,Tech media
https://www.huxiu.com/,NEWS,News Media,2019-09-10,Netalitica,Tech media
https://eastasia.nccu.edu.tw/main.php/,POLR,Political Criticism,2019-09-10,Netalitica,Taiwanese research institute on China and East Asia
https://cppc1989.blogspot.com/,POLR,Political Criticism,2019-09-10,Netalitica,Website fighting for rights for Chinese political prisoners.
http://www.cnvax.com/,PUBH,Public Health,2019-09-10,Netalitica,Vaccination information site
http://www.chain.net.cn/,PUBH,Public Health,2019-09-10,Netalitica,AIDS info site
http://ncaids.chinacdc.cn/,PUBH,Public Health,2019-09-10,Netalitica,National Center for AIDS/STD Control and Prevention China CDC
https://aidsconcern.org.hk/,PUBH,Public Health,2019-09-10,Netalitica,Hong Kong AIDS Concern
http://www.ccctspm.org/,REL,Religion,2019-09-10,Netalitica,The news and info site of Protestant Churches in China.
https://zh.bitterwinter.org/,REL,Religion,2019-09-10,Netalitica,Bitter Winter was launched in May 2018 as an online magazine on religious liberty and human rights in China published daily in eight languages by CESNUR
https://bitterwinter.org/,REL,Religion,2019-09-10,Netalitica,Bitter Winter was launched in May 2018 as an online magazine on religious liberty and human rights in China published daily in eight languages by CESNUR
https://tcnn.org.tw/,REL,Religion,2019-09-10,Netalitica,Taiwan Church News Network is a website to share news and information about churches in Taiwan and China.
https://www.bannedbook.org/,REL,Religion,2019-09-10,Netalitica,Curated news and download for materials banned in China.
https://shenyun.com/,REL,Religion,2019-09-10,Netalitica,Performance group founded by Falungong members
https://tr.kingdomsalvation.org/,REL,Religion,2019-09-10,Netalitica,Declared cult by Chinese Government
http://www.kaiwind.com/,REL,Religion,2019-09-10,Netalitica,Religious news site
https://58.com/,SRCH,Search Engines,2019-09-10,Netalitica,Portal website
http://www.dayima.com/,XED,Sex Education,2019-09-10,Netalitica,menstruation info site and tracking app
http://bbs.tianya.cn/,GRP,Social Networking,2019-09-10,Netalitica,Online forum
https://www.ptt.cc/bbs/index.html/,GRP,Social Networking,2019-09-10,Netalitica,Largest online forum in Taiwan
https://beijing.douban.com/,GRP,Social Networking,2019-09-10,Netalitica,Event organizing platform
https://pincong.rocks/,POLR,Political Criticism,2019-09-12,Netalitica,General forum
https://www.ishr.ch/,HUMR,Human Rights Issues,2019-09-14,Netalitica,International human rights organization
https://www.qdaily.com/,CULTR,Culture,2019-09-14,Netalitica,"Long articles recording commerce, news and lifestyle"
https://m.soyoung.com/,CULTR,Culture,2019-09-14,Netalitica,Plastic surgery info
https://www.igengmei.com/,CULTR,Culture,2019-09-14,Netalitica,Plastic surgery info
https://www.yuemei.com/,CULTR,Culture,2019-09-14,Netalitica,Plastic surgery info
https://www.meituan.com/,COMM,E-commerce,2019-09-14,Netalitica,Group shopping
https://www.pinduoduo.com/,COMM,E-commerce,2019-09-14,Netalitica,
https://www.shuidihuzhu.com/,ECON,Economics,2019-09-14,Netalitica,Crowdfunding for health
https://www.antfin.com/,ECON,Economics,2019-09-14,Netalitica,Holding company for digital financial services like Alipay
http://moneygram.cn/,ECON,Economics,2019-09-14,Netalitica,Money remittance
https://shenlanbao.com/,ECON,Economics,2019-09-14,Netalitica,Insurance news and rating
https://cj.sina.com.cn/,ECON,Economics,2019-09-14,Netalitica,Sina financial news
http://www.boaoforum.org/zh/index.html/,ECON,Economics,2019-09-14,Netalitica,International economics forum
https://huzhu6.qschou.com/v6/index/,ECON,Economics,2019-09-14,Netalitica,"Online health insurance, P2P loan"
https://www.newrank.cn/,ECON,Economics,2019-09-14,Netalitica,Social media account ranking
https://android.myapp.com/,FILE,File-sharing,2019-09-14,Netalitica,Android app store
http://zhushou.360.cn/,FILE,File-sharing,2019-09-14,Netalitica,Android app store
https://gp.qq.com/,GAME,Gaming,2019-09-14,Netalitica,Popular smartphone game
https://game.163.com/,GAME,Gaming,2019-09-14,Netalitica,Gaming news site
http://www.cgigc.com.cn/,GOVT,Government,2019-09-14,Netalitica,Official government site for gaming regulation
http://www.nrta.gov.cn/,GOVT,Government,2019-09-14,Netalitica,National Radio and Television Administration
https://forum.ubuntu.org.cn/,HACK,Hacking Tools,2019-09-14,Netalitica,Linux forum
http://www.bokee.com/,HOST,Hosting and Blogging Platforms,2019-09-14,Netalitica,Blogging platform
http://www.blogchina.com/,HOST,Hosting and Blogging Platforms,2019-09-14,Netalitica,Blogging platform
http://chrlawyers.hk/,HUMR,Human Rights Issues,2019-09-14,Netalitica,Supporting Chinese human rights lawyers
https://laogairesearch.org/,HUMR,Human Rights Issues,2019-09-14,Netalitica,Research for Chinese labor camp
http://www.ngocn.net/,HUMR,Human Rights Issues,2019-09-14,Netalitica,"Independent media for NGOs, Currently shows a takedown page"
https://www.douyu.com/,MMED,Media sharing,2019-09-14,Netalitica,Game livestreaming
https://www.huya.com/,MMED,Media sharing,2019-09-14,Netalitica,Game livestreaming
https://www.ixigua.com/,MMED,Media sharing,2019-09-14,Netalitica,Video sharing site
https://v.qq.com/,MMED,Media sharing,2019-09-14,Netalitica,Video sharing site
https://live.kuaishou.com/,MMED,Media sharing,2019-09-14,Netalitica,Game livestreaming
https://chinaqna.com/,NEWS,News Media,2019-09-14,Netalitica,Curated articles from Weixin
https://www.chainnews.com/,NEWS,News Media,2019-09-14,Netalitica,Blockchain community news
https://www.businessweekly.com.tw/,NEWS,News Media,2019-09-14,Netalitica,Business news from Taiwan
http://www.people.cn/,NEWS,News Media,2019-09-14,Netalitica,Biggest newspaper group
http://www.womenvoice.cn/,NEWS,News Media,2019-09-14,Netalitica,Government organized news focused on women
https://www.baihe.com/,DATE,Online Dating,2019-09-14,Netalitica,
https://chinachange.org/,POLR,Political Criticism,2019-09-14,Netalitica,News and commentary on Chinese social change
https://t66y.com/,PORN,Pornography,2019-09-14,Netalitica,Porn sharing site
http://thz7.net/forum.php/,PORN,Pornography,2019-09-14,Netalitica,Porn sharing site
http://97dounai.top/,PORN,Pornography,2019-09-14,Netalitica,Porn app
http://www.tibet.org.tw/,REL,Religion,2019-09-14,Netalitica,Dalai Lama religious foundation in Taiwan
https://dcard.tw/,GRP,Social Networking,2019-09-14,Netalitica,"Matching and forum for students, popular in Taiwan and Hong Kong"
https://17.live/,GRP,Social Networking,2019-09-14,Netalitica,Livestreaming platform
https://www.meme.chat/,GRP,Social Networking,2019-09-14,Netalitica,Livestreaming
https://www.yy.com/,GRP,Social Networking,2019-09-14,Netalitica,Livestreaming
https://www.xiaohongshu.com/,GRP,Social Networking,2019-09-14,Netalitica,Social networking with short posts and videos
https://bbs.pku.edu.cn/v2/login.php/,GRP,Social Networking,2019-09-14,Netalitica,College BBS
https://sslvpn2.ntu.edu.tw/,ANON,Anonymization and circumvention tools,2019-09-15,Netalitica,"National Taiwan University, SSL VPN"
https://www.ntu.edu.tw/,CULTR,Culture,2019-09-15,Netalitica,National Taiwan University
https://www.greenpeace.org.cn/,ENV,Environment,2019-09-15,Netalitica,
https://www.commerce.gov/,GOVT,Government,2019-09-15,Netalitica,US Department of Commerce
http://www.safebase.cn/,HACK,Hacking Tools,2019-09-15,Netalitica,Hacker info site
http://www.hackerbbs.cc/,HACK,Hacking Tools,2019-09-15,Netalitica,
http://bbs.myhack58.com/,HACK,Hacking Tools,2019-09-15,Netalitica,Hacker forum
http://www.cnhonkerarmy.com/forum.php/,HACK,Hacking Tools,2019-09-15,Netalitica,
http://www.hx95.cn/,HACK,Hacking Tools,2019-09-15,Netalitica,"Hacker site, now show a page saying it's suspended for now"
http://www.520hack.com/,HACK,Hacking Tools,2019-09-15,Netalitica,
http://www.3800hk.com/,HACK,Hacking Tools,2019-09-15,Netalitica,"Hacker site, now suspended"
https://womany.net/,LGBT,LGBT,2019-09-15,Netalitica,Gender issues
http://ocw.aca.ntu.edu.tw/ntu-ocw/,MMED,Media sharing,2019-09-15,Netalitica,"National Taiwan University, online courses"
http://www.cankaoxiaoxi.com/,NEWS,News Media,2019-09-15,Netalitica,Largest printed newspaper
https://m.sm.cn/,SRCH,Search Engines,2019-09-15,Netalitica,Search engine on mobile
https://www.sogou.com/,SRCH,Search Engines,2019-09-15,Netalitica,
https://www.mbalib.com/,SRCH,Search Engines,2019-09-15,Netalitica,Online encyclopedia
http://bbs1.people.com.cn/board/1.html/,GRP,Social Networking,2019-09-15,Netalitica,Forum organized by Renmin Ribao
https://www.blued.com/en/index.html/,LGBT,LGBT,2019-09-16,Netalitica,LGBT dating
https://manager.myxgj.com/user/login/,ANON,Anonymization and circumvention tools,2019-09-16,Netalitica,
https://www.moutaichina.com/,ALDR,Alcohol & Drugs,2019-09-19,Netalitica,Moutai wine brand
http://www.gjw.com/,ALDR,Alcohol & Drugs,2019-09-19,Netalitica,Online alcohol seller
http://www.m999.com/,ALDR,Alcohol & Drugs,2019-09-19,Netalitica,Online alcohol seller
http://www.moutaibaijinjiu.com/,ALDR,Alcohol & Drugs,2019-09-19,Netalitica,Moutai wine brand
https://www.china-moutai.com/,ALDR,Alcohol & Drugs,2019-09-19,Netalitica,Moutai wine brand
https://www.maotai9.net.cn/,ALDR,Alcohol & Drugs,2019-09-19,Netalitica,Moutai wine brand
http://china.makepolo.com/,ALDR,Alcohol & Drugs,2019-09-19,Netalitica,Imported alcohols online seller
http://www.jiuxian.com/,ALDR,Alcohol & Drugs,2019-09-19,Netalitica,Online alcohol seller
http://www.bordeaux.com.cn/,ALDR,Alcohol & Drugs,2019-09-19,Netalitica,Online wine info
https://www.wine-world.com/,ALDR,Alcohol & Drugs,2019-09-19,Netalitica,Online wine info
https://re.1688.com/,COMM,E-commerce,2019-09-19,Netalitica,Online reseller
http://www.sse.com.cn/,ECON,Economics,2019-09-19,Netalitica,Shanghai Stock Exchange
http://www.szse.cn/,ECON,Economics,2019-09-19,Netalitica,Shenzen Stock Exchange
http://www.cicc.com/index_en.xhtml?locale=en/,ECON,Economics,2019-09-19,Netalitica,One of China's major investment bank
http://www.pingan.cn/,ECON,Economics,2019-09-19,Netalitica,Large insurance company
http://www.cmbchina.com/,ECON,Economics,2019-09-19,Netalitica,Large bank
https://www.wps.cn/,FILE,File-sharing,2019-09-19,Netalitica,Chinese made office software suite
http://www.mydown.com/,FILE,File-sharing,2019-09-19,Netalitica,Software download site
https://cn.cmcm.com/,FILE,File-sharing,2019-09-19,Netalitica,Popular software company
http://www.ccyl.org.cn/,GOVT,Government,2019-09-19,Netalitica,Communist Youth Corp
http://www.mofcom.gov.cn/article/tongjiziliao/,GOVT,Government,2019-09-19,Netalitica,"Ministry of Commerce, statistics"
https://www.lofter.com/,HOST,Hosting and Blogging Platforms,2019-09-19,Netalitica,Microblogging platform
https://www.yinxiang.com/,HOST,Hosting and Blogging Platforms,2019-09-19,Netalitica,Chinese version of Evernote
http://note.youdao.com/,HOST,Hosting and Blogging Platforms,2019-09-19,Netalitica,Note-taking software
https://www.ksyun.com/,HOST,Hosting and Blogging Platforms,2019-09-19,Netalitica,Cloud hosting platform
https://www.gaywb.com/,LGBT,LGBT,2019-09-19,Netalitica,LGBT news site
http://www.news.cn/,NEWS,News Media,2019-09-19,Netalitica,Major state-run news agency
http://news.cctv.com/,NEWS,News Media,2019-09-19,Netalitica,Major state-run TV company
https://www.huanqiu.com/,NEWS,News Media,2019-09-19,Netalitica,Major state-run news agency
https://www.youth.cn/,NEWS,News Media,2019-09-19,Netalitica,"News media and commentary run by Youth Corp, target audience are youth."
https://www.thepaper.cn/,NEWS,News Media,2019-09-19,Netalitica,
http://www.gmw.cn/,NEWS,News Media,2019-09-19,Netalitica,Government operated media
http://www.ce.cn/,NEWS,News Media,2019-09-19,Netalitica,Government operated media
http://www.legaldaily.com.cn/,NEWS,News Media,2019-09-19,Netalitica,Government operated media
http://www.81.cn/,NEWS,News Media,2019-09-19,Netalitica,Military operated news
http://www.farmer.com.cn/,NEWS,News Media,2019-09-19,Netalitica,"Government operated media, agricultural"
http://www.rmzxb.com.cn/index.shtml/,NEWS,News Media,2019-09-19,Netalitica,Government operated media
https://tunsafe.com/,ANON,Anonymization and circumvention tools,2019-09-20,Netalitica,Wireguard VPN client
https://www.tinc-vpn.org/,ANON,Anonymization and circumvention tools,2019-09-20,Netalitica,VPN software
https://retroshare.cc/,ANON,Anonymization and circumvention tools,2019-09-20,Netalitica,P2P filesharing and chat
https://f-droid.org/,FILE,File-sharing,2019-09-20,Netalitica,"Third-party android app store, provides FOSS apps, including some circumvention tools"
https://www.resilio.com/,FILE,File-sharing,2019-09-20,Netalitica,P2P filesharing
https://mega.nz/,FILE,File-sharing,2019-09-20,Netalitica,
https://send.firefox.com/,FILE,File-sharing,2019-09-20,Netalitica,
https://ssr.tools/,ANON,Anonymization and circumvention tools,2019-09-20,Netalitica,"ShadowsocksR is a popular censorship circumvention tool in China, this is a info site"
https://justmysocks1.net/,ANON,Anonymization and circumvention tools,2019-09-20,Netalitica,Circumvention tool provider
https://toutyrater.github.io/,ANON,Anonymization and circumvention tools,2019-09-20,Netalitica,V2Ray circumvention tool tutorial site
https://www.v2ray.com/,ANON,Anonymization and circumvention tools,2019-09-20,Netalitica,V2Ray is a circumvention tool
https://guide.v2fly.org/,ANON,Anonymization and circumvention tools,2019-09-20,Netalitica,V2Ray circumvention tool tutorial site
https://winscp.net/,ANON,Anonymization and circumvention tools,2019-09-20,Netalitica,Circumvention software
https://hackmd.io/,FILE,File-sharing,2019-09-20,Netalitica,"Collaborative online document editing, used by pro-democracy groups in Taiwan and China"
https://apkpure.com/,FILE,File-sharing,2019-09-20,Netalitica,"Third-party android app store, provides many apps not available in China"
https://quan.ithome.com/,HACK,Hacking Tools,2019-09-20,Netalitica,IT forum
https://www.v2ex.com/,HACK,Hacking Tools,2019-09-20,Netalitica,IT forum
https://bwh88.net/,HOST,Hosting and Blogging Platforms,2019-09-20,Netalitica,Popular hosting provider to host VPN servers
https://www.vultr.com/,HOST,Hosting and Blogging Platforms,2019-09-20,Netalitica,Popular hosting provider to host VPN servers
https://www.digitalocean.com/,HOST,Hosting and Blogging Platforms,2019-09-20,Netalitica,Popular hosting provider to host VPN servers
http://wanfangdata.com.cn/index.html/,SRCH,Search Engines,2019-09-20,Netalitica,Academic paper search
https://bangdream.0x77.cf/,GRP,Social Networking,2019-09-20,Netalitica,One of China's Mastodon instance
https://sn.angry.im/,GRP,Social Networking,2019-09-20,Netalitica,One of China's Mastodon instance
https://pawoo.net/,GRP,Social Networking,2019-09-20,Netalitica,"Big Mastodon instance in Japan, used by some Chinese netizens"
http://culture.taiwan.cn/,NEWS,News Media,2019-09-21,Netalitica,Media operated by the Taiwan Affairs Office
http://www.tibet.cn/,NEWS,News Media,2019-09-21,Netalitica,State-operated media on Tibet
http://www.cri.cn/,NEWS,News Media,2019-09-21,Netalitica,News site targeted at foreign audience
http://idemocracy.asia/,POLR,Political Criticism,2019-09-21,Netalitica,Pro-democracy group operating from HK and Taiwan
https://www.tok.life/,ANON,Anonymization and circumvention tools,2019-09-22,Netalitica,New popular anonymous chat app
http://www.cnr.cn/,NEWS,News Media,2019-09-22,Netalitica,State-operated radio media
http://epaper.southcn.com/,NEWS,News Media,2019-09-22,Netalitica,Guangdong Province's local government operated newspaper
http://www.bjd.com.cn/,NEWS,News Media,2019-09-22,Netalitica,Beijing CIty's local government operated newspaper
https://www.jfdaily.com/home/,NEWS,News Media,2019-09-22,Netalitica,Shanghai CIty's local government operated newspaper
http://www.cyol.net/,NEWS,News Media,2019-09-22,Netalitica,News operated by the Youth Corp
https://wallstreetcn.com/,NEWS,News Media,2019-09-22,Netalitica,"Economic news, has been ordered taken down by government"
http://ctdsb.cnhubei.com/cache/paper_ctdsb.aspx/,NEWS,News Media,2019-09-22,Netalitica,Hubei Province's local private newspaper
https://hkleaks.ru/,HACK,Hacking Tools,2019-09-24,Netalitica,Doxxing HK activists site
http://www.fupin.org.cn/,IGO,Intergovernmental Organizations,2019-09-24,Netalitica,Poverty reduction philanthropy organization established by the government
http://www.iprcc.org.cn/,IGO,Intergovernmental Organizations,2019-09-24,Netalitica,Poverty reduction philanthropy organization established by the government and UN
http://www.chinacharityfederation.org/,IGO,Intergovernmental Organizations,2019-09-24,Netalitica,Registered charity group
http://www.ico-china.org/home/index/,IGO,Intergovernmental Organizations,2019-09-24,Netalitica,Charity organization with international funding
https://www.redcross.org.cn/,IGO,Intergovernmental Organizations,2019-09-24,Netalitica,Charity organization
https://www.immomo.com/,DATE,Online Dating,2019-09-24,Netalitica,
http://17paipai.cn/,DATE,Online Dating,2019-09-24,Netalitica,
http://yuehui.163.com/,DATE,Online Dating,2019-09-24,Netalitica,
https://www.iyouport.org/,POLR,Political Criticism,2019-09-24,Netalitica,Digital rights advocacy site
http://miliao.com/,GRP,Social Networking,2019-09-24,Netalitica,Chat app
https://www.abc.net.au/,NEWS,News Media,2019-09-27,Netalitica,Australian Broadcasting Company
https://www.worldcat.org/,SRCH,Search Engines,2019-09-27,Netalitica,International library search
https://arxiv.org/,CULTR,Culture,2019-09-27,Netalitica,Research publication site
https://www.tiktok.com/,GRP,Social Networking,2019-09-27,Netalitica,Short video sharing site
https://www.zoom.cn/,COMT,Communication Tools,2019-09-27,Netalitica,"Zoom teleconferencing tool, Chinese version"
https://www.researchgate.net/publication/255967143_Demographic_Trends_Policy_Influences_and_Economic_Effects_in_China_and_India_Through_2025/,CULTR,Culture,2019-09-27,Netalitica,Research publication site
https://www.icourse163.org/,CULTR,Culture,2019-09-27,Netalitica,Online courses
https://book.douban.com/,CULTR,Culture,2019-09-27,Netalitica,Online bookstore
https://www.humanflow.com/,CULTR,Culture,2019-09-27,Netalitica,A movie by opposition artist Ai Wei Wei
https://chinachannel.org/,CULTR,Culture,2019-09-27,Netalitica,
http://www.eyny.com/,FILE,File-sharing,2019-09-27,Netalitica,HK and TW file sharing and general discussion forum
https://www.ubisoft.com.cn/,GAME,Gaming,2019-09-27,Netalitica,"International game production company, China branch"
https://cn.blizzard.com/zh-cn/,GAME,Gaming,2019-09-27,Netalitica,"International game production company, China branch"
https://redcandlegames.com/,GAME,Gaming,2019-09-27,Netalitica,Taiwanese game company that produced satirical historic games
https://www.wegame.com.cn/,GAME,Gaming,2019-09-27,Netalitica,Game store
https://www.ciga.me/,GAME,Gaming,2019-09-27,Netalitica,China indie game alliance
https://www.komica.org/,HOST,Hosting and Blogging Platforms,2019-09-27,Netalitica,Taiwanese and HK anime and politics discussion board
http://smldf.org/ch/,HUMR,Human Rights Issues,2019-09-27,Netalitica,Promoting South Mongolian independence
https://hkoutlanders.com/,HUMR,Human Rights Issues,2019-09-27,Netalitica,Group supporting HK anti-extradition law movement in Taiwan
http://www.hkfront.org/,HUMR,Human Rights Issues,2019-09-27,Netalitica,HK independence
https://streetvoice.com/,MMED,Media sharing,2019-09-27,Netalitica,"Indie music site for HK, TW, CN"
https://www.sixthtone.com/,NEWS,News Media,2019-09-27,Netalitica,
https://newbloommag.net/,NEWS,News Media,2019-09-27,Netalitica,Radical perspectives on Taiwan and Asia Pacific
https://hkrev.info/main.php/,NEWS,News Media,2019-09-27,Netalitica,HK anti-extradition law movement timeline
https://zaobao.com/,NEWS,News Media,2019-09-27,Netalitica,"Major Chinese language newspaper in Singapore, mainland Chinese version"
https://www.zaobao.com.sg/,NEWS,News Media,2019-09-27,Netalitica,"Major Chinese language newspaper in Singapore, Singapore and international version"
http://www.dwnews.com/,NEWS,News Media,2019-09-27,Netalitica,Independent news site
https://zuo.la/,POLR,Political Criticism,2019-09-27,Netalitica,Chinese blogger's personal website
http://lupm.org/chinese/index.htm/,POLR,Political Criticism,2019-09-27,Netalitica,Mongolian liberal union party
https://cdporg.blogspot.com/,POLR,Political Criticism,2019-09-27,Netalitica,"China Democracy Party, an overseas opposition party"
http://www.cdp1998.org/,POLR,Political Criticism,2019-09-27,Netalitica,"China Democracy Party, an overseas opposition party"
https://book.douban.com/subject/6127657/,XED,Sex Education,2019-09-27,Netalitica,Sex education textbook
https://www.douyin.com/,GRP,Social Networking,2019-09-27,Netalitica,Short video sharing site
https://twnlocalismfront.tumblr.com/,MILX,Terrorism and Militants,2019-09-27,Netalitica,Promoting radical Taiwan independent movement
https://telegram.org/,COMT,Communication Tools,2019-09-28,Netalitica,
https://www.nobelpeaceprize.org/,POLR,Political Criticism,2019-09-28,Netalitica,Nobel peace prize
https://www.pku.edu.cn/,CULTR,Culture,2019-09-28,Netalitica,
https://www.tsinghua.edu.cn/publish/thu2018/index.html/,CULTR,Culture,2019-09-28,Netalitica,
http://as.baidu.com/,FILE,File-sharing,2019-09-28,Netalitica,Android app store
https://appstore.huawei.com/,FILE,File-sharing,2019-09-28,Netalitica,Android app store
https://www.mafengwo.cn/,HOST,Hosting and Blogging Platforms,2019-09-28,Netalitica,Travel blogging and booking site
https://terminus2049.github.io/,NEWS,News Media,2019-09-28,Netalitica,Backup of censored articles on Chinese social media
https://statebuilding.tw/,POLR,Political Criticism,2019-09-28,Netalitica,Taiwanese political party promoting independence
https://www.thinkingtaiwan.com/,POLR,Political Criticism,2019-09-28,Netalitica,Pro-Taiwan political commentary
http://minzhuzhongguo.org/,POLR,Political Criticism,2019-09-28,Netalitica,Promoting democracy
https://humanrightshouse.org/,HUMR,Human Rights Issues,2019-10-03,Netalitica,
https://www.vox.com/,NEWS,News Media,2019-10-03,Netalitica,Investigative journalism media
https://368365bet.com/,GMB,Gambling,2019-10-03,Netalitica,
https://freetibet.org/,HUMR,Human Rights Issues,2019-10-03,Netalitica,
http://tchrd.org/,HUMR,Human Rights Issues,2019-10-03,Netalitica,
http://www.tibetpolicy.eu/,HUMR,Human Rights Issues,2019-10-03,Netalitica,
http://www.etaa.org.au/latest-news/,HUMR,Human Rights Issues,2019-10-03,Netalitica,
http://hrntt.org/,HUMR,Human Rights Issues,2019-10-03,Netalitica,Taiwanese organization focusing on Tibetan human rights
https://www.trtworld.com/,NEWS,News Media,2019-10-03,Netalitica,Turkish national broadcaster has reported about East Turkistan
https://watchout.tw/,POLR,Political Criticism,2019-10-03,Netalitica,Taiwanese independent media critical of China
http://www.iuhrdf.org/,POLR,Political Criticism,2019-10-03,Netalitica,
https://xizang-zhiye.org/,POLR,Political Criticism,2019-10-03,Netalitica,Chinese language website of the Tibet Government in Exile
http://webehigh.org/shanghai-china/,ALDR,Alcohol & Drugs,2019-10-05,Netalitica,
https://www.chinalgbt.org/,LGBT,LGBT,2019-10-05,Netalitica,visual document of China's LGBTQ community.
https://queerintheworld.com/lgbt-rights-in-china/,LGBT,LGBT,2019-10-05,Netalitica,
https://supchina.com/podcast/lgbt-china/,LGBT,LGBT,2019-10-05,Netalitica,
http://www.lgbtchinatour.com/chinatours/,LGBT,LGBT,2019-10-05,Netalitica,
https://china-underground.com/2018/09/17/beijing-lgbt-center/,LGBT,LGBT,2019-10-05,Netalitica,
https://www.wildchina.com/blog/2018/06/lgbt-travel-in-china/,LGBT,LGBT,2019-10-05,Netalitica,
https://jingdaily.com/tag/china-lgbt/,LGBT,LGBT,2019-10-05,Netalitica,
https://www.travelgay.com/destination/gay-china/,LGBT,LGBT,2019-10-05,Netalitica,
https://www.bf99.com/,LGBT,LGBT,2019-10-05,Netalitica,Gay dating site
http://124.225.213.74/list-motss-1.shtml/,LGBT,LGBT,2019-10-05,Netalitica,Alternate site (mirror site for overseas user) for the gay board (一路同行) of the Tianya Forum
http://bbs.tianya.cn/list-motss-1.shtml/,LGBT,LGBT,2019-10-05,Netalitica,Official url to gay board of Tianya Forum now redirects to homepage (from within and without China)
http://www.15880.com/,LGBT,LGBT,2019-10-05,Netalitica,Lesbian dating site
http://www.caihongto.com/,LGBT,LGBT,2019-10-05,Netalitica,Gay travel info site
https://lalatai.com/,LGBT,LGBT,2019-10-05,Netalitica,Taiwanese lesbian info and news site
https://www.lezsmeeting.com/,LGBT,LGBT,2019-10-05,Netalitica,Taiwanese lesbian fashion and news site for Chinese language readers
https://www.secretchina.com/news/b5/index.html/,NEWS,News Media,2019-10-05,Netalitica,Chinese language 
https://lianhonghong.com/,XED,Sex Education,2019-10-05,Netalitica,Taiwanese based media site sharing female sex life info
