url,category_code,category_description,date_added,source,notes
http://anncol-brasil.blogspot.com/,POLR,Political Criticism,2014-04-15,citizenlab,
http://congresovisible.org/,POLR,Political Criticism,2014-04-15,citizenlab,Information about the Colombian Congress
http://corrientelectronica.wordpress.com/,POLR,Political Criticism,2014-04-15,citizenlab,
http://ddhhenlasnoticias.blogspot.com/,HUMR,Human Rights Issues,2014-04-15,citizenlab,
http://dickema24.blogspot.com/,POLR,Political Criticism,2014-04-15,citizenlab,
http://elblogdenesi.blogspot.com/,POLR,Political Criticism,2014-04-15,citizenlab,
http://equinoxio.org/,POLR,Political Criticism,2014-04-15,citizenlab,
http://ivan-cepeda.blogspot.com/,POLR,Political Criticism,2014-04-15,citizenlab,
http://lacocalocacompany.blogcindario.com/,POLR,Political Criticism,2014-04-15,citizenlab,
http://prensarural.org/spip/,POLR,Political Criticism,2014-04-15,citizenlab,
http://uribestiario.wordpress.com/,POLR,Political Criticism,2014-04-15,citizenlab,
http://vidasi-muerteno.blogspot.com/,POLR,Political Criticism,2014-04-15,citizenlab,
http://www.45-rpm.net/,POLR,Political Criticism,2014-04-15,citizenlab,
http://www.caracol.com.co/,NEWS,News Media,2014-04-15,citizenlab,
http://www.censat.org/,ENV,Environment,2014-04-15,citizenlab,
https://clickafectatumundo.com/,CULTR,Culture,2014-04-15,citizenlab,
http://www.coalico.org/,HUMR,Human Rights Issues,2014-04-15,citizenlab,
http://www.colectivomaloka.org/,HUMR,Human Rights Issues,2014-04-15,citizenlab,
http://www.colombia.com/radio/,NEWS,News Media,2014-04-15,citizenlab,
https://colombiareports.com/,NEWS,News Media,2014-04-15,citizenlab,
https://www.desdeabajo.info/,NEWS,News Media,2014-04-15,citizenlab,
http://www.ecuavisa.com/,NEWS,News Media,2014-04-15,citizenlab,
http://www.flip.org.co/,HUMR,Human Rights Issues,2014-04-15,citizenlab,
http://www.gwu.edu/~nsarchiv/colombia/,POLR,Political Criticism,2014-04-15,citizenlab,
http://www.hacer.org/latam/category/colombia/,NEWS,News Media,2014-04-15,citizenlab,
https://lasillavacia.com/,NEWS,News Media,2014-04-15,citizenlab,
https://moe.org.co/webmoe/,POLR,Political Criticism,2014-04-15,citizenlab,
http://www.nocheyniebla.org/,HUMR,Human Rights Issues,2014-04-15,citizenlab,
http://www.onic.org.co/,HUMR,Human Rights Issues,2014-04-15,citizenlab,
http://alianzaverde.org.co/,POLR,Political Criticism,2014-04-15,citizenlab,
https://verdadabierta.com/,POLR,Political Criticism,2014-04-15,citizenlab,
https://partidomira.com/,POLR,Political Criticism,2014-04-15,citizenlab,
https://thecitypaperbogota.com/,NEWS,News Media,2018-09-20,OONI,
https://todaycolombia.com/,NEWS,News Media,2018-09-20,OONI,
https://thebogotapost.com/,NEWS,News Media,2018-09-20,OONI,
https://www.theguardian.com/world/colombia,NEWS,News Media,2018-09-20,OONI,
https://www.minuto30.com/,NEWS,News Media,2018-09-20,OONI,
https://www.eltiempo.com/,NEWS,News Media,2018-09-20,OONI,
https://www.canalrcn.com/,NEWS,News Media,2018-09-20,OONI,
https://www.elespectador.com/noticias,NEWS,News Media,2018-09-20,OONI,
https://www.pulzo.com/,NEWS,News Media,2018-09-20,OONI,
https://noticias.canalrcn.com/,NEWS,News Media,2018-09-20,OONI,
https://www.semana.com/,NEWS,News Media,2018-09-20,OONI,
http://www.elcolombiano.com/,NEWS,News Media,2018-09-20,OONI,
https://www.elheraldo.co/,NEWS,News Media,2018-09-20,OONI,
https://www.elpais.com.co/,NEWS,News Media,2018-09-20,OONI,
https://www.vanguardia.com/,NEWS,News Media,2018-09-20,OONI,
http://www.eluniversal.com.co/,NEWS,News Media,2018-09-20,OONI,
https://www.publimetro.co/,NEWS,News Media,2018-09-20,OONI,
http://zonacero.com/,NEWS,News Media,2018-09-20,OONI,
https://www.kienyke.com/,NEWS,News Media,2018-09-20,OONI,
https://www.laopinion.com.co/,NEWS,News Media,2018-09-20,OONI,
https://www.rcnradio.com/,NEWS,News Media,2018-09-20,OONI,
http://www.lapatria.com/,NEWS,News Media,2018-09-20,OONI,
https://www.lanacion.com.co/,NEWS,News Media,2018-09-20,OONI,
https://canal1.com.co/,NEWS,News Media,2018-09-20,OONI,
http://eldiario.com.co/,NEWS,News Media,2018-09-20,OONI,
https://opanoticias.com/,NEWS,News Media,2018-09-20,OONI,
https://diariodelhuila.com/,NEWS,News Media,2018-09-20,OONI,
https://elpilon.com.co/,NEWS,News Media,2018-09-20,OONI,
http://www.elmundo.com/,NEWS,News Media,2018-09-20,OONI,
http://www.elnuevodia.com.co/,NEWS,News Media,2018-09-20,OONI,
https://actualidadpanamericana.com/,NEWS,News Media,2018-09-20,OONI,
https://karisma.org.co/,HUMR,Human Rights Issues,2018-09-20,OONI,
http://bogotafreeplanet.com/,NEWS,News Media,2018-09-20,OONI,
https://www.caribbeannewsnow.com/category/countries/colombia/,NEWS,News Media,2018-09-20,OONI,
http://www.cartagenaherald.com/,NEWS,News Media,2018-09-20,OONI,
http://www.elmeridiano.co/,NEWS,News Media,2018-09-20,OONI,
http://www.hoydiariodelmagdalena.com.co/,NEWS,News Media,2018-09-20,OONI,
http://diariodelsur.com.co/,NEWS,News Media,2018-09-20,OONI,
http://www.diariodeportes.com.co/,NEWS,News Media,2018-09-20,OONI,
https://occidente.co/,NEWS,News Media,2018-09-20,OONI,
http://elcatolicismo.com.co/es/,NEWS,News Media,2018-09-20,OONI,
https://www.elespectador.com/,NEWS,News Media,2018-09-20,OONI,
http://www.elfrente.com.co/,NEWS,News Media,2018-09-20,OONI,
http://www.elinformador.com.co/,NEWS,News Media,2018-09-20,OONI,
http://elmeridiano.co/,NEWS,News Media,2018-09-20,OONI,
https://www.elnuevosiglo.com.co/,NEWS,News Media,2018-09-20,OONI,
https://equitas.org/,HUMR,Human Rights Issues,2018-09-20,OONI,
http://colombiadiversa.org/,LGBT,LGBT,2018-09-20,OONI,
https://outincolombiatravel.com/,LGBT,LGBT,2018-09-20,OONI,
http://www.partidodelau.com/jp/,POLR,Political Criticism,2018-09-20,OONI,Political party
http://partidoconservador.com/,POLR,Political Criticism,2018-09-20,OONI,Political party
http://www.partidoliberal.org.co/,POLR,Political Criticism,2018-09-20,OONI,Political party
https://www.centrodemocratico.com/,POLR,Political Criticism,2018-09-20,OONI,Political party
http://www.partidocambioradical.org/,POLR,Political Criticism,2018-09-20,OONI,Political party
https://partidoopcionciudadana.com/,POLR,Political Criticism,2018-09-20,OONI,Political party
http://www.polodemocratico.net/,POLR,Political Criticism,2018-09-20,OONI,Political party
https://www.farc-ep.co/,POLR,Political Criticism,2018-09-20,OONI,
http://www.pacocol.org/,POLR,Political Criticism,2018-09-20,OONI,Political party
https://www.up.org.co/,POLR,Political Criticism,2018-09-20,OONI,Political party
http://www.colombia-politics.com/,POLR,Political Criticism,2018-09-20,OONI,
http://colombiapeace.org/,HUMR,Human Rights Issues,2018-09-20,OONI,
https://vbouvier.wordpress.com/,POLR,Political Criticism,2018-09-20,OONI,
https://www.frontlinedefenders.org/en/case/ruth-alicia-lopez-guisao-killed,HUMR,Human Rights Issues,2018-09-20,OONI,
https://choco.org/,HUMR,Human Rights Issues,2018-09-20,OONI,
http://www.centrodememoriahistorica.gov.co/en/,GOVT,Government,2018-09-20,OONI,
https://www.bbc.com/news/world-latin-america-19390164,NEWS,News Media,2018-09-20,OONI,
https://www.hrw.org/world-report/2018/country-chapters/colombia,HUMR,Human Rights Issues,2018-09-20,OONI,
https://www.amnesty.org/es/countries/americas/colombia/,HUMR,Human Rights Issues,2018-09-20,OONI,
https://www.transparency.org/country/COL,POLR,Political Criticism,2018-09-20,OONI,
https://www.cfr.org/backgrounder/colombias-civil-conflict,HUMR,Human Rights Issues,2018-09-20,OONI,
https://www.peaceinsight.org/conflicts/colombia/,HUMR,Human Rights Issues,2018-09-20,OONI,
https://minorityrights.org/country/colombia/,HUMR,Human Rights Issues,2018-09-20,OONI,
https://afrocolombian.org/,HUMR,Human Rights Issues,2018-09-20,OONI,
http://www.afrocolombians.com/,HUMR,Human Rights Issues,2018-09-20,OONI,
http://www.aapf.org/afro-colombian/,HUMR,Human Rights Issues,2018-09-20,OONI,
https://amazonwatch.org/,ENV,Environment,2018-09-20,OONI,
http://www.cinep.org.co/,HUMR,Human Rights Issues,2018-09-20,OONI,
http://cpdh.free.fr/,HUMR,Human Rights Issues,2018-09-20,OONI,
http://www.ideaspaz.org/,HUMR,Human Rights Issues,2018-09-20,OONI,
https://colombiasupport.net/,HUMR,Human Rights Issues,2018-09-20,OONI,
http://www.derechos.org/esp.html,HUMR,Human Rights Issues,2018-09-20,OONI,
http://www.derechos.org/nizkor/,HUMR,Human Rights Issues,2018-09-20,OONI,
https://cabildokankuamo.org/,HUMR,Human Rights Issues,2018-09-20,OONI,
http://colombia.unwomen.org/es,HUMR,Human Rights Issues,2018-09-20,OONI,
http://www.altocomisionadoparalapaz.gov.co/herramientas/Documents/summary-of-colombias-peace-agreement.pdf,HUMR,Human Rights Issues,2018-09-20,OONI,
https://es.wiktionary.org/,CULTR,Culture,2018-07-06,Wikimedia,URLs provided by wikipedia based on the most popular language domains per country
https://es.wikibooks.org/,CULTR,Culture,2018-07-06,Wikimedia,URLs provided by wikipedia based on the most popular language domains per country
https://es.wikisource.org/,CULTR,Culture,2018-07-06,Wikimedia,URLs provided by wikipedia based on the most popular language domains per country
http://caribeafirmativo.lgbt/,LGBT,LGBT,2018-10-10,OONI partner,
https://es-la.facebook.com/pages/category/Community/Red-Comunitaria-Trans-255992844505189/,LGBT,LGBT,2018-10-10,OONI partner,
https://www.sismamujer.org/,HUMR,Human Rights Issues,2018-10-10,OONI partner,
https://www.acciontecnicasocial.com/,PUBH,Public Health,2018-10-10,OONI partner,This site might present false positives as it takes long to connect
http://pacifista.tv/,HUMR,Human Rights Issues,2018-10-10,OONI partner,
http://pacifista.co/,HUMR,Human Rights Issues,2018-10-10,OONI partner,
https://www.las2orillas.co/,NEWS,News Media,2018-10-10,OONI partner,
https://wikileaks.org/wiki/Category:Colombia,POLR,Political Criticism,2018-10-10,OONI partner,
