url,category_code,category_description,date_added,source,notes
https://cs.wikipedia.org/,CULTR,Culture,2018-07-06,Wikimedia,URLs provided by wikipedia based on the most popular language domains per country
https://sk.wikipedia.org/,CULTR,Culture,2018-07-06,Wikimedia,URLs provided by wikipedia based on the most popular language domains per country
https://cs.wiktionary.org/,CULTR,Culture,2018-07-06,Wikimedia,URLs provided by wikipedia based on the most popular language domains per country
https://en.wiktionary.org/,CULTR,Culture,2018-07-06,Wikimedia,URLs provided by wikipedia based on the most popular language domains per country
http://betworld9.com/,GMB,Gambling,2018-09-04,@ja-pa,Blocked by Ministry of Finance of the Czech Republic
http://betworld10.com/,GMB,Gambling,2018-09-04,@ja-pa,Blocked by Ministry of Finance of the Czech Republic
http://betworld2.com/,GMB,Gambling,2018-09-04,@ja-pa,Blocked by Ministry of Finance of the Czech Republic
http://betworld3.com/,GMB,Gambling,2018-09-04,@ja-pa,Blocked by Ministry of Finance of the Czech Republic
http://betworld4.com/,GMB,Gambling,2018-09-04,@ja-pa,Blocked by Ministry of Finance of the Czech Republic
http://betworld1.com/,GMB,Gambling,2018-09-04,@ja-pa,Blocked by Ministry of Finance of the Czech Republic
http://betworld5.com/,GMB,Gambling,2018-09-04,@ja-pa,Blocked by Ministry of Finance of the Czech Republic
http://betworld6.com/,GMB,Gambling,2018-09-04,@ja-pa,Blocked by Ministry of Finance of the Czech Republic
http://betworld7.com/,GMB,Gambling,2018-09-04,@ja-pa,Blocked by Ministry of Finance of the Czech Republic
http://betworld8.com/,GMB,Gambling,2018-09-04,@ja-pa,Blocked by Ministry of Finance of the Czech Republic
http://xbet-1.com/,GMB,Gambling,2018-08-09,@ja-pa,Blocked by Ministry of Finance of the Czech Republic
http://1xbet8.com/,GMB,Gambling,2018-08-09,@ja-pa,Blocked by Ministry of Finance of the Czech Republic
http://1xbetbk13.com/,GMB,Gambling,2018-08-09,@ja-pa,Blocked by Ministry of Finance of the Czech Republic
http://1x-02.com/,GMB,Gambling,2018-08-09,@ja-pa,Blocked by Ministry of Finance of the Czech Republic
http://1xbetbk6.com/,GMB,Gambling,2018-02-15,@ja-pa,Blocked by Ministry of Finance of the Czech Republic
http://1xbet7.com/,GMB,Gambling,2018-02-15,@ja-pa,Blocked by Ministry of Finance of the Czech Republic
http://1xbet107.com/,GMB,Gambling,2018-02-15,@ja-pa,Blocked by Ministry of Finance of the Czech Republic
http://1xbet108.com/,GMB,Gambling,2018-02-15,@ja-pa,Blocked by Ministry of Finance of the Czech Republic
http://1xbet109.com/,GMB,Gambling,2018-02-15,@ja-pa,Blocked by Ministry of Finance of the Czech Republic
http://1xbet110.com/,GMB,Gambling,2018-02-15,@ja-pa,Blocked by Ministry of Finance of the Czech Republic
http://1-x-bet.com/,GMB,Gambling,2018-02-15,@ja-pa,Blocked by Ministry of Finance of the Czech Republic
http://1x-bet.com/,GMB,Gambling,2018-02-15,@ja-pa,Blocked by Ministry of Finance of the Czech Republic
http://1xbet10.com/,GMB,Gambling,2018-02-15,@ja-pa,Blocked by Ministry of Finance of the Czech Republic
http://1xbet4.com/,GMB,Gambling,2018-02-15,@ja-pa,Blocked by Ministry of Finance of the Czech Republic
http://1xbet5.com/,GMB,Gambling,2018-02-15,@ja-pa,Blocked by Ministry of Finance of the Czech Republic
http://1xbet6.com/,GMB,Gambling,2018-02-15,@ja-pa,Blocked by Ministry of Finance of the Czech Republic
http://1xbet9.com/,GMB,Gambling,2018-02-15,@ja-pa,Blocked by Ministry of Finance of the Czech Republic
http://1xbet3.com/,GMB,Gambling,2018-02-15,@ja-pa,Blocked by Ministry of Finance of the Czech Republic
http://1xbet13.com/,GMB,Gambling,2018-02-15,@ja-pa,Blocked by Ministry of Finance of the Czech Republic
http://1xbet11.com/,GMB,Gambling,2018-02-15,@ja-pa,Blocked by Ministry of Finance of the Czech Republic
http://1xbet12.com/,GMB,Gambling,2018-02-15,@ja-pa,Blocked by Ministry of Finance of the Czech Republic
http://1xbet16.com/,GMB,Gambling,2018-02-15,@ja-pa,Blocked by Ministry of Finance of the Czech Republic
http://1xbet17.com/,GMB,Gambling,2018-02-15,@ja-pa,Blocked by Ministry of Finance of the Czech Republic
http://1xbet18.com/,GMB,Gambling,2018-02-15,@ja-pa,Blocked by Ministry of Finance of the Czech Republic
http://1xbet19.com/,GMB,Gambling,2018-02-15,@ja-pa,Blocked by Ministry of Finance of the Czech Republic
http://1xbet20.com/,GMB,Gambling,2018-02-15,@ja-pa,Blocked by Ministry of Finance of the Czech Republic
http://1xbet21.com/,GMB,Gambling,2018-02-15,@ja-pa,Blocked by Ministry of Finance of the Czech Republic
http://1xbet23.com/,GMB,Gambling,2018-02-15,@ja-pa,Blocked by Ministry of Finance of the Czech Republic
http://1xbet24.com/,GMB,Gambling,2018-02-15,@ja-pa,Blocked by Ministry of Finance of the Czech Republic
http://1xbet25.com/,GMB,Gambling,2018-02-15,@ja-pa,Blocked by Ministry of Finance of the Czech Republic
http://1xbet26.com/,GMB,Gambling,2018-02-15,@ja-pa,Blocked by Ministry of Finance of the Czech Republic
http://1xbet27.com/,GMB,Gambling,2018-02-15,@ja-pa,Blocked by Ministry of Finance of the Czech Republic
http://1xbet28.com/,GMB,Gambling,2018-02-15,@ja-pa,Blocked by Ministry of Finance of the Czech Republic
http://1xbet49.com/,GMB,Gambling,2018-02-15,@ja-pa,Blocked by Ministry of Finance of the Czech Republic
http://1xbet29.com/,GMB,Gambling,2018-02-15,@ja-pa,Blocked by Ministry of Finance of the Czech Republic
http://1xbet30.com/,GMB,Gambling,2018-02-15,@ja-pa,Blocked by Ministry of Finance of the Czech Republic
http://1xbet31.com/,GMB,Gambling,2018-02-15,@ja-pa,Blocked by Ministry of Finance of the Czech Republic
http://1xbet32.com/,GMB,Gambling,2018-02-15,@ja-pa,Blocked by Ministry of Finance of the Czech Republic
http://1xbet34.com/,GMB,Gambling,2018-02-15,@ja-pa,Blocked by Ministry of Finance of the Czech Republic
http://1xbet35.com/,GMB,Gambling,2018-02-15,@ja-pa,Blocked by Ministry of Finance of the Czech Republic
http://1xbet36.com/,GMB,Gambling,2018-02-15,@ja-pa,Blocked by Ministry of Finance of the Czech Republic
http://1xbet37.com/,GMB,Gambling,2018-02-15,@ja-pa,Blocked by Ministry of Finance of the Czech Republic
http://1xbet38.com/,GMB,Gambling,2018-02-15,@ja-pa,Blocked by Ministry of Finance of the Czech Republic
http://1xbet50.com/,GMB,Gambling,2018-02-15,@ja-pa,Blocked by Ministry of Finance of the Czech Republic
http://1xbet39.com/,GMB,Gambling,2018-02-15,@ja-pa,Blocked by Ministry of Finance of the Czech Republic
http://1xbet40.com/,GMB,Gambling,2018-02-15,@ja-pa,Blocked by Ministry of Finance of the Czech Republic
http://1xbet41.com/,GMB,Gambling,2018-02-15,@ja-pa,Blocked by Ministry of Finance of the Czech Republic
http://1xbet42.com/,GMB,Gambling,2018-02-15,@ja-pa,Blocked by Ministry of Finance of the Czech Republic
http://1xbet43.com/,GMB,Gambling,2018-02-15,@ja-pa,Blocked by Ministry of Finance of the Czech Republic
http://1xbet45.com/,GMB,Gambling,2018-02-15,@ja-pa,Blocked by Ministry of Finance of the Czech Republic
http://1xbet46.com/,GMB,Gambling,2018-02-15,@ja-pa,Blocked by Ministry of Finance of the Czech Republic
http://1xbet47.com/,GMB,Gambling,2018-02-15,@ja-pa,Blocked by Ministry of Finance of the Czech Republic
http://1xbet48.com/,GMB,Gambling,2018-02-15,@ja-pa,Blocked by Ministry of Finance of the Czech Republic
http://1xbet51.com/,GMB,Gambling,2018-02-15,@ja-pa,Blocked by Ministry of Finance of the Czech Republic
http://1xbet52.com/,GMB,Gambling,2018-02-15,@ja-pa,Blocked by Ministry of Finance of the Czech Republic
http://1xbet14.com/,GMB,Gambling,2018-02-15,@ja-pa,Blocked by Ministry of Finance of the Czech Republic
http://1xbet15.com/,GMB,Gambling,2018-02-15,@ja-pa,Blocked by Ministry of Finance of the Czech Republic
http://1xbet1.com/,GMB,Gambling,2018-02-15,@ja-pa,Blocked by Ministry of Finance of the Czech Republic
http://1xbet2.com/,GMB,Gambling,2018-02-15,@ja-pa,Blocked by Ministry of Finance of the Czech Republic
http://1xbet53.com/,GMB,Gambling,2018-02-15,@ja-pa,Blocked by Ministry of Finance of the Czech Republic
http://1xbet54.com/,GMB,Gambling,2018-02-15,@ja-pa,Blocked by Ministry of Finance of the Czech Republic
http://1xbet60.com/,GMB,Gambling,2018-02-15,@ja-pa,Blocked by Ministry of Finance of the Czech Republic
http://1xbet61.com/,GMB,Gambling,2018-02-15,@ja-pa,Blocked by Ministry of Finance of the Czech Republic
http://1xbet62.com/,GMB,Gambling,2018-02-15,@ja-pa,Blocked by Ministry of Finance of the Czech Republic
http://1xbet63.com/,GMB,Gambling,2018-02-15,@ja-pa,Blocked by Ministry of Finance of the Czech Republic
http://1xbet64.com/,GMB,Gambling,2018-02-15,@ja-pa,Blocked by Ministry of Finance of the Czech Republic
http://1xbet65.com/,GMB,Gambling,2018-02-15,@ja-pa,Blocked by Ministry of Finance of the Czech Republic
http://1xbet67.com/,GMB,Gambling,2018-02-15,@ja-pa,Blocked by Ministry of Finance of the Czech Republic
http://1xbet68.com/,GMB,Gambling,2018-02-15,@ja-pa,Blocked by Ministry of Finance of the Czech Republic
http://1xbet69.com/,GMB,Gambling,2018-02-15,@ja-pa,Blocked by Ministry of Finance of the Czech Republic
http://1xbet72.com/,GMB,Gambling,2018-02-15,@ja-pa,Blocked by Ministry of Finance of the Czech Republic
http://1xbet73.com/,GMB,Gambling,2018-02-15,@ja-pa,Blocked by Ministry of Finance of the Czech Republic
http://1xbet70.com/,GMB,Gambling,2018-02-15,@ja-pa,Blocked by Ministry of Finance of the Czech Republic
http://1xbet71.com/,GMB,Gambling,2018-02-15,@ja-pa,Blocked by Ministry of Finance of the Czech Republic
http://1xbet74.com/,GMB,Gambling,2018-02-15,@ja-pa,Blocked by Ministry of Finance of the Czech Republic
http://1xbet75.com/,GMB,Gambling,2018-02-15,@ja-pa,Blocked by Ministry of Finance of the Czech Republic
http://1xbet76.com/,GMB,Gambling,2018-02-15,@ja-pa,Blocked by Ministry of Finance of the Czech Republic
http://1xbet78.com/,GMB,Gambling,2018-02-15,@ja-pa,Blocked by Ministry of Finance of the Czech Republic
http://1xbet79.com/,GMB,Gambling,2018-02-15,@ja-pa,Blocked by Ministry of Finance of the Czech Republic
http://1xbet80.com/,GMB,Gambling,2018-02-15,@ja-pa,Blocked by Ministry of Finance of the Czech Republic
http://1xbet82.com/,GMB,Gambling,2018-02-15,@ja-pa,Blocked by Ministry of Finance of the Czech Republic
http://1xbet84.com/,GMB,Gambling,2018-02-15,@ja-pa,Blocked by Ministry of Finance of the Czech Republic
http://1xiiv.xyz/,GMB,Gambling,2018-02-15,@ja-pa,Blocked by Ministry of Finance of the Czech Republic
http://1xbet86.com/,GMB,Gambling,2018-02-15,@ja-pa,Blocked by Ministry of Finance of the Czech Republic
http://1xbet87.com/,GMB,Gambling,2018-02-15,@ja-pa,Blocked by Ministry of Finance of the Czech Republic
http://1xbet90.com/,GMB,Gambling,2018-02-15,@ja-pa,Blocked by Ministry of Finance of the Czech Republic
http://1xbet91.com/,GMB,Gambling,2018-02-15,@ja-pa,Blocked by Ministry of Finance of the Czech Republic
http://1xbet92.com/,GMB,Gambling,2018-02-15,@ja-pa,Blocked by Ministry of Finance of the Czech Republic
http://1xbet94.com/,GMB,Gambling,2018-02-15,@ja-pa,Blocked by Ministry of Finance of the Czech Republic
http://1xbet95.com/,GMB,Gambling,2018-02-15,@ja-pa,Blocked by Ministry of Finance of the Czech Republic
http://1xhov.xyz/,GMB,Gambling,2018-02-15,@ja-pa,Blocked by Ministry of Finance of the Czech Republic
http://1xbet101.com/,GMB,Gambling,2018-02-15,@ja-pa,Blocked by Ministry of Finance of the Czech Republic
http://1xbet102.com/,GMB,Gambling,2018-02-15,@ja-pa,Blocked by Ministry of Finance of the Czech Republic
http://bk-1x-bet.com/,GMB,Gambling,2018-02-15,@ja-pa,Blocked by Ministry of Finance of the Czech Republic
http://1xbkbet-1.com/,GMB,Gambling,2018-02-15,@ja-pa,Blocked by Ministry of Finance of the Czech Republic
http://1xbet103.com/,GMB,Gambling,2018-02-15,@ja-pa,Blocked by Ministry of Finance of the Czech Republic
http://1xbet104.com/,GMB,Gambling,2018-02-15,@ja-pa,Blocked by Ministry of Finance of the Czech Republic
http://1xbet105.com/,GMB,Gambling,2018-02-15,@ja-pa,Blocked by Ministry of Finance of the Czech Republic
http://1xbet106.com/,GMB,Gambling,2018-02-15,@ja-pa,Blocked by Ministry of Finance of the Czech Republic
http://sportingbull.com/,GMB,Gambling,2018-01-16,@ja-pa,Blocked by Ministry of Finance of the Czech Republic
http://eatsleepbet.com/,GMB,Gambling,2018-01-16,@ja-pa,Blocked by Ministry of Finance of the Czech Republic
http://bosscasino.eu/,GMB,Gambling,2017-11-27,@ja-pa,Blocked by Ministry of Finance of the Czech Republic
http://betworld.com/,GMB,Gambling,2017-11-15,@ja-pa,Blocked by Ministry of Finance of the Czech Republic
http://webmoneycasino.com/,GMB,Gambling,2017-09-27,@ja-pa,Blocked by Ministry of Finance of the Czech Republic
http://thelotter.com/,GMB,Gambling,2017-08-15,@ja-pa,Blocked by Ministry of Finance of the Czech Republic
http://1xbet.com/,GMB,Gambling,2017-07-26,@ja-pa,Blocked by Ministry of Finance of the Czech Republic
http://bet2u.com/,GMB,Gambling,2019-01-15,@ja-pa,Blocked by Ministry of Finance of the Czech Republic
http://agentlotto3.ru/,GMB,Gambling,2019-01-15,@ja-pa,Blocked by Ministry of Finance of the Czech Republic
http://lottoevents.com/,GMB,Gambling,2019-01-15,@ja-pa,Blocked by Ministry of Finance of the Czech Republic
http://agentlotto.com/,GMB,Gambling,2019-01-15,@ja-pa,Blocked by Ministry of Finance of the Czech Republic
http://cz.sportingbull174.com/,GMB,Gambling,2018-11-09,@ja-pa,Blocked by Ministry of Finance of the Czech Republic
https://ac24.cz/,NEWS,News Media,2016-07-26,@ja-pa,Czech disinformation news site (according to Think-tank Evropske hodnoty)
https://cz.sputniknews.com/,NEWS,News Media,2016-07-26,@ja-pa,Czech disinformation news site (according to Think-tank Evropske hodnoty)
https://www.svetkolemnas.info/,NEWS,News Media,2016-07-26,@ja-pa,Czech disinformation news site (according to Think-tank Evropske hodnoty)
https://prvnizpravy.parlamentnilisty.cz/,NEWS,News Media,2016-07-26,@ja-pa,Czech disinformation news site (according to Think-tank Evropske hodnoty)
https://aeronet.cz/news/,NEWS,News Media,2016-07-26,@ja-pa,Czech disinformation news site (according to Think-tank Evropske hodnoty)
https://www.novarepublika.cz/,NEWS,News Media,2016-07-26,@ja-pa,Czech disinformation news site (according to Think-tank Evropske hodnoty)
https://www.nwoo.org/,NEWS,News Media,2016-07-26,@ja-pa,Czech disinformation news site (according to Think-tank Evropske hodnoty)
https://www.lajkit.cz/,NEWS,News Media,2016-07-26,@ja-pa,Czech disinformation news site (according to Think-tank Evropske hodnoty)
https://svobodnenoviny.eu/,NEWS,News Media,2016-07-26,@ja-pa,Czech disinformation news site (according to Think-tank Evropske hodnoty)
https://www.czechfreepress.cz/,NEWS,News Media,2016-07-26,@ja-pa,Czech disinformation news site (according to Think-tank Evropske hodnoty)
https://www.prvopodstata.com/,NEWS,News Media,2016-07-26,@ja-pa,Czech disinformation news site (according to Think-tank Evropske hodnoty)
https://eurasia24.cz/,NEWS,News Media,2016-07-26,@ja-pa,Czech disinformation news site (according to Think-tank Evropske hodnoty)
https://orgo-net.blogspot.cz/,NEWS,News Media,2016-07-26,@ja-pa,Czech disinformation news site (according to Think-tank Evropske hodnoty)
https://www.vlasteneckenoviny.cz/,NEWS,News Media,2016-07-26,@ja-pa,Czech disinformation news site (according to Think-tank Evropske hodnoty)
https://ceskoaktualne.cz/,NEWS,News Media,2016-07-26,@ja-pa,Czech disinformation news site (according to Think-tank Evropske hodnoty)
https://www.osud.cz/,NEWS,News Media,2016-07-26,@ja-pa,Czech disinformation news site (according to Think-tank Evropske hodnoty)
https://infokuryr.cz/news.php,NEWS,News Media,2016-07-26,@ja-pa,Czech disinformation news site (according to Think-tank Evropske hodnoty)
https://news.e-republika.cz/,NEWS,News Media,2016-07-26,@ja-pa,Czech disinformation news site (according to Think-tank Evropske hodnoty)
https://www.paratdnes.cz/,NEWS,News Media,2016-07-26,@ja-pa,Czech disinformation news site (according to Think-tank Evropske hodnoty)
https://megazine.cz/,NEWS,News Media,2016-07-26,@ja-pa,Czech disinformation news site (according to Think-tank Evropske hodnoty)
https://www.isstras.eu/cs/,NEWS,News Media,2016-07-26,@ja-pa,Czech disinformation news site (according to Think-tank Evropske hodnoty)
https://antiilluminati.net/,NEWS,News Media,2016-07-26,@ja-pa,Czech disinformation news site (according to Think-tank Evropske hodnoty)
https://www.vlastnihlavou.cz/,NEWS,News Media,2016-07-26,@ja-pa,Czech disinformation news site (according to Think-tank Evropske hodnoty)
https://www.mikan.cz/,NEWS,News Media,2016-07-26,@ja-pa,Czech disinformation news site (according to Think-tank Evropske hodnoty)
https://www.infowars.cz/,NEWS,News Media,2016-07-26,@ja-pa,Czech disinformation news site (according to Think-tank Evropske hodnoty)
https://www.parlamentnilisty.cz/,NEWS,News Media,2016-07-26,@ja-pa,Czech disinformation news site (according to Think-tank Evropske hodnoty)
https://protiproud.parlamentnilisty.cz/,NEWS,News Media,2016-07-26,@ja-pa,Czech disinformation news site (according to Think-tank Evropske hodnoty)
https://www.zvedavec.org/,NEWS,News Media,2016-07-26,@ja-pa,Czech disinformation news site (according to Think-tank Evropske hodnoty)
https://euportal.parlamentnilisty.cz/default.aspx,NEWS,News Media,2016-07-26,@ja-pa,Czech disinformation news site (according to Think-tank Evropske hodnoty)
https://eportal.parlamentnilisty.cz/default.aspx,NEWS,News Media,2016-07-26,@ja-pa,Czech disinformation news site (according to Think-tank Evropske hodnoty)
https://www.bezpolitickekorektnosti.cz/,NEWS,News Media,2016-07-26,@ja-pa,Czech disinformation news site (according to Think-tank Evropske hodnoty)
https://freeglobe.parlamentnilisty.cz/,NEWS,News Media,2016-07-26,@ja-pa,Czech disinformation news site (according to Think-tank Evropske hodnoty)
https://www.rukojmi.cz/,NEWS,News Media,2016-07-26,@ja-pa,Czech disinformation news site (according to Think-tank Evropske hodnoty)
https://www.casopis-sifra.cz/clanky/,NEWS,News Media,2016-07-26,@ja-pa,Czech disinformation news site (according to Think-tank Evropske hodnoty)
https://euserver.parlamentnilisty.cz/default.aspx,NEWS,News Media,2016-07-26,@ja-pa,Czech disinformation news site (according to Think-tank Evropske hodnoty)
https://pravdive.eu/index.php,NEWS,News Media,2016-07-26,@ja-pa,Czech disinformation news site (according to Think-tank Evropske hodnoty)
https://www.almanach.cz/,NEWS,News Media,2016-07-26,@ja-pa,Czech disinformation news site (according to Think-tank Evropske hodnoty)
http://a2larm.cz/,NEWS,News Media,2018-10-10,@ja-pa,
https://www.aktualne.cz/,NEWS,News Media,2018-10-10,@ja-pa,
https://www.blesk.cz/,NEWS,News Media,2018-10-10,@ja-pa,
https://ct24.ceskatelevize.cz/,NEWS,News Media,2018-10-10,@ja-pa,
https://echo24.cz/,NEWS,News Media,2018-10-10,@ja-pa,
https://www.euro.cz/,NEWS,News Media,2018-10-10,@ja-pa,
https://hlidacipes.org/,NEWS,News Media,2018-10-10,@ja-pa,
https://www.idnes.cz/,NEWS,News Media,2018-10-10,@ja-pa,
https://ihned.cz/,NEWS,News Media,2018-10-10,@ja-pa,
https://www.irozhlas.cz/,NEWS,News Media,2018-10-10,@ja-pa,
https://www.lidovky.cz/,NEWS,News Media,2018-10-10,@ja-pa,
http://www.metro.cz/,NEWS,News Media,2018-10-10,@ja-pa,
https://www.novinky.cz/,NEWS,News Media,2018-10-10,@ja-pa,
https://www.sport.cz/,NEWS,News Media,2018-10-10,@ja-pa,
https://www.tyden.cz/,NEWS,News Media,2018-10-10,@ja-pa,
https://www.soom.cz/,HACK,Hacking Tools,2018-10-10,@ja-pa,
https://www.security-portal.cz/,HACK,Hacking Tools,2018-10-10,@ja-pa,
https://www.hellshare.cz/,FILE,File-sharing,2018-10-10,@ja-pa,
https://uloz.to/,FILE,File-sharing,2018-10-10,@ja-pa,
http://sdilej.cz/,FILE,File-sharing,2018-10-10,@ja-pa,
http://www.leteckaposta.cz/,FILE,File-sharing,2018-10-10,@ja-pa,
https://www.seznam.cz/,SRCH,Search Engines,2018-10-10,@ja-pa,
https://cernorudaprirucka.noblogs.org/,MILX,Terrorism and Militants,2018-10-10,@ja-pa,Manual how to make sabotage action against a government (related to anarchist movement)
http://www.romea.cz/,HUMR,Human Rights Issues,2018-10-10,@ja-pa,News related to Romani minority
https://www.hatefree.cz/,HUMR,Human Rights Issues,2018-10-10,@ja-pa,
https://paragraphos.pecina.cz/,HUMR,Human Rights Issues,2018-10-10,@ja-pa,Blog about Czech law
https://antifenix.noblogs.org/,POLR,Political Criticism,2018-10-10,@ja-pa,Web with Criticism of the Czech Police. Related to the case of prosecuted anarchists for attempting a terrorist attack
