url,category_code,category_description,date_added,source,notes
https://et.wikipedia.org/,CULTR,Culture,2018-07-06,Wikimedia,URLs provided by wikipedia based on the most popular language domains per country
https://fi.wikipedia.org/,CULTR,Culture,2018-07-06,Wikimedia,URLs provided by wikipedia based on the most popular language domains per country
https://en.wiktionary.org/,CULTR,Culture,2018-07-06,Wikimedia,URLs provided by wikipedia based on the most popular language domains per country
https://ru.wiktionary.org/,CULTR,Culture,2018-07-06,Wikimedia,URLs provided by wikipedia based on the most popular language domains per country
https://ru.wikisource.org/,CULTR,Culture,2019-06-07,Wikimedia,URLs provided by wikipedia based on the most popular language domains per country
https://ru.m.wikisource.org/,CULTR,Culture,2019-06-07,Wikimedia,URLs provided by wikipedia based on the most popular language domains per country
