url,category_code,category_description,date_added,source,notes
https://astrill.com/,ANON,Anonymization and circumvention tools,2018-02-01,AFTE,
https://connectedover.com/,ANON,Anonymization and circumvention tools,2018-08-02,AFTE,
https://cool-proxy.net/,ANON,Anonymization and circumvention tools,2018-08-02,AFTE,
https://cyberghostvpn.com/,ANON,Anonymization and circumvention tools,2017-06-23,AFTE,
https://eliteproxyswitcher.com/,ANON,Anonymization and circumvention tools,2018-08-02,AFTE,
https://freesafeip.com/,ANON,Anonymization and circumvention tools,2018-08-02,AFTE,
https://freevpn.pw/,ANON,Anonymization and circumvention tools,2018-08-02,AFTE,
https://freevpn.us/,ANON,Anonymization and circumvention tools,2018-08-02,AFTE,
https://getgom.com/,ANON,Anonymization and circumvention tools,2018-08-02,AFTE,
https://httptunnel.ge/,ANON,Anonymization and circumvention tools,2018-02-01,AFTE,
https://jailbreakvpn.com/,ANON,Anonymization and circumvention tools,2018-08-02,AFTE,
https://libertyshield.com/,ANON,Anonymization and circumvention tools,2018-08-02,AFTE,
https://popunderfreeproxy.eu/,ANON,Anonymization and circumvention tools,2018-08-02,AFTE,
https://potatoproxy.eu/,ANON,Anonymization and circumvention tools,2018-08-02,AFTE,
https://privoxy.org/,ANON,Anonymization and circumvention tools,2018-08-02,AFTE,
https://proxy-listen.de/,ANON,Anonymization and circumvention tools,2018-08-02,AFTE,
https://proxy-youtube.com/,ANON,Anonymization and circumvention tools,2017-12-06,AFTE,
https://proxybonanza.com/,ANON,Anonymization and circumvention tools,2017-12-06,AFTE,
https://proxyhttp.net/,ANON,Anonymization and circumvention tools,2018-02-01,AFTE,
https://proxylistplus.com/,ANON,Anonymization and circumvention tools,2018-02-01,AFTE,
https://proxyservers.pro/,ANON,Anonymization and circumvention tools,2018-02-01,AFTE,
https://sockslist.net/,ANON,Anonymization and circumvention tools,2018-02-01,AFTE,
https://www.4everproxy.com/,ANON,Anonymization and circumvention tools,2017-08-30,AFTE,
https://www.anonym.to/,ANON,Anonymization and circumvention tools,2017-09-05,AFTE,
https://www.anonymouse.org/,ANON,Anonymization and circumvention tools,2017-08-30,AFTE,
https://www.atozproxy.com/,ANON,Anonymization and circumvention tools,2017-08-30,AFTE,
https://www.awebproxy.com/,ANON,Anonymization and circumvention tools,2017-08-30,AFTE,
https://www.awmproxy.com/,ANON,Anonymization and circumvention tools,2017-08-30,AFTE,
https://www.bestvpn.com/,ANON,Anonymization and circumvention tools,2017-08-30,AFTE,
https://www.bitchop.net/,ANON,Anonymization and circumvention tools,2017-08-30,AFTE,
https://blackvpn.com/,ANON,Anonymization and circumvention tools,2017-08-30,AFTE,
https://blewpass.com/,ANON,Anonymization and circumvention tools,2017-08-30,AFTE,
https://boomproxy.com/,ANON,Anonymization and circumvention tools,2017-08-30,AFTE,
https://www.bramka-proxy.pl/,ANON,Anonymization and circumvention tools,2017-10-21,AFTE,
https://www.cactusvpn.com/,ANON,Anonymization and circumvention tools,2017-08-30,AFTE,
https://fiberproxy.net/,ANON,Anonymization and circumvention tools,2017-08-30,AFTE,
https://www.free-proxy-list.net/,ANON,Anonymization and circumvention tools,2017-08-30,AFTE,
https://free-proxy.xyz/,ANON,Anonymization and circumvention tools,2017-08-30,AFTE,
https://free-proxyserver.com/,ANON,Anonymization and circumvention tools,2017-08-30,AFTE,
https://freeeuroproxy.com/,ANON,Anonymization and circumvention tools,2017-08-30,AFTE,
https://www.freeproxy.asia/,ANON,Anonymization and circumvention tools,2017-08-30,AFTE,
https://www.freeproxyserver.co/,ANON,Anonymization and circumvention tools,2017-08-30,AFTE,
https://www.genmirror.com/,ANON,Anonymization and circumvention tools,2017-08-30,AFTE,
https://getfoxyproxy.org/,ANON,Anonymization and circumvention tools,2017-08-30,AFTE,
https://www.gizlenin.com/,ANON,Anonymization and circumvention tools,2017-08-30,AFTE,
https://www.hidemebro.com/,ANON,Anonymization and circumvention tools,2017-08-30,AFTE,
https://www.hidenseek.org/,ANON,Anonymization and circumvention tools,2017-08-30,AFTE,
https://www.hidester.com/,ANON,Anonymization and circumvention tools,2017-08-30,AFTE,
https://www.homeproxy.com/,ANON,Anonymization and circumvention tools,2017-08-30,AFTE,
https://ispunblock.com/,ANON,Anonymization and circumvention tools,2017-08-30,AFTE,
https://www.mullvad.net/,ANON,Anonymization and circumvention tools,2017-08-30,AFTE,
https://www.ninjaweb.xyz/,ANON,Anonymization and circumvention tools,2017-08-30,AFTE,
https://www.orangeproxy.net/,ANON,Anonymization and circumvention tools,2017-08-30,AFTE,
https://www.pandashield.com/,ANON,Anonymization and circumvention tools,2017-08-30,AFTE,
https://www.proxfree.com/,ANON,Anonymization and circumvention tools,2017-08-30,AFTE,
https://proxtube.com/,ANON,Anonymization and circumvention tools,2017-08-30,AFTE,
https://www.proxy-service.de/,ANON,Anonymization and circumvention tools,2017-08-30,AFTE,
https://www.proxydocker.com/,ANON,Anonymization and circumvention tools,2017-08-30,AFTE,
https://proxyload.net/,ANON,Anonymization and circumvention tools,2017-08-30,AFTE,
https://proxymesh.com/,ANON,Anonymization and circumvention tools,2018-03-26,AFTE,
https://proxynova.cosm/,ANON,Anonymization and circumvention tools,2017-08-30,AFTE,
https://www.proxyone.net/,ANON,Anonymization and circumvention tools,2017-08-30,AFTE,
https://www.proxyserver.com/,ANON,Anonymization and circumvention tools,2017-08-30,AFTE,
https://www.proxysite.club/,ANON,Anonymization and circumvention tools,2018-02-01,AFTE,
https://www.proxysite.com/,ANON,Anonymization and circumvention tools,2017-08-30,AFTE,
https://www.proxyswitcher.com/,ANON,Anonymization and circumvention tools,2018-02-01,AFTE,
https://www.prx.im/,ANON,Anonymization and circumvention tools,2017-08-30,AFTE,
https://www.relakks.com/,ANON,Anonymization and circumvention tools,2017-08-30,AFTE,
https://www.socks-proxy.net/,ANON,Anonymization and circumvention tools,2017-08-30,AFTE,
https://sslpro.org/,ANON,Anonymization and circumvention tools,2017-08-30,AFTE,
https://www.sslproxies.org/,ANON,Anonymization and circumvention tools,2017-08-30,AFTE,
https://templeinstitute.org/,ANON,Anonymization and circumvention tools,2017-08-30,AFTE,
https://ultimateproxy.net/,ANON,Anonymization and circumvention tools,2017-08-30,AFTE,
https://www.unblock-sites.com/,ANON,Anonymization and circumvention tools,2017-08-30,AFTE,
https://www.unblockallwebsite.com/,ANON,Anonymization and circumvention tools,2017-08-30,AFTE,
https://unblockfreeproxy.com/,ANON,Anonymization and circumvention tools,2017-08-30,AFTE,
https://unblockproxy.xyz/,ANON,Anonymization and circumvention tools,2017-08-30,AFTE,
https://unblockvideos.com/,ANON,Anonymization and circumvention tools,2017-08-30,AFTE,
https://unblockweb.co/,ANON,Anonymization and circumvention tools,2017-08-30,AFTE,
https://www.undofilters.com/,ANON,Anonymization and circumvention tools,2017-08-30,AFTE,
https://www.unotelly.com/,ANON,Anonymization and circumvention tools,2017-08-30,AFTE,
https://www.us-proxy.org/,ANON,Anonymization and circumvention tools,2017-08-30,AFTE,
https://www.vobas.com/,ANON,Anonymization and circumvention tools,2017-08-30,AFTE,
https://vpn.ht/,ANON,Anonymization and circumvention tools,2017-08-30,AFTE,
https://www.websurf.in/,ANON,Anonymization and circumvention tools,2017-08-30,AFTE,
https://windscribe.com/,ANON,Anonymization and circumvention tools,2017-08-30,AFTE,
https://www.yellowproxy.net/,ANON,Anonymization and circumvention tools,2017-08-30,AFTE,
https://www.zacebookpk.com/,ANON,Anonymization and circumvention tools,2017-08-30,AFTE,
https://zend2.com/,ANON,Anonymization and circumvention tools,2017-08-30,AFTE,
https://zenmate.com/,ANON,Anonymization and circumvention tools,2017-08-30,AFTE,
https://www.zeronet.io/,ANON,Anonymization and circumvention tools,2018-02-25,AFTE,
https://www.ytunblocker.com/,ANON,Anonymization and circumvention tools,2017-12-06,AFTE,
https://zenvpn.net/,ANON,Anonymization and circumvention tools,2017-06-23,AFTE,
https://www.cairo360.com/,CULTR,Culture,2018-02-09,OONI,
https://www.lovehabibi.com/dating/egyptian-dating/,DATE,Online Dating,2018-02-09,OONI,
https://torrents.me/,FILE,File-sharing,2018-08-02,AFTE,
https://anhri.net/,HUMR,Human Rights Issues,2018-02-12,OONI,"Blocked, Regional human rights organization"
https://minorityrights.org/minorities/bahai-of-egypt/,HUMR,Human Rights Issues,2018-02-09,OONI,
https://minorityrights.org/minorities/copts/,HUMR,Human Rights Issues,2018-02-09,OONI,
https://minorityrights.org/minorities/nubians/,HUMR,Human Rights Issues,2018-02-09,OONI,
https://nazra.org/,HUMR,Human Rights Issues,2018-02-09,OONI,
https://www.cihrs.org/,HUMR,Human Rights Issues,2018-02-09,OONI,
https://www.eipr.org/,HUMR,Human Rights Issues,2014-04-15,citizenlab,
https://freemuslim.org/,HUMR,Human Rights Issues,2014-04-15,citizenlab,
https://www.ifex.org/egypt/2017/10/12/mozn-hassan-profile/,HUMR,Human Rights Issues,2018-02-09,OONI,
https://www.qantara.de/,HUMR,Human Rights Issues,2017-08-18,AFTE,regional website
https://www.reporter-ohne-grenzen.de/,HUMR,Human Rights Issues,2017-08-24,AFTE,
https://www.rightlivelihoodaward.org/laureates/mozn-hassan-nazra/,HUMR,Human Rights Issues,2018-02-09,OONI,
https://www.globalgayz.com/,LGBT,LGBT,2014-04-15,citizenlab,
https://linuxquestions.org/,CTRL,Control content,2018-08-02,AFTE,
https://al-sharq.com/,NEWS,News Media,2017-06-20,OONI,blocked
https://alalam.ir/,NEWS,News Media,2017-06-23,AFTE,"Is expected to be blocked in the future, according to the Egyptian context"
https://alamatonline.com/,NEWS,News Media,2018-02-12,OONI,Reportedly blocked
https://alarab.co.uk/,NEWS,News Media,2017-05-31,ADEF,blocked
https://alarab.qa/,NEWS,News Media,2017-06-20,OONI,blocked
https://alaraby.tv/,NEWS,News Media,2017-06-23,AFTE,blocked
https://amlalommah.net/,NEWS,News Media,2017-06-23,AFTE,A website run by the Muslim Brotherhood
https://ansarportsaed.com/,NEWS,News Media,2017-06-23,AFTE,blocked
https://arabist.net/,NEWS,News Media,2014-04-15,citizenlab,
https://arabsolaa.com/,NEWS,News Media,2018-02-12,OONI,Reportedly blocked
https://balkans.aljazeera.net/,NEWS,News Media,2017-06-23,AFTE,
https://doc.aljazeera.net/,NEWS,News Media,2017-06-23,AFTE,
https://dostor.org/,NEWS,News Media,2014-04-15,citizenlab,
https://egyptdailynews.com/,NEWS,News Media,2018-02-12,OONI,Reportedly blocked
https://elmesryoon.com/,NEWS,News Media,2018-04-19,OONI,
https://filfan.com/,NEWS,News Media,2018-08-02,AFTE,
https://gharbiaonline.com/,NEWS,News Media,2018-02-12,OONI,Reportedly blocked
https://harmees.com/,NEWS,News Media,2017-06-23,AFTE,
https://ida2at.com/,NEWS,News Media,2017-06-23,AFTE,
https://madamasr.com/,NEWS,News Media,2017-05-24,ADEF,blocked as of date added
https://moheet.com/,NEWS,News Media,2017-06-20,OONI,
https://nabdapp.com/,NEWS,News Media,2017-06-20,OONI,
https://rassd.com/,NEWS,News Media,2014-04-15,citizenlab,
https://sasapost.com/,NEWS,News Media,2017-06-23,AFTE,Reportedly blocked
https://sport.aljazeera.net/,NEWS,News Media,2017-06-23,AFTE,
https://thawrah2day.com/,NEWS,News Media,2018-02-12,OONI,Reportedly blocked
https://thenewkhalij.org/,NEWS,News Media,2018-02-01,AFTE,
https://turk.life/,NEWS,News Media,2017-06-23,AFTE,
https://www.akhbarelyom.com/,NEWS,News Media,2018-02-09,OONI,This news website is owned by state.
https://www.alamatonline.com/,NEWS,News Media,2017-07-01,AFTE,Reportedly blocked
https://www.albawabhnews.com/,NEWS,News Media,2018-02-09,OONI,
https://www.alborsanews.com/,NEWS,News Media,2017-05-28,ADEF,blocked as of date added
https://www.aljazeera.net/portal,NEWS,News Media,2014-04-15,citizenlab,Reportedly blocked
https://www.almasryalyoum.com/,NEWS,News Media,2018-02-09,OONI,
https://www.defenceweb.co.za/,NEWS,News Media,2017-08-07,AFTE,
https://www.egyptindependent.com/,NEWS,News Media,2018-02-09,OONI,
https://www.egypttoday.com/,NEWS,News Media,2018-02-09,OONI,
https://www.elaph.com/,NEWS,News Media,2014-04-15,citizenlab,
https://www.elbalad.news/,NEWS,News Media,2018-02-09,OONI,
https://www.elfagr.org/,NEWS,News Media,2018-02-09,OONI,
https://www.elwatannews.com/,NEWS,News Media,2018-02-09,OONI,
https://www.gharbiaonline.com/,NEWS,News Media,2017-07-01,AFTE,
https://www.gulf-times.com/,NEWS,News Media,2017-06-23,AFTE,
https://www.kingfut.com/,NEWS,News Media,2018-02-09,OONI,
https://www.masr11.com/,NEWS,News Media,2017-06-23,AFTE,
https://www.masrawy.com/,NEWS,News Media,2014-04-15,citizenlab,
https://masrmix.com/,NEWS,News Media,2017-06-23,AFTE,
https://www.mc-doualiya.com/,NEWS,News Media,2018-09-13,OONI,
https://www.raya.com/,NEWS,News Media,2017-06-23,AFTE,
https://www.raya.com/portal,NEWS,News Media,2017-05-24,OONI,blocked as of date added
https://www.sabaharabi.com/,NEWS,News Media,2018-02-09,OONI,
https://www.tahrirnews.com/,NEWS,News Media,2018-02-09,OONI,
https://www.thepeninsulaqatar.com/,NEWS,News Media,2017-06-23,AFTE,
https://ultrasawt.com/,NEWS,News Media,2017-07-22,AFTE,
https://www.watanserb.com/,NEWS,News Media,2017-07-13,AFTE,Reportedly blocked
https://hamas.ps/,POLR,Political Criticism,2017-06-23,AFTE,
https://revsoc.me/,POLR,Political Criticism,2017-06-23,AFTE,Reportedly blocked
https://www.bahai.org/persecution/egypt/update,REL,Religion,2018-02-09,OONI,
https://shabab6april.wordpress.com/about/shabab-6-april-youth-movement-about-us-in-english/,POLR,Political Criticism,2018-02-10,OONI,
https://huffpostarabi.com/,NEWS,News Media,2017-06-20,OONI,blocked
https://www.alquds.co.uk/,NEWS,News Media,2014-04-15,citizenlab,
https://katib.net/,NEWS,News Media,2018-08-02,AFTE,stopped since Nov 2018 after being blocked
http://www.siyassa.org.eg/,POLR,Political Criticism,2018-02-09,OONI,This news website is owned by state. It is unlikely to be critical or blocked in the future.
https://islamonline.net/,REL,Religion,2014-04-15,citizenlab,
http://rocketvpnapp.com/,ANON,Anonymization and circumvention tools,2018-08-02,AFTE,
http://www.freenom.link/,ANON,Anonymization and circumvention tools,2017-10-21,AFTE,
https://www.zophar.net/proxy,ANON,Anonymization and circumvention tools,2017-08-30,AFTE,
http://cencos.org/,NEWS,News Media,2018-05-03,AFTE,
https://www.alalamtv.net/,NEWS,News Media,2014-04-15,citizenlab,
https://www.trtarabi.com/,NEWS,News Media,2017-07-22,AFTE,
http://www.merip.org/mer/mer206/aids-hotline-cairo,PUBH,Public Health,2018-02-09,OONI,
https://centerforinquiry.org/blog/category/secular-islam/,HUMR,Human Rights Issues,2014-04-15,citizenlab,
https://atbrownies.blogspot.com/,POLR,Political Criticism,2017-10-21,AFTE,
http://uproxy.org/,ANON,Anonymization and circumvention tools,2017-12-06,AFTE,
http://www.egface.com/,GRP,Social Networking,2018-03-30,AFTE,Reportedly blocked
http://www.ec-rf.org/,HUMR,Human Rights Issues,2017-09-05,AFTE,Reportedly blocked
https://www.sinaihr.org/,HUMR,Human Rights Issues,2017-06-20,OONI,blocked as of date added
http://alkessa.com/,NEWS,News Media,2017-06-23,AFTE,Stopped after being blocked. Last accessible 2018
https://elbadil.com/,NEWS,News Media,2018-02-10,OONI,stopped after blocked
http://elbadil.net/,NEWS,News Media,2014-04-15,citizenlab,stopped after blocked
http://klmty.net/,NEWS,News Media,2014-04-15,citizenlab,blocked
http://m.alkessa.com/,NEWS,News Media,2018-02-12,OONI,Reportedly blocked
http://manzalawy.net/,NEWS,News Media,2018-02-12,OONI,Reportedly blocked
http://masreiat.com/,NEWS,News Media,2017-06-23,AFTE,Reportedly blocked
http://omamh.com/,NEWS,News Media,2018-08-02,AFTE,Reportedly blocked
http://qtv.qa/,NEWS,News Media,2017-06-20,OONI,
https://tournews.ar.nf/,NEWS,News Media,2018-08-02,AFTE,Reportedly blocked
http://www.arabyexpressnews.com/,NEWS,News Media,2017-06-23,AFTE,Reportedly blocked
http://tiranwsanafir.com/,POLR,Political Criticism,2018-02-12,OONI,Reportedly blocked
http://www.gamal-mubarak.com/,POLR,Political Criticism,2014-04-15,citizenlab,
http://akhbaralaalam.net/,NEWS,News Media,2017-06-23,AFTE,Stopped after being blocked. Last accessible 2018
http://cairoportal.com/,NEWS,News Media,2017-06-20,OONI,the website stopped since 2017 after blocked
http://elbehira.net/,NEWS,News Media,2017-06-23,AFTE,stopped after blocked
http://wamtimes.com/,NEWS,News Media,2017-06-23,AFTE,Reportedly blocked
http://www.alscene.com/,NEWS,News Media,2017-07-01,AFTE,resource closed after being blocked
http://www.alshaab.com/,NEWS,News Media,2014-04-15,citizenlab,resource close after being blocked
http://www.ardmasr.com/,NEWS,News Media,2017-06-23,AFTE,Reportedly blocked
http://www.fekrapost.com/,NEWS,News Media,2017-07-26,AFTE,
http://www.sharkiaonline.com/,NEWS,News Media,2017-06-23,AFTE,
http://www.watantvlive.com/,NEWS,News Media,2018-02-10,OONI,Reportedly blocked
http://www.ikhwan.net/forum/index.php,POLR,Political Criticism,2014-04-15,citizenlab,
http://thedailynewsegypt.com/,NEWS,News Media,2017-05-28,ADEF,blocked as of date added
http://www.korabia.com/,NEWS,News Media,2017-07-13,AFTE,Domain blocked in the past. Redirects to football website
http://masralekhbaria.com/,NEWS,News Media,2017-06-23,AFTE,
http://www.fjponline.com/,NEWS,News Media,2014-04-15,citizenlab,
http://raya.com/,NEWS,News Media,2017-06-20,OONI,Reportedly blocked
http://www.aljisr-news.com/,COMM,E-commerce,2017-07-01,AFTE,in past this website was provided news. Keep monitoring
http://motamemservice.com/,NEWS,News Media,2017-06-23,AFTE,
http://s4s4s4.com/,NEWS,News Media,2017-06-23,AFTE,Reportedly blocked
http://www.elborsanews.com/,NEWS,News Media,2017-05-28,ADEF,not yet blocked. Alias of blocked site alborsanews.com
http://yanairgate.net/,NEWS,News Media,2017-06-23,AFTE,
http://www.toktokmag.com/home.htm,CULTR,Culture,2018-02-09,OONI,Egypt's first independent self-published comic magazine
http://albedaiah.com/,NEWS,News Media,2017-06-23,AFTE,Updates stopped after being blocked.
http://madaad.net/,NEWS,News Media,2017-06-23,AFTE,Reportedly blocked
http://www.aswatmasriya.com/,NEWS,News Media,2017-05-24,OONI,blocked as of date added- the website closed and not updated since 2017
http://www.katib.org/,NEWS,News Media,2014-04-15,citizenlab,Reportedly blocked
https://manalaa.net/,POLR,Political Criticism,2018-04-19,OONI,blocked
http://www.2fastsurfer.com/,ANON,Anonymization and circumvention tools,2017-08-30,AFTE,
http://www.345proxy.ml/,ANON,Anonymization and circumvention tools,2017-10-21,AFTE,
http://www.456proxy.ml/,ANON,Anonymization and circumvention tools,2017-10-21,AFTE,
http://www.befreeproxy.com/,ANON,Anonymization and circumvention tools,2017-10-21,AFTE,
http://al-gornal.com/,NEWS,News Media,2017-06-23,AFTE,blocked
http://horriapost.net/,NEWS,News Media,2017-05-24,ADEF,blocked as of date added. Redirects to irrelevant content. Keep monitoring
http://www.alahrambeverages.com/age-gate/?ref=1088,ALDR,Alcohol & Drugs,2019-03-31,netaltica,
https://www.jumia.com.eg/ar/,COMM,E-commerce,2019-05-16,Netalitica,
https://www.egyptair.com/,COMM,E-commerce,2019-05-16,Netalitica,
https://wire.com/en/,COMT,Communication Tools,2019-03-31,netaltica,
https://te.eg/wps/portal/te/Personal,COMT,Communication Tools,2019-05-16,Netalitica,
https://www.timewatch.co.il/,CTRL,Control content,2019-05-16,Netalitica,To check if Israel top level domain name is blocked
https://www.technion.ac.il/,CTRL,Control content,2019-05-16,Netalitica,To check if Israel top level domain name is blocked
http://www.energym.co.il/,CTRL,Control content,2019-05-16,Netalitica,To check if Israel top level domain name is blocked
https://www.ikhtyar.org/,CULTR,Culture,2019-03-31,netaltica,
https://www.7iber.com/,CULTR,Culture,2019-03-31,netaltica,
https://daraj.com/,CULTR,Culture,2019-03-31,netaltica,
https://middle-east-online.com/,CULTR,Culture,2019-03-31,netaltica,
https://wlahawogohokhra.com/,CULTR,Culture,2019-03-31,netaltica,
https://www.mosaicmena.org/,CULTR,Culture,2019-03-31,netaltica,
https://manshurat.org/,CULTR,Culture,2019-03-31,netaltica,
https://www.medinaportal.com/,CULTR,Culture,2019-03-31,netaltica,
https://genderation.xyz/wiki/%D8%A7%D9%84%D8%B5%D9%81%D8%AD%D8%A9_%D8%A7%D9%84%D8%B1%D8%A6%D9%8A%D8%B3%D9%8A%D8%A9,CULTR,Culture,2019-03-31,netaltica,
http://www.islamist-movements.com/,CULTR,Culture,2019-03-31,netaltica,
https://mawdoo3.com/,CULTR,Culture,2019-03-31,netaltica,
https://www.marefa.org/%D8%A7%D9%84%D8%B5%D9%81%D8%AD%D8%A9_%D8%A7%D9%84%D8%B1%D8%A6%D9%8A%D8%B3%D9%8A%D8%A9,CULTR,Culture,2019-03-31,netaltica,
http://jadaliyya.com/,CULTR,Culture,2019-03-31,netaltica,
https://www.dc4mf.org/,CULTR,Culture,2019-03-31,netaltica,
https://manshoor.com/,CULTR,Culture,2019-03-31,netaltica,
http://na.lisaanmasry.com/intro_en/index.html,CULTR,Culture,2019-05-16,Netalitica,
http://www.awttar.com/,CULTR,Culture,2019-05-16,Netalitica,
https://www.aljasraculture.com/,CULTR,Culture,2019-05-16,Netalitica,
http://www.adab.com/,CULTR,Culture,2019-05-16,Netalitica,
https://www.diwanalarab.com/,CULTR,Culture,2019-05-16,Netalitica,
https://www.aldiwan.net/,CULTR,Culture,2019-05-16,Netalitica,
http://www.alapn.co/ar/,CULTR,Culture,2019-05-16,Netalitica,
http://arabca.net/,CULTR,Culture,2019-05-16,Netalitica,
https://www.hiamag.com/,CULTR,Culture,2019-05-16,Netalitica,
https://www.alukah.net/,CULTR,Culture,2019-05-16,Netalitica,
https://arb.majalla.com/,CULTR,Culture,2019-05-16,Netalitica,
http://egyptmusic.org/en/,CULTR,Culture,2019-05-16,Netalitica,
http://www.culturewheel.com/ar,CULTR,Culture,2019-06-02,Netalitica,
http://assabeel.net/,DATE,Online Dating,2019-05-16,Netalitica,
http://www.xn--mgbai3a1bycq.net/,DATE,Online Dating,2019-05-16,Netalitica,
https://www.betrallyelarab.com/,DATE,Online Dating,2019-05-16,Netalitica,
https://www.zohradating.com/,DATE,Online Dating,2019-05-16,Netalitica,
https://www.nisfo.com/,DATE,Online Dating,2019-05-16,Netalitica,
https://ahlam.net/,DATE,Online Dating,2019-05-16,Netalitica,
https://msyaronline.com/,DATE,Online Dating,2019-05-16,Netalitica,
https://www.soudfa.com/,DATE,Online Dating,2019-05-16,Netalitica,
https://www.muslima.com/ar,DATE,Online Dating,2019-05-16,Netalitica,
https://zawgaty.com/,DATE,Online Dating,2019-05-16,Netalitica,
https://www.zawaj.com/,DATE,Online Dating,2019-05-16,Netalitica,
https://almalnews.com/,ECON,Economics,2019-05-16,Netalitica,
https://eqtisadmisr.com/,ECON,Economics,2019-05-16,Netalitica,
http://ektsadmasr.com/,ECON,Economics,2019-05-16,Netalitica,
https://www.yalla.business/,ECON,Economics,2019-05-16,Netalitica,
https://alborsaanews.com/,ECON,Economics,2019-05-16,Netalitica,
https://www.alsindibad.com/,FILE,File-sharing,2019-05-16,Netalitica,
https://ar4up.com/,FILE,File-sharing,2019-05-16,Netalitica,
http://www.th3download.com/,FILE,File-sharing,2019-05-16,Netalitica,
https://www.downloadxdriver.com/,FILE,File-sharing,2019-05-16,Netalitica,
http://www.arabyarea.com/,FILE,File-sharing,2019-05-16,Netalitica,
https://www.bramjfreee.com/,FILE,File-sharing,2019-05-16,Netalitica,
https://www.arbprograms.com/,FILE,File-sharing,2019-05-16,Netalitica,
http://www.5-yal.com/,FILE,File-sharing,2019-05-16,Netalitica,
http://multkasoft.com/,FILE,File-sharing,2019-05-16,Netalitica,
https://www.androidapps-ar.com/,FILE,File-sharing,2019-05-16,Netalitica,
https://technoarabi.com/,FILE,File-sharing,2019-05-16,Netalitica,
https://www.alarabydownloads.com/,FILE,File-sharing,2019-05-16,Netalitica,
https://www.mo7pro.com/,FILE,File-sharing,2019-05-16,Netalitica,
http://shamela.ws/index.php,FILE,File-sharing,2019-05-16,Netalitica,
https://www.esm3.com/,FILE,File-sharing,2019-05-16,Netalitica,
https://www.casino.org/arabic/,GMB,Gambling,2019-03-31,netaltica,
https://www.arabycasinos.com/,GMB,Gambling,2019-03-31,netaltica,
https://www.viparabcasinos.com/,GMB,Gambling,2019-03-31,netaltica,
https://www.casinoelarab.com/,GMB,Gambling,2019-03-31,netaltica,
https://www.a7lacasino.com/,GMB,Gambling,2019-03-31,netaltica,
https://arabian-roulette.com/,GMB,Gambling,2019-03-31,netaltica,
https://www.casinoarbi.com/,GMB,Gambling,2019-03-31,netaltica,
http://www.us.sis.gov.eg/?lang=en-US,GOVT,Government,2019-05-16,Netalitica,
https://www.mfa.gov.eg/English/Pages/default.aspx,GOVT,Government,2019-05-16,Netalitica,
https://www.msf.org/ar,HUMR,Human Rights Issues,2019-03-31,netaltica,
http://andalusitas.net/,HUMR,Human Rights Issues,2019-03-31,netaltica,
http://lchr-eg.org/,HUMR,Human Rights Issues,2019-03-31,netaltica,
https://ecesr.org/,HUMR,Human Rights Issues,2019-03-31,netaltica,
http://www.adalaheg.org/,HUMR,Human Rights Issues,2019-03-31,netaltica,
https://egyptianfront.org/,HUMR,Human Rights Issues,2019-03-31,netaltica,
https://beladyrf.org/,HUMR,Human Rights Issues,2019-03-31,netaltica,
https://www.cfjustice.org/,HUMR,Human Rights Issues,2019-03-31,netaltica,
http://ecpps.org/index.php/ar/,HUMR,Human Rights Issues,2019-03-31,netaltica,
https://www.escr-net.org/ar,HUMR,Human Rights Issues,2019-03-31,netaltica,
http://legal-agenda.com/,HUMR,Human Rights Issues,2019-03-31,netaltica,
http://www.afalebanon.org/ar/,HUMR,Human Rights Issues,2019-03-31,netaltica,
http://www.aihr-iadh.org/ar/,HUMR,Human Rights Issues,2019-03-31,netaltica,
https://www.fidh.org/ar,HUMR,Human Rights Issues,2019-03-31,netaltica,
https://www.arab-reform.net/,HUMR,Human Rights Issues,2019-03-31,netaltica,
https://www.ifex.org/ar/,HUMR,Human Rights Issues,2019-03-31,netaltica,
http://freedomseekers.org/,HUMR,Human Rights Issues,2019-03-31,netaltica,
https://harassmap.org/ar,HUMR,Human Rights Issues,2019-03-31,netaltica,
https://whrdmena.org/,HUMR,Human Rights Issues,2019-03-31,netaltica,
http://arabic.musawah.org/,HUMR,Human Rights Issues,2019-03-31,netaltica,
http://qadaya.net/,HUMR,Human Rights Issues,2019-03-31,netaltica,
https://ar.globalvoices.org/,HUMR,Human Rights Issues,2019-03-31,netaltica,
https://www.ec-rf.net/,HUMR,Human Rights Issues,2019-05-16,Netalitica,
https://egypthumanrights.com/,HUMR,Human Rights Issues,2019-05-16,Netalitica,
http://emhrf.org/ar/,HUMR,Human Rights Issues,2019-05-16,Netalitica,
https://euromedmonitor.org/ar,HUMR,Human Rights Issues,2019-05-16,Netalitica,
http://hrdoegypt.org/,HUMR,Human Rights Issues,2019-05-16,Netalitica,
https://arabawy.org/,HUMR,Human Rights Issues,2019-05-16,Netalitica,
https://www.ochaopt.org/,IGO,Intergovernmental Organizations,2019-03-31,netaltica,
https://bedayaa.webs.com/,LGBT,LGBT,2019-03-31,netaltica,
https://transatsite.com/,LGBT,LGBT,2019-03-31,netaltica,
https://www.mesahatfoundation.org/,LGBT,LGBT,2019-03-31,netaltica,
https://rainbowegypt.org/,LGBT,LGBT,2019-05-16,Netalitica,
http://arabiclgbt.blogspot.com/,LGBT,LGBT,2019-05-16,Netalitica,
https://kwirmedia.com/,LGBT,LGBT,2019-05-16,Netalitica,
https://www.homochat.org/ar/,LGBT,LGBT,2019-05-16,Netalitica,
https://www.lgbtarabic.com/,LGBT,LGBT,2019-05-16,Netalitica,
https://majal.org/ahwaa,LGBT,LGBT,2019-05-16,Netalitica,
https://ahwaa.org/?lang=ar,LGBT,LGBT,2019-05-16,Netalitica,
https://www.mykalimag.com/,LGBT,LGBT,2019-05-16,Netalitica,
http://www.aswatmag.com/,LGBT,LGBT,2019-05-16,Netalitica,
https://www.beirutpride.org/,LGBT,LGBT,2019-05-16,Netalitica,
http://www.helem.net/,LGBT,LGBT,2019-05-16,Netalitica,
https://thequeerarabs.com/,LGBT,LGBT,2019-05-16,Netalitica,
http://www.lgbtmuslimretreat.com/,LGBT,LGBT,2019-05-16,Netalitica,
https://londonqueermuslims.com/,LGBT,LGBT,2019-05-16,Netalitica,
https://egy.best/,MMED,Media sharing,2019-05-16,Netalitica,
https://tv.arblionz.com/,MMED,Media sharing,2019-05-16,Netalitica,
https://rmdan.net/,MMED,Media sharing,2019-05-16,Netalitica,
http://movizland.online/,MMED,Media sharing,2019-05-16,Netalitica,
https://www.arabseed.tv/,MMED,Media sharing,2019-05-16,Netalitica,
http://cima4up.co/%D9%85%D8%B2%D9%8A%D9%83%D8%A7-%D8%AA%D9%88-%D8%AF%D8%A7%D9%89-mazika2day/,MMED,Media sharing,2019-05-16,Netalitica,
http://shahid4.com/,MMED,Media sharing,2019-05-16,Netalitica,
http://aflam06.com/,MMED,Media sharing,2019-06-02,Netalitica,Reportedly blocked
https://4helal.tv/,MMED,Media sharing,2019-06-02,Netalitica,Reportedly blocked
https://eg.arblionz.com/,MMED,Media sharing,2019-06-02,Netalitica,Reportedly blocked
https://egybest.video/,MMED,Media sharing,2019-06-02,Netalitica,Reportedly blocked
https://emotionvideo-tv.com/,MMED,Media sharing,2019-06-02,Netalitica,Reportedly blocked
https://on.arbcinema.com/cat_film/%D8%A7%D9%81%D9%84%D8%A7%D9%85-%D8%A7%D8%AC%D9%86%D8%A8%D9%8A/,MMED,Media sharing,2019-06-02,Netalitica,Reportedly blocked
https://shahidlive.co/,MMED,Media sharing,2019-06-02,Netalitica,Reportedly blocked
https://tv.mycima.tv/,MMED,Media sharing,2019-06-02,Netalitica,Reportedly blocked
https://tv.series4watch.online/,MMED,Media sharing,2019-06-02,Netalitica,Reportedly blocked
https://www.egyshare.online/,MMED,Media sharing,2019-06-02,Netalitica,Reportedly blocked
https://www.halacima.net/,MMED,Media sharing,2019-06-02,Netalitica,Reportedly blocked
https://www.series4watch.online/,MMED,Media sharing,2019-06-02,Netalitica,Reportedly blocked
https://www.shahidwbas.com/,MMED,Media sharing,2019-06-02,Netalitica,Reportedly blocked
https://www.zeedrama.net/,MMED,Media sharing,2019-06-02,Netalitica,Reportedly blocked
https://arabicpost.net/,NEWS,News Media,2019-03-31,netaltica,
https://www.vice.com/ar,NEWS,News Media,2019-03-31,netaltica,
https://www.e3lam.org/,NEWS,News Media,2019-03-31,netaltica,
https://raseef22.com/,NEWS,News Media,2019-03-31,netaltica,
https://www.elmwatin.com/,NEWS,News Media,2019-03-31,netaltica,
https://www.alnaharegypt.com/,NEWS,News Media,2019-03-31,netaltica,
http://www.propaganda-eg.com/,NEWS,News Media,2019-03-31,netaltica,
https://www.vetogate.com/,NEWS,News Media,2019-03-31,netaltica,
https://aljaras.com/,NEWS,News Media,2019-03-31,netaltica,
https://www.alsolta.net/,NEWS,News Media,2019-03-31,netaltica,
https://www.fanmog.com/,NEWS,News Media,2019-03-31,netaltica,
https://www.elnabaa.net/,NEWS,News Media,2019-03-31,netaltica,
http://al-maqal.com/,NEWS,News Media,2019-03-31,netaltica,
https://www.masress.com/,NEWS,News Media,2019-03-31,netaltica,
https://khabars7.com/,NEWS,News Media,2019-03-31,netaltica,
https://www.medanelakhbar.com/,NEWS,News Media,2019-03-31,netaltica,
https://news.akhbarten.com/,NEWS,News Media,2019-03-31,netaltica,
https://alsharqtimes.com/,NEWS,News Media,2019-03-31,netaltica,
https://www.arab48.com/,NEWS,News Media,2019-03-31,netaltica,
https://www.khaberni.com/,NEWS,News Media,2019-03-31,netaltica,
https://sputniknews.com/,NEWS,News Media,2019-03-31,netaltica,
https://zahma.cairolive.com/,NEWS,News Media,2019-03-31,netaltica,
https://mantiqti.cairolive.com/,NEWS,News Media,2019-03-31,netaltica,
http://www.almarjie-paris.com/,NEWS,News Media,2019-03-31,netaltica,
https://www.elsaba7.com/,NEWS,News Media,2019-03-31,netaltica,
https://www.yenisafak.com/ar/,NEWS,News Media,2019-03-31,netaltica,
http://ahdasalyoum.com/,NEWS,News Media,2019-03-31,netaltica,
https://domiatwindow.net/,NEWS,News Media,2019-03-31,netaltica,
https://www.christian-dogma.com/,NEWS,News Media,2019-03-31,netaltica,
https://www.aa.com.tr/ar,NEWS,News Media,2019-03-31,netaltica,
https://twitter.com/ajarabic,NEWS,News Media,2019-04-02,netaltica,
https://www.moqawama.org/,NEWS,News Media,2019-05-16,Netalitica,Aligned with Hizbullah
http://www.almayadeen.net/,NEWS,News Media,2019-05-16,Netalitica,Aligned with Hizbullah
https://www.zamanalwsl.net/,NEWS,News Media,2019-05-16,Netalitica,Aligned with Syrinan armed conflict
https://www.enabbaladi.net/,NEWS,News Media,2019-05-16,Netalitica,Aligned with Syrinan armed conflict
https://www.orient-news.net/,NEWS,News Media,2019-05-16,Netalitica,Aligned with Syrinan armed conflict
http://www.etilaf.org/,NEWS,News Media,2019-05-16,Netalitica,Aligned with Syrinan armed conflict
http://thesyriannetwork.net/,NEWS,News Media,2019-05-16,Netalitica,Aligned with Syrinan armed conflict
https://www.raialyoum.com/,NEWS,News Media,2019-05-16,Netalitica,Critical reporting
https://www.alaraby.co.uk/portal,NEWS,News Media,2019-05-16,Netalitica,Critical reporting
http://saadahpress.net/news/,NEWS,News Media,2019-05-16,Netalitica,Yemen-aligned
http://sabanews.net/ar/,NEWS,News Media,2019-05-16,Netalitica,Yemen-aligned
http://www.26sep.net/,NEWS,News Media,2019-05-16,Netalitica,Yemen-aligned
http://www.almasirah.net/,NEWS,News Media,2019-05-16,Netalitica,Yemen-aligned
http://www.ansarollah.com/,NEWS,News Media,2019-05-16,Netalitica,Yemen-aligned
http://althawrah.ye/,NEWS,News Media,2019-05-16,Netalitica,Yemen-aligned
http://www.ansarallah.net/,NEWS,News Media,2019-05-16,Netalitica,Yemen-aligned
http://www.saadahpress.net/news/,NEWS,News Media,2019-05-16,Netalitica,Yemen-aligned
http://news.egypt.com/arabic/,NEWS,News Media,2019-05-16,Netalitica,
https://www.elfagr.com/,NEWS,News Media,2019-05-16,Netalitica,
http://elsharq.org/,NEWS,News Media,2019-05-16,Netalitica,
https://www.elaosboa.com/,NEWS,News Media,2019-05-16,Netalitica,
http://www.shbabmisr.com/,NEWS,News Media,2019-05-16,Netalitica,
http://www.eigportal.com/,POLR,Political Criticism,2019-03-31,netaltica,
http://eslahnahda.com/,POLR,Political Criticism,2019-03-31,netaltica,
http://eltahalof.com/,POLR,Political Criticism,2019-03-31,netaltica,
http://altagamoa.org/,POLR,Political Criticism,2019-03-31,netaltica,
http://gabhasalafia.com/,POLR,Political Criticism,2019-03-31,netaltica,
https://alhudood.net/,POLR,Political Criticism,2019-03-31,netaltica,
https://www.washingtoninstitute.org/ar/,POLR,Political Criticism,2019-03-31,netaltica,
https://www.dohainstitute.org/AR/Pages/index.aspx,POLR,Political Criticism,2019-03-31,netaltica,
http://ercegypt.org/,POLR,Political Criticism,2019-03-31,netaltica,
https://eipss-eg.org/,POLR,Political Criticism,2019-03-31,netaltica,
http://gamalheshmat.com/,POLR,Political Criticism,2019-03-31,netaltica,
https://www.alqassam.ps/,POLR,Political Criticism,2019-03-31,netaltica,
http://aoc.fm/wp/,POLR,Political Criticism,2019-03-31,netaltica,
https://twitter.com/ElBaradei,POLR,Political Criticism,2019-04-02,netaltica,
https://twitter.com/ikhwanonlinecom,POLR,Political Criticism,2019-04-02,netaltica,
https://www.facebook.com/Ikhwan.Official/,POLR,Political Criticism,2019-04-02,netaltica,
https://voiceonline.net/,POLR,Political Criticism,2019-05-16,Netalitica,Political campaign against constitution
https://dostorakbatel.today/,POLR,Political Criticism,2019-05-16,Netalitica,Political campaign against constitution
https://masryaom.me/,POLR,Political Criticism,2019-05-16,Netalitica,Political campaign against constitution
https://hurreya.net/,POLR,Political Criticism,2019-05-16,Netalitica,Political campaign against constitution
https://sout1.us/,POLR,Political Criticism,2019-05-16,Netalitica,Political campaign against constitution
https://sotna.today/,POLR,Political Criticism,2019-05-16,Netalitica,Political campaign against constitution
https://34000sites.com/,POLR,Political Criticism,2019-05-16,Netalitica,Political campaign against constitution
https://batel2034.net/,POLR,Political Criticism,2019-05-16,Netalitica,Political campaign against constitution
https://helm1.us/,POLR,Political Criticism,2019-05-16,Netalitica,Political campaign against constitution
http://www.qatarradio.qa/,POLR,Political Criticism,2019-05-16,Netalitica,Qatar-aligned
https://www.qatarairways.com/en-us/homepage.html,POLR,Political Criticism,2019-05-16,Netalitica,Qatar-aligned
https://www.diwan.gov.qa/,POLR,Political Criticism,2019-05-16,Netalitica,Qatar-aligned
http://www.ikhwantube.com/,POLR,Political Criticism,2019-05-16,Netalitica,Muslim Brotherhood
https://ikhwansyria.com/,POLR,Political Criticism,2019-05-16,Netalitica,Muslim Brotherhood
http://www.ikhwanpress.com/,POLR,Political Criticism,2019-05-16,Netalitica,Muslim Brotherhood
http://www.al-jamaa.org/,POLR,Political Criticism,2019-05-16,Netalitica,Muslim Brotherhood
http://www.ikhwan.sd/,POLR,Political Criticism,2019-05-16,Netalitica,Muslim Brotherhood
http://www.revolution25january.com/,POLR,Political Criticism,2019-05-16,Netalitica,Muslim Brotherhood
https://carnegie-mec.org/,POLR,Political Criticism,2019-05-16,Netalitica,
http://www.egyptrev.net/,POLR,Political Criticism,2019-05-16,Netalitica,
http://masralthawra.com/,POLR,Political Criticism,2019-05-16,Netalitica,
http://www.hayaparty.org/,POLR,Political Criticism,2019-05-16,Netalitica,
http://www.alnourparty.com/,POLR,Political Criticism,2019-05-16,Netalitica,
http://hizb-ut-tahrir.info/ar/,POLR,Political Criticism,2019-05-16,Netalitica,
http://almohafezeen.com/,POLR,Political Criticism,2019-05-16,Netalitica,
http://www.rdpegypt.org/rdp/index.php,POLR,Political Criticism,2019-05-16,Netalitica,
https://emiratesleaks.com/,POLR,Political Criticism,2019-05-16,Netalitica,Gulf conflict
https://qatarileaks.com/ar,POLR,Political Criticism,2019-05-16,Netalitica,Gulf conflict
http://althwraalmasrya.com/,POLR,Political Criticism,2019-07-20,netaltica,political party
http://www.masralthawra.com/,POLR,Political Criticism,2019-07-20,netaltica,political party not operational at time of inclusion
http://www.eladl.org/,POLR,Political Criticism,2019-07-20,netaltica,political party not operational at time of inclusion
http://www.alfadyla.org/,POLR,Political Criticism,2019-07-20,netaltica,political party not operational at time of inclusion
http://www.eg-greens.org/,POLR,Political Criticism,2019-07-20,netaltica,political party not operational at time of inclusion
http://soutalmasreyeen.org/,POLR,Political Criticism,2019-07-20,netaltica,political party
http://www.c-d-p-e.org/,POLR,Political Criticism,2019-07-20,netaltica,political party not operational at time of inclusion
http://www.algomhoryalhor.com/,POLR,Political Criticism,2019-07-20,netaltica,political party not operational at time of inclusion
http://www.aldostory.org/,POLR,Political Criticism,2019-07-20,netaltica,political party not operational at time of inclusion
http://www.mesralknana.com/,POLR,Political Criticism,2019-07-20,netaltica,political party not operational at time of inclusion
http://www.benaaparty.com/,POLR,Political Criticism,2019-07-20,netaltica,political party not operational at time of inclusion
http://www.elhoryaelmasry.com/,POLR,Political Criticism,2019-07-20,netaltica,political party
http://www.cp-egypt.com/,POLR,Political Criticism,2019-07-20,netaltica,political party not operational at time of inclusion
http://www.al-dusturiyyin.org/,POLR,Political Criticism,2019-07-20,netaltica,political party
http://www.hwmparty.com/,POLR,Political Criticism,2019-07-20,netaltica,political party
http://www.alsadatparty.com/,POLR,Political Criticism,2019-07-20,netaltica,political party not operational at time of inclusion
http://www.althawramostamera.com/,POLR,Political Criticism,2019-07-20,netaltica,political party not operational at time of inclusion
http://www.misralqawia.org/,POLR,Political Criticism,2019-07-20,netaltica,political party not operational at time of inclusion
http://forsan-masr.com/,POLR,Political Criticism,2019-07-20,netaltica,political party
http://www.mostaqbal-watan.org.eg/,POLR,Political Criticism,2019-07-20,netaltica,political party not operational at time of inclusion
http://www.ndp.org.eg/,POLR,Political Criticism,2019-07-20,netaltica,political party not operational at time of inclusion
https://www.libegyparty.com/,POLR,Political Criticism,2019-07-20,netaltica,political party not operational at time of inclusion
http://egysecularparty.org/,POLR,Political Criticism,2019-07-20,netaltica,political party
https://sexsaoy.com/,PORN,Pornography,2019-03-31,netaltica,
https://xxxnxx.me/,PORN,Pornography,2019-03-31,netaltica,
https://sexjk.com/,PORN,Pornography,2019-03-31,netaltica,
https://arabysexy.com/,PORN,Pornography,2019-03-31,netaltica,
http://3arabporn.com/,PORN,Pornography,2019-03-31,netaltica,
https://www.freearabsexx.com/,PORN,Pornography,2019-03-31,netaltica,
https://sex4arabxxx.com/,PORN,Pornography,2019-03-31,netaltica,
https://www.6neek.com/,PORN,Pornography,2019-03-31,netaltica,
https://zobry.site/,PORN,Pornography,2019-03-31,netaltica,
https://b3bos.com/,PORN,Pornography,2019-03-31,netaltica,
https://www.6arabs.com/,PORN,Pornography,2019-03-31,netaltica,
https://mitnaka.com/,PORN,Pornography,2019-03-31,netaltica,
https://sexalarab.com/,PORN,Pornography,2019-03-31,netaltica,
https://www.aflamsex.net/,PORN,Pornography,2019-03-31,netaltica,
https://www.moviesneek.com/,PORN,Pornography,2019-03-31,netaltica,
https://tiaz.site/,PORN,Pornography,2019-03-31,netaltica,
https://6-ar.com/,PORN,Pornography,2019-03-31,netaltica,
https://www.victoriassecret.ae/en,PROV,Provocative Attire,2019-05-16,Netalitica,
https://www.daloah.com/,PROV,Provocative Attire,2019-05-16,Netalitica,
https://www.miraclelingerie.ae/,PROV,Provocative Attire,2019-05-16,Netalitica,
https://en-ae.namshi.com/,PROV,Provocative Attire,2019-05-16,Netalitica,
https://www.kiabi.ae/,PROV,Provocative Attire,2019-05-16,Netalitica,
https://brayola.com/,PROV,Provocative Attire,2019-05-16,Netalitica,
https://www.doctoori.net/,PUBH,Public Health,2019-05-16,Netalitica,
https://www.sehaama.com/,PUBH,Public Health,2019-05-16,Netalitica,
https://a3chabe.com/public-health,PUBH,Public Health,2019-05-16,Netalitica,
https://www.se7a4evryone.com/,PUBH,Public Health,2019-05-16,Netalitica,
https://www.seha-tok.com/,PUBH,Public Health,2019-05-16,Netalitica,
http://www.hi-mama.com/,PUBH,Public Health,2019-05-16,Netalitica,
https://www.3rbdr.net/,PUBH,Public Health,2019-05-16,Netalitica,
http://www.mediall1.com/,PUBH,Public Health,2019-05-16,Netalitica,
https://www.webteb.com/,PUBH,Public Health,2019-05-16,Netalitica,
http://www.sehha.com/index.shtml,PUBH,Public Health,2019-05-16,Netalitica,
https://www.altibbi.com/,PUBH,Public Health,2019-05-16,Netalitica,
https://www.gotquestions.org/Arabic/,REL,Religion,2019-03-31,netaltica,
https://islamqa.info/ar,REL,Religion,2019-03-31,netaltica,
https://ar.islamway.net/,REL,Religion,2019-03-31,netaltica,
https://arabic.al-shia.org/,REL,Religion,2019-03-31,netaltica,
https://www.rafed.net/ar/,REL,Religion,2019-05-16,Netalitica,Arab athiest content
http://arabatheistbroadcasting.com/,REL,Religion,2019-05-16,Netalitica,Arab athiest content
http://tabee3iil7ad.blogspot.com/,REL,Religion,2019-05-16,Netalitica,Arab athiest content
http://www.atheistrepublic.com/Arabic,REL,Religion,2019-05-16,Netalitica,Arab athiest content
https://ladeenioon.blogspot.com/,REL,Religion,2019-05-16,Netalitica,Arab athiest content
https://maktoob.yahoo.com/,SRCH,Search Engines,2019-05-16,Netalitica,
https://lableb.com/,SRCH,Search Engines,2019-05-16,Netalitica,
https://www.marefa.org/,SRCH,Search Engines,2019-05-16,Netalitica,
http://www.raddadi.com/,SRCH,Search Engines,2019-05-16,Netalitica,
http://yaarabi.com/,SRCH,Search Engines,2019-05-16,Netalitica,
https://www.yamli.com/ar/,SRCH,Search Engines,2019-05-16,Netalitica,
http://www.arabo.com/,SRCH,Search Engines,2019-05-16,Netalitica,
https://www.sahafah24.net/index.php,SRCH,Search Engines,2019-05-16,Netalitica,
http://www.egy303.com/eg/,SRCH,Search Engines,2019-05-16,Netalitica,
http://www.misrlinks.com/,SRCH,Search Engines,2019-05-16,Netalitica,
http://gsrc-mena.org/,XED,Sex Education,2019-03-31,netaltica,
https://shubbakmag.com/home,XED,Sex Education,2019-03-31,netaltica,
https://lmarabic.com/,XED,Sex Education,2019-03-31,netaltica,
http://hayatouki.com/,XED,Sex Education,2019-05-16,Netalitica,
https://aljens.info/,XED,Sex Education,2019-05-16,Netalitica,
https://www.e7kky.com/,XED,Sex Education,2019-05-16,Netalitica,
http://alsayeda.net/,XED,Sex Education,2019-05-16,Netalitica,
http://www.kalam.co.il/,XED,Sex Education,2019-05-16,Netalitica,
http://m3loma.com/,XED,Sex Education,2019-05-16,Netalitica,
https://jensaneya.org/,XED,Sex Education,2019-05-16,Netalitica,
https://www.zanzu.de/ar/,XED,Sex Education,2019-05-16,Netalitica,
http://nooun.net/,CULTR,Culture,2017-06-23,AFTE,
http://studies.aljazeera.net/,CULTR,Culture,2017-06-23,AFTE,
http://www.hsje.org/,CULTR,Culture,2014-04-15,citizenlab,
http://www.stshenouda.com/,CULTR,Culture,2014-04-15,citizenlab,
https://twitter.com/ikhwanweb,GRP,Social Networking,2014-04-15,citizenlab,
https://www.ampproject.org/,HOST,Hosting and Blogging Platforms,2018-02-07,AFTE,
http://ikshef.com/,HUMR,Human Rights Issues,2017-07-22,AFTE,
https://unhabitat.org/egypt/,IGO,Intergovernmental Organizations,2018-02-09,OONI,
http://web.cedare.org/,IGO,Intergovernmental Organizations,2018-02-09,OONI,
https://www.amcham.org.eg/,IGO,Intergovernmental Organizations,2018-02-09,OONI,
http://panet.co.il/,CTRL,Control content,2018-08-02,AFTE,
http://arabi.ahram.org.eg/,NEWS,News Media,2018-02-09,OONI,
http://www.wataninet.com/,NEWS,News Media,2014-04-15,citizenlab,
http://fj-p.com/,POLR,Political Criticism,2018-02-12,OONI,Reportedly blocked – A political party of the Muslim Brotherhood
https://twitter.com/muhammadmorsi,POLR,Political Criticism,2014-04-15,citizenlab,
http://www.ahewar.org/debat/nr.asp,POLR,Political Criticism,2014-04-15,citizenlab,Political opinion articles on the Communist
https://www.dakahliaikhwan.com/,POLR,Political Criticism,2017-07-01,AFTE,
https://www.facebook.com/ikhwanweb.official,POLR,Political Criticism,2014-04-15,citizenlab,
http://www.ikhwanwiki.com/,POLR,Political Criticism,2017-06-23,AFTE,
http://www.likud.org.il/,POLR,Political Criticism,2017-08-10,Egypt List,
http://answering-islam.org/,REL,Religion,2014-04-15,citizenlab,
http://www.ansarweb.net/artman2/publish/index.php,REL,Religion,2014-04-15,citizenlab,
http://www.bahai-faith.org/,REL,Religion,2014-04-15,citizenlab,
http://www.bahai.com/,REL,Religion,2014-04-15,citizenlab,
http://www.coptic-history.org/,REL,Religion,2014-04-15,citizenlab,
http://www.coptic.net/EncyclopediaCoptica/,REL,Religion,2014-04-15,citizenlab,
http://www.copticedu.org/,REL,Religion,2014-04-15,citizenlab,
http://www.tasbeha.org/,REL,Religion,2014-04-15,citizenlab,
http://www.yahosein.com/,REL,Religion,2014-04-15,citizenlab,
https://almodon.com/,CULTR,Culture,2018-08-02,AFTE,blocked
https://moeltaher.net/,POLR,Political Criticism,2017-10-21,Mo,
https://www.egyptiantalks.org/invb/,POLR,Political Criticism,2014-04-15,citizenlab,
https://www.copts.com/,HUMR,Human Rights Issues,2014-04-15,citizenlab,
https://www.copts.com/english/,HUMR,Human Rights Issues,2014-04-15,citizenlab,
https://ahmadgamalziada.blogspot.com/,POLR,Political Criticism,2017-08-07,AFTE,URL updated after original one got blocked
https://ikhwanonline.com/,POLR,Political Criticism,2017-06-23,AFTE,
https://www.copticorphans.org/,REL,Religion,2014-04-15,citizenlab,
https://baheyya.blogspot.com/,POLR,Political Criticism,2014-04-15,citizenlab,Reportedly blocked
http://misrdigital.blogspirit.com/,POLR,Political Criticism,2014-04-15,citizenlab,
https://www.3rby.blogspot.com/,POLR,Political Criticism,2014-04-15,citizenlab,
http://bo7a.blogsome.com/,POLR,Political Criticism,2014-04-15,citizenlab,
http://bokra-a7la.blogspot.com/,POLR,Political Criticism,2014-04-15,citizenlab,
https://miloflamingo.blogspot.com/,POLR,Political Criticism,2014-04-15,citizenlab,
https://midan.aljazeera.net/,CULTR,Culture,2017-06-23,AFTE,Reportedly blocked
https://marsad-egypt.info/,HUMR,Human Rights Issues,2018-08-02,AFTE,
http://www.afteegypt.org/,HUMR,Human Rights Issues,2014-04-15,citizenlab,human rights ngo
https://medium.com/,HOST,Hosting and Blogging Platforms,2017-06-23,AFTE,Reportedly blocked
https://fri-gate.org/,POLR,Political Criticism,2018-08-02,AFTE,
https://gamaltaha.wordpress.com/,POLR,Political Criticism,2018-08-02,AFTE,
https://gharbeia.net/,POLR,Political Criticism,2014-04-15,citizenlab,
https://gr33ndata.blogspot.com/,POLR,Political Criticism,2014-04-15,citizenlab,
https://hamas.ps/ar/,POLR,Political Criticism,2017-05-24,OONI,blocked as of date added
https://www.black-blackandblack.blogspot.com/,POLR,Political Criticism,2014-04-15,citizenlab,
https://blogs.aljazeera.net/,POLR,Political Criticism,2017-06-23,AFTE,
http://www.tiranwsanafir.com/,POLR,Political Criticism,2017-06-23,AFTE,
https://dawaalhaq.com/,MILX,Terrorism and Militants,2017-08-21,AFTE,
http://bel-ahmar.net/,POLR,Political Criticism,2018-02-12,OONI,Reportedly blocked
http://www.sandmonkey.org/,POLR,Political Criticism,2014-04-15,citizenlab,
https://thegeekdaily.com/,CTRL,Control content,2017-12-06,AFTE,
https://institute.aljazeera.net/,CULTR,Culture,2017-06-23,AFTE,blocked. Teaches journalism and media issues
https://learning.aljazeera.net/,CULTR,Culture,2017-06-23,AFTE,
https://ikhwanonline.info/,POLR,Political Criticism,2017-06-20,OONI,MB Official website
https://khatab38.blogspot.com/,POLR,Political Criticism,2018-08-02,AFTE,
https://egyptiancitizen.blogspot.com/,POLR,Political Criticism,2014-04-15,citizenlab,
https://freealaa.blogspot.com/,POLR,Political Criticism,2018-04-19,OONI,the blog didn’t updated since 2014
https://hasamegypt.com/,MILX,Terrorism and Militants,2017-05-24,OONI,blocked as of date added
http://anonymizer.ru/,ANON,Anonymization and circumvention tools,2017-09-05,AFTE,websites that bypass blocking are blocked in Egypt
http://cexx.org/,ANON,Anonymization and circumvention tools,2018-08-02,AFTE,
http://dongtaiwang.com/,ANON,Anonymization and circumvention tools,2018-08-02,AFTE,
http://droidvpn.com/,ANON,Anonymization and circumvention tools,2018-08-02,AFTE,
http://fastproxyservers.org/,ANON,Anonymization and circumvention tools,2018-02-01,AFTE,
http://fbtunnel.com/,ANON,Anonymization and circumvention tools,2018-08-02,AFTE,
http://mousematrix.com/,ANON,Anonymization and circumvention tools,2018-08-02,AFTE,
http://premiumproxy.net/,ANON,Anonymization and circumvention tools,2018-02-01,AFTE,
http://primercato.com/,ANON,Anonymization and circumvention tools,2018-08-02,AFTE,
http://privateproxyswitch.com/,ANON,Anonymization and circumvention tools,2018-08-02,AFTE,
http://proxify.co.uk/,ANON,Anonymization and circumvention tools,2018-08-02,AFTE,
https://proximize.me/,ANON,Anonymization and circumvention tools,2018-03-26,AFTE,
http://proxy-ip-list.com/,ANON,Anonymization and circumvention tools,2018-08-02,AFTE,
http://proxygo.org/,ANON,Anonymization and circumvention tools,2018-08-02,AFTE,
http://proxylisty.com/,ANON,Anonymization and circumvention tools,2018-02-01,AFTE,
http://proxyrio.net/,ANON,Anonymization and circumvention tools,2018-03-26,AFTE,
http://securefor.com/,ANON,Anonymization and circumvention tools,2017-12-06,AFTE,
http://spysurfing.com/,ANON,Anonymization and circumvention tools,2018-08-02,AFTE,
http://steadyproxy.cf/,ANON,Anonymization and circumvention tools,2017-12-06,AFTE,
http://steadyproxy.ga/,ANON,Anonymization and circumvention tools,2017-12-06,AFTE,
http://unblocksiter.com/,ANON,Anonymization and circumvention tools,2018-08-02,AFTE,
http://unblocksites.co/,ANON,Anonymization and circumvention tools,2018-08-02,AFTE,
http://www.11proxy.pw/,ANON,Anonymization and circumvention tools,2017-08-30,AFTE,
http://www.678proxy.ml/,ANON,Anonymization and circumvention tools,2017-10-21,AFTE,
http://www.789proxy.cf/,ANON,Anonymization and circumvention tools,2017-10-21,AFTE,
http://www.8proxy.space/,ANON,Anonymization and circumvention tools,2017-10-21,AFTE,
http://www.9proxy.space/,ANON,Anonymization and circumvention tools,2017-10-21,AFTE,
http://www.aceproxy.com/,ANON,Anonymization and circumvention tools,2017-08-30,AFTE,
http://www.allunblocked.com/,ANON,Anonymization and circumvention tools,2018-02-01,AFTE,
http://www.applepieproxy.xyz/,ANON,Anonymization and circumvention tools,2017-08-30,AFTE,
http://www.avpn.win/,ANON,Anonymization and circumvention tools,2017-10-21,AFTE,
https://bulgariaproxy.net/,ANON,Anonymization and circumvention tools,2017-08-30,AFTE,
http://www.bvpn.win/,ANON,Anonymization and circumvention tools,2017-10-21,AFTE,
http://www.dacd.win/,ANON,Anonymization and circumvention tools,2017-10-21,AFTE,
http://www.dolopo.net/,ANON,Anonymization and circumvention tools,2017-08-30,AFTE,
http://www.dontfilter.us/,ANON,Anonymization and circumvention tools,2017-08-30,AFTE,
http://www.englandproxy.co.uk/,ANON,Anonymization and circumvention tools,2017-08-30,AFTE,
http://www.fastusaproxy.com/,ANON,Anonymization and circumvention tools,2017-08-30,AFTE,
http://www.fishproxy.com/,ANON,Anonymization and circumvention tools,2017-08-30,AFTE,
http://www.freeproxy.ru/,ANON,Anonymization and circumvention tools,2017-08-30,AFTE,
http://www.freeproxylists.net/,ANON,Anonymization and circumvention tools,2017-08-30,AFTE,
http://www.freeproxyserver.ovh/,ANON,Anonymization and circumvention tools,2017-08-30,AFTE,
http://www.freshfreeproxy.ga/,ANON,Anonymization and circumvention tools,2017-10-21,AFTE,
http://www.gimmeproxy.com/,ANON,Anonymization and circumvention tools,2017-08-30,AFTE,
http://www.gizlibaglanti.com/,ANON,Anonymization and circumvention tools,2018-02-01,AFTE,
http://www.guardster.com/,ANON,Anonymization and circumvention tools,2017-09-05,AFTE,
http://hidebuzz.us/,ANON,Anonymization and circumvention tools,2017-08-30,AFTE,
http://www.hideme.be/,ANON,Anonymization and circumvention tools,2017-08-30,AFTE,
http://www.hideoxy.com/,ANON,Anonymization and circumvention tools,2017-08-30,AFTE,
http://www.hiload.in/,ANON,Anonymization and circumvention tools,2017-08-30,AFTE,
https://www.idcloak.com/,ANON,Anonymization and circumvention tools,2017-07-01,AFTE,
http://www.kproxy.com/,ANON,Anonymization and circumvention tools,2017-08-30,AFTE,
http://www.linkmetube.com/,ANON,Anonymization and circumvention tools,2017-08-30,AFTE,
http://www.listproxysites.com/,ANON,Anonymization and circumvention tools,2017-08-30,AFTE,
http://www.llowll.net/,ANON,Anonymization and circumvention tools,2017-08-30,AFTE,
http://www.maddw.com/,ANON,Anonymization and circumvention tools,2017-08-30,AFTE,
http://www.mainproxy.pw/,ANON,Anonymization and circumvention tools,2017-10-21,AFTE,
http://www.miniprox.com/,ANON,Anonymization and circumvention tools,2017-08-30,AFTE,
http://www.netherlandsproxyserver.club/,ANON,Anonymization and circumvention tools,2017-10-21,AFTE,
http://www.newipnow.com/,ANON,Anonymization and circumvention tools,2017-08-30,AFTE,
http://www.notaproxy.co.uk/,ANON,Anonymization and circumvention tools,2017-08-30,AFTE,
http://www.nvpn.net/,ANON,Anonymization and circumvention tools,2017-08-30,AFTE,
http://www.odsh.win/,ANON,Anonymization and circumvention tools,2017-10-21,AFTE,
http://www.otlp.xyz/,ANON,Anonymization and circumvention tools,2017-08-30,AFTE,
http://www.ourwebproxy.ml/,ANON,Anonymization and circumvention tools,2017-10-21,AFTE,
http://www.peacefire.org/,ANON,Anonymization and circumvention tools,2017-09-05,AFTE,
http://www.proxprox.com/,ANON,Anonymization and circumvention tools,2017-10-21,AFTE,
http://www.proxy-list.org/,ANON,Anonymization and circumvention tools,2017-08-30,AFTE,
http://www.proxy.my-addr.com/,ANON,Anonymization and circumvention tools,2017-08-30,AFTE,
http://www.proxyarab.com/,ANON,Anonymization and circumvention tools,2017-08-30,AFTE,
http://www.proxycloud.net/,ANON,Anonymization and circumvention tools,2017-08-30,AFTE,
http://www.proxydb.net/,ANON,Anonymization and circumvention tools,2017-08-30,AFTE,
http://www.proxyeuro.pw/,ANON,Anonymization and circumvention tools,2017-10-21,AFTE,
http://www.proxyjapan.nu/,ANON,Anonymization and circumvention tools,2017-08-30,AFTE,
http://www.proxylistpro.com/,ANON,Anonymization and circumvention tools,2017-08-30,AFTE,
http://www.proxyserver.ovh/,ANON,Anonymization and circumvention tools,2017-08-30,AFTE,
http://www.proxyzan.info/,ANON,Anonymization and circumvention tools,2017-08-30,AFTE,
http://www.quickprox.com/,ANON,Anonymization and circumvention tools,2017-08-30,AFTE,
http://www.quickproxy.co.uk/,ANON,Anonymization and circumvention tools,2017-08-30,AFTE,
http://www.shinyproxy.com/,ANON,Anonymization and circumvention tools,2017-08-30,AFTE,
http://www.site2unblock.com/,ANON,Anonymization and circumvention tools,2017-08-30,AFTE,
http://www.sslsecureproxy.com/,ANON,Anonymization and circumvention tools,2017-08-30,AFTE,
http://www.supervpn.net/,ANON,Anonymization and circumvention tools,2017-08-30,AFTE,
http://www.surfbouncer.com/,ANON,Anonymization and circumvention tools,2017-08-30,AFTE,
http://www.takesper.gq/,ANON,Anonymization and circumvention tools,2017-10-21,AFTE,
http://www.tomatoproxy.eu/,ANON,Anonymization and circumvention tools,2017-08-30,AFTE,
http://www.toolur.com/,ANON,Anonymization and circumvention tools,2018-02-01,AFTE,
http://www.totalvpn.com/,ANON,Anonymization and circumvention tools,2017-08-30,AFTE,
http://www.ultrasurf.us/,ANON,Anonymization and circumvention tools,2017-08-30,AFTE,
http://www.unblock123.com/,ANON,Anonymization and circumvention tools,2017-08-30,AFTE,
http://www.unblockaccess.com/,ANON,Anonymization and circumvention tools,2017-08-30,AFTE,
http://www.unblockblocked.net/,ANON,Anonymization and circumvention tools,2017-08-30,AFTE,
http://www.unblockbook.biz/,ANON,Anonymization and circumvention tools,2017-08-30,AFTE,
http://www.unblockdomain.com/,ANON,Anonymization and circumvention tools,2017-08-30,AFTE,
http://www.unblockproxy.me/,ANON,Anonymization and circumvention tools,2017-08-30,AFTE,
http://www.unblockstreaming.com/,ANON,Anonymization and circumvention tools,2017-08-30,AFTE,
http://www.unblockytproxy.com/,ANON,Anonymization and circumvention tools,2017-08-30,AFTE,
http://www.usproxy.nu/,ANON,Anonymization and circumvention tools,2017-08-30,AFTE,
http://www.uswebproxy.com/,ANON,Anonymization and circumvention tools,2017-08-30,AFTE,
http://www.videounblocker.net/,ANON,Anonymization and circumvention tools,2017-08-30,AFTE,
http://www.vidproxy.com/,ANON,Anonymization and circumvention tools,2017-08-30,AFTE,
http://www.vload.net/,ANON,Anonymization and circumvention tools,2017-08-30,AFTE,
http://www.vpn4all.com/,ANON,Anonymization and circumvention tools,2017-08-30,AFTE,
http://www.vpnbrowse.com/,ANON,Anonymization and circumvention tools,2017-08-30,AFTE,
http://www.vpntool.com/,ANON,Anonymization and circumvention tools,2018-02-01,AFTE,
http://www.vpnworldwide.com/,ANON,Anonymization and circumvention tools,2017-08-30,AFTE,
http://www.webproxy.to/,ANON,Anonymization and circumvention tools,2017-08-30,AFTE,
http://www.wowvpn.net/,ANON,Anonymization and circumvention tools,2017-08-30,AFTE,
http://www.xitenow.com/,ANON,Anonymization and circumvention tools,2017-08-30,AFTE,
http://www.xitesite.com/,ANON,Anonymization and circumvention tools,2017-08-30,AFTE,
http://www.zalmos.com/,ANON,Anonymization and circumvention tools,2017-08-30,AFTE,
http://your-freedom.net/,ANON,Anonymization and circumvention tools,2018-08-02,AFTE,
https://whispersystems-textsecure-attachments.s3.amazonaws.com/,COMT,Communication Tools,2017-02-10,citizenlab,Used by Signal desktop for attachments
https://ar.wikisource.org/,CULTR,Culture,2018-07-06,Wikimedia,URLs provided by wikipedia based on the most popular language domains per country
https://arz.wikipedia.org/,CULTR,Culture,2018-07-06,Wikimedia,URLs provided by wikipedia based on the most popular language domains per country
http://el-zamalek.com/,CULTR,Culture,2018-02-09,OONI,Zamalek sport club offical website
https://en.wiktionary.org/,CULTR,Culture,2018-07-06,Wikimedia,URLs provided by wikipedia based on the most popular language domains per country
http://hawaamagazine.com/,CULTR,Culture,2018-02-09,OONI,Egypt's first women's magazine
https://suzeeinthecity.wordpress.com/,CULTR,Culture,2018-02-09,OONI,Documented political street art in Cairo throughout the revolution
http://www.coptic-cairo.com/,CULTR,Culture,2018-02-09,OONI,Minority
https://cairo.dating/,DATE,Online Dating,2018-02-09,OONI,
https://dateinegypt.com/,DATE,Online Dating,2018-02-09,OONI,
http://www.ape-egypt.com/,ENV,Environment,2018-02-09,OONI,
http://www.ape.org.eg/,ENV,Environment,2018-02-09,OONI,
http://www.eaee-eg.com/,ENV,Environment,2018-02-09,OONI,not likely to be blocked in the future
http://www.iaf.org.il/,GOVT,Government,2017-08-10,Egypt List,
http://www.isa.gov.il/,GOVT,Government,2017-08-10,Egypt List,Israeli website. Cannot be reached from Egypt
http://www.mod.gov.il/,GOVT,Government,2017-08-10,Egypt List,
http://ar.eohr.org/,HUMR,Human Rights Issues,2018-02-09,OONI,
http://cluw.org/,HUMR,Human Rights Issues,2018-02-12,OONI,Reportedly blocked
http://ecwronline.org/,HUMR,Human Rights Issues,2018-02-09,OONI,
https://eipr.org/,HUMR,Human Rights Issues,2018-02-09,OONI,
http://en.eohr.org/,HUMR,Human Rights Issues,2014-04-15,citizenlab,
http://liberties.aljazeera.com/,HUMR,Human Rights Issues,2017-06-20,OONI,
http://nwrcegypt.org/,HUMR,Human Rights Issues,2018-02-09,OONI,
https://rsf.org/en/egypt,HUMR,Human Rights Issues,2018-02-09,OONI,
https://timep.org/,HUMR,Human Rights Issues,2018-02-12,OONI,Reportedly blocked
https://www.alnadeem.org/,HUMR,Human Rights Issues,2018-02-09,OONI,
https://www.amnesty.org/en/countries/middle-east-and-north-africa/egypt/report-egypt/,HUMR,Human Rights Issues,2018-02-09,OONI,
https://www.amnesty.org/en/latest/news/2017/10/egypt-escalates-lgbti-crackdown-with-fresh-wave-of-arrests-and-anal-examinations/,HUMR,Human Rights Issues,2018-02-09,OONI,
https://www.frontlinedefenders.org/en/case/judicial-harassment-mozn-hassan,HUMR,Human Rights Issues,2018-02-09,OONI,
https://www.frontlinedefenders.org/en/statement-report/egypt-nubian-human-rights-defenders-trial-peacefully-protesting,HUMR,Human Rights Issues,2018-02-09,OONI,
http://www.hrcap.org/main.php,HUMR,Human Rights Issues,2014-04-15,citizenlab,
https://www.hrw.org/middle-east/n-africa/egypt,HUMR,Human Rights Issues,2018-02-09,OONI,
https://www.hrw.org/report/2017/09/05/we-do-unreasonable-things-here/torture-and-national-security-al-sisis-egypt,HUMR,Human Rights Issues,2018-02-09,OONI,Reportedly blocked
https://www.hrw.org/world-report/2018/country-chapters/egypt,HUMR,Human Rights Issues,2018-02-09,OONI,
http://humum.net/,HUMR,Human Rights Issues,2014-04-15,citizenlab,
http://www.jatoeg.org/,HUMR,Human Rights Issues,2017-10-21,AFTE,
http://www.lchr-eg.org/,HUMR,Human Rights Issues,2014-04-15,citizenlab,
http://www.mom-rsf.org/,HUMR,Human Rights Issues,2017-09-05,AFTE,
https://solidaritywithegyptlgbt.wordpress.com/,LGBT,LGBT,2018-02-10,OONI,
http://cimaclub.com/,MMED,Media sharing,2018-08-02,AFTE,
http://akhbaralsabah.com/,NEWS,News Media,2017-06-23,AFTE,blocked
https://akhbarelyom.com/,NEWS,News Media,2018-02-09,OONI,This news website is owned by state. It is unlikely to be blocked.
http://akhbarturkiya.com/,NEWS,News Media,2017-06-23,AFTE,blocked
http://al-watan.com/,NEWS,News Media,2017-06-20,OONI,blocked
https://alborsanews.com/,NEWS,News Media,2018-02-10,OONI,Reportedly blocked
https://almanassa.com/,NEWS,News Media,2017-05-31,ADEF,blocked
https://almanassa.com/ar,NEWS,News Media,2018-02-12,OONI,Reportedly blocked
https://almesryoon.com/,NEWS,News Media,2017-05-24,OONI,blocked as of date added
https://alwafd.news/,NEWS,News Media,2018-02-09,OONI,Newspaper owned by an Egyptian political party
https://ar.qantara.de/,NEWS,News Media,2018-02-12,OONI,Reportedly blocked
https://arab-turkey.com/,NEWS,News Media,2018-02-12,OONI,Reportedly blocked
https://arabi21.com/,NEWS,News Media,2018-02-12,OONI,Reportedly blocked
https://arabic.rt.com/,NEWS,News Media,2018-09-13,OONI,
http://asrararabiya.com/,NEWS,News Media,2018-02-12,OONI,Reportedly blocked
https://dailynewsegypt.com/,NEWS,News Media,2018-02-09,OONI,Reportedly blocked
https://de.qantara.de/,NEWS,News Media,2018-09-13,OONI,
https://egyptianstreets.com/,NEWS,News Media,2018-02-09,OONI,
http://egyptoil-gas.com/news,NEWS,News Media,2018-02-09,OONI,This website is not expected to be blocked in the future
https://egyptwindow.net/,NEWS,News Media,2018-02-12,OONI,Reportedly blocked
http://elshaab.org/,NEWS,News Media,2017-06-20,OONI,
http://elsharq.web.tv/,NEWS,News Media,2017-06-23,AFTE,
http://elwehda.com/,NEWS,News Media,2018-02-12,OONI,Reportedly blocked
https://en.qantara.de/,NEWS,News Media,2018-09-13,OONI,
http://hebdo.ahram.org.eg/,NEWS,News Media,2018-02-09,OONI,This news website is owned by state. It is unlikely to be blocked in the future.
http://marsadpress.net/,NEWS,News Media,2017-06-23,AFTE,
http://masralarabia.com/,NEWS,News Media,2017-06-20,OONI,Reportedly blocked
https://misr5.com/,NEWS,News Media,2018-02-09,OONI,Reportedly blocked
http://mubasher.aljazeera.net/,NEWS,News Media,2017-06-23,AFTE,
http://nilesports.com/,NEWS,News Media,2018-02-09,OONI,owned by Egyptian GOV
http://qalyubiagate.com/,NEWS,News Media,2017-06-23,AFTE,
http://turkpress.co/,NEWS,News Media,2017-06-23,AFTE,
http://weekly.ahram.org.eg/,NEWS,News Media,2018-02-09,OONI,This news website is owned by state. It is unlikely to be blocked in the future.
http://www.akhbarak.net/,NEWS,News Media,2018-02-09,OONI,
http://www.akhbaralsabah.com/,NEWS,News Media,2018-02-12,OONI,Reportedly blocked
https://al-akhbar.com/,NEWS,News Media,2018-02-12,OONI,Reportedly blocked
http://www.al-ahaly.com/,NEWS,News Media,2014-04-15,citizenlab,
https://www.al-akhbar.com/,NEWS,News Media,2018-02-01,AFTE,
https://www.al-sharq.com/,NEWS,News Media,2018-02-10,OONI,Reportedly blocked
http://www.al-watan.com/,NEWS,News Media,2018-02-09,OONI,blocked as of date added
http://www.alaan.org/,NEWS,News Media,2018-02-09,OONI,
https://www.alaraby.co.uk/,NEWS,News Media,2016-10-23,OONI,
http://www.algomhuria.net.eg/,NEWS,News Media,2014-04-15,citizenlab,This news website is owned by state.
https://www.alhurra.com/,NEWS,News Media,2018-09-13,OONI,
http://www.almogaz.com/,NEWS,News Media,2018-02-09,OONI,
https://www.ansarportsaed.com/,NEWS,News Media,2018-02-12,OONI,Reportedly blocked
http://www.arabnet5.com/,NEWS,News Media,2014-04-15,citizenlab,
http://www.arabsolaa.com/,NEWS,News Media,2017-06-23,AFTE,Reportedly blocked
http://www.bbc.com/arabic,NEWS,News Media,2018-09-13,OONI,
https://www.cairo24.com/,NEWS,News Media,2018-02-12,OONI,
http://www.copts-united.com/,NEWS,News Media,2018-02-09,OONI,
https://www.dailysabah.com/,NEWS,News Media,2018-02-12,OONI,Reportedly blocked
http://www.dotmsr.com/,NEWS,News Media,2018-02-09,OONI,
https://www.dw.com/ar,NEWS,News Media,2018-09-13,OONI,
http://www.egypttoday.com/Home,NEWS,News Media,2018-02-09,OONI,
http://www.egyrep.com/,NEWS,News Media,2017-06-23,AFTE,
http://www.elmogaz.com/,NEWS,News Media,2018-02-09,OONI,
https://www.essada.net/,NEWS,News Media,2017-06-23,AFTE,
http://www.faithfreedom.org/,NEWS,News Media,2014-04-15,citizenlab,
https://www.farfeshplus.com/,NEWS,News Media,2018-02-09,OONI,
https://www.france24.com/ar/,NEWS,News Media,2018-09-13,OONI,
http://www.hurriyetdailynews.com/,NEWS,News Media,2017-06-23,AFTE,
http://www.koorabia.com/,NEWS,News Media,2018-02-12,OONI,
http://www.mekameleen.tv/,NEWS,News Media,2017-06-23,AFTE,
http://www.noonpost.org/,NEWS,News Media,2017-06-23,AFTE,
http://www.openarab.net/,NEWS,News Media,2014-04-15,citizenlab,
http://www.qtv.qa/,NEWS,News Media,2017-06-23,AFTE,
https://www.radiosawa.com/,NEWS,News Media,2018-09-13,OONI,
https://www.shahednow.com/,NEWS,News Media,2017-10-21,AFTE,
https://www.shorouknews.com/,NEWS,News Media,2018-02-09,OONI,
http://www.soutalomma.com/,NEWS,News Media,2017-06-23,AFTE,
http://www.waraa-elahdath.com/,NEWS,News Media,2017-06-23,AFTE,
http://www.washwasha.org/,NEWS,News Media,2018-02-09,OONI,
https://www.youm7.com/,NEWS,News Media,2018-02-09,OONI,
https://6april.org/,POLR,Political Criticism,2018-02-10,OONI,official website of 6 April movment
http://alahraam.com/,POLR,Political Criticism,2018-02-12,OONI,"Sarcastic political news, blocked"
https://egyptianchronicles.blogspot.com/,POLR,Political Criticism,2018-02-09,OONI,
http://fakartany.com/,POLR,Political Criticism,2017-07-03,ADEF,Reportedly blocked
http://www.alwasatparty.com/,POLR,Political Criticism,2014-04-15,citizenlab,
http://www.egysdp.com/,POLR,Political Criticism,2018-02-09,OONI,
http://www.elghad.com/,POLR,Political Criticism,2018-02-09,OONI,news website owned by Elghad political party
http://www.gwady.net/,POLR,Political Criticism,2017-07-01,AFTE,
https://www.youtube.com/user/sarrahsworld,POLR,Political Criticism,2018-02-09,OONI,
https://www.aidsmap.com/HIV-AIDS-services/Egypt/cat/1309/page/1871278/,PUBH,Public Health,2018-02-09,OONI,
http://www.cairoscene.com/In-Depth/Living-with-HIV-in-Egypt,PUBH,Public Health,2018-02-09,OONI,
http://www.unaids.org/en/regionscountries/countries/egypt,PUBH,Public Health,2018-02-09,OONI,
https://bahai-egypt.blogspot.com/,REL,Religion,2018-02-09,OONI,
https://bahaieg.org/,REL,Religion,2018-02-09,OONI,
https://bahaikipedia.org/Egypt,REL,Religion,2018-02-09,OONI,
http://www.bahai-egypt.org/,REL,Religion,2018-02-09,OONI,
http://www.thekoran.com/,REL,Religion,2014-04-15,citizenlab,
https://jeem.me/,XED,Sex Education,2018-07-31,OONI,Reportedly blocked
http://coverme.ws/,COMT,Communication Tools,2019-10-05,Mo,
http://cyberdust.com/,COMT,Communication Tools,2019-10-05,Mo,
https://about.riot.im/,COMT,Communication Tools,2019-10-05,Mo,
https://briarproject.org/,COMT,Communication Tools,2019-10-05,Mo,
https://bridgefy.me/,COMT,Communication Tools,2019-10-05,Mo,
https://groupme.com/,COMT,Communication Tools,2019-10-05,Mo,
https://jami.net/,COMT,Communication Tools,2019-10-05,Mo,
https://jitsi.org/,COMT,Communication Tools,2019-10-05,Mo,
https://silence.im/,COMT,Communication Tools,2019-10-05,Mo,
https://surespot.me/,COMT,Communication Tools,2019-10-05,Mo,
https://telegram.org/,COMT,Communication Tools,2019-10-05,Mo,
https://wire.com/,COMT,Communication Tools,2019-10-05,Mo,
https://www.goldenfrog.com/,COMT,Communication Tools,2019-10-05,Mo,
https://www.kik.com/,COMT,Communication Tools,2019-10-05,Mo,
https://www.pryvatenow.com/,COMT,Communication Tools,2019-10-05,Mo,
https://www.trillian.im/,COMT,Communication Tools,2019-10-05,Mo,
https://www.voxer.com/,COMT,Communication Tools,2019-10-05,Mo,
https://www.wechat.com/,COMT,Communication Tools,2019-10-05,Mo,
https://zello.com/,COMT,Communication Tools,2019-10-05,Mo,
https://genderiyya.xyz/,LGBT,LGBT,2020-01-20,MoEltaher,
https://www.bedayaa.org/,LGBT,LGBT,2020-01-20,MoEltaher,
https://www.theaproject.org/,LGBT,LGBT,2020-01-20,MoEltaher,
https://www.abaadmena.org/,LGBT,LGBT,2020-01-20,MoEltaher,
https://kohljournal.press/,LGBT,LGBT,2020-01-20,MoEltaher,
