url,category_code,category_description,date_added,source,notes
http://abrahadesta.wordpress.com/,CULTR,Culture,2014-04-15,citizenlab,
http://aljazeera.net/,NEWS,News Media,2014-04-15,citizenlab,
http://amharic.voanews.com/,NEWS,News Media,2014-04-15,citizenlab,
https://amharic.voanews.com/z/3303,NEWS,News Media,2018-09-13,OONI,
http://ancientgebts.org/,HUMR,Human Rights Issues,2014-04-15,citizenlab,
https://befeqe.blogspot.com/,POLR,Political Criticism,2018-04-10,OONI,Reportedly blocked
http://carpediemethiopia.blogspot.com/,POLR,Political Criticism,2014-04-15,citizenlab,
http://citizenlab.org/,NEWS,News Media,2014-04-15,citizenlab,
https://citizenlab.org/2013/03/you-only-click-twice-finfishers-global-proliferation-2/,NEWS,News Media,2014-04-15,citizenlab,
http://cpj.org/,NEWS,News Media,2014-04-15,citizenlab,
http://egoportal.blogspot.com/,POLR,Political Criticism,2014-04-15,citizenlab,
https://endalk.wordpress.com/,CULTR,Culture,2014-04-15,citizenlab,
http://enupfforethiopia.org/,POLR,Political Criticism,2014-04-15,citizenlab,
http://ethiomedia.com/,NEWS,News Media,2014-04-15,citizenlab,
http://ethiopianreview.com/,POLR,Political Criticism,2014-04-15,citizenlab,
http://ethiopiaonmymind.blogspot.com/,POLR,Political Criticism,2014-04-15,citizenlab,
http://ethiox.com/,NEWS,News Media,2014-04-15,citizenlab,
http://ethsat.com/,POLR,Political Criticism,2014-04-15,citizenlab,
http://facebook.com/,NEWS,News Media,2014-04-15,citizenlab,
https://facebook.com/,GRP,Social Networking,2014-04-15,citizenlab,
http://friendsofethiopia.blogspot.com/,ENV,Environment,2014-04-15,citizenlab,
http://friendsoflaketurkana.org/,HUMR,Human Rights Issues,2014-04-15,citizenlab,
http://hrw.org/,NEWS,News Media,2014-04-15,citizenlab,
http://nazret.com/,HOST,Hosting and Blogging Platforms,2014-04-15,citizenlab,
http://nazret.com/blog/index.php?blog=12,POLR,Political Criticism,2014-04-15,citizenlab,
http://nazret.com/blog/index.php?blog=13,NEWS,News Media,2014-04-15,citizenlab,
http://nazret.com/blog/index.php?blog=14,MISC,Miscelaneous content,2014-04-15,citizenlab,
http://nazret.com/blog/index.php?blog=15,POLR,Political Criticism,2014-04-15,citizenlab,
http://nazret.com/blog/index.php?blog=16,POLR,Political Criticism,2014-04-15,citizenlab,
http://nazret.com/blog/index.php?blog=7,NEWS,News Media,2014-04-15,citizenlab,
http://nazret.com/blog/index.php?blog=9,POLR,Political Criticism,2014-04-15,citizenlab,
http://normanswei.wordpress.com/,CULTR,Culture,2014-04-15,citizenlab,
http://oneitiopia.blogspot.com/,POLR,Political Criticism,2014-04-15,citizenlab,
http://portal.unesco.org/,XED,Sex Education,2014-04-15,citizenlab,
http://portal.unesco.org/geography/en/ev.php-URL_ID=3559&URL_DO=DO_TOPIC&URL_SECTION=201.html,XED,Sex Education,2014-04-15,citizenlab,
http://redeemethiopia.blogspot.com/,POLR,Political Criticism,2014-04-15,citizenlab,
http://solidaritymovement.org/,POLR,Political Criticism,2014-04-15,citizenlab,
http://solidaritytigrai.org/,POLR,Political Criticism,2014-04-15,citizenlab,
http://stream.aljazeera.com/story/201306250132-0022854,NEWS,News Media,2014-04-15,citizenlab,
http://telecom.net.et/,NEWS,News Media,2014-04-15,citizenlab,
http://telecom.net.et/~ena/,NEWS,News Media,2014-04-15,citizenlab,
http://web.amnesty.org/,NEWS,News Media,2014-04-15,citizenlab,
http://web.amnesty.org/library/eng-eth/index,HUMR,Human Rights Issues,2014-04-15,citizenlab,
http://web.worldbank.org/,ECON,Economics,2014-04-15,citizenlab,
"http://web.worldbank.org/WBSITE/EXTERNAL/COUNTRIES/AFRICAEXT/ETHIOPIAEXTN/0,,menuPK:295935~pagePK:141159~piPK:141110~theSitePK:295930,00.html",ECON,Economics,2014-04-15,citizenlab,
http://www.addisferengi.net/,POLR,Political Criticism,2014-04-15,citizenlab,
http://www.addisnegeronline.com/,NEWS,News Media,2014-04-15,citizenlab,
http://www.addistribune.com/,NEWS,News Media,2014-04-15,citizenlab,
http://www.addisvoice.com/,HUMR,Human Rights Issues,2014-04-15,citizenlab,
http://www.aeup.org/,POLR,Political Criticism,2014-04-15,citizenlab,
http://www.aeup.org/new/index.asp,POLR,Political Criticism,2014-04-15,citizenlab,
http://www.aigaforum.com/,NEWS,News Media,2014-04-15,citizenlab,
http://www.aigaforum.com/index.html,NEWS,News Media,2014-04-15,citizenlab,
http://www.aljazeera.com/indepth/inpictures/2013/06/201361711365644208.html,NEWS,News Media,2014-04-15,citizenlab,
http://www.amnestyusa.org/,HUMR,Human Rights Issues,2014-04-15,citizenlab,
http://www.amnestyusa.org/countries/ethiopia/index.do,HUMR,Human Rights Issues,2014-04-15,citizenlab,
http://www.andenet.com/,NEWS,News Media,2014-04-15,citizenlab,
http://www.andenet.com/amnews.html,NEWS,News Media,2014-04-15,citizenlab,
http://www.anuakjustice.org/,HUMR,Human Rights Issues,2014-04-15,citizenlab,
http://www.awate.com/,NEWS,News Media,2014-04-15,citizenlab,
http://www.awate.com/artman/publish/index.shtml,NEWS,News Media,2014-04-15,citizenlab,
https://www.bbc.com/amharic,NEWS,News Media,2018-09-13,OONI,
http://www.bbc.com/somali/,NEWS,News Media,2017-07-19,BBC,
http://www.bbcsomali.com/,NEWS,News Media,2017-07-19,BBC,
http://www.bds-ethiopia.net/,HUMR,Human Rights Issues,2014-04-15,citizenlab,
http://www.bds-ethiopia.net/progynist.html,HUMR,Human Rights Issues,2014-04-15,citizenlab,
http://www.blogger.com/start,HOST,Hosting and Blogging Platforms,2014-04-15,citizenlab,
http://www.cafpde.org/,POLR,Political Criticism,2014-04-15,citizenlab,
http://www.cafpde.org/cafpde/,POLR,Political Criticism,2014-04-15,citizenlab,
http://www.cafpde.org/index.htm,POLR,Political Criticism,2014-04-15,citizenlab,
http://www.capitalethiopia.com/,NEWS,News Media,2014-04-15,citizenlab,
https://www.citizenlab.org/,NEWS,News Media,2014-04-15,citizenlab,
http://www.coffeechillisun.blogspot.com/,POLR,Political Criticism,2014-04-15,citizenlab,
http://www.cpj.org/regions_06/africa_06/africa_06.html#ethiopia,NEWS,News Media,2014-04-15,citizenlab,
http://www.cyberethiopia.com/,NEWS,News Media,2014-04-15,citizenlab,
http://www.cyberethiopia.com/warka4/,NEWS,News Media,2014-04-15,citizenlab,
http://www.debteraw.com/,CULTR,Culture,2014-04-15,citizenlab,
http://www.defenddefenders.org/,HUMR,Human Rights Issues,2016-10-14,defenddefenders,
http://www.delicrafts.com/,NEWS,News Media,2014-04-15,citizenlab,
http://www.delicrafts.com/wordpress/,NEWS,News Media,2014-04-15,citizenlab,
http://www.dissidentblog.org/en/articles/welcome-zone-9-ethiopia,CULTR,Culture,2014-04-15,citizenlab,
https://www.dropbox.com/s/n65b3d67f82asn2/Leaked%20National%20Entrance%20Exam_English.pdf?dl=0,FILE,File-sharing,2016-05-30,OONI,
https://www.dw.com/am/,NEWS,News Media,2018-09-13,OONI,
http://www.dw.de/%e1%8b%ad%e1%8b%98%e1%89%b5/s-11646,NEWS,News Media,2014-04-15,citizenlab,
http://www.ehrco.org/,HUMR,Human Rights Issues,2014-04-15,citizenlab,
http://www.enset.blogspot.com/,HUMR,Human Rights Issues,2014-04-15,citizenlab,
http://www.eppf.net/,MILX,Terrorism and Militants,2014-04-15,citizenlab,
http://www.eprp.com/,MILX,Terrorism and Militants,2014-04-15,citizenlab,
http://www.et.undp.org/,ECON,Economics,2014-04-15,citizenlab,
http://www.ethioamericans.com/,HUMR,Human Rights Issues,2014-04-15,citizenlab,
http://www.ethioforum.org/,NEWS,News Media,2014-04-15,citizenlab,
http://www.ethioindex.com/,SRCH,Search Engines,2014-04-15,citizenlab,
http://www.ethiomedia.com/index.html,NEWS,News Media,2014-04-15,citizenlab,
http://www.ethiopiafirst.com/,NEWS,News Media,2014-04-15,citizenlab,
http://www.ethiopiafirst.com/news1.html,NEWS,News Media,2014-04-15,citizenlab,
http://www.ethiopiancrown.org/,NEWS,News Media,2014-04-15,citizenlab,
http://www.ethiopianpolitics.blogspot.com/,POLR,Political Criticism,2014-04-15,citizenlab,
http://www.ethiopianreporter.com/,NEWS,News Media,2014-04-15,citizenlab,
http://www.ethiopianreview.com/,NEWS,News Media,2014-04-15,citizenlab,
http://www.ethiopians.com/,NEWS,News Media,2014-04-15,citizenlab,
http://www.ethiopians.com/hright.html,HUMR,Human Rights Issues,2014-04-15,citizenlab,
http://www.ethioppia.org/,HUMR,Human Rights Issues,2014-04-15,citizenlab,
http://www.ethiopundit.blogspot.com/,HUMR,Human Rights Issues,2014-04-15,citizenlab,
http://www.ethpress.gov.et/,NEWS,News Media,2014-04-15,citizenlab,
http://www.ethpress.gov.et/Herald/articlefront.asp,NEWS,News Media,2014-04-15,citizenlab,
http://www.etwla.org/,HUMR,Human Rights Issues,2014-04-15,citizenlab,
https://www.facebook.com/Jawarmd,NEWS,News Media,2016-05-30,OONI,
https://www.facebook.com/pages/Addis-Neger/49967100821,NEWS,News Media,2014-04-15,citizenlab,
http://www.fao.org/,ECON,Economics,2014-04-15,citizenlab,
http://www.fao.org/world/ethiopia/index.htm,ECON,Economics,2014-04-15,citizenlab,
http://www.freekifle.org/,HUMR,Human Rights Issues,2014-04-15,citizenlab,
http://www.freeourleaders.org/,POLR,Political Criticism,2014-04-15,citizenlab,
http://www.freeyacob.com/,HUMR,Human Rights Issues,2014-04-15,citizenlab,
http://www.gambelatoday.com/,NEWS,News Media,2014-04-15,citizenlab,
http://www.geocities.com/~dagmawi/Zebenya/Zebenya.html,NEWS,News Media,2014-04-15,citizenlab,
http://www.ginbot7.com/,POLR,Political Criticism,2014-04-15,citizenlab,
http://www.google.com/xhtml,ANON,Anonymization and circumvention tools,2014-04-15,citizenlab,
http://www.goolgule.com/,NEWS,News Media,2014-04-15,citizenlab,
http://www.gopetition.com/,HUMR,Human Rights Issues,2014-04-15,citizenlab,
http://www.gopetition.com/online/6887.html,HUMR,Human Rights Issues,2014-04-15,citizenlab,
http://www.hebret.com/,POLR,Political Criticism,2014-04-15,citizenlab,
http://www.hrw.org/doc?t=africa&c=ethiop,HUMR,Human Rights Issues,2014-04-15,citizenlab,
http://www.hrw.org/ethiopia/,HUMR,Human Rights Issues,2014-04-15,citizenlab,
http://www.ilo.org/public/english/region/afpro/addisababa/ethiopia.htm,HUMR,Human Rights Issues,2014-04-15,citizenlab,
http://www.imf.org/external/country/ETH/index.htm,ECON,Economics,2014-04-15,citizenlab,
http://www.inclusivedevelopment.net/,HUMR,Human Rights Issues,2014-04-15,citizenlab,
http://www.internationalrivers.org/,HUMR,Human Rights Issues,2014-04-15,citizenlab,
http://www.internews.org/research-publications/speaksafe-media-workers-toolkit-safer-online-and-mobile-practices,ANON,Anonymization and circumvention tools,2014-04-15,citizenlab,
http://www.justiceinethiopia.net/,HUMR,Human Rights Issues,2014-04-15,citizenlab,
http://www.kinijit.org/,POLR,Political Criticism,2014-04-15,citizenlab,
http://www.medhin.org/,POLR,Political Criticism,2014-04-15,citizenlab,
http://www.mediaethiopia.com/,POLR,Political Criticism,2014-04-15,citizenlab,
http://www.mediaethiopia.com/blog/,POLR,Political Criticism,2014-04-15,citizenlab,
http://www.mereja.com/,NEWS,News Media,2016-09-09,CIPIT,
https://www.mereja.com/,NEWS,News Media,2016-09-09,CIPIT,
http://www.mesfinwoldemariam.org/,HUMR,Human Rights Issues,2014-04-15,citizenlab,
http://www.meskelsquare.com/,POLR,Political Criticism,2014-04-15,citizenlab,
http://www.nazret.com/,NEWS,News Media,2014-04-15,citizenlab,
http://www.nazret.com/news/view_amharic.php?feed=5&what=all&how=paged,NEWS,News Media,2014-04-15,citizenlab,
http://www.oaklandinstitute.org/,HUMR,Human Rights Issues,2014-04-15,citizenlab,
http://www.ocha-eth.org/,HUMR,Human Rights Issues,2014-04-15,citizenlab,
http://www.ogaden.com/,HUMR,Human Rights Issues,2014-04-15,citizenlab,
http://www.onlf.org/,HUMR,Human Rights Issues,2014-04-15,citizenlab,
http://www.oromia.org/,HUMR,Human Rights Issues,2014-04-15,citizenlab,
https://www.oromiamedia.org/,NEWS,News Media,2016-05-30,OONI,
http://www.oromiamedia.org/,NEWS,News Media,2016-09-09,CIPIT,
http://www.oromoliberationfront.org/,HUMR,Human Rights Issues,2014-04-15,citizenlab,
http://www.populationmedia.org/,XED,Sex Education,2014-04-15,citizenlab,
http://www.populationmedia.org/programs/ethiopia.html,XED,Sex Education,2014-04-15,citizenlab,
http://www.proxify.com/,ANON,Anonymization and circumvention tools,2014-04-15,citizenlab,
http://www.psiphon.ca/,ANON,Anonymization and circumvention tools,2014-04-15,citizenlab,
http://www.quatero.net/,NEWS,News Media,2014-04-15,citizenlab,
http://www.rsf.org/rubrique.php3?id_rubrique=20,NEWS,News Media,2014-04-15,citizenlab,
http://www.savenega.org/,HUMR,Human Rights Issues,2014-04-15,citizenlab,
http://www.savenega.org/Welcome.html,HUMR,Human Rights Issues,2014-04-15,citizenlab,
http://www.seminawork.blogspot.com/,CULTR,Culture,2014-04-15,citizenlab,
http://www.sidamaconcern.com/,HUMR,Human Rights Issues,2014-04-15,citizenlab,
http://www.socepp.de/,HUMR,Human Rights Issues,2014-04-15,citizenlab,
http://www.tegbar.org/,HUMR,Human Rights Issues,2014-04-15,citizenlab,
http://www.tensae.net/,NEWS,News Media,2014-04-15,citizenlab,
http://www.tigrai.org/,HUMR,Human Rights Issues,2014-04-15,citizenlab,
http://www.torproject.org/,ANON,Anonymization and circumvention tools,2014-04-15,citizenlab,
http://www.twitter.com/,NEWS,News Media,2014-04-15,citizenlab,
https://www.twitter.com/,HOST,Hosting and Blogging Platforms,2014-04-15,citizenlab,
http://www.tzta.ca/,NEWS,News Media,2014-04-15,citizenlab,
http://www.tzta.ca/tzta/english.htm,NEWS,News Media,2014-04-15,citizenlab,
http://www.ultrasurf.us/,ANON,Anonymization and circumvention tools,2014-04-15,citizenlab,
http://www.unaids.org/en/Regions_Countries/Countries/ethiopia.asp,XED,Sex Education,2014-04-15,citizenlab,
http://www.uneca.org/,ECON,Economics,2014-04-15,citizenlab,
http://www.uneca.org/index.htm,ECON,Economics,2014-04-15,citizenlab,
http://www.unesco-iicba.org/,ECON,Economics,2014-04-15,citizenlab,
http://www.unesco-iicba.org/index.php?option=com_content&task=view&id=18&Itemid=52,ECON,Economics,2014-04-15,citizenlab,
http://www.unfpa.org/profile/ethiopia.cfm,ECON,Economics,2014-04-15,citizenlab,
http://www.unhcr.org/cgi-bin/texis/vtx/country?iso=eth,HUMR,Human Rights Issues,2014-04-15,citizenlab,
http://www.unicef.org/ethiopia/index.html,HUMR,Human Rights Issues,2014-04-15,citizenlab,
http://www.unido.org/,ECON,Economics,2014-04-15,citizenlab,
http://www.unido.org/data/geodoc.cfm?cc=ETH,ECON,Economics,2014-04-15,citizenlab,
http://www.voanews.com/horn/,NEWS,News Media,2014-04-15,citizenlab,
http://www.waltainfo.com/,NEWS,News Media,2014-04-15,citizenlab,
http://www.weichegud.blogspot.com/,POLR,Political Criticism,2014-04-15,citizenlab,
http://www.wfp.org/,HUMR,Human Rights Issues,2014-04-15,citizenlab,
http://www.wfp.org/country_brief/indexcountry.asp?region=2&section=9&sub_section=2&country=231,PUBH,Public Health,2014-04-15,citizenlab,
http://www.who.int/countries/eth/en/,PUBH,Public Health,2014-04-15,citizenlab,
http://www.zehabesha.com/,NEWS,News Media,2016-09-09,CIPIT,
http://yekolotemari.blog.com/,CULTR,Culture,2014-04-15,citizenlab,
https://am.wikipedia.org/,CULTR,Culture,2019-02-19,Wikimedia,URLs provided by wikipedia based on the most popular language domains per country
https://africanarguments.org/,NEWS,News Media,2019-08-05,citizenlab,
https://addisalliance.org/,LGBT,LGBT,2020-01-16,Community member,local on the ground organization
https://habeshaqueercouple.wordpress.com/,LGBT,LGBT,2020-01-16,Community member,blog
https://queerfamilyeth.wordpress.com/,LGBT,LGBT,2020-01-16,Community member,blog
https://houseofguramayle.org/,LGBT,LGBT,2020-01-16,Community member,diaspora
http://zegamahber.org/,LGBT,LGBT,2020-01-16,Community member,diaspora
https://www.onescene.com/,LGBT,LGBT,2020-01-16,Community member,dating
