url,category_code,category_description,date_added,source,notes
http://abhazia-sochi.blogspot.com/,MILX,Terrorism and Militants,2014-04-15,citizenlab,
http://cluborlov.com/apsny/,MILX,Terrorism and Militants,2014-04-15,citizenlab,
http://cominf.org/,MILX,Terrorism and Militants,2014-04-15,citizenlab,
http://community-dpr.org/,MILX,Terrorism and Militants,2014-04-15,citizenlab,
http://cyxymu.livejournal.com/280294.html,MILX,Terrorism and Militants,2014-04-15,citizenlab,
http://data.electionportal.ge/,POLR,Political Criticism,2014-04-15,citizenlab,
http://eng.kavkaz-uzel.ru/,GOVT,Government,2014-04-15,citizenlab,
http://forum.ge/,POLR,Political Criticism,2014-04-15,citizenlab,
http://forum.ge/?showforum=29,POLR,Political Criticism,2014-04-15,citizenlab,
http://gaytbilisi.com/,LGBT,LGBT,2014-04-15,citizenlab,
http://gazeta.ru/,NEWS,News Media,2014-04-15,citizenlab,
http://ick.ge/,NEWS,News Media,2014-04-15,citizenlab,
http://identoba.ge/,LGBT,LGBT,2014-04-15,citizenlab,
http://info9.ge/,NEWS,News Media,2014-04-15,citizenlab,
http://lenta.ru/,NEWS,News Media,2014-04-15,citizenlab,
http://lgbt.ge/,LGBT,LGBT,2014-04-15,citizenlab,
http://loveplanet.ru/,DATE,Online Dating,2014-04-15,citizenlab,
http://maestro.ge/,NEWS,News Media,2014-04-15,citizenlab,
http://mamuli.net/portal/ge/forum/forum_topics.asp?FID=70,POLR,Political Criticism,2014-04-15,citizenlab,
http://netgazeti.ge/,NEWS,News Media,2014-04-15,citizenlab,
http://odnoklassniki.ru/,NEWS,News Media,2014-04-15,citizenlab,
http://osgenocide.ru/,MILX,Terrorism and Militants,2014-04-15,citizenlab,
http://osinform.ru/,MILX,Terrorism and Militants,2014-04-15,citizenlab,
http://palitratv.ge/,NEWS,News Media,2014-04-15,citizenlab,
http://pirweli.com.ge/,NEWS,News Media,2014-04-15,citizenlab,
http://presa.ge/,NEWS,News Media,2014-04-15,citizenlab,
http://rustavi2.ge/,NEWS,News Media,2014-04-15,citizenlab,
http://saakant-bichi.blogspot.com/,NEWS,News Media,2014-04-15,citizenlab,
http://solomonternaleli.wordpress.com/,NEWS,News Media,2014-04-15,citizenlab,
http://southosetia.euro.ru/,MILX,Terrorism and Militants,2014-04-15,citizenlab,
http://thewayofgeorgia.org/,POLR,Political Criticism,2014-04-15,citizenlab,
http://tribuna.ge/,NEWS,News Media,2014-04-15,citizenlab,
http://tv9.ge/,NEWS,News Media,2014-04-15,citizenlab,
http://twitter.com/b_ivanishvili,POLR,Political Criticism,2014-04-15,citizenlab,
http://www.abkhazeti.ru/,MILX,Terrorism and Militants,2014-04-15,citizenlab,
http://www.abkhazia.dot.ge/,MILX,Terrorism and Militants,2014-04-15,citizenlab,
http://www.abkhazia.org/,MILX,Terrorism and Militants,2014-04-15,citizenlab,
http://www.abkhaziagov.org/,MILX,Terrorism and Militants,2014-04-15,citizenlab,
http://www.abkhaziya.org/,MILX,Terrorism and Militants,2014-04-15,citizenlab,
http://www.apsny.ge/,NEWS,News Media,2014-04-15,citizenlab,
http://www.apsnypress.info/,MILX,Terrorism and Militants,2014-04-15,citizenlab,
http://www.avoe.ge/,FILE,File-sharing,2014-04-15,citizenlab,
http://www.azrebi.ge/,NEWS,News Media,2014-04-15,citizenlab,
http://www.bestcracks.net/,HACK,Hacking Tools,2014-04-15,citizenlab,
http://www.binmahfouz.info/en_index.html,CULTR,Culture,2014-04-15,citizenlab,
http://www.civil.ge/,NEWS,News Media,2014-04-15,citizenlab,
http://www.conservators.ge/,POLR,Political Criticism,2014-04-15,citizenlab,
http://www.crack.ms/,HACK,Hacking Tools,2014-04-15,citizenlab,
http://www.cracks.vg/,HACK,Hacking Tools,2014-04-15,citizenlab,
http://www.dailymotion.com/tag/jihad,CULTR,Culture,2014-04-15,citizenlab,
http://www.damochka.ru/,DATE,Online Dating,2014-04-15,citizenlab,
http://www.download.ge/,FILE,File-sharing,2014-04-15,citizenlab,
http://www.ertoba.net/echo1/sppro/bpg/default.asp,POLR,Political Criticism,2014-04-15,citizenlab,
http://www.expert.ru/printissues/expert/2003/45/45ex-editrl/,NEWS,News Media,2014-04-15,citizenlab,
http://www.expert.ru/tags/countries/georgia/,NEWS,News Media,2014-04-15,citizenlab,
http://www.facebook.com/merabishvili.vano,POLR,Political Criticism,2014-04-15,citizenlab,
http://www.facebook.com/officialbidzinaivanishvili,POLR,Political Criticism,2014-04-15,citizenlab,
http://www.facebook.com/officialgeorgiandream,POLR,Political Criticism,2014-04-15,citizenlab,
http://www.facebook.com/saakashvilimikheil,NEWS,News Media,2014-04-15,citizenlab,
http://www.fast.ge/,MMED,Media sharing,2014-04-15,citizenlab,
http://www.for.ge/,NEWS,News Media,2014-04-15,citizenlab,
http://www.gamebookers.com/,GMB,Gambling,2014-04-15,citizenlab,
http://www.georgiandream.ge/,POLR,Political Criticism,2014-04-15,citizenlab,
http://www.gol.ge/,FILE,File-sharing,2014-04-15,citizenlab,
http://www.gyla.ge/,POLR,Political Criticism,2014-04-15,citizenlab,
http://www.hackzone.ru/,HACK,Hacking Tools,2014-04-15,citizenlab,
http://www.intercasino.com/,GMB,Gambling,2014-04-15,citizenlab,
http://www.iveroni.com.ge/,NEWS,News Media,2014-04-15,citizenlab,
http://www.kafkas.org.tr/,MILX,Terrorism and Militants,2014-04-15,citizenlab,
http://www.labour.ge/,POLR,Political Criticism,2014-04-15,citizenlab,
http://www.liberali.ge/,NEWS,News Media,2014-04-15,citizenlab,
http://www.link.ge/,MMED,Media sharing,2014-04-15,citizenlab,
http://www.livestream.com/tv9ge,NEWS,News Media,2014-04-15,citizenlab,
http://www.mfaabkhazia.org/,MILX,Terrorism and Militants,2014-04-15,citizenlab,
http://www.mid.ru/,GOVT,Government,2014-04-15,citizenlab,
http://www.myphone.ge/,COMT,Communication Tools,2014-04-15,citizenlab,
http://www.ncp.ge/,POLR,Political Criticism,2014-04-15,citizenlab,
http://www.ndp.ge/,POLR,Political Criticism,2014-04-15,citizenlab,
http://www.netgazeti.ge/,NEWS,News Media,2014-04-15,citizenlab,
http://www.newsgeorgia.ge/,NEWS,News Media,2014-04-15,citizenlab,
http://www.newsgeorgia.ru/,NEWS,News Media,2014-04-15,citizenlab,
http://www.osradio.ru/,MILX,Terrorism and Militants,2014-04-15,citizenlab,
https://www.rapidshare.com/,MMED,Media sharing,2014-04-15,citizenlab,
http://www.regnum.ru/news/georgia/,NEWS,News Media,2014-04-15,citizenlab,
http://www.republicans.ge/,POLR,Political Criticism,2014-04-15,citizenlab,
http://www.rian.ru/,NEWS,News Media,2014-04-15,citizenlab,
http://www.s0ftpj.org/,HACK,Hacking Tools,2014-04-15,citizenlab,
http://www.scribd.com/tv9ge,NEWS,News Media,2014-04-15,citizenlab,
http://www.svobodnaya-gruzia.com/,NEWS,News Media,2014-04-15,citizenlab,
http://www.tabula.ge/,POLR,Political Criticism,2014-04-15,citizenlab,
http://www.torrents.ge/,MMED,Media sharing,2014-04-15,citizenlab,
http://www.unm.ge/,POLR,Political Criticism,2014-04-15,citizenlab,
http://www.voip.ge/,COMT,Communication Tools,2014-04-15,citizenlab,
http://www.willhill.com/,GMB,Gambling,2014-04-15,citizenlab,
http://www.youtube.com/channel/ucjcuyyg0yl6sgtfxftmtmvq,NEWS,News Media,2014-04-15,citizenlab,
http://www.youtube.com/user/ivanishviliofficial,POLR,Political Criticism,2014-04-15,citizenlab,
http://www.youtube.com/user/tv9ge,NEWS,News Media,2014-04-15,citizenlab,
https://ka.wikipedia.org/,CULTR,Culture,2018-07-06,Wikimedia,URLs provided by wikipedia based on the most popular language domains per country
https://wikisource.org/,CULTR,Culture,2018-07-06,Wikimedia,URLs provided by wikipedia based on the most popular language domains per country
https://en.wiktionary.org/,CULTR,Culture,2018-07-06,Wikimedia,URLs provided by wikipedia based on the most popular language domains per country
https://hy.wikipedia.org/,CULTR,Culture,2018-07-06,Wikimedia,URLs provided by wikipedia based on the most popular language domains per country
https://tr.wikipedia.org/,CULTR,Culture,2018-07-06,Wikimedia,URLs provided by wikipedia based on the most popular language domains per country
https://az.wikipedia.org/,CULTR,Culture,2018-07-06,Wikimedia,URLs provided by wikipedia based on the most popular language domains per country
