url,category_code,category_description,date_added,source,notes
https://9nagatangkas.pw/,GAME,Gaming,2014-04-15,citizenlab,
http://anonymat.org/,ANON,Anonymization and circumvention tools,2014-04-15,citizenlab,
http://anonymousproxylist.net/,ANON,Anonymization and circumvention tools,2014-04-15,citizenlab,
https://answering-islam.org/,REL,Religion,2014-04-15,citizenlab,
https://www.arrahmah.com/,REL,Religion,2014-04-15,citizenlab,
https://beritamuslim.wordpress.com/,REL,Religion,2014-04-15,citizenlab,
https://balabele.com/,GMB,Gambling,2014-04-15,citizenlab,
http://denypagetests.netsweeper.com/,HACK,Hacking Tools,2014-04-15,citizenlab,
https://en.wiktionary.org/,CULTR,Culture,2018-07-06,Wikimedia,URLs provided by wikipedia based on the most popular language domains per country
https://exmuslim.wordpress.com/,REL,Religion,2014-04-15,citizenlab,
http://www.gensyiah.com/,NEWS,News Media,2017-04-24,sinarproject,Radical Islam with elements of hate speech
https://groups.google.com/group/free-proxy-list-update-daily?pli=1,MMED,Media sharing,2014-04-15,citizenlab,
https://id.wikibooks.org/,CULTR,Culture,2018-07-06,Wikimedia,URLs provided by wikipedia based on the most popular language domains per country
https://id.wikipedia.org/,CULTR,Culture,2018-07-06,Wikimedia,URLs provided by wikipedia based on the most popular language domains per country
https://id.wiktionary.org/,CULTR,Culture,2018-07-06,Wikimedia,URLs provided by wikipedia based on the most popular language domains per country
http://indolucky7.com/,GMB,Gambling,2014-04-15,citizenlab,
https://indonbodoh.blogspot.com/,POLR,Political Criticism,2014-04-15,citizenlab,
http://infopapua.org/,HUMR,Human Rights Issues,2017-04-24,sinarproject,Papua conflict
https://islammurtad.blogspot.com/,REL,Religion,2014-04-15,citizenlab,
https://www.islampos.com/,REL,Religion,2017-04-24,sinarproject,Radical Islam with elements of hate speech
https://www.kiblat.net/,REL,Religion,2017-04-24,sinarproject,Radical Islam with elements of hate speech
https://ms.wikipedia.org/,CULTR,Culture,2018-07-06,Wikimedia,URLs provided by wikipedia based on the most popular language domains per country
http://papuapost.com/,NEWS,News Media,2017-04-24,sinarproject,Papua conflict
https://suarapapua.com/,HUMR,Human Rights Issues,2017-04-24,sinarproject,Papua conflict
https://www.tabloid-wani.com/,HUMR,Human Rights Issues,2017-04-24,sinarproject,Papua conflict
http://tabloidjubi.com/,HUMR,Human Rights Issues,2017-04-24,sinarproject,Papua conflict
http://thequran.com/,REL,Religion,2014-04-15,citizenlab,
https://www.murtad.xyz/,REL,Religion,2014-04-15,citizenlab,
https://voa-islam.com/,REL,Religion,2017-04-24,sinarproject,Radical Islam with elements of hate speech: https://inet.detik.com/law-amp-policy/d-3386201/setelah-blokir-habib-rizieq-kominfo-kini-tutup-akses-islampos-dkk
http://www.agenbola.com/,GMB,Gambling,2014-04-15,citizenlab,
http://www.agent234.com/,GMB,Gambling,2014-04-15,citizenlab,
https://www.answering-islam.org/,REL,Religion,2014-04-15,citizenlab,
http://www.arabchurch.com/,REL,Religion,2014-04-15,citizenlab,
http://baliautrement.com/,CULTR,Culture,2014-04-15,citizenlab,
https://www.bbc.com/indonesia,NEWS,News Media,2017-07-19,BBC,
https://charliehebdo.fr/,POLR,Political Criticism,2014-04-15,citizenlab,
http://www.faithfreedom.org/,REL,Religion,2014-04-15,citizenlab,
http://www.indoagen.com/,GMB,Gambling,2014-04-15,citizenlab,
https://www.papua.us/,HUMR,Human Rights Issues,2017-04-24,sinarproject,Papua conflict
http://www.papuansbehindbars.org/,HUMR,Human Rights Issues,2017-04-24,sinarproject,Papua conflict
http://www.proxycap.com/proxychecker.html,ANON,Anonymization and circumvention tools,2014-04-15,citizenlab,
http://www.qbit.it/lab/webproxy/,ANON,Anonymization and circumvention tools,2014-04-15,citizenlab,
http://www.smog.pl/,PROV,Provocative Attire,2014-04-15,citizenlab,
http://www.suarakita.org/,LGBT,LGBT,2014-04-15,citizenlab,
http://www.allproxysites.com/,ANON,Anonymization and circumvention tools,2014-04-15,citizenlab,Updated by OONI
https://www.thefreecountry.com/security/anonymous.shtml,ANON,Anonymization and circumvention tools,2014-04-15,citizenlab,
https://www.tribunnews.com/,NEWS,News Media,2019-09-19,OONI,
https://www.liputan6.com/,NEWS,News Media,2019-09-19,OONI,
https://www.kompas.com/,NEWS,News Media,2019-09-19,OONI,
https://www.okezone.com/,NEWS,News Media,2019-09-19,OONI,
https://www.merdeka.com/,NEWS,News Media,2019-09-19,OONI,
http://www.detik.com/,NEWS,News Media,2019-09-19,OONI,
https://www.dream.co.id/,CULTR,Culture,2019-09-19,OONI,
https://www.suara.com/,NEWS,News Media,2019-09-19,OONI,
http://www.tempo.co/,NEWS,News Media,2019-09-19,OONI,
https://www.sindonews.com/,NEWS,News Media,2019-09-19,OONI,
https://www.republika.co.id/,NEWS,News Media,2019-09-19,OONI,
https://www.kompasiana.com/,NEWS,News Media,2019-09-19,OONI,
https://www.jpnn.com/,NEWS,News Media,2019-09-19,OONI,
https://www.beritasatu.com/,NEWS,News Media,2019-09-19,OONI,
https://www.metrotvnews.com/,NEWS,News Media,2019-09-19,OONI,
https://www.jawapos.com/,NEWS,News Media,2019-09-19,OONI,
https://fajar.co.id/,NEWS,News Media,2019-09-19,OONI,
https://www.solopos.com/,NEWS,News Media,2019-09-19,OONI,
https://www.antaranews.com/,NEWS,News Media,2019-09-19,OONI,
https://www.harianjogja.com/,NEWS,News Media,2019-09-19,OONI,
https://www.pikiran-rakyat.com/,NEWS,News Media,2019-09-19,OONI,
https://www.hidayatullah.com/,NEWS,News Media,2019-09-19,OONI,
http://suaranews.com/,NEWS,News Media,2019-09-19,OONI,
http://poskotanews.com/,NEWS,News Media,2019-09-19,OONI,
https://www.inilah.com/,NEWS,News Media,2019-09-19,OONI,
https://www.suaramerdeka.com/,NEWS,News Media,2019-09-19,OONI,
https://jakartaglobe.id/,NEWS,News Media,2019-09-19,OONI,
https://www.indonesiancupid.com/,DATE,Online Dating,2019-09-19,OONI,
https://www.kaskus.co.id/,GRP,Social Networking,2019-09-19,OONI,
https://www.viva.co.id/,CULTR,Culture,2019-09-19,OONI,
https://www.pulsk.com/,CULTR,Culture,2019-09-19,OONI,
http://paseban.com/,HOST,Hosting and Blogging Platforms,2019-09-19,OONI,
https://id.yahoo.com/,NEWS,News Media,2019-09-19,OONI,
https://www.eramuslim.com/,REL,Religion,2019-09-19,OONI,
https://www.dakwatuna.com/,REL,Religion,2019-09-19,OONI,
https://quranicaudio.com/,REL,Religion,2019-09-19,OONI,
https://www.islamtimes.org/,REL,Religion,2019-09-19,OONI,
https://muslim.or.id/,REL,Religion,2019-09-19,OONI,
https://www.kapanlagi.com/,CULTR,Culture,2019-09-19,OONI,
https://wowkeren.com/,CULTR,Culture,2019-09-19,OONI,
https://forum.idws.id/,CULTR,Culture,2019-09-19,OONI,
https://www.hipwee.com/,CULTR,Culture,2019-09-19,OONI,
https://1cak.com/,CULTR,Culture,2019-09-19,OONI,
http://www.tvonlineindonesia.net/,MMED,Media sharing,2019-09-19,OONI,
http://www.indonesiamedia.com/,NEWS,News Media,2019-09-19,OONI,
http://www.mediaindonesia.com/,NEWS,News Media,2019-09-19,OONI,
https://www.indosiar.com/,NEWS,News Media,2019-09-19,OONI,
https://www.90min.com/id,NEWS,News Media,2019-09-19,OONI,
http://www.astaga.com/,NEWS,News Media,2019-09-19,OONI,
https://bldaily.id/,NEWS,News Media,2019-09-19,OONI,
http://news.detik.com/,NEWS,News Media,2019-09-19,OONI,
https://www.indonesiaheadlines.com/,NEWS,News Media,2019-09-19,OONI,
https://www.gatra.com/,NEWS,News Media,2019-09-19,OONI,
https://www.kontan.co.id/,NEWS,News Media,2019-09-19,OONI,
http://swa.co.id/,NEWS,News Media,2019-09-19,OONI,
https://koran.tempo.co/,NEWS,News Media,2019-09-19,OONI,
http://www.balipost.co.id/,NEWS,News Media,2019-09-19,OONI,
https://bangka.tribunnews.com/,NEWS,News Media,2019-09-19,OONI,
https://bengkuluekspress.com/,NEWS,News Media,2019-09-19,OONI,
http://www.bisnis.com/,NEWS,News Media,2019-09-19,OONI,
http://www.harianterbit.com/,NEWS,News Media,2019-09-19,OONI,
https://indopos.co.id/,NEWS,News Media,2019-09-19,OONI,
http://www.shangbaoindonesia.com/,NEWS,News Media,2019-09-19,OONI,
https://www.thejakartapost.com/,NEWS,News Media,2019-09-19,OONI,
https://www.jakartanews.net/,NEWS,News Media,2019-09-19,OONI,
http://www.jurnas.com/,NEWS,News Media,2019-09-19,OONI,
http://www.koran-jakarta.com/,NEWS,News Media,2019-09-19,OONI,
http://koran-sindo.com/,NEWS,News Media,2019-09-19,OONI,
https://sp.beritasatu.com/,NEWS,News Media,2019-09-19,OONI,
http://www.jambiekspres.co.id/,NEWS,News Media,2019-09-19,OONI,
https://jabar.tribunnews.com/,NEWS,News Media,2019-09-19,OONI,
https://pontianak.tribunnews.com/,NEWS,News Media,2019-09-19,OONI,
https://banjarmasin.tribunnews.com/,NEWS,News Media,2019-09-19,OONI,
https://kaltim.prokal.co/,NEWS,News Media,2019-09-19,OONI,
https://kaltim.tribunnews.com/,NEWS,News Media,2019-09-19,OONI,
https://surabaya.tribunnews.com/,NEWS,News Media,2019-09-19,OONI,
https://batampos.co.id/,NEWS,News Media,2019-09-19,OONI,
https://haluankepri.com/,NEWS,News Media,2019-09-19,OONI,
http://www.lampost.co/,NEWS,News Media,2019-09-19,OONI,
https://lampung.tribunnews.com/,NEWS,News Media,2019-09-19,OONI,
https://aceh.tribunnews.com/,NEWS,News Media,2019-09-19,OONI,
https://kupang.tribunnews.com/,NEWS,News Media,2019-09-19,OONI,
http://online24jam.com/,NEWS,News Media,2019-09-19,OONI,
https://makassar.terkini.id/,NEWS,News Media,2019-09-19,OONI,
http://www.posmetropadang.com/,DATE,Online Dating,2019-09-19,OONI,
https://www.harianhaluan.com/,NEWS,News Media,2019-09-19,OONI,
https://palembang.tribunnews.com/,NEWS,News Media,2019-09-19,OONI,
http://upeks.fajar.co.id/,NEWS,News Media,2019-09-19,OONI,
http://www.manadopostonline.com/,NEWS,News Media,2019-09-19,OONI,
http://analisadaily.com/,NEWS,News Media,2019-09-19,OONI,
http://harianandalas.com/,NEWS,News Media,2019-09-19,OONI,
http://www.kini.co.id/,NEWS,News Media,2019-09-19,OONI,
http://www.hariansib.com/,NEWS,News Media,2019-09-19,OONI,
https://medan.tribunnews.com/,NEWS,News Media,2019-09-19,OONI,
http://waspada.co.id/,NEWS,News Media,2019-09-19,OONI,
https://krjogja.com/,NEWS,News Media,2019-09-19,OONI,
https://www.hrw.org/report/2016/08/10/these-political-games-ruin-our-lives/indonesias-lgbt-community-under-threat,LGBT,LGBT,2019-09-19,OONI,
http://seajunction.org/lgbt-rights-siege-indonesia/,LGBT,LGBT,2019-09-19,OONI,
https://outrightinternational.org/content/increasing-access-justice-lgbti-communities-indonesia-project,LGBT,LGBT,2019-09-19,OONI,
https://www.aseantoday.com/category/indonesia/,NEWS,News Media,2019-09-19,OONI,
https://dianarikasari.blogspot.com/,CULTR,Culture,2019-09-19,OONI,Popular blog
http://www.thetraveljunkie.org/,CULTR,Culture,2019-09-19,OONI,Popular blog
https://anakjajan.com/,CULTR,Culture,2019-09-19,OONI,Popular blog
http://olivialazuardy.com/,CULTR,Culture,2019-09-19,OONI,Popular blog
http://www.stellalee.net/,CULTR,Culture,2019-09-19,OONI,Popular blog
http://www.alodita.com/,CULTR,Culture,2019-09-19,OONI,Popular blog
https://dailysocial.id/,CULTR,Culture,2019-09-19,OONI,Popular blog
https://travelingyuk.com/,CULTR,Culture,2019-09-19,OONI,Popular blog
https://www.newmandala.org/category/indonesia-politics/,POLR,Political Criticism,2019-09-19,OONI,
https://www.hrw.org/asia/indonesia,HUMR,Human Rights Issues,2019-09-19,OONI,
https://humanrightsinasean.info/indonesia/rule-law-human-rights.html,HUMR,Human Rights Issues,2019-09-19,OONI,
https://www.amnesty.org/en/countries/asia-and-the-pacific/indonesia/,HUMR,Human Rights Issues,2019-09-19,OONI,
https://www.asiapacificforum.net/members/indonesia/,HUMR,Human Rights Issues,2019-09-19,OONI,
http://kontras.org/,HUMR,Human Rights Issues,2019-09-19,OONI,
https://hrwg.org/,HUMR,Human Rights Issues,2019-09-19,OONI,
https://www.infid.org/,HUMR,Human Rights Issues,2019-09-19,OONI,
http://setara-institute.org/,HUMR,Human Rights Issues,2019-09-19,OONI,
https://elsam.or.id/,HUMR,Human Rights Issues,2019-09-19,OONI,
https://www.tapol.org/,HUMR,Human Rights Issues,2019-09-19,OONI,
http://hrrca.org/indonesia-reports/,HUMR,Human Rights Issues,2019-09-19,OONI,
https://www.komnasham.go.id/,GOVT,Government,2019-09-19,OONI,National Commission on Human Rights in Indonesia
https://www.persecutionofahmadis.org/,REL,Religion,2019-09-19,OONI,
http://thepersecution.org/,REL,Religion,2019-09-19,OONI,
https://www.ulmwp.org/,MILX,Terrorism and Militants,2019-09-19,OONI,
https://www.forgottenbirdofparadise.com/,MILX,Terrorism and Militants,2019-09-19,OONI,Documentary about the Papua conflict
https://www.freewestpapua.org/,MILX,Terrorism and Militants,2019-09-19,OONI,Free West Papua Campaign
https://www.reddit.com/r/indonesia/,CULTR,Culture,2019-09-19,OONI,Previously blocked in Indonesia
https://www.femina.co.id/,CULTR,Culture,2019-09-19,OONI,
https://www.blued.com/,LGBT,LGBT,2019-09-19,OONI,Reportedly blocked in Indonesia
http://boyahoy.com/,LGBT,LGBT,2019-09-19,OONI,Reportedly blocked in Indonesia
https://www.unaids.org/en/regionscountries/countries/indonesia,PUBH,Public Health,2019-09-19,OONI,
https://www.aidshealth.org/global/indonesia/,PUBH,Public Health,2019-09-19,OONI,
https://www.womenonweb.org/en/page/16338/safe-abortion-network-in-indonesia,XED,Sex Education,2019-09-19,OONI,