url,category_code,category_description,date_added,source,notes
http://100india.com/,FILE,File-sharing,2014-04-15,citizenlab,
http://1337x.to/,FILE,File-sharing,2018-03-26,Static Design Studio,
http://a2ztamilsongs.com/,FILE,File-sharing,2014-04-15,citizenlab,
http://afarm.org/,ENV,Environment,2016-06-14,OONI,
http://aflatune.com/,FILE,File-sharing,2014-04-15,citizenlab,
http://akosha.com/iipm-complaints-98.html,NEWS,News Media,2014-04-15,citizenlab,
http://apniisp.com/,FILE,File-sharing,2014-04-15,citizenlab,
http://apunkabollywood.com/,MMED,Media sharing,2014-04-15,citizenlab,
http://arizona.indymedia.org/,NEWS,News Media,2014-04-15,citizenlab,
http://arrcinfo.blogspot.in/2012/07/rohingya-massacre-alert.html,NEWS,News Media,2014-04-15,citizenlab,
http://article.wn.com/view/2012/08/01/myanmar_troops_opened_fire_on_rohingya_muslims/,NEWS,News Media,2014-04-15,citizenlab,
http://articles.economictimes.indiatimes.com/2012-07-19/news/32747422_1_iipm-award-degrees-ugc,NEWS,News Media,2014-04-15,citizenlab,
http://articles.timesofindia.indiatimes.com/2011-06-22/bangalore/29689648_1_iipm-counsel-tamil-nadu,NEWS,News Media,2014-04-15,citizenlab,
http://atlasshrugs2000.typepad.com/atlas_shrugs/2012/08/jihad-in-india-eyewitness-in-assam.html,MILX,Terrorism and Militants,2014-04-15,citizenlab,
http://azatlan.blogspot.in/2005/10/iipm.html,NEWS,News Media,2014-04-15,citizenlab,
http://bamapachyderm.com/,HATE,Hate Speech,2014-04-15,citizenlab,
http://bdcburma.wordpress.com/2012/07/27/photos-about-burmese-buddhists-killed-the-muslims-in-burma-2/,NEWS,News Media,2014-04-15,citizenlab,
http://bhandafodu.blogspot.com/,NEWS,News Media,2014-04-15,citizenlab,
http://bharatkalyan97.blogspot.in/2012/08/jihad-in-assam-2-parts-sandeep.html,MILX,Terrorism and Militants,2014-04-15,citizenlab,
http://blog.hiddenharmonies.org/2012/08/riots-in-assam/,REL,Religion,2014-04-15,citizenlab,
http://bloggernews.net/124029/,NEWS,News Media,2014-04-15,citizenlab,
http://blogs.outlookindia.com/default.aspx?ddm=10&pid=2536&eid=31,NEWS,News Media,2014-04-15,citizenlab,
http://blogs.outlookindia.com/default.aspx?ddm=10&pid=2536&eid=32,NEWS,News Media,2014-04-15,citizenlab,
http://blogs.tribune.com.pk/story/12867/social-media-is-lying-to-you-about-burmas-muslim-cleansing/,REL,Religion,2014-04-15,citizenlab,
http://blogs.wsj.com/indiarealtime/2011/08/19/%e2%80%98why-i-took-on-arindam-chaudhuri%e2%80%99/,NEWS,News Media,2014-04-15,citizenlab,
http://blogs.wsj.com/indiarealtime/2013/05/12/report-indias-3000-child-soldiers/,HUMR,Human Rights Issues,2016-06-15,OONI,
http://blogs.wsj.com/indiarealtime/tag/arindam-chaudhuri,NEWS,News Media,2014-04-15,citizenlab,
http://bloodrovaltriped.com/,NEWS,News Media,2014-04-15,citizenlab,
http://bloodroyaltriped.com/,NEWS,News Media,2014-04-15,citizenlab,
http://bollyextreme.com/,FILE,File-sharing,2014-04-15,citizenlab,
http://bollymaza.com/,FILE,File-sharing,2014-04-15,citizenlab,
http://bollywood-hits.com/,FILE,File-sharing,2014-04-15,citizenlab,
http://bollywoodmp4.com/,MMED,Media sharing,2014-04-15,citizenlab,
http://bollywoodstop.com/,MMED,Media sharing,2014-04-15,citizenlab,
http://bombayhighcourt.net/,MISC,Miscelaneous content,2014-04-15,citizenlab,
http://caravanmagazine.in/reportage/sweet-smell-success,NEWS,News Media,2014-04-15,citizenlab,
http://carc.org.in/,NEWS,News Media,2014-04-15,citizenlab,
http://cckerala.com/,FILE,File-sharing,2014-04-15,citizenlab,
http://centralmusiq.com/,FILE,File-sharing,2014-04-15,citizenlab,
http://centrerght.in/2012/08/assam-competitive-religiosity-and-mcdia-narrative/#.udclqn0gcpc,REL,Religion,2014-04-15,citizenlab,
http://centreright.in/2012/08/demographic-trend-and-the-hindu-vote/#.udclr90gcpc,REL,Religion,2014-04-15,citizenlab,
http://chimatamusic.com/,FILE,File-sharing,2014-04-15,citizenlab,
http://chirkutonorkut.com/,FILE,File-sharing,2014-04-15,citizenlab,
https://christianpersecutionindia.blogspot.gr/,REL,Religion,2016-06-14,OONI,
http://clickatell.com/,COMT,Communication Tools,2014-04-15,citizenlab,
http://commnicator.clickatell.com/,COMM,E-commerce,2014-04-15,citizenlab,
http://commonfolkcommonsense.blogspot.com/,NEWS,News Media,2014-04-15,citizenlab,
http://coolgoose.com/,ANON,Anonymization and circumvention tools,2014-04-15,citizenlab,
http://csa-india.org/,ENV,Environment,2016-06-14,OONI,
http://curiousgawker.blogspot.in/2005/10/iipm-to-inaugurate-new-answering.html,NEWS,News Media,2014-04-15,citizenlab,
http://dacoolsite.com/,ANON,Anonymization and circumvention tools,2014-04-15,citizenlab,
http://dailykashmirtimes.com.pk/,NEWS,News Media,2016-06-15,OONI,
http://dailywitness.com/maoists-in-northeast-india-allegedly-recruit-child-soldiers-through-lotteries/,HUMR,Human Rights Issues,2016-06-15,OONI,
http://dalitstan.org/,NEWS,News Media,2014-04-15,citizenlab,
http://depositfiles.com/,NEWS,News Media,2014-04-15,citizenlab,
http://desibajao.net/,FILE,File-sharing,2014-04-15,citizenlab,
http://desiden.mobi/,MMED,Media sharing,2014-04-15,citizenlab,
http://desifunda.net/,FILE,File-sharing,2014-04-15,citizenlab,
http://desijammers.com/,CULTR,Culture,2014-04-15,citizenlab,
http://desimusic.com/,MMED,Media sharing,2014-04-15,citizenlab,
http://desishock.net/,FILE,File-sharing,2014-04-15,citizenlab,
http://desisong.com/,FILE,File-sharing,2014-04-15,citizenlab,
http://dhakdhakradio.com/,FILE,File-sharing,2014-04-15,citizenlab,
http://dhool.com/,FILE,File-sharing,2014-04-15,citizenlab,
http://digg.com/satishsethadag,NEWS,News Media,2014-04-15,citizenlab,
http://digg.com/satishsethreliance,NEWS,News Media,2014-04-15,citizenlab,
http://digg.com/satishsethswan/submissions,NEWS,News Media,2014-04-15,citizenlab,
http://directdomains.com/profile/highcourts.com/?utm_source,MISC,Miscelaneous content,2014-04-15,citizenlab,
http://dishant.com/,FILE,File-sharing,2014-04-15,citizenlab,
http://dl.btjunkie.org/torrent/bodyguard-2011-hindi-movie-scr-1cd-cam-rip-day/3381072ca0b09a7e175bc5cc10fbcc660645,FILE,File-sharing,2014-04-15,citizenlab,
http://donotdial100.webs.com/,NEWS,News Media,2014-04-15,citizenlab,
http://downloadming.com/,FILE,File-sharing,2014-04-15,citizenlab,
http://drashukumar.files.wordpress.com/2011/10/ashokarorashivaniarticle.doc,NEWS,News Media,2014-04-15,citizenlab,
http://drashukumar.files.wordpress.com/2011/10/who_got_shivani_killed.doc,NEWS,News Media,2014-04-15,citizenlab,
http://ekakizunj.com/iipm_scam,NEWS,News Media,2014-04-15,citizenlab,
http://en.humanrights-iran.ir/news-,NEWS,News Media,2014-04-15,citizenlab,
http://en.humanrights-iran.ir/news-19397.aspx,NEWS,News Media,2014-04-15,citizenlab,
http://epaper.telegraphindia.com/publication/tt/tt/2012/03/19.index.shtml,NEWS,News Media,2014-04-15,citizenlab,
http://ethiomuslimsmedia.com/index.php/news-paper/132-burma,NEWS,News Media,2014-04-15,citizenlab,
http://exposingtheleft.blogspot.com/,NEWS,News Media,2014-04-15,citizenlab,
https://factsindia.wordpress.com/category/corcom/,POLR,Political Criticism,2016-06-15,OONI,Blog monitoring terrorism
http://farazahmed.com/wp-content/uploads/2012/07/602535_335682046513473_517563933_n.jpg,NEWS,News Media,2014-04-15,citizenlab,
http://fileserve.com/,FILE,File-sharing,2014-04-15,citizenlab,
http://filefreak.com/,FILE,File-sharing,2019-03-03,csk,
http://filesonic.in/,FILE,File-sharing,2014-04-15,citizenlab,
http://filmicafe.com/,FILE,File-sharing,2014-04-15,citizenlab,
http://filmimusic.com/,FILE,File-sharing,2014-04-15,citizenlab,
http://freefundoo.com/,FILE,File-sharing,2014-04-15,citizenlab,
http://freeindisongs.com/,MMED,Media sharing,2014-04-15,citizenlab,
http://freeplaymp3songdownload.com/,MMED,Media sharing,2014-04-15,citizenlab,
http://funmaza.com/,FILE,File-sharing,2014-04-15,citizenlab,
http://funscrape.com/,FILE,File-sharing,2014-04-15,citizenlab,
http://ganduhotspot.blogspot.com/2012/07/intl-union-of-unified-ummah-condemns.html,REL,Religion,2014-04-15,citizenlab,
http://gauravsabnis.blogspot.in/2005/08/fraud-that-is-iipm.html,NEWS,News Media,2014-04-15,citizenlab,
http://getahead.rediff.com/report/2010/aug/26/career-trouble-brewing-for-indian-institute-of-management-and-planning-in-hyderabad.htm,NEWS,News Media,2014-04-15,citizenlab,
http://givemetheheadlines.wordpress.com/2012/07/29/hindus-kill-muslims-in-india-44-dead-170000-made-homeless/,MILX,Terrorism and Militants,2014-04-15,citizenlab,
http://gogrumogru.com/,MMED,Media sharing,2014-04-15,citizenlab,
http://google.co.in/search?q=telegraphkolkatat2/20march2012&hl=en&prmd=imvns&source=inms&tbm=isch&ei=yvbqt-wxfthjrae5s5mdag&sa=x&oi=modelink&ct=mode&cd=2&ved=0cbuqau0aq&biw=1843&bih=959,SRCH,Search Engines,2014-04-15,citizenlab,
http://google0.ingo/,HACK,Hacking Tools,2014-04-15,citizenlab,
http://gr8click.com/,FILE,File-sharing,2014-04-15,citizenlab,
http://harishc.blogspot.in/2011/06/caravan-iipm-article.html,NEWS,News Media,2014-04-15,citizenlab,
http://high-court.com/,MISC,Miscelaneous content,2014-04-15,citizenlab,
http://highcourtofjustice.com/,MISC,Miscelaneous content,2014-04-15,citizenlab,
http://hindimirchi.com/,MMED,Media sharing,2014-04-15,citizenlab,
http://hinduexistance.files.wordpress.com/2012/08/who-are-responsible-for-assam-riots.jpg,NEWS,News Media,2014-04-15,citizenlab,
http://hinduexistence.wordpress.com/,POLR,Political Criticism,2014-04-15,citizenlab,
http://hinduexistence.wordpress.com/2012/03/oh-not-again.jpg,NEWS,News Media,2014-04-15,citizenlab,
http://hinduexistence.wordpress.com/tag/the-telegraph-kolkata,NEWS,News Media,2014-04-15,citizenlab,
http://hinduhumanrights.org/,NEWS,News Media,2014-04-15,citizenlab,
http://hinduunity.org/,MILX,Terrorism and Militants,2014-04-15,citizenlab,
http://hotfile.com/,FILE,File-sharing,2014-04-15,citizenlab,
http://ifp.co.in/page/items/22072/the-heart-of-revolutionary-movement-in-manipur-is-corcom,POLR,Political Criticism,2016-06-15,OONI,This news site talks about the separatist movement in Manipur.
http://iipmexposed.blogspot.in/,NEWS,News Media,2014-04-15,citizenlab,
http://iipmfraud.com/,NEWS,News Media,2014-04-15,citizenlab,
http://imagesearchyahoo.com/,SRCH,Search Engines,2014-04-15,citizenlab,
http://imagessearchyahoo.com/,MMED,Media sharing,2014-04-15,citizenlab,
http://imamali8.com/,MISC,Miscelaneous content,2014-04-15,citizenlab,
https://india.gov.in/,GOVT,Government,2016-06-14,OONI,
http://indianexpress.com/article/lifestyle/life-style/who-was-irom-sharmila-a-look-at-the-life-she-has-lost-and-memories-that-sustain-her/,POLR,Political Criticism,2016-06-15,OONI,
http://indiatoday.intoday.in/story/arun-shourie-modi-government-karan-thapar/1/433260.html,POLR,Political Criticism,2016-06-15,OONI,
http://intellibreifs.blogspot.in/2009/06/iipm-indian-students-beware-best-only.html,NEWS,News Media,2014-04-15,citizenlab,
https://iromsharmilachanu.wordpress.com/,POLR,Political Criticism,2016-06-15,OONI,
http://islampeace1.wordpress.com/2012/07/13/muslims-situation-in-burma,REL,Religion,2014-04-15,citizenlab,
http://issuu.com/myanmarfriend/docs/situation_in_rakhine_state?mode=window&viewmode=singlepage,NEWS,News Media,2014-04-15,citizenlab,
http://jaanfm.com/,FILE,File-sharing,2014-04-15,citizenlab,
http://jammukashmirtimes.com/,NEWS,News Media,2016-06-15,OONI,
http://janamejayan.wordpress.com/2012/08/14/jihad-in-assam-2-parts-sandeep/,MILX,Terrorism and Militants,2014-04-15,citizenlab,
http://javedseo.blogspot.in/,MILX,Terrorism and Militants,2014-04-15,citizenlab,
http://jonnyasp.com/,NEWS,News Media,2014-04-15,citizenlab,
http://kafila.org/2011/06/22/arindam-chaudhuri-silchar,NEWS,News Media,2014-04-15,citizenlab,
http://kanglaonline.com/2016/02/corcom-questions-manipur-nationalist-party-presidents-statement/,POLR,Political Criticism,2016-06-15,OONI,This site talks about the separatist movement in Manipur.
http://karachimag.com/,MMED,Media sharing,2014-04-15,citizenlab,
http://kitabkhana.blogspot.in/2005/10/free-speech-and-iipm.html,NEWS,News Media,2014-04-15,citizenlab,
http://koolfree.com/,FILE,File-sharing,2014-04-15,citizenlab,
http://krazywap.com/,FILE,File-sharing,2014-04-15,citizenlab,
http://lovepaki.com/,FILE,File-sharing,2014-04-15,citizenlab,
http://mackers-world.com/,HATE,Hate Speech,2014-04-15,citizenlab,
http://mastmag.com/,MMED,Media sharing,2014-04-15,citizenlab,
http://mate4all.com/,DATE,Online Dating,2016-06-14,OONI,
http://mazafm.com/,MMED,Media sharing,2014-04-15,citizenlab,
http://mediafire.com/,FILE,File-sharing,2014-04-15,citizenlab,
http://megaupload.com/,MMED,Media sharing,2014-04-15,citizenlab,
http://megavideo.com/,FILE,File-sharing,2014-04-15,citizenlab,
http://merhrom.wordpress.com/2012/06/05/massacre-of-muslim-pilgrims-by-the-gang-of-rakhine-terrorists-in-taungup/,REL,Religion,2014-04-15,citizenlab,
http://merrimusings.typepad.com/,NEWS,News Media,2014-04-15,citizenlab,
https://mic.com/articles/89441/11-photos-of-anti-muslim-violence-that-have-many-worried-about-india-s-future#.sdoXLQ911,POLR,Political Criticism,2016-06-14,OONI,
http://mobango.com/,COMM,E-commerce,2014-04-15,citizenlab,
http://mobidreamz.com/,FILE,File-sharing,2014-04-15,citizenlab,
http://mobile-zon.com/,FILE,File-sharing,2014-04-15,citizenlab,
http://mobraja.com/,FILE,File-sharing,2014-04-15,citizenlab,
http://movshare.com/,FILE,File-sharing,2014-04-15,citizenlab,
http://mp3feelings.com/,MMED,Media sharing,2014-04-15,citizenlab,
http://mumblingminion.blogspot.in/,REL,Religion,2014-04-15,citizenlab,
http://musicindiaonline.com/,FILE,File-sharing,2014-04-15,citizenlab,
http://muskurahat.com/,FILE,File-sharing,2014-04-15,citizenlab,
http://muslimmirror.com/eng/can-we-forget-these-images-of-muslims-genocide-of-gujarat-2002/,POLR,Political Criticism,2016-06-14,OONI,
http://my.opera.com/danbuzu/blog/2012/07/12/why-the-genocide-of-burmese-muslims,REL,Religion,2014-04-15,citizenlab,
http://mymaza.com/,FILE,File-sharing,2014-04-15,citizenlab,
http://mymp3.mobi/,FILE,File-sharing,2014-04-15,citizenlab,
http://mypetjawa.mu.nu/,REL,Religion,2014-04-15,citizenlab,
http://nanopolitan.blogspot.in/2005/10/breaking-news-iipm-faculty-pages-have.html,NEWS,News Media,2014-04-15,citizenlab,
http://netmasty.com/,FILE,File-sharing,2014-04-15,citizenlab,
https://news.vice.com/article/narendra-modis-shame-muslim-survivors-of-the-gujarat-riots-are-still-suffering,POLR,Political Criticism,2016-06-14,OONI,
http://njuice.com/4rxn,REL,Religion,2014-04-15,citizenlab,
http://nndh.com/,NEWS,News Media,2014-04-15,citizenlab,
http://paktimes.com/,MMED,Media sharing,2014-04-15,citizenlab,Content sharing
http://parenting.feedables.com/story/8652112/satish-seth-reliance-on-his-dogs-for-fun-and-wisdom,NEWS,News Media,2014-04-15,citizenlab,
http://pctvbill.blogspot.in/2012/08/hindu-women-in-india-found-raped-and.html,MILX,Terrorism and Militants,2014-04-15,citizenlab,
http://playlist.pk/,MMED,Media sharing,2014-04-15,citizenlab,
http://pnpaper.blogspot.in/2012/07/bloody-massacre-in-burma-innocent.html,REL,Religion,2014-04-15,citizenlab,
http://princesskimberley.blogspot.com/,NEWS,News Media,2014-04-15,citizenlab,
https://profiles.google.com/103976341793285625231/about,GRP,Social Networking,2014-04-15,citizenlab,
http://proisraelbaybloggers.blogspot.com/,NEWS,News Media,2014-04-15,citizenlab,
http://punjabcentral.com/,FILE,File-sharing,2014-04-15,citizenlab,
http://putlocker.com/,FILE,File-sharing,2014-04-15,citizenlab,
http://qna.rediff.com/questions-and-answers/why-people-hate-iipm-and-arindam-chaudhuri-he-loo/22690586/answers,NEWS,News Media,2014-04-15,citizenlab,
http://radioreloaded.com/,FILE,File-sharing,2014-04-15,citizenlab,
http://ragalahari.com/,MMED,Media sharing,2014-04-15,citizenlab,
http://rahulyadav.com/,NEWS,News Media,2014-04-15,citizenlab,
http://ramblingz.blogspot.in/2005/10/blogs-v-iipm.html,NEWS,News Media,2014-04-15,citizenlab,
http://rameshmusic.com/,FILE,File-sharing,2014-04-15,citizenlab,
http://rapidshare.com/,FILE,File-sharing,2014-04-15,citizenlab,
http://rkmania.com/,MMED,Media sharing,2014-04-15,citizenlab,
http://rogerfacts.blogspot.in/2011/06/sweet-smell-of-success-true-story-of.html,NEWS,News Media,2014-04-15,citizenlab,
http://safegreen.in/,ENV,Environment,2016-06-15,OONI,
http://sambharmafia.blogspot.in/2006/08/plagiarism-charge-on-iipm.html,NEWS,News Media,2014-04-15,citizenlab,
http://samwep.com/,FILE,File-sharing,2014-04-15,citizenlab,
http://satishseth.blogspot.com/,NEWS,News Media,2014-04-15,citizenlab,
http://satishseth2gscamadagofficial.blogspot.com/,NEWS,News Media,2014-04-15,citizenlab,
http://satishsethadag.blogspot.com/,NEWS,News Media,2014-04-15,citizenlab,
http://satishsethadag.blogspot.com/2011/08/satish-seth-worships-adag-friends-with.html,NEWS,News Media,2014-04-15,citizenlab,
http://satishsethadag.blogspot.com/2011/09/adagmant-tommy-not-listening-to-satish.html,NEWS,News Media,2014-04-15,citizenlab,
http://satishsethadag.blogspot.com/2011/09/sa-seth-wants-to-know-algorithm-of.html,NEWS,News Media,2014-04-15,citizenlab,
http://satishsethadag.livejournal.com/,GRP,Social Networking,2014-04-15,citizenlab,
http://satishsethadag.tumblr.com/,GRP,Social Networking,2014-04-15,citizenlab,
http://satishsethreliance.blog.com/,GRP,Social Networking,2014-04-15,citizenlab,
http://satishsethreliance.blogspot.com/,GRP,Social Networking,2014-04-15,citizenlab,
http://satishsethreliance.blogspot.com/2011/09/satish-seth-reliance-on-his-adag-amma.html,NEWS,News Media,2014-04-15,citizenlab,
http://satishsethreliance.tumblr.com/,NEWS,News Media,2014-04-15,citizenlab,
http://satishsethreliance.tumblr.com/tagged/satish_seth,GRP,Social Networking,2014-04-15,citizenlab,
http://seayouthsayso.com/myanmar-understanding-the-rakhine-rohinqya-confict,NEWS,News Media,2014-04-15,citizenlab,
http://sendspace.com/,FILE,File-sharing,2014-04-15,citizenlab,
http://sethadag.typepad.com/blog/,NEWS,News Media,2014-04-15,citizenlab,
http://sevanthi.com/,FILE,File-sharing,2014-04-15,citizenlab,
http://shariah4hind.com/,NEWS,News Media,2014-04-15,citizenlab,
http://shariaunveiled.wordpress.com/2012/08/11/hindu-women-in-india-found-raped-and-chopped-into-pieces-by-muslims/,MILX,Terrorism and Militants,2014-04-15,citizenlab,
http://sheikyermami.com/20l2/06/09/burma-tensions-between-buddhist-residents-and-illegal-muslims-kill-seven/comment-page-1/,NEWS,News Media,2014-04-15,citizenlab,
http://sierainindia.blogspot.in/2011/06/arindam-chaudhuri-sues-caravan-google.html,NEWS,News Media,2014-04-15,citizenlab,
http://sites.google.com/site/satishsethreliance/journal-blog/,GRP,Social Networking,2014-04-15,citizenlab,
http://sites.google.com/site/satishsethreliance/journal-blog/satishsethrelianceonthisnicelittlerestaurantonhighway,GRP,Social Networking,2014-04-15,citizenlab,
http://smashits.com/,MMED,Media sharing,2014-04-15,citizenlab,
http://smeisp.cn/,NEWS,News Media,2014-04-15,citizenlab,
http://songdad.com/,FILE,File-sharing,2014-04-15,citizenlab,
http://songs.pk/,FILE,File-sharing,2014-04-15,citizenlab,
http://songsinn.com/,FILE,File-sharing,2014-04-15,citizenlab,
http://songslover.com/,FILE,File-sharing,2014-04-15,citizenlab,
http://songsnonstop.com/,FILE,File-sharing,2014-04-15,citizenlab,
http://songzilla.com/,FILE,File-sharing,2014-04-15,citizenlab,
http://spicyfm.com/,FILE,File-sharing,2014-04-15,citizenlab,
http://sunomusic.com/,FILE,File-sharing,2014-04-15,citizenlab,
http://t0.gstatic.com/images?q=tbn:and9gcsch-hre979-1xz2ymqpegmp9x3y8a_p26brhmriqcui34cqs1s,NEWS,News Media,2014-04-15,citizenlab,
http://t0.gstatic.com/images?q=tbn:and9gcsch-tire979-,NEWS,News Media,2014-04-15,citizenlab,
http://takbeeremusalsal.blogspot.com/2012/07/myanmar-muslims-massacre.html,REL,Religion,2014-04-15,citizenlab,
http://takbeeremusalsal.blogspot.in/2012/07/myanmar-muslims-massacre.html,NEWS,News Media,2014-04-15,citizenlab,
http://tamilkey.info/,FILE,File-sharing,2014-04-15,citizenlab,
http://tamilwire.com/,FILE,File-sharing,2014-04-15,citizenlab,
http://telugufm.com/,FILE,File-sharing,2014-04-15,citizenlab,
http://thanal.co.in/,ENV,Environment,2016-06-14,OONI,
http://thedailynewsegypt.com/2012/07/02/myanmars-minority-muslims-under-attack-2/,NEWS,News Media,2014-04-15,citizenlab,
http://thefaultlines.com/world-news/647-un-calls-for-inquiry-over-muslim-massacre-in-burma.html,NEWS,News Media,2014-04-15,citizenlab,
http://thenisai.com/,MMED,Media sharing,2014-04-15,citizenlab,
http://thenortheasttoday.com/,NEWS,News Media,2016-06-15,OONI,
http://thepiratebay.se/,FILE,File-sharing,2014-04-15,citizenlab,
http://thepiratescove.us/,NEWS,News Media,2014-04-15,citizenlab,
http://theunknownindia.blogspot.in/2005/10/youre-out-of-rankings-iipm.html,NEWS,News Media,2014-04-15,citizenlab,
http://time.com/33008/child-soldiers-recruited-into-northeast-india-insurgencies/,HUMR,Human Rights Issues,2016-06-15,OONI,
http://timesofindia.indiatimes.com/india/85-major-anti-Christian-incidents-in-2015-claims-NGO/articleshow/50618719.cms,REL,Religion,2016-06-14,OONI,
http://timesofindia.indiatimes.com/videos/news/fresh-incidents-of-violence-in-assam/videoshow/15514015.cms,REL,Religion,2014-04-15,citizenlab,
http://topupmp3.com/,MMED,Media sharing,2014-04-15,citizenlab,
http://town67.com/,MMED,Media sharing,2014-04-15,citizenlab,
http://tribune.com.pk/story/511944/modi-and-the-2002-massacre/,POLR,Political Criticism,2016-06-14,OONI,
http://twocircles.net/2012jun01/petty_dispute_leads_death_one_mathura.html,REL,Religion,2014-04-15,citizenlab,
http://twocircles.net/special%20reports/mp_terror_stories.html,REL,Religion,2014-04-15,citizenlab,
http://typepad.com/,HOST,Hosting and Blogging Platforms,2014-04-15,citizenlab,
http://uploadstation.com/,FILE,File-sharing,2014-04-15,citizenlab,
http://videobb.com/,FILE,File-sharing,2014-04-15,citizenlab,
http://vijayknair.blogspot.in/2011/07/caravan-and-arindam-chaudhuri-pot-and.html,NEWS,News Media,2014-04-15,citizenlab,
http://vmusiq.com/,MMED,Media sharing,2014-04-15,citizenlab,
http://wapindia.net/,FILE,File-sharing,2014-04-15,citizenlab,
http://wapmaza.mobi/,MMED,Media sharing,2014-04-15,citizenlab,
http://waprocks.in/,FILE,File-sharing,2014-04-15,citizenlab,
http://waptamil.net/,FILE,File-sharing,2014-04-15,citizenlab,
http://whyhowtofix.blogspot.com/2012/07/so-do-not-forget-massacre-of-muslims.html,REL,Religion,2014-04-15,citizenlab,
http://wupload.com/,FILE,File-sharing,2014-04-15,citizenlab,
http://ww5.bombayhighcourt.com/,MISC,Miscelaneous content,2014-04-15,citizenlab,
http://www.aardip.org/,HUMR,Human Rights Issues,2016-06-14,OONI,
http://www.abc.net.au/news/2012-08-01/burma-zoe-daniels/4170140,NEWS,News Media,2014-04-15,citizenlab,
http://www.achrweb.org/reports/india/JJ-IndiasChildSoldiers2013.pdf,HUMR,Human Rights Issues,2016-06-15,OONI,
http://www.ad2earn.com/,COMM,E-commerce,2014-04-15,citizenlab,
http://www.aidindia.org/,HUMR,Human Rights Issues,2016-06-14,OONI,
http://www.aljazeera.com/indepth/features/2012/08/201281572950685537.html,REL,Religion,2014-04-15,citizenlab,
http://www.aljazeera.com/indepth/inpictures/2012/08/201281572918200739.html,REL,Religion,2014-04-15,citizenlab,
http://www.aljazeera.com/news/asia/2012/08/2012816135757977843.html,REL,Religion,2014-04-15,citizenlab,
http://www.aljazeera.com/video/asia/2012/07/20127271263669558.html,REL,Religion,2014-04-15,citizenlab,
http://www.all-about-india.com/,CULTR,Culture,2016-06-14,OONI,
http://www.allvoices.com/contributed-news/12584536-world-silent-over-the-tragic-and-planted-genocide-of-muslims-in-burma,NEWS,News Media,2014-04-15,citizenlab,
http://www.amazon.in/,COMM,E-commerce,2016-06-14,OONI,
http://www.arizona.indymedia.org/,NEWS,News Media,2014-04-15,citizenlab,
http://www.askganesha.com/,CULTR,Culture,2016-06-14,OONI,
http://www.assamtribune.com/,NEWS,News Media,2016-06-15,OONI,
http://www.astrojyoti.com/,CULTR,Culture,2016-06-14,OONI,
http://www.astrospeak.com/,CULTR,Culture,2016-06-14,OONI,
http://www.astroyogi.com/,CULTR,Culture,2016-06-14,OONI,
http://www.atjehcyber.net/,NEWS,News Media,2014-04-15,citizenlab,
http://www.aware-group.com/,HUMR,Human Rights Issues,2016-06-14,OONI,
http://www.barandbench.com/brief//1804/delhi-hc-seeks-response-from-supreme-court-lawyer-for-criticizing-judge-,NEWS,News Media,2014-04-15,citizenlab,
http://www.bbc.com/news/world-south-asia-13170914,POLR,Political Criticism,2016-06-14,OONI,
http://www.bdcburma.org/activitiesdetails.asp?id=201,NEWS,News Media,2014-04-15,citizenlab,
http://www.bhandafodu.blogspot.com/,NEWS,News Media,2014-04-15,citizenlab,
http://www.bjp.org/,GOVT,Government,2016-06-14,OONI,
http://www.blogger-index.com/693616-satish-seth-adag,NEWS,News Media,2014-04-15,citizenlab,
http://www.blogger-index.com/search.php?s=satish+seth,NEWS,News Media,2014-04-15,citizenlab,
http://www.blogger.com/profile/03550922789477190410,NEWS,News Media,2014-04-15,citizenlab,
http://www.bloggernews.net/124029,NEWS,News Media,2014-04-15,citizenlab,
http://www.box.in/,MMED,Media sharing,2014-04-15,citizenlab,
http://www.caravanmagazine.in/category/tags/arindam-chaudhuri,NEWS,News Media,2014-04-15,citizenlab,
http://www.caravanmagazine.in/perspectives/iipms-rs500-million-lawsuit-against-caravan,NEWS,News Media,2014-04-15,citizenlab,
http://www.careers360.com/news/3957-iipm-uttarkhand-registrar-recommends-a-ban,NEWS,News Media,2014-04-15,citizenlab,
http://www.careers360.com/news_3067-iipm-best-only-in-claims,NEWS,News Media,2014-04-15,citizenlab,
http://www.cartoonagainstcorruption.com/,NEWS,News Media,2014-04-15,citizenlab,
http://www.catholic.org/international/international_story.php?id=m7281,REL,Religion,2014-04-15,citizenlab,
http://www.chakpak.com/find/images/kamasutra-hindi-movie,NEWS,News Media,2014-04-15,citizenlab,
http://www.child-soldiers.org/country_reader.php?id=7,HUMR,Human Rights Issues,2016-06-15,OONI,
http://www.christiantoday.com/article/india.600.violent.attacks.on.christians.and.muslims.since.may/50574.htm,REL,Religion,2016-06-14,OONI,
http://www.cinemahd.net/desktop-enhancements/wallpaper/23945-wallpapers-beautiful-girl-wallpaper.html,PORN,Pornography,2014-04-15,citizenlab,
http://www.cis-india.org/,HUMR,Human Rights Issues,2016-06-14,OONI,
http://www.clickastro.com/,CULTR,Culture,2016-06-14,OONI,
http://www.columnpk.com/muslim-massacre-in-myanmar-dr-asjad-bokhari/,REL,Religion,2014-04-15,citizenlab,
http://www.complaintsboard.com/complaints/narang-access-pvt-ltd-c426988.html?sort=ratea.,NEWS,News Media,2014-04-15,citizenlab,
http://www.consumercourt.in/other-product-services/114783-fraud-done-iipm-delhi.html,NEWS,News Media,2014-04-15,citizenlab,
http://www.consumercourt.nic.in/other-department/88450-fraud-iipm-bangalore-campus.html,NEWS,News Media,2014-04-15,citizenlab,
http://www.consumercourtforum.in/f39/iipm-abusing-student-62309,NEWS,News Media,2014-04-15,citizenlab,
http://www.cpim.org/,POLR,Political Criticism,2016-06-14,OONI,
http://www.cry.org/,HUMR,Human Rights Issues,2016-06-14,OONI,
http://www.culturalindia.net/,CULTR,Culture,2016-06-14,OONI,
http://www.dalistan.org/,NEWS,News Media,2014-04-15,citizenlab,
http://www.deepalaya.org/,HUMR,Human Rights Issues,2016-06-14,OONI,
http://www.defence.pk/forums/central-south-asia/203273-mim-chief-urges-muslims-help-assam-riots-victims.html,MILX,Terrorism and Militants,2014-04-15,citizenlab,
http://www.defence.pk/forums/indian-defence/203141-muslims-face-executions-indias-assam-region.html,MILX,Terrorism and Militants,2014-04-15,citizenlab,
http://www.defence.pk/forums/world-affairs/195202-massarce-muslims-burma-myanmar-state-rohingyas-community-massacre-2.html,REL,Religion,2014-04-15,citizenlab,
http://www.dnaindia.com/india/comment-why-the-modi-government-needs-to-take-arun-shourie-s-criticism-seriously-2082617,POLR,Political Criticism,2016-06-15,OONI,
http://www.dnaindia.com/india/report-confused-between-maoists-and-naxalities-read-on-to-know-the-difference-1949798,POLR,Political Criticism,2016-06-15,OONI,
http://www.doctoralia.in/,PUBH,Public Health,2016-06-14,OONI,
http://www.drbatras.com/,PUBH,Public Health,2016-06-14,OONI,
http://www.drcsc.org/,ENV,Environment,2016-06-14,OONI,
http://www.dw.com/en/india-pressed-to-address-child-soldier-issue/a-16801886,HUMR,Human Rights Issues,2016-06-15,OONI,
http://www.e-pao.net/GP.asp?src=5..080714.jul14,POLR,Political Criticism,2016-06-15,OONI,Site covering separatist movement in Manipur.
http://www.ebay.in/,COMM,E-commerce,2016-06-14,OONI,
http://www.esamskriti.com/,CULTR,Culture,2016-06-14,OONI,
http://www.facts-about-india.com/,CULTR,Culture,2016-06-14,OONI,
http://www.fakingnews.com/2010/04/what-is-arindam-chaudhuri-saying-to-the-workd/,NEWS,News Media,2014-04-15,citizenlab,
http://www.fakingnews.com/2010/07/arindam-next-best-seller-to-clear-the-air-on-inception/,NEWS,News Media,2014-04-15,citizenlab,
http://www.fakingnews.com/2010/08/iipm-derecognizes-ugc-starts-privy-league-of-universities/,NEWS,News Media,2014-04-15,citizenlab,
http://www.fakingnews.com/2011/03/arindam-chaudhuri-launches-political-party-to-contest-bengal-elections,NEWS,News Media,2014-04-15,citizenlab,
http://www.fakingnews.com/2011/07/iipm-appoints-poonam-pandey-as-their-brand-ambassador/,NEWS,News Media,2014-04-15,citizenlab,
http://www.fakingnews.com/2012/06/arindam-chaudhuri-nirmal-baba-in-race-to-become-indias-news-finance-minister,NEWS,News Media,2014-04-15,citizenlab,
http://www.farazahmed.com/muslims-killing-in-burma-and-our-social-media-islamic-parties-1010.aspx,REL,Religion,2014-04-15,citizenlab,
http://www.firstpost.com/,NEWS,News Media,2016-06-14,OONI,
http://www.firstpost.com/business/arun-shouries-critique-is-simple-modi-does-not-need-a-palaniappan-jaitley-as-fm-2223644.html,POLR,Political Criticism,2016-06-15,OONI,
http://www.firstpost.com/fwire/mim-chief-urges-muslims-to-help-assam-riots-victims422452.html,MILX,Terrorism and Militants,2014-04-15,citizenlab,
http://www.firstpost.com/politics/sc-stays-iipm-case-against-caravan-magazine-59194.html,NEWS,News Media,2014-04-15,citizenlab,
http://www.firstpost.com/topic/place/burma-massacre-of-muslims-in-burma-where-is-the-media-and-the-mu-video-symsz8yk7yg-91646-1.html,REL,Religion,2014-04-15,citizenlab,
http://www.flipkart.com/,COMM,E-commerce,2016-06-14,OONI,
http://www.foxnews.com/world/2016/03/14/christian-persecution-by-hindus-rises-in-india-say-humanitarian-groups.html,REL,Religion,2016-06-14,OONI,
http://www.fropper.com/,DATE,Online Dating,2016-06-14,OONI,
http://www.futurepointindia.com/,CULTR,Culture,2016-06-14,OONI,
http://www.ganeshaspeaks.com/,CULTR,Culture,2016-06-14,OONI,
http://www.geocities.com/cpmimlpwg,MMED,Media sharing,2014-04-15,citizenlab,
http://www.geocities.com/cpmimlpwg/home.html,MMED,Media sharing,2014-04-15,citizenlab,
http://www.giveindia.org/,HUMR,Human Rights Issues,2016-06-14,OONI,
http://www.google.co.in/#h1=en&source=hp&biw=1276&bih=843&q=dr+babasaheb+ambedkar+wallpaper&a+4&aqi=g10&aql=&oq=dr+babas&gs_rfai=&fp=e791fe993fa412ba,SRCH,Search Engines,2014-04-15,citizenlab,
http://www.goonj.org/,HUMR,Human Rights Issues,2016-06-14,OONI,
http://www.greenpeace.org/india/en/,ENV,Environment,2016-06-14,OONI,
http://www.haindavakerelam.com/,REL,Religion,2014-04-15,citizenlab,
http://www.hardnewsmedia.com/,NEWS,News Media,2016-06-14,OONI,
http://www.healthkartplus.com/,PUBH,Public Health,2016-06-14,OONI,
http://www.healthy-india.org/,PUBH,Public Health,2016-06-14,OONI,
http://www.helpageindia.org/,HUMR,Human Rights Issues,2016-06-14,OONI,
http://www.hinduhumanrights.org/hindufocus.html,NEWS,News Media,2014-04-15,citizenlab,
http://www.hindujagruti.org/,NEWS,News Media,2014-04-15,citizenlab,
http://www.hindujagruti.org/news/14781.html,REL,Religion,2014-04-15,citizenlab,
http://www.hinduunity.net/,MILX,Terrorism and Militants,2014-04-15,citizenlab,
http://www.hinduunity.org/,NEWS,News Media,2014-04-15,citizenlab,
http://www.homeshop18.com/,COMM,E-commerce,2016-06-14,OONI,
http://www.hotklix.com/link/television/killings-massacre-of-muslims-in-burma-where-is-the-media-and-the-muslim-ummah,REL,Religion,2014-04-15,citizenlab,
https://www.hrw.org/reports/2002/india/,POLR,Political Criticism,2016-06-14,OONI,
http://www.ibtimes.co.uk/modi-uk-visit-who-are-groups-protesting-against-narendra-modi-what-do-they-want-1528406,POLR,Political Criticism,2016-06-15,OONI,
http://www.iccrindia.net/,CULTR,Culture,2016-06-14,OONI,
http://www.iipmfraud.com/,NEWS,News Media,2014-04-15,citizenlab,
http://www.imamali8.com/,NEWS,News Media,2014-04-15,citizenlab,
http://www.imphaltimes.com/,NEWS,News Media,2016-06-15,OONI,
https://www.inc.in/,POLR,Political Criticism,2016-06-14,OONI,Indian National Congress party
http://www.incometaxindia.gov.in/,GOVT,Government,2016-06-14,OONI,
http://www.incredibleindia.org/,CULTR,Culture,2016-06-14,OONI,
http://www.indastro.com/,CULTR,Culture,2016-06-14,OONI,
http://www.indiamatch.com/,DATE,Online Dating,2016-06-14,OONI,
http://www.indian-elections.com/,POLR,Political Criticism,2016-06-14,OONI,
http://www.indian-heritage.org/,CULTR,Culture,2016-06-14,OONI,
http://www.indiancupid.com/,DATE,Online Dating,2016-06-14,OONI,
http://www.indiandating.com/,DATE,Online Dating,2016-06-14,OONI,
http://www.indianexpress.com/news/court-asks-iipm-ugc-to-clarify-on-affiliation/676123/,NEWS,News Media,2014-04-15,citizenlab,
http://www.indianexpress.com/news/distancelearning-or-fulltime--iipm-students-confused/752287,NEWS,News Media,2014-04-15,citizenlab,
http://www.indianexpress.com/news/iipm-can-t-confer-degrees-ugc/679253/,NEWS,News Media,2014-04-15,citizenlab,
http://www.indianexpress.com/news/iipm-not-recognized-can-t-award-degrees-ugc/987618,NEWS,News Media,2014-04-15,citizenlab,
http://www.indianexpress.com/news/iipm-students-file-cheating-complaint-against-dean/790646,NEWS,News Media,2014-04-15,citizenlab,
http://www.indianhealthorganisation.com/,PUBH,Public Health,2016-06-14,OONI,
http://www.indianmirror.com/,CULTR,Culture,2016-06-14,OONI,
http://www.indianrail.gov.in/,GOVT,Government,2016-06-14,OONI,
http://www.indybay.org/,NEWS,News Media,2014-04-15,citizenlab,
http://www.intichat.com/photo/692405/terrorists-of-budhism-of-burma-kills-500-muslims-at-the-beach-today-753438/,REL,Religion,2014-04-15,citizenlab,
http://www.irrawaddy.org/archives/11227,REL,Religion,2014-04-15,citizenlab,
http://www.islamabadtimesonline.com/rohingya-aung-%e2%80%98silent%e2%80%99-kyi-no-more-a-heroine/,NEWS,News Media,2014-04-15,citizenlab,
http://www.islamawareness.net/Asia/India/muslims_in_india.html,REL,Religion,2016-06-14,OONI,
http://www.jabong.com/,COMM,E-commerce,2016-06-14,OONI,
http://www.jafrianews.com/,NEWS,News Media,2014-04-15,citizenlab,
http://www.jammag.com/newjam/careers/n/showart.php?art_id=149,NEWS,News Media,2014-04-15,citizenlab,
http://www.janataparty.org/,POLR,Political Criticism,2016-06-14,OONI,
http://www.jihadwatch.org/2012/08/india-muslim-mob-misunderstands-islam-after-friday-prayers-targeting-media-torching-vehicles-and-bea.html,MILX,Terrorism and Militants,2014-04-15,citizenlab,
http://www.jihadwatch.org/2012/08/india-muslims-riot-torch-police-vehicles-stone-buses-over-attacks-on-musiims-in-myanmar.html,MILX,Terrorism and Militants,2014-04-15,citizenlab,
http://www.jodi365.com/,DATE,Online Dating,2016-06-14,OONI,
http://www.kamalkapoor.com/,CULTR,Culture,2016-06-14,OONI,
http://www.kashmirtimes.com/,NEWS,News Media,2016-06-15,OONI,
http://www.kavkazcenter.com/eng/content/2012/07/14/16461.shtml,REL,Religion,2014-04-15,citizenlab,
http://www.manipurtimes.com/,NEWS,News Media,2016-06-15,OONI,
http://www.manipurtimes.com/news-article/the-peoples-chronicle-news/item/5972-corcom-in-goi-extremist-organisations-list,POLR,Political Criticism,2016-06-15,OONI,Site covering separatist movement in Manipur.
http://www.medindia.net/,PUBH,Public Health,2016-06-14,OONI,
http://www.mensxp.com/work-life/career-center/5363-5-things-mba-aspirants-need-to-know-about-iipm.html,NEWS,News Media,2014-04-15,citizenlab,
http://www.metacafe.com/channels/satish+seth+adag/,MMED,Media sharing,2014-04-15,citizenlab,
http://www.metacafe.com/channels/satish+seth/,MMED,Media sharing,2014-04-15,citizenlab,
http://www.metacafe.com/channels/satishsethswan/,MMED,Media sharing,2014-04-15,citizenlab,
http://www.metacafe.com/watch/7210362/satish_seth_at_his_adag_amma_daddy_as_gods_home_with_pets/,MMED,Media sharing,2014-04-15,citizenlab,
http://www.metacafe.com/watch/7230576/joining_a_dancing_class_benefits/,MMED,Media sharing,2014-04-15,citizenlab,
http://www.metrodate.com/,DATE,Online Dating,2016-06-14,OONI,
http://www.mha.nic.in/,GOVT,Government,2016-06-14,OONI,
http://www.moneycontrol.com/stocks/cptmarket/searchpage/search.php?hl=3&companyname=satish%20seth&start=24,NEWS,News Media,2014-04-15,citizenlab,
http://www.mwmjawan.com/eng/news/internatlonal/item/132.html,NEWS,News Media,2014-04-15,citizenlab,
http://www.myntra.com/,COMM,E-commerce,2016-06-14,OONI,
http://www.myspace.com/satishsethreliance,GRP,Social Networking,2014-04-15,citizenlab,
http://www.myspace.com/video/satishsethswan/why-our-alsatian-dog-felt-restless-describes-satish-seth-swan/108188726,NEWS,News Media,2014-04-15,citizenlab,
http://www.navdanya.org/news/174-the-great-land-grab-indias-war-on-farmers-,ENV,Environment,2016-06-15,OONI,
http://www.ndtv.com/topic/irom-sharmila-released,POLR,Political Criticism,2016-06-15,OONI,
http://www.nndh.com/,NEWS,News Media,2014-04-15,citizenlab,
http://www.npr.org/2013/12/01/247946506/in-gujarat-anti-muslim-legacy-of-2002-riots-still-looms,POLR,Political Criticism,2016-06-14,OONI,
http://www.nytimes.com/interactive/2014/04/06/world/asia/modi-gujarat-riots-timeline.html,POLR,Political Criticism,2016-06-14,OONI,
http://www.onislam.net/engiish/news/asia-pacific/458186-burma-monks-fuel-rohingya-muslim-hatred.html,NEWS,News Media,2014-04-15,citizenlab,
http://www.onlymyhealth.com/,XED,Sex Education,2016-06-14,OONI,
https://www.opendemocracy.net/pranshu-prakash/armed-forces-special-powers-act-india-mediaeval-law-in-kashmir-and-its-northeast,HUMR,Human Rights Issues,2016-06-15,OONI,
http://www.outlookindia.com/,NEWS,News Media,2016-06-14,OONI,
http://www.outlookindia.com/website/story/what-makes-modi-unacceptable/283979,POLR,Political Criticism,2016-06-15,OONI,
http://www.pakalertpress.com/2012/07/16/muslims-killing-in-burma-and-social-media-manipulating-images/,REL,Religion,2014-04-15,citizenlab,
https://www.planindia.org/,HUMR,Human Rights Issues,2016-06-14,OONI,
http://www.pmindia.nic.in/,GOVT,Government,2016-06-14,OONI,
http://www.practo.com/,PUBH,Public Health,2016-06-14,OONI,
http://www.pratham.org/,HUMR,Human Rights Issues,2016-06-14,OONI,
http://www.quackquack.in/,DATE,Online Dating,2016-06-14,OONI,
http://www.rahulyadav.com/,NEWS,News Media,2014-04-15,citizenlab,
http://www.result.khatana.net/2010/11/im-no-panty-girl-yana-gupta-wardrobe.html,PORN,Pornography,2014-04-15,citizenlab,
http://www.rina.in/news/myanmar-embassy%e2%80%99s-response-on-rohingya-killing/,NEWS,News Media,2014-04-15,citizenlab,
http://www.sandeepweb.com/2012/08/11/the-ongoing-jihad-in-assam-part-2/,MILX,Terrorism and Militants,2014-04-15,citizenlab,
http://www.scientificastrology.com/,CULTR,Culture,2016-06-14,OONI,
http://www.shaadi.com/,DATE,Online Dating,2016-06-14,OONI,
http://www.shopclues.com/,COMM,E-commerce,2016-06-14,OONI,
http://www.silobreaker.com/delhi-hc-seeks-response-from-supreme-court-lawyer-for-criticizing-judge-52264948356772003931,NEWS,News Media,2014-04-15,citizenlab,
http://www.smilefoundationindia.org/,HUMR,Human Rights Issues,2016-06-14,OONI,
http://www.snapdeal.com/,COMM,E-commerce,2016-06-14,OONI,
http://www.squidoo.com/satish-seth-at-his-adag-village,GRP,Social Networking,2014-04-15,citizenlab,
http://www.ssc.nic.in/,GOVT,Government,2016-06-14,OONI,
http://www.stormfront.org/forum/t902425/,HATE,Hate Speech,2014-04-15,citizenlab,
http://www.submitlink.khatana.net/2010/09/jennifer-stano-is-engaged-to.html,NEWS,News Media,2014-04-15,citizenlab,
http://www.teachforindia.org/,HUMR,Human Rights Issues,2016-06-14,OONI,
http://www.tehelka.com/,NEWS,News Media,2016-06-14,OONI,Tehelka is known for investigations & sting operations.
http://www.tehelka.com/2013/03/modi-govt-faces-criticism-over-newly-introduced-bills/,POLR,Political Criticism,2016-06-15,OONI,
http://www.telegraph.co.uk/news/picturegalleries/worldnews/9324473/tensions-rise-in-burma-as-rakhine-buddhists-and-rohingya-muslims-clash.html,NEWS,News Media,2014-04-15,citizenlab,
http://www.telugudesam.org/,POLR,Political Criticism,2016-06-14,OONI,
http://www.thecsf.org/,REL,Religion,2016-06-14,OONI,
http://www.thecsf.org/2016/01/21/india-not-safe-to-be-christian-catholic-forum-report-on-indian-persecution-2015-2/,REL,Religion,2016-06-14,OONI,
http://www.theguardian.com/commentisfree/2012/mar/14/new-india-gujarat-massacre,POLR,Political Criticism,2016-06-14,OONI,
http://www.theguardian.com/commentisfree/2014/apr/07/narendra-modi-massacre-next-prime-minister-india,POLR,Political Criticism,2016-06-14,OONI,
https://www.theguardian.com/environment/2015/nov/06/greenpeace-says-india-has-cancelled-its-legal-registration,ENV,Environment,2016-06-15,OONI,
http://www.thepetitionsite.com/994/047/930/help-to-save-muslim-in-burma-from-being-massacre-and-genocide-in-burma-help-spread-the-words/,REL,Religion,2014-04-15,citizenlab,
http://www.theunity.org/,POLR,Political Criticism,2014-04-15,citizenlab,
http://www.theunrealtimes.com/,NEWS,News Media,2016-06-14,OONI,
http://www.theunrealtimes.com/2011/06/22/dare-to-search-beyond-google-arindham-chaudhury-to-launch-ponytail-seach/,NEWS,News Media,2014-04-15,citizenlab,
http://www.thisismyindia.com/,CULTR,Culture,2016-06-14,OONI,
http://www.timesofummah.com/2012/07/24/rohingya-muslims-mascare/rohingya-muslim-people-bodies-in-myanmar/,NEWS,News Media,2014-04-15,citizenlab,
http://www.tradus.com/,COMM,E-commerce,2016-06-14,OONI,
http://www.tumblr.com/tagged/satish+seth,GRP,Social Networking,2014-04-15,citizenlab,
http://www.tv.tamilwire.com/,NEWS,News Media,2014-04-15,citizenlab,
http://www.udayfoundationindia.org/,HUMR,Human Rights Issues,2016-06-14,OONI,
http://www.ugc.ac.in/pdfnews/3604913_english.pdf,NEWS,News Media,2014-04-15,citizenlab,
http://www.unicreation2u.com/,NEWS,News Media,2014-04-15,citizenlab,
http://www.uniexchange2u.com/,NEWS,News Media,2014-04-15,citizenlab,
http://www.unigold2u.com/,NEWS,News Media,2014-04-15,citizenlab,
http://www.unipay2u-international.com/,NEWS,News Media,2014-04-15,citizenlab,
http://www.unipay2u-marketing-private-limited.com/,NEWS,News Media,2014-04-15,citizenlab,
http://www.unipay2u-trading.com/,NEWS,News Media,2014-04-15,citizenlab,
http://www.unipay2u.com/,NEWS,News Media,2014-04-15,citizenlab,
http://www.unipaygateway2u.com/,NEWS,News Media,2014-04-15,citizenlab,
http://www.vergingoldint.com/,NEWS,News Media,2014-04-15,citizenlab,
http://www.vidiov.info/1037ccee6.html,REL,Religion,2014-04-15,citizenlab,
http://www.vimeo.com/,MMED,Media sharing,2014-04-15,citizenlab,
http://www.visarev.com/,NEWS,News Media,2014-04-15,citizenlab,
https://www.worldwatchmonitor.org/2016/01/4257104/,REL,Religion,2016-06-14,OONI,
http://www.yourfilehost.com/,FILE,File-sharing,2014-04-15,citizenlab,
http://youthcurry.blogspot.in/2005/10/lies-damned-lies-and-fake-blogs.html,NEWS,News Media,2014-04-15,citizenlab,
http://zahidsay.blogspot.in/2012/07/continued-massacre-of-rohingya-muslims.html,NEWS,News Media,2014-04-15,citizenlab,
http://zeenews.india.com/news/india/mob-violence-against-muslims-rising-ghulam-nabi-azad_1867800.html,REL,Religion,2016-06-14,OONI,
http://zinkwap.com/,MMED,Media sharing,2014-04-15,citizenlab,
http://www.bbc.com/bengali,NEWS,News Media,2017-07-19,BBC,
http://www.bbcbengali.com/,NEWS,News Media,2017-07-19,BBC,
http://www.bbc.com/hindi/,NEWS,News Media,2017-07-19,BBC,
http://www.bbchindi.com/,NEWS,News Media,2017-07-19,BBC,
http://www.bbc.com/urdu/,NEWS,News Media,2017-07-19,BBC,
http://www.bbcurdu.com/,NEWS,News Media,2017-07-19,BBC,
http://twocircles.net/,NEWS,News Media,2017-11-29,OONI,News of marginalized communities
http://www.aljazeera.com/news/2017/11/myanmar-attacks-rohingya-ethnic-cleansing-171122143122930.html,NEWS,News Media,2017-11-27,citizenlab,
http://www.bbc.com/news/world-asia-india-41318225,NEWS,News Media,2017-11-27,citizenlab,
http://www.bbc.com/news/world-asia-india-41144884,NEWS,News Media,2017-11-27,citizenlab,
http://www.scmp.com/week-asia/geopolitics/article/2115839/why-do-china-india-back-myanmar-over-rohingya-crisis,NEWS,News Media,2017-11-27,citizenlab,
https://www.huffingtonpost.com/entry/indias-responses-to-the-complex-rohingya-crisis-in_us_5a0afecce4b06d8966cf32a8,NEWS,News Media,2017-11-27,citizenlab,
http://qz.com/1099577/rohingya-crisis-for-refugees-in-india-the-safety-net-is-shrinking-and-government-help-is-nowhere-in-sight/,NEWS,News Media,2017-11-27,citizenlab,
http://www.hrw.org/news/2017/10/20/indias-response-rohingya-crisis-timid,HUMR,Human Rights Issues,2017-11-27,citizenlab,
http://www.channelnewsasia.com/news/asiapacific/commentary-in-rohingya-crisis-india-faces-moral-obligations-9230258,NEWS,News Media,2017-11-27,citizenlab,
http://www.cbc.ca/news/world/rohingya-apartheid-amnesty-report-1.4411663,NEWS,News Media,2017-11-27,citizenlab,
http://www.amnesty.org/en/latest/news/2017/11/myanmar-rohingya-trapped-in-dehumanising-apartheid-regime/,HUMR,Human Rights Issues,2017-11-27,citizenlab,
https://www.nytimes.com/2017/10/06/opinion/rohingya-bangladesh-myanmar.html,NEWS,News Media,2017-11-27,citizenlab,
https://hi.wikipedia.org/,CULTR,Culture,2018-07-06,Wikimedia,URLs provided by wikipedia based on the most popular language domains per country
https://mr.wikipedia.org/,CULTR,Culture,2018-07-06,Wikimedia,URLs provided by wikipedia based on the most popular language domains per country
https://ta.wikipedia.org/,CULTR,Culture,2018-07-06,Wikimedia,URLs provided by wikipedia based on the most popular language domains per country
https://simple.wikipedia.org/,CULTR,Culture,2018-07-06,Wikimedia,URLs provided by wikipedia based on the most popular language domains per country
https://en.wiktionary.org/,CULTR,Culture,2018-07-06,Wikimedia,URLs provided by wikipedia based on the most popular language domains per country
https://meta.wikimedia.org/,CULTR,Culture,2018-07-06,Wikimedia,URLs provided by wikipedia based on the most popular language domains per country
https://ml.wikipedia.org/,CULTR,Culture,2018-07-06,Wikimedia,URLs provided by wikipedia based on the most popular language domains per country
https://hi.m.wikipedia.org/,CULTR,Culture,2019-02-19,Wikimedia,URLs provided by wikipedia based on the most popular language domains per country
http://questions.menstrupedia.com/questions/1188/what-is-the-maximum-time-one-can-take-contraceptive-pills-after-unprotected-sex-on-the-first-day-of-menstrual-cycle,XED,Sex Education,2019-02-17,csk,
https://www.sentinelassam.com/,NEWS,News Media,2019-02-21,csk,
https://www.medianama.com/2019/02/223-aadhaar-operator-biometrics-stolen-huffpost/,NEWS,News Media,2019-02-21,csk,
https://www.happn.com/en/,DATE,Online Dating,2019-02-21,csk,
https://trulymadly.com/,DATE,Online Dating,2019-02-21,csk,
https://www.quikr.com/bazaar,COMM,E-commerce,2019-02-22,csk,
http://loverollers.com/,COMM,E-commerce,2019-02-22,csk,
http://www.hidden-pockets.com/abortion-facts/,XED,Sex Education,2019-02-17,csk,
https://www.tarshi.net/,XED,Sex Education,2019-02-17,csk,
http://theladiesfinger.com/if-you-were-confused-or-enraged-by-smriti-iranis-sanitary-pad-remarks-her-job-here-is-done/,NEWS,News Media,2019-02-21,csk,Sexual health standpoint critisism of a elected representative
http://theladiesfinger.com/i-am-a-queer-feminist-killjoy-and-am-grateful-for-metoo-in-india/,LGBT,LGBT,2019-02-21,csk,
http://www.buzzfeed.com/tejasharad/dus-zero-cutoff-for-scst-students-shows-exactly-why,POLR,Political Criticism,2019-02-21,csk,Dalit perspectives
http://queerala.org/be-you-a-gathering-on-coming-out-concerns-and-acceptance-from-families/,LGBT,LGBT,2019-02-21,csk,
https://humsafar.org/,LGBT,LGBT,2019-02-21,csk,
https://goenchimati.org/,ENV,Environment,2019-02-22,csk,
http://queer-ink.com/evidence-report-no-106/,LGBT,LGBT,2019-02-21,csk,
http://www.gaylaxymag.com/latest-news/transgender-rights-bill-and-surrogacy-bill-lapse-as-rajya-sabha-adjourns-sine-die/,LGBT,LGBT,2019-02-21,csk,
https://shomota.com/,XED,Sex Education,2019-02-17,csk,Eco friendly mensturation products
https://saathipads.com/,XED,Sex Education,2019-02-17,csk,Eco friendly mensturation products
https://swarajyamag.com/politics/cricket-boycott-wont-move-terroristan-but-its-the-right-way-to-test-our-own-national-resolve,NEWS,News Media,2019-02-21,csk,liberal right of centre Magazine
https://www.ifp.co.in/,NEWS,News Media,2019-02-19,csk,Critical Newspaper of Manipur
https://freepresskashmir.com/,NEWS,News Media,2019-02-19,csk,
https://in.linkedin.com/,COMT,Communication Tools,2019-03-03,csk,Social Media
https://www.eenadu.net/,NEWS,News Media,2019-03-20,csk,
https://www.andhrajyothy.com/,NEWS,News Media,2019-03-20,csk,
http://mpaper.sakshi.com/,NEWS,News Media,2019-03-20,csk,
http://lankeshpatrike.com/,NEWS,News Media,2019-03-20,csk,
https://www.thekashmirmonitor.net/,NEWS,News Media,2019-03-20,csk,
https://kashmirobserver.net/,NEWS,News Media,2019-03-20,csk,
https://www.heraldgoa.in/,NEWS,News Media,2019-03-20,csk,
http://www.theshillongtimes.com/,NEWS,News Media,2019-03-20,csk,
http://www.nagalandpost.com/,NEWS,News Media,2019-03-20,csk,
https://www.bhaskar.com/,NEWS,News Media,2019-03-20,csk,
https://www.mathrubhumi.com/,NEWS,News Media,2019-03-20,csk,
https://kashmirreader.com/,NEWS,News Media,2019-03-20,csk,
https://sandrp.in/,ENV,Environment,2019-03-20,csk,
http://sangaiexpress.com/,NEWS,News Media,2019-03-09,csk,
http://poknapham.in/,NEWS,News Media,2019-03-09,csk,
http://sanaleibak.in/,NEWS,News Media,2019-03-09,csk,
http://hueiyenlanpao.com/,NEWS,News Media,2019-03-09,csk,
http://naharolgithoudang.in/,NEWS,News Media,2019-03-09,csk,
http://ichelexpress.org/,NEWS,News Media,2019-03-09,csk,
http://ireibak.tripod.com/,NEWS,News Media,2019-03-09,csk,
http://imphaltimes.com/,NEWS,News Media,2019-03-09,csk,
http://manipuronline.com/,NEWS,News Media,2019-03-09,csk,
http://kanglaonline.com/,NEWS,News Media,2019-03-09,csk,
https://nenow.in/,NEWS,News Media,2019-03-09,csk,
http://theshillongtimes.com/,NEWS,News Media,2019-03-09,csk,
http://nagajournal.com/,NEWS,News Media,2019-03-09,csk,
http://insidene.com/,NEWS,News Media,2019-03-09,csk,
http://saisat.com/,NEWS,News Media,2019-03-09,csk,
http://northeastlivetv.com/,NEWS,News Media,2019-03-09,csk,
http://nitinthusoh.com/,POLR,Political Criticism,2019-03-09,csk, Mainlander Criticism
http://eimitimes.in/,NEWS,News Media,2019-03-09,csk,
http://raiot.in/,NEWS,News Media,2019-03-09,csk,
http://eastermirrornagaland.com/,NEWS,News Media,2019-03-09,csk,
http://nagalimvoice.com/,NEWS,News Media,2019-03-09,csk,
https://phualvatimes.com/,NEWS,News Media,2019-03-09,csk,
http://thohepou.wordpres.com/,POLR,Political Criticism,2019-03-09,csk,
https://ssumanipur.wordpress.com/,POLR,Political Criticism,2019-03-09,csk,
http://ksogeneralheadquarters.weebly.com/,POLR,Political Criticism,2019-03-09,csk,
http://ksog.faithweb.com/,POLR,Political Criticism,2019-03-09,csk,Student Union
http://zomiradio.org/,POLR,Political Criticism,2019-03-09,csk,
http://prja.in/,POLR,Political Criticism,2019-03-09,csk,Political party
http://neidp.in/,POLR,Political Criticism,2019-03-09,csk,Political party
http://nagapeoplesfront.org/,POLR,Political Criticism,2019-03-09,csk,Political party
http://manipur.gov.in/,GOVT,Government,2019-03-09,csk,
http://msrrda.org/,GOVT,Government,2019-03-09,csk,
https://ukhrul.nic.in/,GOVT,Government,2019-03-09,csk,
https://www.myfoodwifi.com/,CULTR,Culture,2019-03-09,csk,Food Delivery service
http://hrimanipur.org/,HUMR,Human Rights Issues,2019-03-20,csk,
https://humanrightsmanipur.wordpress.com/,HUMR,Human Rights Issues,2019-03-20,csk,
https://cramanipur.wordpress.com/,HUMR,Human Rights Issues,2019-03-20,csk,
https://manipurallianceforchildrights.blogspot.com/,HUMR,Human Rights Issues,2019-03-20,csk,
https://www.hindustantimes.com/india/manipur-s-horror-when-operation-bluebird-struck-terror/story-0FTWgabR6PJesb9dd9xMUL.html,HUMR,Human Rights Issues,2019-03-20,csk,
http://onaeme.org/,HUMR,Human Rights Issues,2019-03-20,csk,
http://cohrmanipur.org/,HUMR,Human Rights Issues,2019-03-20,csk,
https://indianexpress.com/article/north-east-india/manipur/human-rights-activist-threatened-by-manipur-police-5129099/,NEWS,News Media,2019-03-20,csk,
https://justpeacefoundation.blogspot.com/,HUMR,Human Rights Issues,2019-03-20,csk,
https://corenortheast.wordpress.com/,HUMR,Human Rights Issues,2019-03-20,csk,
https://kukiblackday.com/,HUMR,Human Rights Issues,2019-03-20,csk,
http://www.womensurvivorsnetwork.org/,HUMR,Human Rights Issues,2019-03-20,csk,
https://indiankanoon.org/,SRCH,Search Engines,2019-03-27,OONI,Reportedly blocked on Jio
https://cpim.org/,POLR,Political Criticism,2019-04-09,OONI,Communist Party of India (Marxist)
https://www.communistparty.in/,POLR,Political Criticism,2019-04-09,OONI,Communist Party of India
https://ncp.org.in/,POLR,Political Criticism,2019-04-09,OONI,Nationalist Congress Party
http://www.bspindia.org/,POLR,Political Criticism,2019-04-09,OONI,Bahujan Samaj Party
http://aitcofficial.org/,POLR,Political Criticism,2019-04-09,OONI,All India Trinamool Congress party
https://shivsena.org/,POLR,Political Criticism,2019-04-09,OONI,Party founded by political cartoonist Bal Thackeray
https://www.aiadmk.website/,POLR,Political Criticism,2019-04-09,OONI,Tamil Nadu political party
http://www.janatadalunited.online/,POLR,Political Criticism,2019-04-09,OONI,Political party
http://www.anbumani4cm.com/,POLR,Political Criticism,2019-04-09,OONI,Political party
http://ljp.org.in/,POLR,Political Criticism,2019-04-09,OONI,Political party
http://dmdkparty.com/,POLR,Political Criticism,2019-04-09,OONI,Political party
http://tamilmaanilacongress.org/,POLR,Political Criticism,2019-04-09,OONI,Political party
http://allindianrcongress.com/,POLR,Political Criticism,2019-04-09,OONI,Political party
https://ndpp.co.in/,POLR,Political Criticism,2019-04-09,OONI,Political party
http://www.joinrlp.org/,POLR,Political Criticism,2019-04-09,OONI,Political party
https://www.dmk.in/,POLR,Political Criticism,2019-04-09,OONI,Political party
https://rjd.co.in/,POLR,Political Criticism,2019-04-09,OONI,Political party
http://jds.ind.in/,POLR,Political Criticism,2019-04-09,OONI,Political party
http://rashtriyaloksamataparty.in/,POLR,Political Criticism,2019-04-09,OONI,Political party
https://jmmjharkhand.in/,POLR,Political Criticism,2019-04-09,OONI,Political party
http://jvmp.in/,POLR,Political Criticism,2019-04-09,OONI,Political party
http://www.swabhimani.com/,POLR,Political Criticism,2019-04-09,OONI,Political party
http://www.vck.in/,POLR,Political Criticism,2019-04-09,OONI,Political party
http://www.bahujanvikasaghadi.com/,POLR,Political Criticism,2019-04-09,OONI,Political party
http://cpiml.net/,POLR,Political Criticism,2019-04-09,OONI,Political party
http://ijkparty.org/,POLR,Political Criticism,2019-04-09,OONI,Political party
https://www.samajwadiparty.in/,POLR,Political Criticism,2019-04-09,OONI,Political party
http://www.rashtriyalokdal.com/,POLR,Political Criticism,2019-04-09,OONI,Political party
https://www.janasenaparty.org/,POLR,Political Criticism,2019-04-09,OONI,Political party
http://forwardbloc.org/,POLR,Political Criticism,2019-04-09,OONI,Political party
https://www.ysrcongress.com/,POLR,Political Criticism,2019-04-09,OONI,Political party
https://www.maiam.com/,POLR,Political Criticism,2019-04-09,OONI,Political party
http://www.bjdodisha.org.in/,POLR,Political Criticism,2019-04-09,OONI,Political party
https://www.trspartyonline.org/,POLR,Political Criticism,2019-04-09,OONI,Political party
https://www.sdpi.in/,POLR,Political Criticism,2019-04-09,OONI,Political party
https://www.naamtamilar.org/,POLR,Political Criticism,2019-04-09,OONI,Political party
https://aamaadmiparty.org/,POLR,Political Criticism,2019-04-09,OONI,Political party
http://www.pragatisheelsamajwadiparty.org/,POLR,Political Criticism,2019-04-09,OONI,Political party
https://jkpdp.in/,POLR,Political Criticism,2019-04-09,OONI,Jammu & Kashmir Peoples Democratic Party
http://gandhianparty.com/,POLR,Political Criticism,2019-04-09,OONI,Political party
https://eci.gov.in/,POLR,Political Criticism,2019-04-09,OONI,Election Commission of India
https://www.nvsp.in/,POLR,Political Criticism,2019-04-09,OONI,National Voters' Service Portal
https://electoralsearch.in/,POLR,Political Criticism,2019-04-09,OONI,Electoral Search in Voter List
http://servicevoter.nic.in/,POLR,Political Criticism,2019-04-09,OONI,Election Service Voters' Portal
http://www.elections.in/,POLR,Political Criticism,2019-04-09,OONI,Elections website
http://voicenet.in/,POLR,Political Criticism,2019-04-09,OONI,Voter Education site
http://www.myneta.info/,POLR,Political Criticism,2019-04-09,OONI,National Election Watch - Sharing info about candidates & parties in 2019 elections
https://adrindia.org/,POLR,Political Criticism,2019-04-09,OONI,Election watchdog
https://www.altnews.in/,NEWS,News Media,2019-04-09,OONI,Fact checking website
https://www.thehindu.com/,NEWS,News Media,2019-04-09,OONI,Popular english newspaper
https://www.newslaundry.com/,NEWS,News Media,2019-04-09,OONI,Media watchdog website
https://www.thewire.com/,NEWS,News Media,2019-04-09,OONI,Independent news media website
https://www.opindia.com/,NEWS,News Media,2019-04-09,OONI,News website
https://newsclick.in/,NEWS,News Media,2019-04-09,OONI,News website
