url,category_code,category_description,date_added,source,notes
http://www.torrentdownload.ws/,FILE,File-sharing,2017-04-12,,Site reported to be blocked by AGCOM - Italian Autority on Communication
http://torrentroom.com/,FILE,File-sharing,2017-04-12,,Site reported to be blocked by AGCOM - Italian Autority on Communication
http://www.torrentroom.com/,FILE,File-sharing,2017-04-12,,Site reported to be blocked by AGCOM - Italian Autority on Communication
http://torrent.cd/,FILE,File-sharing,2017-04-12,,Site reported to be blocked by AGCOM - Italian Autority on Communication
http://www.torrent.cd/,FILE,File-sharing,2017-04-12,,Site reported to be blocked by AGCOM - Italian Autority on Communication
http://torrentvia.com/,FILE,File-sharing,2017-04-12,,Site reported to be blocked by AGCOM - Italian Autority on Communication
http://www.torrentvia.com/,FILE,File-sharing,2017-04-12,,Site reported to be blocked by AGCOM - Italian Autority on Communication
http://yourbittorrent.com/,FILE,File-sharing,2017-04-12,,Site reported to be blocked by AGCOM - Italian Autority on Communication
http://movie2k.tv/,FILE,File-sharing,2017-04-12,,Site reported to be blocked by AGCOM - Italian Autority on Communication
http://movie4k.to/,FILE,File-sharing,2017-04-12,,Site reported to be blocked by AGCOM - Italian Autority on Communication
http://btdigg.org/,FILE,File-sharing,2017-04-12,,Site reported to be blocked by AGCOM - Italian Autority on Communication
http://torrentzap.com/,FILE,File-sharing,2017-04-12,,Site reported to be blocked by AGCOM - Italian Autority on Communication
http://demonoid.ph/,FILE,File-sharing,2017-04-12,,Site reported to be blocked by AGCOM - Italian Autority on Communication
http://puntostreaming.com/,FILE,File-sharing,2017-04-12,,Site reported to be blocked by AGCOM - Italian Autority on Communication
http://tantostreaming.com/,FILE,File-sharing,2017-04-12,,Site reported to be blocked by AGCOM - Italian Autority on Communication
http://mp3limone.net/,FILE,File-sharing,2017-04-12,,Site reported to be blocked by AGCOM - Italian Autority on Communication
http://psychocydd.co.uk/,FILE,File-sharing,2017-04-12,,Site reported to be blocked by AGCOM - Italian Autority on Communication
http://mp3limon.info/,FILE,File-sharing,2017-04-12,,Site reported to be blocked by AGCOM - Italian Autority on Communication
http://mp3lemon.ws/,FILE,File-sharing,2017-04-12,,Site reported to be blocked by AGCOM - Italian Autority on Communication
http://putlocker.is/,FILE,File-sharing,2017-04-12,,Site reported to be blocked by AGCOM - Italian Autority on Communication
http://watchseries.ag/,FILE,File-sharing,2017-04-12,,Site reported to be blocked by AGCOM - Italian Autority on Communication
http://mp3lemon.net/,FILE,File-sharing,2017-04-12,,Site reported to be blocked by AGCOM - Italian Autority on Communication
http://portalzuca.net/,FILE,File-sharing,2017-04-12,,Site reported to be blocked by AGCOM - Italian Autority on Communication
http://itsat.info/,FILE,File-sharing,2017-04-12,,Site reported to be blocked by AGCOM - Italian Autority on Communication
http://mp3zitrone.net/,FILE,File-sharing,2017-04-12,,Site reported to be blocked by AGCOM - Italian Autority on Communication
http://solarmovie.is/,FILE,File-sharing,2017-04-12,,Site reported to be blocked by AGCOM - Italian Autority on Communication
http://watchserieshd.eu/,FILE,File-sharing,2017-04-12,,Site reported to be blocked by AGCOM - Italian Autority on Communication
http://liberostreaming.net/,FILE,File-sharing,2017-04-12,,Site reported to be blocked by AGCOM - Italian Autority on Communication
http://redmp3.ru/,FILE,File-sharing,2017-04-12,,Site reported to be blocked by AGCOM - Italian Autority on Communication
http://imp3.cc/,FILE,File-sharing,2017-04-12,,Site reported to be blocked by AGCOM - Italian Autority on Communication
http://tubeplus.me/,FILE,File-sharing,2017-04-12,,Site reported to be blocked by AGCOM - Italian Autority on Communication
http://cb01.tv/,FILE,File-sharing,2017-04-12,,Site reported to be blocked by AGCOM - Italian Autority on Communication
http://myfreemp3x.com/,FILE,File-sharing,2017-04-12,,Site reported to be blocked by AGCOM - Italian Autority on Communication
http://mp3cool.eu/,FILE,File-sharing,2017-04-12,,Site reported to be blocked by AGCOM - Italian Autority on Communication
http://taringamp3.org/,FILE,File-sharing,2017-04-12,,Site reported to be blocked by AGCOM - Italian Autority on Communication
http://vibe3.com/,FILE,File-sharing,2017-04-12,,Site reported to be blocked by AGCOM - Italian Autority on Communication
http://demp3.com/,FILE,File-sharing,2017-04-12,,Site reported to be blocked by AGCOM - Italian Autority on Communication
http://freemp3.se/,FILE,File-sharing,2017-04-12,,Site reported to be blocked by AGCOM - Italian Autority on Communication
http://robinfilm.me/,FILE,File-sharing,2017-04-12,,Site reported to be blocked by AGCOM - Italian Autority on Communication
http://film-italia.net/,FILE,File-sharing,2017-04-12,,Site reported to be blocked by AGCOM - Italian Autority on Communication
http://megashare.sh/,FILE,File-sharing,2017-04-12,,Site reported to be blocked by AGCOM - Italian Autority on Communication
http://musicaq.net/,FILE,File-sharing,2017-04-12,,Site reported to be blocked by AGCOM - Italian Autority on Communication
http://mp3monkey.net/,FILE,File-sharing,2017-04-12,,Site reported to be blocked by AGCOM - Italian Autority on Communication
http://tantifilm.com/,FILE,File-sharing,2017-04-12,,Site reported to be blocked by AGCOM - Italian Autority on Communication
http://mp3truck.net/,FILE,File-sharing,2017-04-12,,Site reported to be blocked by AGCOM - Italian Autority on Communication
http://stardelcinema.org/,FILE,File-sharing,2017-04-12,,Site reported to be blocked by AGCOM - Italian Autority on Communication
http://mp3ster.com/,FILE,File-sharing,2017-04-12,,Site reported to be blocked by AGCOM - Italian Autority on Communication
http://itastream.net/,FILE,File-sharing,2017-04-12,,Site reported to be blocked by AGCOM - Italian Autority on Communication
http://myfreemp3.biz/,FILE,File-sharing,2017-04-12,,Site reported to be blocked by AGCOM - Italian Autority on Communication
http://busca.co/,FILE,File-sharing,2017-04-12,,Site reported to be blocked by AGCOM - Italian Autority on Communication
http://mp3cool.me/,FILE,File-sharing,2017-04-12,,Site reported to be blocked by AGCOM - Italian Autority on Communication
http://cinemalibero.net/,FILE,File-sharing,2017-04-12,,Site reported to be blocked by AGCOM - Italian Autority on Communication
http://masmp3s.com/,FILE,File-sharing,2017-04-12,,Site reported to be blocked by AGCOM - Italian Autority on Communication
http://streamingdb.co/,FILE,File-sharing,2017-04-12,,Site reported to be blocked by AGCOM - Italian Autority on Communication
http://casacinema.bz/,FILE,File-sharing,2017-04-12,,Site reported to be blocked by AGCOM - Italian Autority on Communication
http://yoostreaming.com/,FILE,File-sharing,2017-04-12,,Site reported to be blocked by AGCOM - Italian Autority on Communication
http://mptri.net/,FILE,File-sharing,2017-04-12,,Site reported to be blocked by AGCOM - Italian Autority on Communication
http://filmstreamitalia.org/,FILE,File-sharing,2017-04-12,,Site reported to be blocked by AGCOM - Italian Autority on Communication
http://naitimp3.ru/,FILE,File-sharing,2017-04-12,,Site reported to be blocked by AGCOM - Italian Autority on Communication
http://guardarefilm.com/,FILE,File-sharing,2017-04-12,,Site reported to be blocked by AGCOM - Italian Autority on Communication
http://papystreaming.tv/,FILE,File-sharing,2017-04-12,,Site reported to be blocked by AGCOM - Italian Autority on Communication
http://mp3arhiv.net/,FILE,File-sharing,2017-04-12,,Site reported to be blocked by AGCOM - Italian Autority on Communication
http://itvmovie.eu/,FILE,File-sharing,2017-04-12,,Site reported to be blocked by AGCOM - Italian Autority on Communication
http://altadefinizione.gratis/,FILE,File-sharing,2017-04-12,,Site reported to be blocked by AGCOM - Italian Autority on Communication
http://rlsbb.com/,FILE,File-sharing,2017-04-12,,Site reported to be blocked by AGCOM - Italian Autority on Communication
http://limetorrents.cc/,FILE,File-sharing,2017-04-12,,Site reported to be blocked by AGCOM - Italian Autority on Communication
http://itastreaming.tv/,FILE,File-sharing,2017-04-12,,Site reported to be blocked by AGCOM - Italian Autority on Communication
http://mondostreaming.net/,FILE,File-sharing,2017-04-12,,Site reported to be blocked by AGCOM - Italian Autority on Communication
http://guardarefilm.net/,FILE,File-sharing,2017-04-12,,Site reported to be blocked by AGCOM - Italian Autority on Communication
http://levidia.ch/,FILE,File-sharing,2017-04-12,,Site reported to be blocked by AGCOM - Italian Autority on Communication
http://bongdaup.com/,FILE,File-sharing,2017-04-12,,Site reported to be blocked by AGCOM - Italian Autority on Communication
http://project-sat.org/,FILE,File-sharing,2017-04-12,,Site reported to be blocked by AGCOM - Italian Autority on Communication
http://footballup.com/,FILE,File-sharing,2017-04-12,,Site reported to be blocked by AGCOM - Italian Autority on Communication
http://freecalcio.com/,FILE,File-sharing,2017-04-12,,Site reported to be blocked by AGCOM - Italian Autority on Communication
http://calcion.md/,FILE,File-sharing,2017-04-12,,Site reported to be blocked by AGCOM - Italian Autority on Communication
http://www.yompmh.com/,FILE,File-sharing,2017-04-12,,Site reported to be blocked by AGCOM - Italian Autority on Communication
http://mp3freex.com/,FILE,File-sharing,2017-04-12,,Site reported to be blocked by AGCOM - Italian Autority on Communication
http://webtivi.info/,FILE,File-sharing,2017-04-12,,Site reported to be blocked by AGCOM - Italian Autority on Communication
http://miplayer.net/,FILE,File-sharing,2017-04-12,,Site reported to be blocked by AGCOM - Italian Autority on Communication
http://liveflashplayer.net/,FILE,File-sharing,2017-04-12,,Site reported to be blocked by AGCOM - Italian Autority on Communication
http://liveflash.tv/,FILE,File-sharing,2017-04-12,,Site reported to be blocked by AGCOM - Italian Autority on Communication
http://freecalcio.eu/,FILE,File-sharing,2017-04-12,,Site reported to be blocked by AGCOM - Italian Autority on Communication
http://calcion.in/,FILE,File-sharing,2017-04-12,,Site reported to be blocked by AGCOM - Italian Autority on Communication
http://www.torrentdownload.co/,FILE,File-sharing,2017-04-12,,Site reported to be blocked by AGCOM - Italian Autority on Communication
http://www.goldenmp3.ru/,FILE,File-sharing,2017-04-12,,Site reported to be blocked by AGCOM - Italian Autority on Communication
http://filmikz.ch/,FILE,File-sharing,2017-04-12,,Site reported to be blocked by AGCOM - Italian Autority on Communication
http://musicmp3.ru/,FILE,File-sharing,2017-04-12,,Site reported to be blocked by AGCOM - Italian Autority on Communication
http://filmsubito.tv/,FILE,File-sharing,2017-04-12,,Site reported to be blocked by AGCOM - Italian Autority on Communication
http://listen320.com/,FILE,File-sharing,2017-04-12,,Site reported to be blocked by AGCOM - Italian Autority on Communication
http://film-stream.org/,FILE,File-sharing,2017-04-12,,Site reported to be blocked by AGCOM - Italian Autority on Communication
http://italian-stream.tv/,FILE,File-sharing,2017-04-12,,Site reported to be blocked by AGCOM - Italian Autority on Communication
http://redmp3.me/,FILE,File-sharing,2017-04-12,,Site reported to be blocked by AGCOM - Italian Autority on Communication
http://portalzuca.com/,FILE,File-sharing,2017-04-12,,Site reported to be blocked by AGCOM - Italian Autority on Communication
http://calcion.co/,FILE,File-sharing,2017-04-12,,Site reported to be blocked by AGCOM - Italian Autority on Communication
http://aliez.tv/,FILE,File-sharing,2017-04-12,,Site reported to be blocked by AGCOM - Italian Autority on Communication
http://vitorrentz.org/,FILE,File-sharing,2017-04-12,,Site reported to be blocked by AGCOM - Italian Autority on Communication
http://myfree.cc/,FILE,File-sharing,2017-04-12,,Site reported to be blocked by AGCOM - Italian Autority on Communication
http://vidics.ch/,FILE,File-sharing,2017-04-12,,Site reported to be blocked by AGCOM - Italian Autority on Communication
http://myfreemp3.re/,FILE,File-sharing,2017-04-12,,Site reported to be blocked by AGCOM - Italian Autority on Communication
http://musica-libera.eu/,FILE,File-sharing,2017-04-12,,Site reported to be blocked by AGCOM - Italian Autority on Communication
http://suenamp3.com/,FILE,File-sharing,2017-04-12,,Site reported to be blocked by AGCOM - Italian Autority on Communication
http://itafilm.tv/,FILE,File-sharing,2017-04-12,,Site reported to be blocked by AGCOM - Italian Autority on Communication
http://calcion.pw/,FILE,File-sharing,2017-04-12,,Site reported to be blocked by AGCOM - Italian Autority on Communication
http://ezcast.tv/,FILE,File-sharing,2017-04-12,,Site reported to be blocked by AGCOM - Italian Autority on Communication
http://embedezcast.com/,FILE,File-sharing,2017-04-12,,Site reported to be blocked by AGCOM - Italian Autority on Communication
http://kingmp3.party/,FILE,File-sharing,2017-04-12,,Site reported to be blocked by AGCOM - Italian Autority on Communication
http://filmlinks4u.to/,FILE,File-sharing,2017-04-12,,Site reported to be blocked by AGCOM - Italian Autority on Communication
http://filmlinks4u.net/,FILE,File-sharing,2017-04-12,,Site reported to be blocked by AGCOM - Italian Autority on Communication
http://123savemp3.net/,FILE,File-sharing,2017-04-12,,Site reported to be blocked by AGCOM - Italian Autority on Communication
http://iwannawatch.to/,FILE,File-sharing,2017-04-12,,Site reported to be blocked by AGCOM - Italian Autority on Communication
http://iwannawatch.net/,FILE,File-sharing,2017-04-12,,Site reported to be blocked by AGCOM - Italian Autority on Communication
http://film-italia.tv/,FILE,File-sharing,2017-04-12,,Site reported to be blocked by AGCOM - Italian Autority on Communication
http://thecineblog01.com/,FILE,File-sharing,2017-04-12,,Site reported to be blocked by AGCOM - Italian Autority on Communication
http://redmp3.cc/,FILE,File-sharing,2017-04-12,,Site reported to be blocked by AGCOM - Italian Autority on Communication
http://mp3int.com/,FILE,File-sharing,2017-04-12,,Site reported to be blocked by AGCOM - Italian Autority on Communication
http://calcion.xyz/,FILE,File-sharing,2017-04-12,,Site reported to be blocked by AGCOM - Italian Autority on Communication
http://musica-libera.lol/,FILE,File-sharing,2017-04-12,,Site reported to be blocked by AGCOM - Italian Autority on Communication
http://cineblog01.fm/,FILE,File-sharing,2017-04-12,,Site reported to be blocked by AGCOM - Italian Autority on Communication
http://mp3.plus/,FILE,File-sharing,2017-04-12,,Site reported to be blocked by AGCOM - Italian Autority on Communication
http://foxsat.tv/,FILE,File-sharing,2017-04-12,,Site reported to be blocked by AGCOM - Italian Autority on Communication
http://filmpertutti.co/,FILE,File-sharing,2017-04-12,,Site reported to be blocked by AGCOM - Italian Autority on Communication
http://filmpertutti.eu/,FILE,File-sharing,2017-04-12,,Site reported to be blocked by AGCOM - Italian Autority on Communication
http://solarmovie.ph/,FILE,File-sharing,2017-04-12,,Site reported to be blocked by AGCOM - Italian Autority on Communication
http://solarmovie.com/,FILE,File-sharing,2017-04-12,,Site reported to be blocked by AGCOM - Italian Autority on Communication
http://solarmovie.eu/,FILE,File-sharing,2017-04-12,,Site reported to be blocked by AGCOM - Italian Autority on Communication
http://taringamp3.me/,FILE,File-sharing,2017-04-12,,Site reported to be blocked by AGCOM - Italian Autority on Communication
http://streamingfilm.it/,FILE,File-sharing,2017-04-12,,Site reported to be blocked by AGCOM - Italian Autority on Communication
http://gamestorrents.com/,FILE,File-sharing,2017-04-12,,Site reported to be blocked by AGCOM - Italian Autority on Communication
http://glodls.to/,FILE,File-sharing,2017-04-12,,Site reported to be blocked by AGCOM - Italian Autority on Communication
http://epubook.org/,FILE,File-sharing,2017-04-12,,Site reported to be blocked by AGCOM - Italian Autority on Communication
http://cineblog01.online/,FILE,File-sharing,2017-04-12,,Site reported to be blocked by AGCOM - Italian Autority on Communication
http://atdhe24.tv/,FILE,File-sharing,2017-04-12,,Site reported to be blocked by AGCOM - Italian Autority on Communication
http://mp3cool.la/,FILE,File-sharing,2017-04-12,,Site reported to be blocked by AGCOM - Italian Autority on Communication
http://mp3skull.press/,FILE,File-sharing,2017-04-12,,Site reported to be blocked by AGCOM - Italian Autority on Communication
http://livetvcdn.net/,FILE,File-sharing,2017-04-12,,Site reported to be blocked by AGCOM - Italian Autority on Communication
http://myfreemp3.website/,FILE,File-sharing,2017-04-12,,Site reported to be blocked by AGCOM - Italian Autority on Communication
http://calcion.be/,FILE,File-sharing,2017-04-12,,Site reported to be blocked by AGCOM - Italian Autority on Communication
http://bongda24.com/,FILE,File-sharing,2017-04-12,,Site reported to be blocked by AGCOM - Italian Autority on Communication
http://yify-torrent.org/,FILE,File-sharing,2017-04-12,,Site reported to be blocked by AGCOM - Italian Autority on Communication
http://usagoals.com/,FILE,File-sharing,2017-04-12,,Site reported to be blocked by AGCOM - Italian Autority on Communication
http://cinemasubito.com/,FILE,File-sharing,2017-04-12,,Site reported to be blocked by AGCOM - Italian Autority on Communication
http://livetv.sx/,FILE,File-sharing,2017-04-12,,Site reported to be blocked by AGCOM - Italian Autority on Communication
http://e-mp3.ws/,FILE,File-sharing,2017-04-12,,Site reported to be blocked by AGCOM - Italian Autority on Communication
http://foxsat.info/,FILE,File-sharing,2017-04-12,,Site reported to be blocked by AGCOM - Italian Autority on Communication
http://epomusic.com/,FILE,File-sharing,2017-04-12,,Site reported to be blocked by AGCOM - Italian Autority on Communication
http://filmstreaming2015.eu/,FILE,File-sharing,2017-04-12,,Site reported to be blocked by AGCOM - Italian Autority on Communication
http://tantifilm.net/,FILE,File-sharing,2017-04-12,,Site reported to be blocked by AGCOM - Italian Autority on Communication
http://darkstream.tv/,FILE,File-sharing,2017-04-12,,Site reported to be blocked by AGCOM - Italian Autority on Communication
http://audio.axomlive.com/,FILE,File-sharing,2017-04-12,,Site reported to be blocked by AGCOM - Italian Autority on Communication
http://audiopoisk.com/,FILE,File-sharing,2017-04-12,,Site reported to be blocked by AGCOM - Italian Autority on Communication
http://ivave.com/,FILE,File-sharing,2017-04-12,,Site reported to be blocked by AGCOM - Italian Autority on Communication
http://magsepub.com/,FILE,File-sharing,2017-04-12,,Site reported to be blocked by AGCOM - Italian Autority on Communication
http://mimp3s.me/,FILE,File-sharing,2017-04-12,,Site reported to be blocked by AGCOM - Italian Autority on Communication
http://libera-musica.pw/,FILE,File-sharing,2017-04-12,,Site reported to be blocked by AGCOM - Italian Autority on Communication
http://mp3cool.pro/,FILE,File-sharing,2017-04-12,,Site reported to be blocked by AGCOM - Italian Autority on Communication
http://wizhdsports.com/,FILE,File-sharing,2017-04-12,,Site reported to be blocked by AGCOM - Italian Autority on Communication
http://bongdaone.com/,FILE,File-sharing,2017-04-12,,Site reported to be blocked by AGCOM - Italian Autority on Communication
http://portalehd.net/,FILE,File-sharing,2017-04-12,,Site reported to be blocked by AGCOM - Italian Autority on Communication
http://xliveru.sx/,FILE,File-sharing,2017-04-12,,Site reported to be blocked by AGCOM - Italian Autority on Communication
http://livesport.sx/,FILE,File-sharing,2017-04-12,,Site reported to be blocked by AGCOM - Italian Autority on Communication
http://qiqru.org/,FILE,File-sharing,2017-04-12,,Site reported to be blocked by AGCOM - Italian Autority on Communication
http://demonoid.ooo/,FILE,File-sharing,2017-04-12,,Site reported to be blocked by AGCOM - Italian Autority on Communication
http://demonoid.pw/,FILE,File-sharing,2017-04-12,,Site reported to be blocked by AGCOM - Italian Autority on Communication
http://freecalcio.xyz/,FILE,File-sharing,2017-04-12,,Site reported to be blocked by AGCOM - Italian Autority on Communication
http://cinemano.net/,FILE,File-sharing,2017-04-12,,Site reported to be blocked by AGCOM - Italian Autority on Communication
http://instreaming.info/,FILE,File-sharing,2017-04-12,,Site reported to be blocked by AGCOM - Italian Autority on Communication
http://mp3lio.net/,FILE,File-sharing,2017-04-12,,Site reported to be blocked by AGCOM - Italian Autority on Communication
http://mp3lios.com/,FILE,File-sharing,2017-04-12,,Site reported to be blocked by AGCOM - Italian Autority on Communication
http://videobongda.us/,FILE,File-sharing,2017-04-12,,Site reported to be blocked by AGCOM - Italian Autority on Communication
http://it.redmp3.su/,FILE,File-sharing,2017-04-12,,Site reported to be blocked by AGCOM - Italian Autority on Communication
http://www.watch-sportlive.ga/,FILE,File-sharing,2017-04-12,,Site reported to be blocked by AGCOM - Italian Autority on Communication
http://rojadirecta.xyz/,FILE,File-sharing,2017-04-12,,Site reported to be blocked by AGCOM - Italian Autority on Communication
http://cineblog01.gratis/,FILE,File-sharing,2017-04-12,,Site reported to be blocked by AGCOM - Italian Autority on Communication
http://feed4u.tv/,FILE,File-sharing,2017-04-12,,Site reported to be blocked by AGCOM - Italian Autority on Communication
http://cineblog01.top/,FILE,File-sharing,2017-04-12,,Site reported to be blocked by AGCOM - Italian Autority on Communication
http://holigantv.com/,FILE,File-sharing,2017-04-12,,Site reported to be blocked by AGCOM - Italian Autority on Communication
http://streamblog.tv/,FILE,File-sharing,2017-04-12,,Site reported to be blocked by AGCOM - Italian Autority on Communication
http://connectionsmusic.org/,FILE,File-sharing,2017-04-12,,Site reported to be blocked by AGCOM - Italian Autority on Communication
http://cricfree.tv/,FILE,File-sharing,2017-04-12,,Site reported to be blocked by AGCOM - Italian Autority on Communication
http://igg-games.com/,FILE,File-sharing,2017-04-12,,Site reported to be blocked by AGCOM - Italian Autority on Communication
http://crichd.tv/,FILE,File-sharing,2017-04-12,,Site reported to be blocked by AGCOM - Italian Autority on Communication
http://livestream-l.info/,FILE,File-sharing,2017-04-12,,Site reported to be blocked by AGCOM - Italian Autority on Communication
http://muzofon.com/,FILE,File-sharing,2017-04-12,,Site reported to be blocked by AGCOM - Italian Autority on Communication
http://darkstream.me/,FILE,File-sharing,2017-04-12,,Site reported to be blocked by AGCOM - Italian Autority on Communication
http://inaltadefinizione.tv/,FILE,File-sharing,2017-04-12,,Site reported to be blocked by AGCOM - Italian Autority on Communication
http://redmp3.su/,FILE,File-sharing,2017-04-12,,Site reported to be blocked by AGCOM - Italian Autority on Communication
http://zamuziku.ucoz.com/,FILE,File-sharing,2017-04-12,,Site reported to be blocked by AGCOM - Italian Autority on Communication
http://my-free-mp3.com/,FILE,File-sharing,2017-04-12,,Site reported to be blocked by AGCOM - Italian Autority on Communication
http://mp3cool.asia/,FILE,File-sharing,2017-04-12,,Site reported to be blocked by AGCOM - Italian Autority on Communication
http://itastreaming.co/,FILE,File-sharing,2017-04-12,,Site reported to be blocked by AGCOM - Italian Autority on Communication
http://altadefinizione.online/,FILE,File-sharing,2017-04-12,,Site reported to be blocked by AGCOM - Italian Autority on Communication
http://hdgratis.net/,FILE,File-sharing,2017-04-12,,Site reported to be blocked by AGCOM - Italian Autority on Communication
http://mp3prima.com/,FILE,File-sharing,2017-04-12,,Site reported to be blocked by AGCOM - Italian Autority on Communication
http://avxhome.in/,FILE,File-sharing,2017-04-12,,Site reported to be blocked by AGCOM - Italian Autority on Communication
http://marapcana.com/,FILE,File-sharing,2017-04-12,,Site reported to be blocked by AGCOM - Italian Autority on Communication
http://btso.pw/,FILE,File-sharing,2017-04-12,,Site reported to be blocked by AGCOM - Italian Autority on Communication
http://streamblog.net/,FILE,File-sharing,2017-04-12,,Site reported to be blocked by AGCOM - Italian Autority on Communication
http://altadefinizione.io/,FILE,File-sharing,2017-04-12,,Site reported to be blocked by AGCOM - Italian Autority on Communication
http://cb01.co/,FILE,File-sharing,2017-04-12,,Site reported to be blocked by AGCOM - Italian Autority on Communication
http://cinemasubito.eu/,FILE,File-sharing,2017-04-12,,Site reported to be blocked by AGCOM - Italian Autority on Communication
http://cinemasubito.me/,FILE,File-sharing,2017-04-12,,Site reported to be blocked by AGCOM - Italian Autority on Communication
http://mp3va.com/,FILE,File-sharing,2017-04-12,,Site reported to be blocked by AGCOM - Italian Autority on Communication
http://hdgratis.org/,FILE,File-sharing,2017-04-12,,Site reported to be blocked by AGCOM - Italian Autority on Communication
http://altadefinizione.cc/,FILE,File-sharing,2017-04-12,,Site reported to be blocked by AGCOM - Italian Autority on Communication
http://vertuha.xyz/,FILE,File-sharing,2017-04-12,,Site reported to be blocked by AGCOM - Italian Autority on Communication
http://mp3songx.com/,FILE,File-sharing,2017-04-12,,Site reported to be blocked by AGCOM - Italian Autority on Communication
http://mp3fiesta.com/,FILE,File-sharing,2017-04-12,,Site reported to be blocked by AGCOM - Italian Autority on Communication
http://torlock.com/,FILE,File-sharing,2017-04-12,,Site reported to be blocked by AGCOM - Italian Autority on Communication
http://music.songmp3.net/,FILE,File-sharing,2017-04-12,,Site reported to be blocked by AGCOM - Italian Autority on Communication
http://cineblog01.name/,FILE,File-sharing,2017-04-12,,Site reported to be blocked by AGCOM - Italian Autority on Communication
http://portalehd.com/,FILE,File-sharing,2017-04-12,,Site reported to be blocked by AGCOM - Italian Autority on Communication
http://cinemano.me/,FILE,File-sharing,2017-04-12,,Site reported to be blocked by AGCOM - Italian Autority on Communication
http://inaltadefinizione.online/,FILE,File-sharing,2017-04-12,,Site reported to be blocked by AGCOM - Italian Autority on Communication
http://gegas.net/,FILE,File-sharing,2017-04-12,,Site reported to be blocked by AGCOM - Italian Autority on Communication
http://pdfmag.org/,FILE,File-sharing,2017-04-12,,Site reported to be blocked by AGCOM - Italian Autority on Communication
http://fiesta-music.com/,FILE,File-sharing,2017-04-12,,Site reported to be blocked by AGCOM - Italian Autority on Communication
http://marapcana.org/,FILE,File-sharing,2017-04-12,,Site reported to be blocked by AGCOM - Italian Autority on Communication
http://ororo.tv/,FILE,File-sharing,2017-04-12,,Site reported to be blocked by AGCOM - Italian Autority on Communication
http://taimp3.net/,FILE,File-sharing,2017-04-12,,Site reported to be blocked by AGCOM - Italian Autority on Communication
http://altadefinizione.black/,FILE,File-sharing,2017-04-12,,Site reported to be blocked by AGCOM - Italian Autority on Communication
http://moommp3.xyz/,FILE,File-sharing,2017-04-12,,Site reported to be blocked by AGCOM - Italian Autority on Communication
http://ritamp3.xyz/,FILE,File-sharing,2017-04-12,,Site reported to be blocked by AGCOM - Italian Autority on Communication
http://musiklagump3.com/,FILE,File-sharing,2017-04-12,,Site reported to be blocked by AGCOM - Italian Autority on Communication
http://guardarefilm.tv/,FILE,File-sharing,2017-04-12,,Site reported to be blocked by AGCOM - Italian Autority on Communication
http://cinemano.info/,FILE,File-sharing,2017-04-12,,Site reported to be blocked by AGCOM - Italian Autority on Communication
http://mp3fusion.net/,FILE,File-sharing,2017-04-12,,Site reported to be blocked by AGCOM - Italian Autority on Communication
http://sportkeyf.net/,FILE,File-sharing,2017-04-12,,Site reported to be blocked by AGCOM - Italian Autority on Communication
http://livetv111.net/,FILE,File-sharing,2017-04-12,,Site reported to be blocked by AGCOM - Italian Autority on Communication
http://livetv110.net/,FILE,File-sharing,2017-04-12,,Site reported to be blocked by AGCOM - Italian Autority on Communication
http://livetv107.net/,FILE,File-sharing,2017-04-12,,Site reported to be blocked by AGCOM - Italian Autority on Communication
http://livetv106.net/,FILE,File-sharing,2017-04-12,,Site reported to be blocked by AGCOM - Italian Autority on Communication
http://livetv105.net/,FILE,File-sharing,2017-04-12,,Site reported to be blocked by AGCOM - Italian Autority on Communication
http://livetv104.net/,FILE,File-sharing,2017-04-12,,Site reported to be blocked by AGCOM - Italian Autority on Communication
http://livetv103.net/,FILE,File-sharing,2017-04-12,,Site reported to be blocked by AGCOM - Italian Autority on Communication
http://livetv102.net/,FILE,File-sharing,2017-04-12,,Site reported to be blocked by AGCOM - Italian Autority on Communication
http://livetv101.net/,FILE,File-sharing,2017-04-12,,Site reported to be blocked by AGCOM - Italian Autority on Communication
http://giostreams.eu/,FILE,File-sharing,2017-04-12,,Site reported to be blocked by AGCOM - Italian Autority on Communication
http://live2all.me/,FILE,File-sharing,2017-04-12,,Site reported to be blocked by AGCOM - Italian Autority on Communication
http://onlinemacizle.org/,FILE,File-sharing,2017-04-12,,Site reported to be blocked by AGCOM - Italian Autority on Communication
http://teump3.com/,FILE,File-sharing,2017-04-12,,Site reported to be blocked by AGCOM - Italian Autority on Communication
http://mp3-center.net/,FILE,File-sharing,2017-04-12,,Site reported to be blocked by AGCOM - Italian Autority on Communication
http://genteflowmp3.org/,FILE,File-sharing,2017-04-12,,Site reported to be blocked by AGCOM - Italian Autority on Communication
http://junglevibe20.net/,FILE,File-sharing,2017-04-12,,Site reported to be blocked by AGCOM - Italian Autority on Communication
http://cricfree.sc/,FILE,File-sharing,2017-04-12,,Site reported to be blocked by AGCOM - Italian Autority on Communication
http://0eb.net/,FILE,File-sharing,2017-04-12,,Site reported to be blocked by AGCOM - Italian Autority on Communication
http://lshunter.net/,FILE,File-sharing,2017-04-12,,Site reported to be blocked by AGCOM - Italian Autority on Communication
http://live.shwidget.com/,FILE,File-sharing,2017-04-12,,Site reported to be blocked by AGCOM - Italian Autority on Communication
http://0dt.net/,FILE,File-sharing,2017-04-12,,Site reported to be blocked by AGCOM - Italian Autority on Communication
http://sportp2p.com/,FILE,File-sharing,2017-04-12,,Site reported to be blocked by AGCOM - Italian Autority on Communication
http://wizhdsports.to/,FILE,File-sharing,2017-04-12,,Site reported to be blocked by AGCOM - Italian Autority on Communication
http://socceron.me/,FILE,File-sharing,2017-04-12,,Site reported to be blocked by AGCOM - Italian Autority on Communication
http://descargarmp3.info/,FILE,File-sharing,2017-04-12,,Site reported to be blocked by AGCOM - Italian Autority on Communication
http://conexaomp3.com/,FILE,File-sharing,2017-04-12,,Site reported to be blocked by AGCOM - Italian Autority on Communication
http://guardarefilm.co/,FILE,File-sharing,2017-04-12,,Site reported to be blocked by AGCOM - Italian Autority on Communication
http://altadefinizione.love/,FILE,File-sharing,2017-04-12,,Site reported to be blocked by AGCOM - Italian Autority on Communication
http://altadefinizione01.top/,FILE,File-sharing,2017-04-12,,Site reported to be blocked by AGCOM - Italian Autority on Communication
http://marapcana.club/,FILE,File-sharing,2017-04-12,,Site reported to be blocked by AGCOM - Italian Autority on Communication
http://emp3world.ch/,FILE,File-sharing,2017-04-12,,Site reported to be blocked by AGCOM - Italian Autority on Communication
http://wrzuta.pl/,FILE,File-sharing,2017-04-12,,Site reported to be blocked by AGCOM - Italian Autority on Communication
http://bittorrent.am/,FILE,File-sharing,2017-04-12,,Site reported to be blocked by AGCOM - Italian Autority on Communication
http://freemp3web.info/,FILE,File-sharing,2017-04-12,,Site reported to be blocked by AGCOM - Italian Autority on Communication
http://mp3sale.ru/,FILE,File-sharing,2017-04-12,,Site reported to be blocked by AGCOM - Italian Autority on Communication
http://altadefinizione.blue/,FILE,File-sharing,2017-04-12,,Site reported to be blocked by AGCOM - Italian Autority on Communication
http://altadefinizione.film/,FILE,File-sharing,2017-04-12,,Site reported to be blocked by AGCOM - Italian Autority on Communication
http://altadefinizione.vision/,FILE,File-sharing,2017-04-12,,Site reported to be blocked by AGCOM - Italian Autority on Communication
http://xhdstream.com/,FILE,File-sharing,2017-04-12,,Site reported to be blocked by AGCOM - Italian Autority on Communication
http://extreme-down.me/,FILE,File-sharing,2017-04-12,,Site reported to be blocked by AGCOM - Italian Autority on Communication
http://estrenosli.org/,FILE,File-sharing,2017-04-12,,Site reported to be blocked by AGCOM - Italian Autority on Communication
http://seekasong.com/,FILE,File-sharing,2017-04-12,,Site reported to be blocked by AGCOM - Italian Autority on Communication
http://cineblog01hd.net/,FILE,File-sharing,2017-04-12,,Site reported to be blocked by AGCOM - Italian Autority on Communication
http://torrentsbees.com/,FILE,File-sharing,2017-04-12,,Site reported to be blocked by AGCOM - Italian Autority on Communication
http://gamesviatorrent.com/,FILE,File-sharing,2017-04-12,,Site reported to be blocked by AGCOM - Italian Autority on Communication
http://mp3cool2.org/,FILE,File-sharing,2017-04-12,,Site reported to be blocked by AGCOM - Italian Autority on Communication
http://altadefinizione.onl/,FILE,File-sharing,2017-04-12,,Site reported to be blocked by AGCOM - Italian Autority on Communication
http://filmpertutti.film/,FILE,File-sharing,2017-04-12,,Site reported to be blocked by AGCOM - Italian Autority on Communication
http://mp3stahuj.cz/,FILE,File-sharing,2017-04-12,,Site reported to be blocked by AGCOM - Italian Autority on Communication
http://ulub.pl/,FILE,File-sharing,2017-04-12,,Site reported to be blocked by AGCOM - Italian Autority on Communication
http://altadefinizione01.black/,FILE,File-sharing,2017-04-12,,Site reported to be blocked by AGCOM - Italian Autority on Communication
http://altadefinizione01.click/,FILE,File-sharing,2017-04-12,,Site reported to be blocked by AGCOM - Italian Autority on Communication
http://socceron.co/,FILE,File-sharing,2017-04-12,,Site reported to be blocked by AGCOM - Italian Autority on Communication
http://wizhdsports.net/,FILE,File-sharing,2017-04-12,,Site reported to be blocked by AGCOM - Italian Autority on Communication
http://guardarefilm.me/,FILE,File-sharing,2017-04-12,,Site reported to be blocked by AGCOM - Italian Autority on Communication
http://mp3fonzo.ru/,FILE,File-sharing,2017-04-12,,Site reported to be blocked by AGCOM - Italian Autority on Communication
http://crichd.sx/,FILE,File-sharing,2017-04-12,,Site reported to be blocked by AGCOM - Italian Autority on Communication
http://crichd.sc/,FILE,File-sharing,2017-04-12,,Site reported to be blocked by AGCOM - Italian Autority on Communication
http://cricfree.sx/,FILE,File-sharing,2017-04-12,,Site reported to be blocked by AGCOM - Italian Autority on Communication
http://cricfree.live/,FILE,File-sharing,2017-04-12,,Site reported to be blocked by AGCOM - Italian Autority on Communication
http://tantifilm.org/,FILE,File-sharing,2017-04-12,,Site reported to be blocked by AGCOM - Italian Autority on Communication
http://musicplayon.com/,FILE,File-sharing,2017-04-12,,Site reported to be blocked by AGCOM - Italian Autority on Communication
http://altadefinizione.cafe/,FILE,File-sharing,2017-04-12,,Site reported to be blocked by AGCOM - Italian Autority on Communication
http://flashx.tv/,FILE,File-sharing,2017-04-12,,Site reported to be blocked by AGCOM - Italian Autority on Communication
http://ddlhqfilm.com/,FILE,File-sharing,2017-04-12,,Site reported to be blocked by AGCOM - Italian Autority on Communication
http://rarbg.to/,FILE,File-sharing,2017-04-12,,Site reported to be blocked by AGCOM - Italian Autority on Communication
http://giochitalianids.com/,FILE,File-sharing,2017-04-12,,Site reported to be blocked by AGCOM - Italian Autority on Communication
http://games.torrentsnack.com/,FILE,File-sharing,2017-04-12,,Site reported to be blocked by AGCOM - Italian Autority on Communication
http://mega-wii.com/,FILE,File-sharing,2017-04-12,,Site reported to be blocked by AGCOM - Italian Autority on Communication
http://nowdownload.ec/,FILE,File-sharing,2017-04-12,,Site reported to be blocked by AGCOM - Italian Autority on Communication
http://nowdownload.to/,FILE,File-sharing,2017-04-12,,Site reported to be blocked by AGCOM - Italian Autority on Communication
http://altadefinizione01.cool/,FILE,File-sharing,2017-04-12,,Site reported to be blocked by AGCOM - Italian Autority on Communication
http://newalbumreleases.net/,FILE,File-sharing,2017-04-12,,Site reported to be blocked by AGCOM - Italian Autority on Communication
http://instamp3.co/,FILE,File-sharing,2017-04-12,,Site reported to be blocked by AGCOM - Italian Autority on Communication
http://123movies.is/,FILE,File-sharing,2017-04-12,,Site reported to be blocked by AGCOM - Italian Autority on Communication
http://123movies.to/,FILE,File-sharing,2017-04-12,,Site reported to be blocked by AGCOM - Italian Autority on Communication
http://www.lastampa.it/,NEWS,News Media,2017-04-12,Accertamenti diffusione stampa 2015,
http://www.vanityfair.it/,NEWS,News Media,2017-04-12,boter,
http://www.repubblica.it/,NEWS,News Media,2017-04-12,Accertamenti diffusione stampa 2015,
http://www.corriere.it/,NEWS,News Media,2017-04-12,Accertamenti diffusione stampa 2015,
http://www.ilsole24ore.com/,NEWS,News Media,2017-04-12,Accertamenti diffusione stampa 2015,
http://www.ilmessaggero.it/,NEWS,News Media,2017-04-12,Accertamenti diffusione stampa 2015,
http://www.ilrestodelcarlino.it/,NEWS,News Media,2017-04-12,Accertamenti diffusione stampa 2015,
http://www.avvenire.it/,NEWS,News Media,2017-04-12,Accertamenti diffusione stampa 2015,
http://www.lanazione.it/,NEWS,News Media,2017-04-12,Accertamenti diffusione stampa 2015,
http://www.liberoquotidiano.it/,NEWS,News Media,2017-04-12,Accertamenti diffusione stampa 2015,
http://www.ilgiorno.it/,NEWS,News Media,2017-04-12,boter,
http://www.ilmattino.it/,NEWS,News Media,2017-04-12,boter,
http://www.italiaoggi.it/,NEWS,News Media,2017-04-12,Accertamenti diffusione stampa 2015,
http://www.ilfattoquotidiano.it/,NEWS,News Media,2017-04-12,Accertamenti diffusione stampa 2015,
http://www.ilmanifesto.info/,NEWS,News Media,2017-04-12,boter,
http://www.linkiesta.it/,NEWS,News Media,2017-04-12,boter,
http://www.valigiablu.it/,NEWS,News Media,2017-04-12,boter,
http://www.espresso.repubblica.it/,NEWS,News Media,2017-04-12,,
http://www.panorama.it/,NEWS,News Media,2017-04-12,boter,
http://www.agi.it/,NEWS,News Media,2017-04-12,boter,
http://www.ansa.it/,NEWS,News Media,2017-04-12,boter,
http://www.quotidiano.net/,NEWS,News Media,2017-04-12,Accertamenti diffusione stampa 2015,
http://www.milanofinanza.it/,NEWS,News Media,2017-04-12,boter,
http://www.leggo.it/,NEWS,News Media,2017-04-12,boter,
http://city.corriere.it/,NEWS,News Media,2017-04-12,boter,
http://www.dnews.eu/,NEWS,News Media,2017-04-12,boter,
http://www.tgcom24.mediaset.it/,NEWS,News Media,2017-04-12,boter,
http://www.wired.it/,NEWS,News Media,2017-04-12,boter,
http://www.vice.com/it,NEWS,News Media,2017-04-12,boter,
https://en.wiktionary.org/,CULTR,Culture,2018-07-06,Wikimedia,URLs provided by wikipedia based on the most popular language domains per country
https://it.wikiquote.org/,CULTR,Culture,2018-07-06,Wikimedia,URLs provided by wikipedia based on the most popular language domains per country
https://it.wiktionary.org/,CULTR,Culture,2018-07-06,Wikimedia,URLs provided by wikipedia based on the most popular language domains per country
https://it.m.wikipedia.org/,CULTR,Culture,2019-02-19,Wikimedia,URLs provided by wikipedia based on the most popular language domains per country
