url,category_code,category_description,date_added,source,notes
http://1004wing.com/,PORN,Pornography,2016-08-09,OONI partner,
http://2015peoplepower.tistory.com/,POLR,Political Criticism,2016-08-09,OONI partner,
http://416family.org/,POLR,Political Criticism,2016-08-09,OONI partner,
http://4shared.com/,FILE,File-sharing,2016-08-09,OONI partner,
http://aadiabetes.com/,PORN,Pornography,2016-08-09,OONI partner,
http://act.jinbo.net/,NEWS,News Media,2016-08-09,OONI partner,
http://adb.org/,ECON,Economics,2014-04-15,citizenlab,
http://addm77.com/,GMB,Gambling,2016-08-09,OONI partner,
http://agora.media.daum.net/,NEWS,News Media,2014-04-15,citizenlab,
http://agora.media.daum.net/petition/view?id=40221,NEWS,News Media,2014-04-15,citizenlab,
http://aindf.dyndns.org/,MILX,Terrorism and Militants,2014-04-15,citizenlab,
http://aindf.dyndns.org/kuguk8/Title1.htm,MILX,Terrorism and Militants,2014-04-15,citizenlab,
http://anjali.uncovered.com/,PORN,Pornography,2014-04-15,citizenlab,
http://applefile.com/,FILE,File-sharing,2016-08-09,OONI partner,
http://asiafriendfinder.com/,DATE,Online Dating,2014-04-15,citizenlab,
http://asiansmaster.com/,PORN,Pornography,2014-04-15,citizenlab,
http://banyalba.com/,PROV,Provocative Attire,2016-08-09,OONI partner,
http://base21.jinbo.net/,NEWS,News Media,2014-04-15,citizenlab,
http://baykoreans.net/,MMED,Media sharing,2016-08-09,OONI partner,
http://bestiz.net/,HOST,Hosting and Blogging Platforms,2016-08-09,OONI partner,
http://betasia.com/,GMB,Gambling,2014-04-15,citizenlab,
http://bitsnoop.com/,FILE,File-sharing,2016-08-09,OONI partner,
http://bizLGU.com/,COMT,Communication Tools,2016-08-09,OONI partner,
http://bizmessage.kakao.com/,COMT,Communication Tools,2016-08-09,OONI partner,
http://blog.daum.net/,NEWS,News Media,2014-04-15,citizenlab,
http://blog.daum.net/pice265/7707627,NEWS,News Media,2014-04-15,citizenlab,
http://blog.jinbo.net/,POLR,Political Criticism,2016-08-09,OONI partner,
http://blog.naver.com/,HOST,Hosting and Blogging Platforms,2016-08-09,OONI partner,
http://boja69.com/,PORN,Pornography,2016-08-09,OONI partner,
http://bommin.net/,GOVT,Government,2016-08-09,OONI partner,
http://bric.postech.ac.kr/,PUBH,Public Health,2014-04-15,citizenlab,
http://cafe.daum.net/,NEWS,News Media,2014-04-15,citizenlab,
http://cafe.daum.net/Kgreens,ENV,Environment,2016-08-09,OONI partner,
http://cafe.daum.net/ahyoomee,PUBH,Public Health,2016-08-09,OONI partner,
http://cafe.daum.net/amc21,HATE,Hate Speech,2016-08-09,OONI partner,
http://cafe.daum.net/antimb,NEWS,News Media,2014-04-15,citizenlab,
http://cafe.daum.net/chiwoo/,REL,Religion,2016-08-09,OONI partner,
http://cafe.daum.net/dacultureNO,HATE,Hate Speech,2016-08-09,OONI partner,
http://cafe.daum.net/libertyofthepress,NEWS,News Media,2016-08-09,OONI partner,
http://cafe.daum.net/ok1221,HOST,Hosting and Blogging Platforms,2016-08-09,OONI partner,
http://cafe.daum.net/pridecare,LGBT,LGBT,2014-04-15,citizenlab,
http://cafe.daum.net/seoulminart,CULTR,Culture,2016-08-09,OONI partner,
http://cafe.daum.net/ssaumjil,HOST,Hosting and Blogging Platforms,2016-08-09,OONI partner,
http://cafe.daum.net/stopcjd,NEWS,News Media,2016-08-09,OONI partner,
http://cafe.daum.net/subdued20club/,HOST,Hosting and Blogging Platforms,2016-08-09,OONI partner,
http://cafe.daum.net/truepicture/,HOST,Hosting and Blogging Platforms,2016-08-09,OONI partner,
http://cafe.naver.com/asunaro/,HUMR,Human Rights Issues,2016-08-09,OONI partner,
http://cafe.naver.com/gjhlk,PUBH,Public Health,2016-08-09,OONI partner,
http://cafe.naver.com/imsanbu,HOST,Hosting and Blogging Platforms,2016-08-09,OONI partner,
http://cafe.naver.com/mansdotcom,PROV,Provocative Attire,2016-08-09,OONI partner,
http://cafe.naver.com/newartcafe,CULTR,Culture,2016-08-09,OONI partner,
http://cafe.naver.com/rtbnmm/,HATE,Hate Speech,2016-08-09,OONI partner,
http://caramasia.gn.apc.org/,PUBH,Public Health,2014-04-15,citizenlab,
http://chakantv.co.kr/,MMED,Media sharing,2016-08-09,OONI partner,
http://chongryon.com/,GOVT,Government,2016-08-09,OONI partner,
http://chtalk.info/,PORN,Pornography,2016-08-09,OONI partner,
https://chunja19.net/,PORN,Pornography,2016-08-09,OONI partner,
http://cloud.naver.com/,HOST,Hosting and Blogging Platforms,2016-08-09,OONI partner,
http://clparty.kr/,REL,Religion,2016-08-09,OONI partner,
http://comingout.narun.net/,LGBT,LGBT,2014-04-15,citizenlab,
http://creamasia.com/,PORN,Pornography,2014-04-15,citizenlab,
http://cyworld.nate.com/,HOST,Hosting and Blogging Platforms,2014-04-15,citizenlab,
http://cyworld.nate.com/club/clubsection/clubSection4_main.asp,MMED,Media sharing,2014-04-15,citizenlab,
http://data.donkeyhote.co.kr/,FILE,File-sharing,2014-04-15,citizenlab,
http://docuin.jinbo.net/,HUMR,Human Rights Issues,2014-04-15,citizenlab,
http://dongyoungsang.com/,MMED,Media sharing,2016-08-09,OONI partner,
http://dprk.1accesshost.com/,GOVT,Government,2014-04-15,citizenlab,
http://dsure.yright.org/,POLR,Political Criticism,2014-04-15,citizenlab,
http://egloos.com/,HOST,Hosting and Blogging Platforms,2014-04-15,citizenlab,
http://eng.peoplepower21.org/,HUMR,Human Rights Issues,2014-04-15,citizenlab,
http://english.chosun.com/,NEWS,News Media,2014-04-15,citizenlab,
http://english.eduhope.net/,POLR,Political Criticism,2014-04-15,citizenlab,
http://english.hani.co.kr/,NEWS,News Media,2014-04-15,citizenlab,
http://english.kaids.or.kr/,PUBH,Public Health,2014-04-15,citizenlab,
http://english.yna.co.kr/,NEWS,News Media,2014-04-15,citizenlab,
http://erozn.net/,PORN,Pornography,2014-04-15,citizenlab,
http://exzone.com/,LGBT,LGBT,2014-04-15,citizenlab,
http://file.daum.net/,FILE,File-sharing,2016-08-09,OONI partner,
http://filecast.co.kr/,FILE,File-sharing,2016-08-09,OONI partner,
http://filesex.net/,PORN,Pornography,2014-04-15,citizenlab,
http://freedom.jinbo.net/,POLR,Political Criticism,2014-04-15,citizenlab,
http://friend.com.kp/,GRP,Social Networking,2016-09-22,OONI,North Korean site - very slow connectivity
http://gall.dcinside.com/,HOST,Hosting and Blogging Platforms,2016-08-09,OONI partner,
http://gall.dcinside.com/board/lists/?id=disease,PUBH,Public Health,2016-08-09,OONI partner,
http://gesomoon.com/Ver2/,HOST,Hosting and Blogging Platforms,2016-08-09,OONI partner,
http://giveu.net/,COMT,Communication Tools,2014-04-15,citizenlab,
http://gmarket.co.kr/,COMM,E-commerce,2016-08-09,OONI partner,
http://gmc400.com/,GMB,Gambling,2016-08-09,OONI partner,
http://gnu.rep.kp/,CULTR,Culture,2016-09-22,OONI,North Korean site - very slow connectivity
http://go.jinbo.net/,POLR,Political Criticism,2016-08-09,OONI partner,
http://gongwon.net/,FILE,File-sharing,2016-08-09,OONI partner,
http://goodpala.com/,ALDR,Alcohol & Drugs,2016-08-09,OONI partner,
http://groups.yahoo.com/adultconf?dest=%2Fgroup%2Fkoreanmale%2F,LGBT,LGBT,2014-04-15,citizenlab,
http://gwtorrent.com/,FILE,File-sharing,2016-08-09,OONI partner,
http://h50030.www5.hp.com/,MMED,Media sharing,2014-04-15,citizenlab,
http://hbyd.org/,POLR,Political Criticism,2016-08-09,OONI partner,
http://hcy.jinbo.net/,POLR,Political Criticism,2014-04-15,citizenlab,
http://historyedu.or.kr/,CULTR,Culture,2016-08-09,OONI partner,
https://hitomi.la/,PROV,Provocative Attire,2016-08-09,OONI partner,
http://hjyd.nodong.net/,POLR,Political Criticism,2016-08-09,OONI partner,
http://hksh.koreanhistory.or.kr/,CULTR,Culture,2016-08-09,OONI partner,
http://hotasianbabes.com/,PORN,Pornography,2014-04-15,citizenlab,
http://hotzone.yahoo.com/,NEWS,News Media,2014-04-15,citizenlab,
http://hrights.or.kr/,HUMR,Human Rights Issues,2014-04-15,citizenlab,
http://hrnet.jinbo.net/,HUMR,Human Rights Issues,2014-04-15,citizenlab,
http://hrw.org/,NEWS,News Media,2014-04-15,citizenlab,
http://hrw.org/doc/?t=asia&c=skorea,HUMR,Human Rights Issues,2014-04-15,citizenlab,
http://humanmed.org/,HUMR,Human Rights Issues,2014-04-15,citizenlab,
http://hypercortex.net/,NEWS,News Media,2014-04-15,citizenlab,
http://ijunnong.net/,POLR,Political Criticism,2016-08-09,OONI partner,
http://ilwar.com/,HOST,Hosting and Blogging Platforms,2016-08-09,OONI partner,
http://imagebingo.naver.com/,MMED,Media sharing,2014-04-15,citizenlab,
http://impeter.tistory.com/,NEWS,News Media,2016-08-09,OONI partner,
http://indianfriendfinder.com/,DATE,Online Dating,2014-04-15,citizenlab,
http://inter.kdlp.org/,POLR,Political Criticism,2014-04-15,citizenlab,
http://internetphone114.com/,COMT,Communication Tools,2014-04-15,citizenlab,
http://ivancity.com/,LGBT,LGBT,2014-04-15,citizenlab,
http://jajoo.fu.st/,GOVT,Government,2014-04-15,citizenlab,
http://joins.com/,NEWS,News Media,2014-04-15,citizenlab,
http://joongang.joins.com/,NEWS,News Media,2016-08-09,OONI partner,
http://joongangdaily.joins.com/,NEWS,News Media,2014-04-15,citizenlab,
http://jtbc.joins.com/,NEWS,News Media,2016-08-09,OONI partner,
http://kancc.org/,GOVT,Government,2016-08-09,OONI partner,
http://kangmoxu.net/,NEWS,News Media,2014-04-15,citizenlab,
http://kass.org.kp/,CULTR,Culture,2016-09-22,OONI,North Korean site (education) - very slow connectivity
http://kcnawatch.co/,GOVT,Government,2016-08-09,OONI partner,
http://kfcitu.org/,POLR,Political Criticism,2016-08-09,OONI partner,
http://kicc-dprk.org/,GOVT,Government,2016-08-09,OONI partner,
http://kieu.or.kr/,POLR,Political Criticism,2016-08-09,OONI partner,
http://kiyctc.com.kp/,CULTR,Culture,2016-09-22,OONI,North Korean site (travel) - very slow connectivity
http://knic.com.kp/,COMM,E-commerce,2016-09-22,OONI,North Korean site (insurance) - very slow connectivity
http://ko.internationalism.org/,GOVT,Government,2014-04-15,citizenlab,
http://koreanfriendfinder.com/,DATE,Online Dating,2014-04-15,citizenlab,
http://koreapinkmap.com/,LGBT,LGBT,2016-08-09,OONI partner,
http://koredufund.org.kp/,HUMR,Human Rights Issues,2016-09-22,OONI,North Korean site (charity for education) - very slow connectivity 
http://korelcfund.org.kp/,HUMR,Human Rights Issues,2016-09-22,OONI,North Korean site (charity for elderly) - very slow connectivity 
http://korfilm.com.kp/,CULTR,Culture,2016-09-22,OONI,North Korean site - very slow connectivity
http://kr.match.com/,DATE,Online Dating,2016-08-09,OONI partner,
http://kr.multimedia.yahoo.com/,MMED,Media sharing,2014-04-15,citizenlab,
http://kr.yahoo.com/,SRCH,Search Engines,2014-04-15,citizenlab,
http://kscrc.org/,LGBT,LGBT,2014-04-15,citizenlab,
http://ktu.or.kr/,POLR,Political Criticism,2016-08-09,OONI partner,
http://leftworkers.org/,POLR,Political Criticism,2016-08-09,OONI partner,
http://lgbt.kdlp.org/,LGBT,LGBT,2014-04-15,citizenlab,
http://lgbtact.org/,LGBT,LGBT,2016-08-09,OONI partner,
http://lifeline.or.kr/,PUBH,Public Health,2016-08-09,OONI partner,
http://lifenet.or.kr/,ENV,Environment,2016-08-09,OONI partner,
http://ma.gov.kp/,GOVT,Government,2016-09-22,OONI,North Korean site - very slow connectivity
http://mail.daum.net/,COMT,Communication Tools,2014-04-15,citizenlab,
http://mail.naver.com/,COMT,Communication Tools,2016-08-09,OONI partner,
http://makemodel.net/,PROV,Provocative Attire,2016-08-09,OONI partner,
http://map.daum.net/,MISC,Miscelaneous content,2016-08-09,OONI partner,
http://map.naver.com/,MISC,Miscelaneous content,2016-08-09,OONI partner,
http://marijuana-america.blogspot.kr/,ALDR,Alcohol & Drugs,2016-08-09,OONI partner,
https://maya5.net/,PORN,Pornography,2016-08-09,OONI partner,
http://media.daum.net/,NEWS,News Media,2016-08-09,OONI partner,
http://media.nodong.org/,NEWS,News Media,2016-08-09,OONI partner,
http://megalian.com/,HATE,Hate Speech,2016-08-09,OONI partner,
http://members.tripod.com/~INDIA_RESOURCE/savoice.html,NEWS,News Media,2014-04-15,citizenlab,
http://migrant.nodong.net/,POLR,Political Criticism,2014-04-15,citizenlab,
http://minbyun.jinbo.net/,POLR,Political Criticism,2014-04-15,citizenlab,
http://mingky.org/,PORN,Pornography,2016-08-09,OONI partner,
https://mingkyaa.com/,PORN,Pornography,2016-08-09,OONI partner,
http://miznet.daum.net/miztalk/,HOST,Hosting and Blogging Platforms,2016-08-09,OONI partner,
http://mlbpark.donga.com/,HOST,Hosting and Blogging Platforms,2016-08-09,OONI partner,
http://myhome.naver.com/,POLR,Political Criticism,2014-04-15,citizenlab,
http://myhome.naver.com/justeco/,POLR,Political Criticism,2014-04-15,citizenlab,
http://naembi911.com/,PORN,Pornography,2016-08-09,OONI partner,
http://naenara.com.kp/,NEWS,News Media,2016-09-22,OONI,North Korean site (news articles & promotional info about the country) - very slow connectivity
http://naenara.com/,GOVT,Government,2016-08-09,OONI partner,
https://namu.wiki/,MISC,Miscelaneous content,2016-08-09,OONI partner,
http://napo.jinbo.net/,POLR,Political Criticism,2016-08-09,OONI partner,
http://ndf-sk.dyndns.org/,MILX,Terrorism and Militants,2014-04-15,citizenlab,
http://ndfsk.dyndns.org/,MILX,Terrorism and Militants,2014-04-15,citizenlab,
http://ndfsk.dyndns.org/kuguk8/Title1.htm,MILX,Terrorism and Militants,2014-04-15,citizenlab,
http://ndrive.naver.com/,HOST,Hosting and Blogging Platforms,2016-08-09,OONI partner,
http://new.kaids.or.kr/,PUBH,Public Health,2014-04-15,citizenlab,
http://news.bbc.co.uk/2/hi/asia-pacific/,NEWS,News Media,2014-04-15,citizenlab,
http://news.naver.com/,NEWS,News Media,2016-08-09,OONI partner,
http://newstapa.org/,NEWS,News Media,2016-08-09,OONI partner,
http://ngt.jinbo.net/,POLR,Political Criticism,2016-08-09,OONI partner,
http://nkhumanrights.or.kr/,HUMR,Human Rights Issues,2014-04-15,citizenlab,
http://nocensor.org/,NEWS,News Media,2014-04-15,citizenlab,
http://nodong.org/,POLR,Political Criticism,2016-08-09,OONI partner,
http://nodongsarang.org/,POLR,Political Criticism,2016-08-09,OONI partner,
http://noneis.jinbo.net/,POLR,Political Criticism,2014-04-15,citizenlab,
http://northkoreanpress.pw/,GOVT,Government,2016-08-09,OONI partner,
http://northkoreatech.org/,NEWS,News Media,2016-08-09,OONI partner,
http://nta.gov.kp/,GOVT,Government,2016-09-22,OONI,North Korean site (tourism) - very slow connectivity
http://ob-gy.co.kr/,XED,Sex Education,2014-04-15,citizenlab,
http://ob-gy.co.kr/pregnancy/curettage1.html,XED,Sex Education,2014-04-15,citizenlab,
https://obong.net/,PORN,Pornography,2016-08-09,OONI partner,
http://omadam1.net/,PORN,Pornography,2014-04-15,citizenlab,
http://onairkorean.tv/,MMED,Media sharing,2016-08-09,OONI partner,
http://onekorea.org/,GOVT,Government,2016-08-09,OONI partner,
https://op7979.com/,PORN,Pornography,2016-08-09,OONI partner,
http://opennet.or.kr/,NEWS,News Media,2016-08-09,OONI partner,
http://osaka.korea-htr.com/,GOVT,Government,2014-04-15,citizenlab,
http://outpridekorea.com/,LGBT,LGBT,2014-04-15,citizenlab,
http://oya11.net/,PORN,Pornography,2016-08-09,OONI partner,
http://peacekorea.org/,POLR,Political Criticism,2016-08-09,OONI partner,
http://peacenet.or.kr/,HUMR,Human Rights Issues,2014-04-15,citizenlab,
https://play.google.com/store/apps/details?id=app.bba.talk.kor.bnb.project,DATE,Online Dating,2016-08-09,OONI partner,
https://play.google.com/store/apps/details?id=kr.co.appintalk.love,DATE,Online Dating,2016-08-09,OONI partner,
https://play.google.com/store/apps/details?id=kr.co.infinio.zultalks,DATE,Online Dating,2016-08-09,OONI partner,
https://play.google.com/store/apps/details?id=kr.faceting,DATE,Online Dating,2016-08-09,OONI partner,
http://poor.jinbo.net/,POLR,Political Criticism,2016-08-09,OONI partner,
http://ppss.kr/,NEWS,News Media,2016-08-09,OONI partner,
http://pssp.org/,POLR,Political Criticism,2016-08-09,OONI partner,
http://qtv.freechal.com/,ENV,Environment,2014-04-15,citizenlab,
http://realhotindiangirls.com/,PORN,Pornography,2014-04-15,citizenlab,
http://redmanga.co.kr/,PORN,Pornography,2014-04-15,citizenlab,
http://rodong.rep.kp/,NEWS,News Media,2016-09-22,OONI,North Korean site - very slow connectivity
http://ruliweb.daum.net/,HOST,Hosting and Blogging Platforms,2016-08-09,OONI partner,
http://sadd.or.kr/,HUMR,Human Rights Issues,2016-08-09,OONI partner,
http://samugol.net/,POLR,Political Criticism,2016-08-09,OONI partner,
http://saveilbe.com/,HATE,Hate Speech,2016-08-09,OONI partner,
http://sdprk.org.kp/,CULTR,Culture,2016-09-22,OONI,North Korean site (sports) - very slow connectivity
http://seapa.wordpress.com/,NEWS,News Media,2014-04-15,citizenlab,
http://seoul.nodong.org/,POLR,Political Criticism,2016-08-09,OONI partner,
http://service.nodong.org/,POLR,Political Criticism,2016-08-09,OONI partner,
http://sewolho416.org/,POLR,Political Criticism,2016-08-09,OONI partner,
http://sex.clinic.co.kr/,XED,Sex Education,2014-04-15,citizenlab,
http://sexkorea.net/,PORN,Pornography,2014-04-15,citizenlab,
http://sfkuk.freeservers.com/,GOVT,Government,2014-04-15,citizenlab,
http://simfile.uplusbox.co.kr/,FILE,File-sharing,2016-08-09,OONI partner,
http://slownews.kr/,NEWS,News Media,2016-08-09,OONI partner,
http://software.naver.com/,FILE,File-sharing,2016-08-09,OONI partner,
https://sora6.com/,PORN,Pornography,2016-08-09,OONI partner,
http://sora666.com/,PORN,Pornography,2016-08-09,OONI partner,
http://sorairi.info/,PORN,Pornography,2016-08-09,OONI partner,
http://southindianexpress.smut.com/,PORN,Pornography,2014-04-15,citizenlab,
http://streetmeatasia.com/,PORN,Pornography,2014-04-15,citizenlab,
http://surprise.or.kr/board/,NEWS,News Media,2016-08-09,OONI partner,
http://tcafek.com/,MMED,Media sharing,2016-08-09,OONI partner,
http://thai-xxx.com/,PORN,Pornography,2014-04-15,citizenlab,
http://thai69.com/,PORN,Pornography,2014-04-15,citizenlab,
http://thaicherry.com/,PORN,Pornography,2014-04-15,citizenlab,
http://thaigirls.net/,PORN,Pornography,2014-04-15,citizenlab,
http://thaigirlsnaked.com/,PORN,Pornography,2014-04-15,citizenlab,
http://thaigsclub.gayadultxxx.com/,PORN,Pornography,2014-04-15,citizenlab,
http://thaisweeties.com/,PORN,Pornography,2014-04-15,citizenlab,
http://theimpeter.com/,NEWS,News Media,2016-08-09,OONI partner,
https://thepiratebay.org/,FILE,File-sharing,2016-08-09,OONI partner,
http://times.hankooki.com/,NEWS,News Media,2014-04-15,citizenlab,
http://tongil-i.net/,GOVT,Government,2016-08-09,OONI partner,
http://torrent82.com/,FILE,File-sharing,2016-08-09,OONI partner,
http://torrentdada.com/,FILE,File-sharing,2016-08-09,OONI partner,
http://torrenters.com/,FILE,File-sharing,2016-08-09,OONI partner,
http://torrentgogo.com/,FILE,File-sharing,2016-08-09,OONI partner,
http://torters.com/,FILE,File-sharing,2016-08-09,OONI partner,
http://transparency.or.kr/,NEWS,News Media,2016-08-09,OONI partner,
http://tsthai.com/,PORN,Pornography,2014-04-15,citizenlab,
http://tvcast.naver.com/,MMED,Media sharing,2016-08-09,OONI partner,
http://tvpot.daum.net/,MMED,Media sharing,2016-08-09,OONI partner,
http://tvpot.media.daum.net/,MMED,Media sharing,2014-04-15,citizenlab,
https://tvzil.com/,MMED,Media sharing,2016-08-09,OONI partner,
http://twokoreas.blogspot.com/,NEWS,News Media,2014-04-15,citizenlab,
http://uk.geocities.com/,GOVT,Government,2014-04-15,citizenlab,
http://uk.geocities.com/juche1961/,GOVT,Government,2014-04-15,citizenlab,
http://uk.geocities.com/sinchonri/,GOVT,Government,2014-04-15,citizenlab,
http://usacrime.or.kr/,GOVT,Government,2014-04-15,citizenlab,
http://user.chollian.net/,ALDR,Alcohol & Drugs,2014-04-15,citizenlab,
http://user.chollian.net/~yesooj/mincho/deama.htm,ALDR,Alcohol & Drugs,2014-04-15,citizenlab,
http://via89.kr/,ALDR,Alcohol & Drugs,2016-08-09,OONI partner,
http://video.fc2.com/ko/a/,PORN,Pornography,2016-08-09,OONI partner,
http://video.google.com/videoplay?docid=-315967261915162193,GOVT,Government,2014-04-15,citizenlab,
http://viewsnnews.com/,NEWS,News Media,2016-08-09,OONI partner,
http://vok.rep.kp/,NEWS,News Media,2016-09-22,OONI,North Korean site - very slow connectivity
http://wcollar.tistory.com/308,ANON,Anonymization and circumvention tools,2016-08-09,OONI partner,
http://web.humoruniv.com/main.html,HOST,Hosting and Blogging Platforms,2016-08-09,OONI partner,
http://web.khu.ac.kr/,XED,Sex Education,2014-04-15,citizenlab,
http://womencorea.org/,HUMR,Human Rights Issues,2016-08-09,OONI partner,
http://won.a.gg/,PORN,Pornography,2014-04-15,citizenlab,
http://workingvoice.net/,POLR,Political Criticism,2016-08-09,OONI partner,
http://wowbogo.net/,GAME,Gaming,2016-08-09,OONI partner,
http://www.0ubada.net/,FILE,File-sharing,2014-04-15,citizenlab,
http://www.101sex888.com/,PORN,Pornography,2014-04-15,citizenlab,
http://www.11st.cco.kr/,COMM,E-commerce,2016-08-09,OONI partner,
http://www.1koreannews.com/,GOVT,Government,2016-08-09,OONI partner,
http://www.2016change.net/,POLR,Political Criticism,2016-08-09,OONI partner,
http://www.88square.com/,PORN,Pornography,2014-04-15,citizenlab,
http://www.Real-ThaiPussy.com/,PORN,Pornography,2014-04-15,citizenlab,
http://www.afreeca.com/,HOST,Hosting and Blogging Platforms,2016-08-09,OONI partner,
http://www.aha.ru/,GOVT,Government,2014-04-15,citizenlab,
http://www.aha.ru/~zentsov/korea.htm,GOVT,Government,2014-04-15,citizenlab,
http://www.ahrchk.net/,HUMR,Human Rights Issues,2014-04-15,citizenlab,
http://www.ahsex.org/,XED,Sex Education,2014-04-15,citizenlab,
http://www.aids.or.kr/,PUBH,Public Health,2014-04-15,citizenlab,
http://www.aidsmove.org/,HUMR,Human Rights Issues,2014-04-15,citizenlab,
https://www.airbnb.co.kr/,COMM,E-commerce,2016-08-09,OONI partner,
http://www.amnesty.or.kr/,HUMR,Human Rights Issues,2014-04-15,citizenlab,
http://www.amrc.org.hk/,HUMR,Human Rights Issues,2014-04-15,citizenlab,
http://www.anarclan.net/,POLR,Political Criticism,2014-04-15,citizenlab,
http://www.apwld.org/,HUMR,Human Rights Issues,2014-04-15,citizenlab,
http://www.arcppt.org/,HUMR,Human Rights Issues,2014-04-15,citizenlab,
http://www.arder.co.kr/,XED,Sex Education,2014-04-15,citizenlab,
http://www.arirang.dprkorea.com/,GOVT,Government,2014-04-15,citizenlab,
http://www.arrc-hre.com/,HUMR,Human Rights Issues,2014-04-15,citizenlab,
https://www.ashleymadison.com/,DATE,Online Dating,2016-08-09,OONI partner,
http://www.asia-daily.com/,NEWS,News Media,2014-04-15,citizenlab,
http://www.asia247.tv/,NEWS,News Media,2014-04-15,citizenlab,
http://www.asiabynight.com/,DATE,Online Dating,2014-04-15,citizenlab,
http://www.asiafoundation.org/,POLR,Political Criticism,2014-04-15,citizenlab,
http://www.asiamedia.ucla.edu/,NEWS,News Media,2014-04-15,citizenlab,
http://www.asian-max.com/,PORN,Pornography,2014-04-15,citizenlab,
http://www.asian-migrants.org/,HUMR,Human Rights Issues,2014-04-15,citizenlab,
http://www.asianboygay.com/,PORN,Pornography,2014-04-15,citizenlab,
http://www.asiangirlsnextdoor.com/,PORN,Pornography,2014-04-15,citizenlab,
http://www.asiansexgazette.com/,PUBH,Public Health,2014-04-15,citizenlab,
http://www.asiansexgazette.com/asg/asian_health.htm,PUBH,Public Health,2014-04-15,citizenlab,
http://www.asianthumbs.org/,PORN,Pornography,2014-04-15,citizenlab,
http://www.asiantribune.com/,NEWS,News Media,2014-04-15,citizenlab,
http://www.asiaobserver.com/,NEWS,News Media,2014-04-15,citizenlab,
http://www.asiapacificnews.com/,NEWS,News Media,2014-04-15,citizenlab,
http://www.asiatour.com/,XED,Sex Education,2014-04-15,citizenlab,
http://www.auction.co.kr/,COMM,E-commerce,2016-08-09,OONI partner,
http://www.baekdoonet.has.it/,GOVT,Government,2014-04-15,citizenlab,
http://www.bangkokbangers.com/,PORN,Pornography,2014-04-15,citizenlab,
http://www.bangkokstreetwhores.com/,PORN,Pornography,2014-04-15,citizenlab,
http://www.big.or.jp/,GOVT,Government,2014-04-15,citizenlab,
http://www.biomics.co.kr/,PUBH,Public Health,2014-04-15,citizenlab,
http://www.bobaedream.co.kr/,COMM,E-commerce,2016-08-09,OONI partner,
http://www.bommin.net/,GOVT,Government,2014-04-15,citizenlab,
http://www.buddy79.com/,LGBT,LGBT,2014-04-15,citizenlab,
http://www.bukhanmall.net/,GOVT,Government,2014-04-15,citizenlab,
http://www.cafe24.com/,HOST,Hosting and Blogging Platforms,2014-04-15,citizenlab,
http://www.cashup.co.kr/,GMB,Gambling,2014-04-15,citizenlab,
http://www.cawinfo.org/,HUMR,Human Rights Issues,2014-04-15,citizenlab,
http://www.ccdm.or.kr/,NEWS,News Media,2016-08-09,OONI partner,
http://www.ccej.or.kr/,ECON,Economics,2016-08-09,OONI partner,
http://www.chaju.org/,GOVT,Government,2014-04-15,citizenlab,
http://www.channelnewsasia.com/,NEWS,News Media,2014-04-15,citizenlab,
http://www.cherryasia.com/,PORN,Pornography,2014-04-15,citizenlab,
http://www.chingusai.net/,LGBT,LGBT,2014-04-15,citizenlab,
http://www.chocok.com/,DATE,Online Dating,2016-08-09,OONI partner,
http://www.chol.com/,SRCH,Search Engines,2014-04-15,citizenlab,
http://www.chongryon.com/,GOVT,Government,2014-04-15,citizenlab,
http://www.chosun.com/,NEWS,News Media,2014-04-15,citizenlab,
http://www.cinetown.co.kr/,CULTR,Culture,2014-04-15,citizenlab,
http://www.cinewel.com/,CULTR,Culture,2014-04-15,citizenlab,
http://www.cizel.co.kr/,FILE,File-sharing,2014-04-15,citizenlab,
http://www.clubfox.net/,DATE,Online Dating,2014-04-15,citizenlab,
http://www.cnet-ta.ne.jp/,GOVT,Government,2014-04-15,citizenlab,
http://www.cnnasiapacific.com/,NEWS,News Media,2014-04-15,citizenlab,
http://www.columbus25.com/,PROV,Provocative Attire,2016-08-09,OONI partner,
http://www.coreaone-news.com/,GOVT,Government,2016-08-09,OONI partner,
http://www.dailymotion.com/kr,MMED,Media sharing,2016-08-09,OONI partner,
http://www.dateinasia.com/,DATE,Online Dating,2014-04-15,citizenlab,
http://www.daum.net/,SRCH,Search Engines,2014-04-15,citizenlab,
http://www.ddanzi.com/,NEWS,News Media,2016-08-09,OONI partner,
http://www.dekaron.co.kr/,GMB,Gambling,2014-04-15,citizenlab,
http://www.depdc.org/,HUMR,Human Rights Issues,2014-04-15,citizenlab,
http://www.dklotto.com/,GOVT,Government,2014-04-15,citizenlab,
http://www.dogdrip.net/,HOST,Hosting and Blogging Platforms,2016-08-09,OONI partner,
http://www.donga.com/,NEWS,News Media,2014-04-15,citizenlab,
https://www.douban.com/,GOVT,Government,2016-08-09,OONI partner,
http://www.dprk-book.com/,GOVT,Government,2014-04-15,citizenlab,
http://www.dprk-stamp.com/,GOVT,Government,2014-04-15,citizenlab,
http://www.dprknta.com/,GOVT,Government,2014-04-15,citizenlab,
http://www.dprkorea.com/,GOVT,Government,2014-04-15,citizenlab,
http://www.dprkoreamusic.com/,GOVT,Government,2014-04-15,citizenlab,
http://www.dprkstudies.org/,GOVT,Government,2014-04-15,citizenlab,
http://www.dprkstudies.org/documents/nkpics/picgal.html,GOVT,Government,2014-04-15,citizenlab,
http://www.dreamwiz.com/,SRCH,Search Engines,2014-04-15,citizenlab,
http://www.dsnet.co.kr/,GMB,Gambling,2014-04-15,citizenlab,
http://www.e-ju.net/,HUMR,Human Rights Issues,2014-04-15,citizenlab,
http://www.ebn.co.kr/,NEWS,News Media,2014-04-15,citizenlab,
http://www.eco.or.kr/,ENV,Environment,2014-04-15,citizenlab,
http://www.eduhope.net/,POLR,Political Criticism,2014-04-15,citizenlab,
http://www.elufa.net/,GOVT,Government,2014-04-15,citizenlab,
http://www.empas.com/,SRCH,Search Engines,2014-04-15,citizenlab,
http://www.enppy.com/,FILE,File-sharing,2014-04-15,citizenlab,
http://www.equaline.or.kr/,HUMR,Human Rights Issues,2014-04-15,citizenlab,
http://www.exploitedteensasia.com/,PORN,Pornography,2014-04-15,citizenlab,
http://www.ez0u.co.kr/,FILE,File-sharing,2014-04-15,citizenlab,
http://www.feer.com/,NEWS,News Media,2014-04-15,citizenlab,
http://www.fileguri.com/,FILE,File-sharing,2014-04-15,citizenlab,
http://www.filenara.co.kr/,FILE,File-sharing,2014-04-15,citizenlab,
http://www.filenori.com/,FILE,File-sharing,2016-08-09,OONI partner,
http://www.fki.or.kr/,ECON,Economics,2016-08-09,OONI partner,
http://www.fktu.or.kr/,POLR,Political Criticism,2014-04-15,citizenlab,
http://www.fmkorea.com/,HOST,Hosting and Blogging Platforms,2016-08-09,OONI partner,
http://www.forbiddenasian.com/,PORN,Pornography,2014-04-15,citizenlab,
http://www.foreignaffairs.org/,GOVT,Government,2014-04-15,citizenlab,
http://www.forum-asia.org/,HUMR,Human Rights Issues,2014-04-15,citizenlab,
http://www.freeinternet.or.kr/,NEWS,News Media,2014-04-15,citizenlab,
http://www.fridae.com/,LGBT,LGBT,2014-04-15,citizenlab,
http://www.gabia.com/,HOST,Hosting and Blogging Platforms,2014-04-15,citizenlab,
http://www.gamemeca.com/,GMB,Gambling,2014-04-15,citizenlab,
http://www.gamespot.co.kr/,GMB,Gambling,2014-04-15,citizenlab,
http://www.gayapatal.com/,PORN,Pornography,2014-04-15,citizenlab,
http://www.gayasianamateurs.com/,PORN,Pornography,2014-04-15,citizenlab,
http://www.gayasianxxx.com/,PORN,Pornography,2014-04-15,citizenlab,
http://www.gayrice.com/,LGBT,LGBT,2014-04-15,citizenlab,
http://www.gayrice.com/gayplaces/country.php?cid=126,LGBT,LGBT,2014-04-15,citizenlab,
http://www.geocities.com/freethoughtmecca/,REL,Religion,2014-04-15,citizenlab,
http://www.geocities.com/songunpoliticsstudygroup/,GOVT,Government,2014-04-15,citizenlab,
http://www.getbet.com/,GMB,Gambling,2014-04-15,citizenlab,
http://www.globalgayz.com/,LGBT,LGBT,2014-04-15,citizenlab,
http://www.globalgayz.com/g-korea.html,LGBT,LGBT,2014-04-15,citizenlab,
http://www.gnom-cham.com/,PORN,Pornography,2014-04-15,citizenlab,
http://www.gobalnews.com/,NEWS,News Media,2016-08-09,OONI partner,
http://www.goodasyou.net/,LGBT,LGBT,2014-04-15,citizenlab,
https://www.google.co.kr/,SRCH,Search Engines,2016-08-09,OONI partner,
http://www.greenkorea.org/,ENV,Environment,2014-04-15,citizenlab,
http://www.hackinthebox.org/,HACK,Hacking Tools,2014-04-15,citizenlab,
http://www.hanguksa.org/,CULTR,Culture,2016-08-09,OONI partner,
http://www.hani.co.kr/,NEWS,News Media,2014-04-15,citizenlab,
http://www.hankooki.com/,NEWS,News Media,2014-04-15,citizenlab,
http://www.hannara.or.kr/,POLR,Political Criticism,2014-04-15,citizenlab,
http://www.hellkorea.com/,HOST,Hosting and Blogging Platforms,2016-08-09,OONI partner,
http://www.hellodd.com/,NEWS,News Media,2014-04-15,citizenlab,
http://www.hiliq.net/,ALDR,Alcohol & Drugs,2016-08-09,OONI partner,
http://www.hisedu.or.kr/,CULTR,Culture,2016-08-09,OONI partner,
http://www.honamhistory.org/,CULTR,Culture,2016-08-09,OONI partner,
http://www.hopeandlaw.org/,HUMR,Human Rights Issues,2016-08-09,OONI partner,
http://www.hotasiangays.com/,PORN,Pornography,2014-04-15,citizenlab,
http://www.hotge.co.kr/,HOST,Hosting and Blogging Platforms,2016-08-09,OONI partner,
http://www.hotindianbabe.com/,PORN,Pornography,2014-04-15,citizenlab,
http://www.hotline.or.kr/,HUMR,Human Rights Issues,2014-04-15,citizenlab,
http://www.i-um.com/,DATE,Online Dating,2016-08-09,OONI partner,
http://www.i615.net/,POLR,Political Criticism,2016-08-09,OONI partner,
http://www.ifj-asia.org/,NEWS,News Media,2014-04-15,citizenlab,
http://www.iias.nl/,GOVT,Government,2014-04-15,citizenlab,
http://www.ilbe.com/,HATE,Hate Speech,2016-08-09,OONI partner,
http://www.ilga.info/,LGBT,LGBT,2014-04-15,citizenlab,
http://www.ilga.org/asia/,LGBT,LGBT,2014-04-15,citizenlab,
http://www.ilo.org/public/english/region/asro/bangkok/child/trafficking/index.htm,HUMR,Human Rights Issues,2014-04-15,citizenlab,
http://www.indian-pornstars.com/,PORN,Pornography,2014-04-15,citizenlab,
http://www.indianporngirls.com/,PORN,Pornography,2014-04-15,citizenlab,
http://www.inews24.com/,NEWS,News Media,2014-04-15,citizenlab,
http://www.infectionkorea.org/,PUBH,Public Health,2014-04-15,citizenlab,
http://www.inhard.com/,FILE,File-sharing,2014-04-15,citizenlab,
http://www.inkwon.or.kr/,HUMR,Human Rights Issues,2014-04-15,citizenlab,
http://www.inochong.org/,POLR,Political Criticism,2016-08-09,OONI partner,
http://www.internet-phone.co.kr/,COMT,Communication Tools,2016-08-09,OONI partner,
http://www.inven.co.kr/,GAME,Gaming,2016-08-09,OONI partner,
http://www.iphone070.com/,COMT,Communication Tools,2014-04-15,citizenlab,
http://www.isj.org.uk/,GOVT,Government,2014-04-15,citizenlab,
http://www.islamawareness.net/,HUMR,Human Rights Issues,2014-04-15,citizenlab,
http://www.islamawareness.net/Asia/KoreaSouth/,HUMR,Human Rights Issues,2014-04-15,citizenlab,
http://www.islamkorea.com/,HUMR,Human Rights Issues,2014-04-15,citizenlab,
http://www.ithaisex.com/,PORN,Pornography,2014-04-15,citizenlab,
http://www.iwraw-ap.org/,HUMR,Human Rights Issues,2014-04-15,citizenlab,
http://www.jajuminbo.net/,NEWS,News Media,2016-08-09,OONI partner,
http://www.jamin.or.kr/,POLR,Political Criticism,2014-04-15,citizenlab,
http://www.jamin.or.kr/eng/,POLR,Political Criticism,2014-04-15,citizenlab,
http://www.japantimes.co.jp/,NEWS,News Media,2014-04-15,citizenlab,
http://www.jcmk.org/,HUMR,Human Rights Issues,2014-04-15,citizenlab,
http://www.jinbo.net/,HOST,Hosting and Blogging Platforms,2014-04-15,citizenlab,
http://www.jinbocorea.org/,POLR,Political Criticism,2016-08-09,OONI partner,
http://www.jjangfile.net/,FILE,File-sharing,2014-04-15,citizenlab,
http://www.joyhunting.com/,DATE,Online Dating,2016-08-09,OONI partner,
http://www.jpth.net/,GOVT,Government,2014-04-15,citizenlab,
http://www.jupae.com/,GMB,Gambling,2014-04-15,citizenlab,
http://www.jw-media.org/,HUMR,Human Rights Issues,2014-04-15,citizenlab,
http://www.kakao.com/services/8,COMT,Communication Tools,2016-08-09,OONI partner,
http://www.kancc.org/,GOVT,Government,2014-04-15,citizenlab,
http://www.kcckp.net/,GOVT,Government,2014-04-15,citizenlab,
http://www.kcna.co.jp/,NEWS,News Media,2014-04-15,citizenlab,
http://www.kctu.org/,POLR,Political Criticism,2014-04-15,citizenlab,
http://www.kdawu.org/,HUMR,Human Rights Issues,2014-04-15,citizenlab,
http://www.kdlp.org/,POLR,Political Criticism,2014-04-15,citizenlab,
http://www.kdvr.de/,GOVT,Government,2014-04-15,citizenlab,
http://www.kfem.or.kr/,ENV,Environment,2014-04-15,citizenlab,
http://www.kftel.com/,COMT,Communication Tools,2016-08-09,OONI partner,
http://www.kgreens.org/,ENV,Environment,2016-08-09,OONI partner,
http://www.khan.co.kr/,NEWS,News Media,2016-08-09,OONI partner,
http://www.kirikiri.org/,LGBT,LGBT,2014-04-15,citizenlab,
http://www.kissphoto.net/,MMED,Media sharing,2014-04-15,citizenlab,
http://www.kita.net/,POLR,Political Criticism,2014-04-15,citizenlab,
http://www.kncc.or.kr/,POLR,Political Criticism,2014-04-15,citizenlab,
http://www.kngo.net/,NEWS,News Media,2014-04-15,citizenlab,
http://www.korea-dpr.com/,GOVT,Government,2014-04-15,citizenlab,
http://www.korea-dpr.com/cgi-bin/simpleforum.cgi,GOVT,Government,2014-04-15,citizenlab,
http://www.korea-dpr.com/library/entrance.htm,GOVT,Government,2014-04-15,citizenlab,
http://www.korea-dpr.com/menu.htm,GOVT,Government,2014-04-15,citizenlab,
http://www.korea-dpr.com/users/jisge/,GOVT,Government,2014-04-15,citizenlab,
http://www.korea-htr.com/,NEWS,News Media,2014-04-15,citizenlab,
http://www.korea-htr.com/chuo/,NEWS,News Media,2014-04-15,citizenlab,
http://www.korea-internet.com/,COMT,Communication Tools,2014-04-15,citizenlab,
http://www.korea-is-one.org/,GOVT,Government,2014-04-15,citizenlab,
http://www.korea-is-one.org/rubrique.php3?id_rubrique=5,GOVT,Government,2014-04-15,citizenlab,
http://www.korea-np.co.jp/,GOVT,Government,2014-04-15,citizenlab,
http://www.koreaherald.co.kr/,NEWS,News Media,2014-04-15,citizenlab,
http://www.korealiberator.org/,NEWS,News Media,2014-04-15,citizenlab,
http://www.koreancupid.com/,DATE,Online Dating,2014-04-15,citizenlab,
http://www.koreanhistory.org/,CULTR,Culture,2014-04-15,citizenlab,
http://www.korva.or.kr/,POLR,Political Criticism,2014-04-15,citizenlab,
http://www.koryobaduk.com/,GOVT,Government,2014-04-15,citizenlab,
http://www.kpil.org/,HUMR,Human Rights Issues,2016-08-09,OONI partner,
http://www.kqcf.org/,LGBT,LGBT,2014-04-15,citizenlab,
http://www.krbook.net/,GOVT,Government,2014-04-15,citizenlab,
http://www.krsrt.com/,GOVT,Government,2014-04-15,citizenlab,
http://www.krts.or.kr/,REL,Religion,2016-08-09,OONI partner,
http://www.ktdom.com/,HOST,Hosting and Blogging Platforms,2014-04-15,citizenlab,
http://www.kwdi.re.kr/,HUMR,Human Rights Issues,2014-04-15,citizenlab,
http://www.kwpa.org/,POLR,Political Criticism,2016-08-09,OONI partner,
http://www.kwwnet.org/,HUMR,Human Rights Issues,2014-04-15,citizenlab,
http://www.lets070.net/,COMT,Communication Tools,2014-04-15,citizenlab,
http://www.lgbtpride.or.kr/,LGBT,LGBT,2014-04-15,citizenlab,
http://www.lineage.co.kr/,GMB,Gambling,2014-04-15,citizenlab,
http://www.littlespeck.com/,NEWS,News Media,2014-04-15,citizenlab,
http://www.love4one.com/,PUBH,Public Health,2014-04-15,citizenlab,
http://www.lsinc.co.kr/,COMT,Communication Tools,2014-04-15,citizenlab,
http://www.lxnetworks.co.kr/,COMT,Communication Tools,2016-08-09,OONI partner,
http://www.marijuanatravels.com/,ALDR,Alcohol & Drugs,2016-08-09,OONI partner,
http://www.mediareform.co.kr/,NEWS,News Media,2017-02-10,OONI partner,
http://www.mediatoday.co.kr/,NEWS,News Media,2016-08-09,OONI partner,
http://www.mediaus.co.kr/,NEWS,News Media,2016-08-09,OONI partner,
http://www.members.fortunecity.com/,GOVT,Government,2014-04-15,citizenlab,
http://www.mersjido.com/,PUBH,Public Health,2016-08-09,OONI partner,
http://www.mfasia.org/,HUMR,Human Rights Issues,2014-04-15,citizenlab,
http://www.mgame.com/,GMB,Gambling,2014-04-15,citizenlab,
http://www.mgoon.com/,HOST,Hosting and Blogging Platforms,2016-08-09,OONI partner,
http://www.migrant114.org/,HUMR,Human Rights Issues,2014-04-15,citizenlab,
http://www.migrantsinkorea.net/,HUMR,Human Rights Issues,2014-04-15,citizenlab,
http://www.minjok.com/,GOVT,Government,2014-04-15,citizenlab,
http://www.minjoo.or.kr/,POLR,Political Criticism,2014-04-15,citizenlab,
http://www.moaksan.net/,GOVT,Government,2014-04-15,citizenlab,
http://www.mongu.net/,NEWS,News Media,2016-08-09,OONI partner,
http://www.monkey3.co.kr/,FILE,File-sharing,2014-04-15,citizenlab,
http://www.moohan.net/,COMT,Communication Tools,2014-04-15,citizenlab,
http://www.mrchewsasianbeaver.com/,PORN,Pornography,2014-04-15,citizenlab,
http://www.munjanara.co.kr/,COMT,Communication Tools,2016-08-09,OONI partner,
http://www.mypfp.or.kr/,POLR,Political Criticism,2014-04-15,citizenlab,
http://www.nacazai.org/,GOVT,Government,2014-04-15,citizenlab,
http://www.naeil.com/,NEWS,News Media,2014-04-15,citizenlab,
http://www.nate.com/,HOST,Hosting and Blogging Platforms,2016-08-09,OONI partner,
http://www.nate.com/?f=pann,HOST,Hosting and Blogging Platforms,2016-08-09,OONI partner,
http://www.naver.com/,SRCH,Search Engines,2014-04-15,citizenlab,
http://www.netmarble.net/,GAME,Gaming,2016-08-09,OONI partner,
http://www.newscham.net/,NEWS,News Media,2016-08-09,OONI partner,
http://www.newsweekasia.com/,NEWS,News Media,2014-04-15,citizenlab,
http://www.nexon.com/,GAME,Gaming,2016-08-09,OONI partner,
http://www.nicesms.co.kr/,COMT,Communication Tools,2016-08-09,OONI partner,
http://www.nkhumanrights.or.kr/,HUMR,Human Rights Issues,2014-04-15,citizenlab,
http://www.nkland.org/,GOVT,Government,2014-04-15,citizenlab,
http://www.nkzone.org/,NEWS,News Media,2014-04-15,citizenlab,
http://www.nocutnews.co.kr/,NEWS,News Media,2016-08-09,OONI partner,
http://www.nodong.org/,POLR,Political Criticism,2014-04-15,citizenlab,
http://www.nonghyup.com/,POLR,Political Criticism,2014-04-15,citizenlab,
http://www.nzeen.com/,FILE,File-sharing,2014-04-15,citizenlab,
http://www.ohmynews.com/,NEWS,News Media,2014-04-15,citizenlab,
http://www.olleh-kt.kr/,COMT,Communication Tools,2016-08-09,OONI partner,
http://www.onekorea.org/,GOVT,Government,2014-04-15,citizenlab,
http://www.onfile.co.kr/,FILE,File-sharing,2014-04-15,citizenlab,
http://www.openart.or.kr/,CULTR,Culture,2016-08-09,OONI partner,
http://www.orangefile.com/,FILE,File-sharing,2014-04-15,citizenlab,
http://www.orgio.com/,COMT,Communication Tools,2014-04-15,citizenlab,
http://www.ournation-school.com/,GOVT,Government,2014-04-15,citizenlab,
http://www.p2pia.com/,FILE,File-sharing,2014-04-15,citizenlab,
http://www.pairclub.co.kr/,DATE,Online Dating,2016-08-09,OONI partner,
http://www.pandora.tv/,HOST,Hosting and Blogging Platforms,2016-08-09,OONI partner,
http://www.pangari.net/,POLR,Political Criticism,2014-04-15,citizenlab,
http://www.paran.com/,SRCH,Search Engines,2014-04-15,citizenlab,
http://www.peoplepower21.org/,HUMR,Human Rights Issues,2014-04-15,citizenlab,
http://www.pic-international.com/,GOVT,Government,2014-04-15,citizenlab,
http://www.pikicast.com/,NEWS,News Media,2016-08-09,OONI partner,
http://www.pmang.com/,GAME,Gaming,2016-08-09,OONI partner,
http://www.podbbang.com/,HOST,Hosting and Blogging Platforms,2016-08-09,OONI partner,
http://www.poweroftruth.net/,NEWS,News Media,2016-08-09,OONI partner,
http://www.ppca.co.kr/,MMED,Media sharing,2014-04-15,citizenlab,
http://www.ppfk.or.kr/,XED,Sex Education,2014-04-15,citizenlab,
http://www.ppomppu.co.kr/zboard/zboard.php?id=freeboard,HOST,Hosting and Blogging Platforms,2016-08-09,OONI partner,
http://www.ppomppu.co.kr/zboard/zboard.php?id=issue,HOST,Hosting and Blogging Platforms,2016-08-09,OONI partner,
http://www.ppurio.com/,COMT,Communication Tools,2016-08-09,OONI partner,
http://www.pressian.com/,NEWS,News Media,2016-08-09,OONI partner,
http://www.prolife.or.kr/,XED,Sex Education,2014-04-15,citizenlab,
http://www.pruna.com/,FILE,File-sharing,2014-04-15,citizenlab,
http://www.prunaguide.com/,FILE,File-sharing,2014-04-15,citizenlab,
http://www.publiuspundit.com/,HUMR,Human Rights Issues,2014-04-15,citizenlab,
http://www.pullbbang.com/,HOST,Hosting and Blogging Platforms,2016-08-09,OONI partner,
http://www.rainbowfoundation.co.kr/,LGBT,LGBT,2016-08-09,OONI partner,
http://www.ranking.co.kr/,GMB,Gambling,2014-04-15,citizenlab,
http://www.redian.org/,NEWS,News Media,2016-08-09,OONI partner,
http://www.ricefever.com/,PORN,Pornography,2014-04-15,citizenlab,
http://www.rights.or.kr/,HUMR,Human Rights Issues,2014-04-15,citizenlab,
http://www.royalvegas-casino-kr.com/,GMB,Gambling,2014-04-15,citizenlab,
http://www.rsf.org/article.php3?id_article=17361,NEWS,News Media,2014-04-15,citizenlab,
http://www.ryongnamsan.edu.kp/,CULTR,Culture,2016-09-22,OONI,North Korean site (University site) - very slow connectivity
http://www.sangsaeng.org/,XED,Sex Education,2014-04-15,citizenlab,
http://www.sarangbang.or.kr/,HUMR,Human Rights Issues,2014-04-15,citizenlab,
http://www.scmp.com/,NEWS,News Media,2014-04-15,citizenlab,
http://www.seapa.org/,NEWS,News Media,2014-04-15,citizenlab,
http://www.seapabkk.org/,NEWS,News Media,2014-04-15,citizenlab,
http://www.secularislam.org/,REL,Religion,2014-04-15,citizenlab,
http://www.sex-academy.com/,XED,Sex Education,2014-04-15,citizenlab,
http://www.sex4life.co.kr/,PORN,Pornography,2014-04-15,citizenlab,
http://www.sexsiam.com/,PORN,Pornography,2014-04-15,citizenlab,
http://www.shallwe.biz/,PORN,Pornography,2014-04-15,citizenlab,
http://www.shinbiro.com/,COMT,Communication Tools,2014-04-15,citizenlab,
http://www.silibank.com/,GOVT,Government,2014-04-15,citizenlab,
http://www.sisainlive.com/,NEWS,News Media,2016-08-09,OONI partner,
http://www.sisters.or.kr/,HUMR,Human Rights Issues,2014-04-15,citizenlab,
http://www.skysms.co.kr/,COMT,Communication Tools,2016-08-09,OONI partner,
http://www.snumaum.org/,LGBT,LGBT,2014-04-15,citizenlab,
http://www.songunpoliticsstudygroup.org/,GOVT,Government,2014-04-15,citizenlab,
http://www.soramall.kr/,PROV,Provocative Attire,2016-08-09,OONI partner,
http://www.soribada.com/,FILE,File-sharing,2014-04-15,citizenlab,
http://www.sp.or.kr/,POLR,Political Criticism,2014-04-15,citizenlab,
http://www.state.gov/g/drl/rls/hrrpt/2004/41647.htm,HUMR,Human Rights Issues,2014-04-15,citizenlab,
http://www.suyongso.com/,HOST,Hosting and Blogging Platforms,2016-08-09,OONI partner,
http://www.syccr.com/,GOVT,Government,2014-04-15,citizenlab,
http://www.taima.org/,ALDR,Alcohol & Drugs,2014-04-15,citizenlab,
http://www.taipeitimes.com/,NEWS,News Media,2014-04-15,citizenlab,
http://www.tcloud.co.kr/,HOST,Hosting and Blogging Platforms,2016-08-09,OONI partner,
http://www.thaichix.com/,PORN,Pornography,2014-04-15,citizenlab,
http://www.thaicuties.com/,PORN,Pornography,2014-04-15,citizenlab,
http://www.thaigirls100.net/,PORN,Pornography,2014-04-15,citizenlab,
http://www.tipinasia.info/,HUMR,Human Rights Issues,2014-04-15,citizenlab,
http://www.tistory.com/,HOST,Hosting and Blogging Platforms,2016-08-09,OONI partner,
http://www.todayhumor.co.kr/,HOST,Hosting and Blogging Platforms,2016-08-09,OONI partner,
http://www.todayssul.co.kr/,PROV,Provocative Attire,2016-08-09,OONI partner,
http://www.tongil21.com/,GOVT,Government,2014-04-15,citizenlab,
http://www.tongilnews.com/,NEWS,News Media,2016-08-09,OONI partner,
http://www.unescap.org/,ECON,Economics,2014-04-15,citizenlab,
http://www.unodc.un.or.th/,ALDR,Alcohol & Drugs,2014-04-15,citizenlab,
http://www.upschool.net/xe/,POLR,Political Criticism,2016-08-09,OONI partner,
http://www.uriminzokkiri.com/,GOVT,Government,2014-04-15,citizenlab,
http://www.utopia-asia.com/,LGBT,LGBT,2014-04-15,citizenlab,
http://www.vifile.co.kr/,FILE,File-sharing,2014-04-15,citizenlab,
http://www.vop.co.kr/,NEWS,News Media,2014-04-15,citizenlab,
http://www.vtv.co.kr/,COMT,Communication Tools,2014-04-15,citizenlab,
http://www.warm.or.kr/,NEWS,News Media,2014-04-15,citizenlab,
http://www.watchtower.org/languages/korean/index.html,HUMR,Human Rights Issues,2014-04-15,citizenlab,
http://www.wegames.net/,GMB,Gambling,2014-04-15,citizenlab,
http://www.wevo.co.kr/,COMT,Communication Tools,2016-08-09,OONI partner,
http://www.who.int/countries/kor/en/,PUBH,Public Health,2014-04-15,citizenlab,
http://www.whois.co.kr/,HOST,Hosting and Blogging Platforms,2014-04-15,citizenlab,
http://www.withoutwar.org/,POLR,Political Criticism,2014-04-15,citizenlab,
http://www.women21.or.kr/,HUMR,Human Rights Issues,2014-04-15,citizenlab,
http://www.womenforpeaceandjustice.org/,HUMR,Human Rights Issues,2014-04-15,citizenlab,
http://www.womenlink.or.kr/,HUMR,Human Rights Issues,2014-04-15,citizenlab,
http://www.womennews.co.kr/,HUMR,Human Rights Issues,2014-04-15,citizenlab,
http://www.womenvoters.or.kr/,HUMR,Human Rights Issues,2014-04-15,citizenlab,
http://www.worldcorea.net/,GOVT,Government,2014-04-15,citizenlab,
http://www.xratedasianporn.com/,PORN,Pornography,2014-04-15,citizenlab,
http://www.xyinlove.co.kr/,XED,Sex Education,2014-04-15,citizenlab,
http://www.yahoo.co.kr/,COMT,Communication Tools,2014-04-15,citizenlab,
http://www.yanori.co.kr/,PROV,Provocative Attire,2016-08-09,OONI partner,
https://www.yasarang.net/,PORN,Pornography,2016-08-09,OONI partner,
http://www.yesno.or.kr/,POLR,Political Criticism,2014-04-15,citizenlab,
http://www.yonhapnews.co.kr/,NEWS,News Media,2014-04-15,citizenlab,
http://www.zdnetasia.com/,NEWS,News Media,2014-04-15,citizenlab,
"http://www.zdnetasia.com/downloads/pc/swinfo/0,39043052,39222404s,00.htm",ANON,Anonymization and circumvention tools,2014-04-15,citizenlab,
http://xxxkor77.info/,PORN,Pornography,2016-08-09,OONI partner,
http://yesfile.com/,FILE,File-sharing,2016-08-09,OONI partner,
http://yolsa.org/,POLR,Political Criticism,2016-08-09,OONI partner,
http://ytimes.org/,NEWS,News Media,2014-04-15,citizenlab,
http://yuradolls.cf/,PROV,Provocative Attire,2016-08-09,OONI partner,
http://ywoos.com/,PORN,Pornography,2016-08-09,OONI partner,
http://zipbogo.net/,GAME,Gaming,2016-08-09,OONI partner,
https://ko.wikipedia.org/,CULTR,Culture,2018-07-06,Wikimedia,URLs provided by wikipedia based on the most popular language domains per country
https://en.wiktionary.org/,CULTR,Culture,2018-07-06,Wikimedia,URLs provided by wikipedia based on the most popular language domains per country
https://ko.wiktionary.org/,CULTR,Culture,2018-07-06,Wikimedia,URLs provided by wikipedia based on the most popular language domains per country
https://abortion-korea.org/,XED,Sex Education,2019-09-05,OONI,
https://www.upi.com/Top_News/World-News/2019/07/11/Amnesty-International-LGBT-soldiers-face-abuse-in-South-Korea-military/1461562819145/,LGBT,LGBT,2019-11-18,OutRight International,
