url,category_code,category_description,date_added,source,notes
http://248am.com/,NEWS,News Media,2017-10-18,citizenlab,
http://3grbgr.blogspot.com/,NEWS,News Media,2017-10-18,citizenlab,
http://4moslem.mail.everyone.net/,COMT,Communication Tools,2014-04-15,citizenlab,
http://5alf.blogspot.com/,NEWS,News Media,2017-10-18,citizenlab,
http://5dw5l.com/,CULTR,Culture,2014-04-15,citizenlab,
http://5dw5l.com/vb/,CULTR,Culture,2014-04-15,citizenlab,
http://6amoo7a.blogspot.com/,NEWS,News Media,2017-10-18,citizenlab,
http://7anna7inno.blogspot.com/,NEWS,News Media,2017-10-18,citizenlab,
http://aamagazine.blogspot.com/,REL,Religion,2017-10-18,citizenlab,Arab atheists
http://afteegypt.org/,HUMR,Human Rights Issues,2017-10-18,citizenlab,
http://ahlulbait12.jeeran.com/,HUMR,Human Rights Issues,2014-04-15,citizenlab,
http://al-jana.org/,CULTR,Culture,2017-10-18,citizenlab,
http://al-rayah.blogspot.com/,NEWS,News Media,2017-10-18,citizenlab,
http://albrhan.org/,HUMR,Human Rights Issues,2014-04-15,citizenlab,
http://alhadath-kw.net/,NEWS,News Media,2017-10-18,citizenlab,
http://alhag.net/,HUMR,Human Rights Issues,2014-04-15,citizenlab,
http://alhasela.com/news/,NEWS,News Media,2017-10-18,citizenlab,
http://alkhaleejonline.net/,NEWS,News Media,2017-10-18,citizenlab,Political news and views
http://alkoutnews.net/,NEWS,News Media,2017-10-18,citizenlab,
http://almada.cc/,NEWS,News Media,2017-10-18,citizenlab,
http://almayadeen.net/,NEWS,News Media,2017-10-18,citizenlab,
http://almulaifi.blogspot.com/,NEWS,News Media,2017-10-18,citizenlab,
http://alqabas.com/,NEWS,News Media,2017-10-18,citizenlab,
http://alummahnews.com/,NEWS,News Media,2017-10-18,citizenlab,
http://alwatan.kuwait.tt/,NEWS,News Media,2017-10-18,citizenlab,
http://anaahor.blogspot.com/,REL,Religion,2017-10-18,citizenlab,Arab atheists
http://anbia.tripod.com/,REL,Religion,2017-10-18,citizenlab,
http://angryarab.blogspot.com/,NEWS,News Media,2014-04-15,citizenlab,
http://answer-islam.com/,REL,Religion,2017-10-18,citizenlab,
http://answering-islam.org/,HUMR,Human Rights Issues,2014-04-15,citizenlab,
http://answering-islam.org/Arabic/index.html,REL,Religion,2014-04-15,citizenlab,
https://ar-ar.facebook.com/Il7ad,REL,Religion,2017-10-18,citizenlab,Arab atheists
http://ar.wikishia.net/view/%D8%A7%D9%84%D8%B5%D9%81%D8%AD%D8%A9_%D8%A7%D9%84%D8%B1%D8%A6%D9%8A%D8%B3%D9%8A%D8%A9,HUMR,Human Rights Issues,2017-10-18,citizenlab,Minority rights and ethnic content
https://ar.wikisource.org/,CULTR,Culture,2018-07-06,Wikimedia,URLs provided by wikipedia based on the most popular language domains per country
http://arabanticorruption.org/,POLR,Political Criticism,2017-10-18,citizenlab,
http://arabatheistbroadcasting.com/,REL,Religion,2017-10-18,citizenlab,Arab atheists
http://arabdl.com/,FILE,File-sharing,2014-04-15,citizenlab,
http://arabel7ad.blogspot.com/,REL,Religion,2017-10-18,citizenlab,Arab atheists
http://arabgaypride.blogspot.com/,LGBT,LGBT,2017-10-18,citizenlab,
http://arabi21.com/,NEWS,News Media,2017-10-18,citizenlab,
http://arabic.arabianbusiness.com/,NEWS,News Media,2017-10-18,citizenlab,
http://arabic.bayynat.org.lb/,MILX,Terrorism and Militants,2014-04-15,citizenlab,
https://arabic.cnn.com/,NEWS,News Media,2014-04-15,citizenlab,
http://arabic.peopledaily.com.cn/,NEWS,News Media,2014-04-15,citizenlab,
https://arabic.rt.com/,NEWS,News Media,2017-10-18,citizenlab,Russian news website
http://arabic.sputniknews.com/,NEWS,News Media,2017-10-18,citizenlab,Russian news agency
http://arabiclgbt.blogspot.com/,LGBT,LGBT,2017-10-18,citizenlab,
http://arabsex2.com/,PORN,Pornography,2014-04-15,citizenlab,
https://arabwomenwork.wordpress.com/,HUMR,Human Rights Issues,2017-10-18,citizenlab,Women's rights
https://arz.wikipedia.org/,CULTR,Culture,2018-07-06,Wikimedia,URLs provided by wikipedia based on the most popular language domains per country
http://asrararabiya.com/,NEWS,News Media,2017-10-18,citizenlab,
http://ayaanhirsiali.web-log.nl/,NEWS,News Media,2014-04-15,citizenlab,
http://ayaanhirsiali.web-log.nl/ayaanhirsiali/english/index.html,NEWS,News Media,2014-04-15,citizenlab,
http://bahai-books.org/,HUMR,Human Rights Issues,2017-10-18,citizenlab,Bahai faith group
http://bahai-devotions.org/,HUMR,Human Rights Issues,2017-10-18,citizenlab,Bahai faith group
http://bahai-internet-services.org/,HUMR,Human Rights Issues,2017-10-18,citizenlab,Bahai faith group
http://bahai-readings.org/,HUMR,Human Rights Issues,2017-10-18,citizenlab,Bahai faith group
http://bahai-writings.org/,HUMR,Human Rights Issues,2017-10-18,citizenlab,Bahai faith group
http://balrashed.net/,NEWS,News Media,2017-10-18,citizenlab,
http://barrak1974.blogspot.com/,NEWS,News Media,2017-10-18,citizenlab,
http://bbcarabic.com/,NEWS,News Media,2014-04-15,citizenlab,
http://bedoon.org/,HUMR,Human Rights Issues,2017-10-18,citizenlab,
http://blkalfasih2.blogspot.com/,NEWS,News Media,2017-10-18,citizenlab,
http://blogs.albawaba.com/,HOST,Hosting and Blogging Platforms,2014-04-15,citizenlab,
http://carnegie-mec.org/,POLR,Political Criticism,2017-10-18,citizenlab,
http://chouf-minorities.org/?lang=en,HUMR,Human Rights Issues,2017-10-18,citizenlab,Women's rights
http://christian-dogma.com/,HUMR,Human Rights Issues,2017-10-18,citizenlab,
http://club4moslems.8m.com/,REL,Religion,2017-10-18,citizenlab,
http://dasmannews.com/,NEWS,News Media,2017-10-18,citizenlab,
http://dcwik2012.blogspot.com/,HUMR,Human Rights Issues,2017-10-18,citizenlab,Women's rights
http://denypagetests.netsweeper.com/,CTRL,Control content,2014-04-15,citizenlab,
http://denypagetests.netsweeper.com/category/catno/1,CTRL,Control content,2014-04-15,citizenlab,
http://denypagetests.netsweeper.com/category/catno/10,CTRL,Control content,2014-04-15,citizenlab,
http://denypagetests.netsweeper.com/category/catno/11,CTRL,Control content,2014-04-15,citizenlab,
http://denypagetests.netsweeper.com/category/catno/12,CTRL,Control content,2014-04-15,citizenlab,
http://denypagetests.netsweeper.com/category/catno/13,CTRL,Control content,2014-04-15,citizenlab,
http://denypagetests.netsweeper.com/category/catno/14,CTRL,Control content,2014-04-15,citizenlab,
http://denypagetests.netsweeper.com/category/catno/15,CTRL,Control content,2014-04-15,citizenlab,
http://denypagetests.netsweeper.com/category/catno/16,CTRL,Control content,2014-04-15,citizenlab,
http://denypagetests.netsweeper.com/category/catno/160,CTRL,Control content,2014-04-15,citizenlab,
http://denypagetests.netsweeper.com/category/catno/166,CTRL,Control content,2014-04-15,citizenlab,
http://denypagetests.netsweeper.com/category/catno/17,CTRL,Control content,2014-04-15,citizenlab,
http://denypagetests.netsweeper.com/category/catno/170,CTRL,Control content,2014-04-15,citizenlab,
http://denypagetests.netsweeper.com/category/catno/18,CTRL,Control content,2014-04-15,citizenlab,
http://denypagetests.netsweeper.com/category/catno/19,CTRL,Control content,2014-04-15,citizenlab,
http://denypagetests.netsweeper.com/category/catno/2,CTRL,Control content,2014-04-15,citizenlab,
http://denypagetests.netsweeper.com/category/catno/20,CTRL,Control content,2014-04-15,citizenlab,
http://denypagetests.netsweeper.com/category/catno/21,CTRL,Control content,2014-04-15,citizenlab,
http://denypagetests.netsweeper.com/category/catno/22,CTRL,Control content,2014-04-15,citizenlab,
http://denypagetests.netsweeper.com/category/catno/23,CTRL,Control content,2014-04-15,citizenlab,
http://denypagetests.netsweeper.com/category/catno/230,CTRL,Control content,2014-04-15,citizenlab,
http://denypagetests.netsweeper.com/category/catno/24,CTRL,Control content,2014-04-15,citizenlab,
http://denypagetests.netsweeper.com/category/catno/243,CTRL,Control content,2014-04-15,citizenlab,
http://denypagetests.netsweeper.com/category/catno/244,CTRL,Control content,2014-04-15,citizenlab,
http://denypagetests.netsweeper.com/category/catno/245,CTRL,Control content,2014-04-15,citizenlab,
http://denypagetests.netsweeper.com/category/catno/246,CTRL,Control content,2014-04-15,citizenlab,
http://denypagetests.netsweeper.com/category/catno/247,CTRL,Control content,2014-04-15,citizenlab,
http://denypagetests.netsweeper.com/category/catno/248,CTRL,Control content,2014-04-15,citizenlab,
http://denypagetests.netsweeper.com/category/catno/249,CTRL,Control content,2014-04-15,citizenlab,
http://denypagetests.netsweeper.com/category/catno/25,CTRL,Control content,2014-04-15,citizenlab,
http://denypagetests.netsweeper.com/category/catno/250,CTRL,Control content,2014-04-15,citizenlab,
http://denypagetests.netsweeper.com/category/catno/252,CTRL,Control content,2014-04-15,citizenlab,
http://denypagetests.netsweeper.com/category/catno/253,CTRL,Control content,2014-04-15,citizenlab,
http://denypagetests.netsweeper.com/category/catno/254,CTRL,Control content,2014-04-15,citizenlab,
http://denypagetests.netsweeper.com/category/catno/26,CTRL,Control content,2014-04-15,citizenlab,
http://denypagetests.netsweeper.com/category/catno/27,CTRL,Control content,2014-04-15,citizenlab,
http://denypagetests.netsweeper.com/category/catno/28,CTRL,Control content,2014-04-15,citizenlab,
http://denypagetests.netsweeper.com/category/catno/29,CTRL,Control content,2014-04-15,citizenlab,
http://denypagetests.netsweeper.com/category/catno/3,CTRL,Control content,2014-04-15,citizenlab,
http://denypagetests.netsweeper.com/category/catno/30,CTRL,Control content,2014-04-15,citizenlab,
http://denypagetests.netsweeper.com/category/catno/31,CTRL,Control content,2014-04-15,citizenlab,
http://denypagetests.netsweeper.com/category/catno/32,CTRL,Control content,2014-04-15,citizenlab,
http://denypagetests.netsweeper.com/category/catno/33,CTRL,Control content,2014-04-15,citizenlab,
http://denypagetests.netsweeper.com/category/catno/34,CTRL,Control content,2014-04-15,citizenlab,
http://denypagetests.netsweeper.com/category/catno/35,CTRL,Control content,2014-04-15,citizenlab,
http://denypagetests.netsweeper.com/category/catno/36,CTRL,Control content,2014-04-15,citizenlab,
http://denypagetests.netsweeper.com/category/catno/37,CTRL,Control content,2014-04-15,citizenlab,
http://denypagetests.netsweeper.com/category/catno/39,CTRL,Control content,2014-04-15,citizenlab,
http://denypagetests.netsweeper.com/category/catno/4,CTRL,Control content,2014-04-15,citizenlab,
http://denypagetests.netsweeper.com/category/catno/40,CTRL,Control content,2014-04-15,citizenlab,
http://denypagetests.netsweeper.com/category/catno/41,CTRL,Control content,2014-04-15,citizenlab,
http://denypagetests.netsweeper.com/category/catno/42,CTRL,Control content,2014-04-15,citizenlab,
http://denypagetests.netsweeper.com/category/catno/43,CTRL,Control content,2014-04-15,citizenlab,
http://denypagetests.netsweeper.com/category/catno/44,CTRL,Control content,2014-04-15,citizenlab,
http://denypagetests.netsweeper.com/category/catno/45,CTRL,Control content,2014-04-15,citizenlab,
http://denypagetests.netsweeper.com/category/catno/47,CTRL,Control content,2014-04-15,citizenlab,
http://denypagetests.netsweeper.com/category/catno/48,CTRL,Control content,2014-04-15,citizenlab,
http://denypagetests.netsweeper.com/category/catno/49,CTRL,Control content,2014-04-15,citizenlab,
http://denypagetests.netsweeper.com/category/catno/5,CTRL,Control content,2014-04-15,citizenlab,
http://denypagetests.netsweeper.com/category/catno/50,CTRL,Control content,2014-04-15,citizenlab,
http://denypagetests.netsweeper.com/category/catno/51,CTRL,Control content,2014-04-15,citizenlab,
http://denypagetests.netsweeper.com/category/catno/53,CTRL,Control content,2014-04-15,citizenlab,
http://denypagetests.netsweeper.com/category/catno/54,CTRL,Control content,2014-04-15,citizenlab,
http://denypagetests.netsweeper.com/category/catno/6,CTRL,Control content,2014-04-15,citizenlab,
http://denypagetests.netsweeper.com/category/catno/7,CTRL,Control content,2014-04-15,citizenlab,
http://denypagetests.netsweeper.com/category/catno/8,CTRL,Control content,2014-04-15,citizenlab,
http://denypagetests.netsweeper.com/category/catno/9,CTRL,Control content,2014-04-15,citizenlab,
http://derwaza.cc:8080/WebPortal/UI/Home.aspx,NEWS,News Media,2017-10-18,citizenlab,
http://el7adarab.blogspot.com/,REL,Religion,2017-10-18,citizenlab,Arab atheists
http://elmarsad.org/ar/,HUMR,Human Rights Issues,2017-10-18,citizenlab,Arab human rights monitor
http://elyon1.court.gov.il/eng/siyur/index.html,GOVT,Government,2017-10-18,citizenlab,Israel Supreme Court
https://en.wiktionary.org/,CULTR,Culture,2018-07-06,Wikimedia,URLs provided by wikipedia based on the most popular language domains per country
http://enter-q8.blogspot.com/,NEWS,News Media,2017-10-18,citizenlab,
https://fa.wikipedia.org/,CULTR,Culture,2018-07-06,Wikimedia,URLs provided by wikipedia based on the most popular language domains per country
http://fernas.blog.com/,NEWS,News Media,2017-10-18,citizenlab,
http://fosters-kuwait.blogspot.com/,REL,Religion,2017-10-18,citizenlab,Kuwaiti atheists
http://freecopts.net/,HUMR,Human Rights Issues,2017-10-18,citizenlab,Minority groups
http://freejsaud.blogspot.com/,NEWS,News Media,2017-10-18,citizenlab,
http://games.do7a.com/,GAME,Gaming,2014-04-15,citizenlab,
http://gay-uae.blogspot.com/,LGBT,LGBT,2017-10-18,citizenlab,
http://gayguide.net/,LGBT,LGBT,2014-04-15,citizenlab,
http://gayinkuwait.blogspot.com/,LGBT,LGBT,2014-04-15,citizenlab,
http://gayswithoutborders.wordpress.com/,LGBT,LGBT,2014-04-15,citizenlab,
http://gayswithoutborders.wordpress.com/category/kuwait/,LGBT,LGBT,2014-04-15,citizenlab,
http://gulfnews.com/news/gulf/kuwait,NEWS,News Media,2017-10-18,citizenlab,
http://hayatblog.blogspot.com/,NEWS,News Media,2017-10-18,citizenlab,
http://hmak.org/main/,NEWS,News Media,2017-10-18,citizenlab,
http://hosting.egcomp.com/,HOST,Hosting and Blogging Platforms,2014-04-15,citizenlab,
http://hrw.org/,NEWS,News Media,2014-04-15,citizenlab,
http://hrw.org/doc/?t=arabic_mena&c=kuwait,HUMR,Human Rights Issues,2014-04-15,citizenlab,
http://hrw.org/doc?t=mideast&c=kuwait,HUMR,Human Rights Issues,2014-04-15,citizenlab,
http://humanrights.org.kw/,HUMR,Human Rights Issues,2017-10-18,citizenlab,
http://ibloga.blogspot.com/,NEWS,News Media,2014-04-15,citizenlab,
http://iknowpolitics.org/,HUMR,Human Rights Issues,2017-10-18,citizenlab,Women's rights
http://il7adarabic.blogspot.com/,REL,Religion,2017-10-18,citizenlab,Arab atheists
http://ilga.org/country/kuwait/law/,LGBT,LGBT,2017-11-09,citizenlab,
http://ilga.org/kuwait-s-gaydar-gulf-states-develop-medical-screening-tool-for-gay-and-lesbian-visitors/,LGBT,LGBT,2017-11-09,citizenlab,
http://internet.tumblr.com/,HOST,Hosting and Blogging Platforms,2017-10-18,citizenlab,
http://islamion.com/,NEWS,News Media,2017-10-18,citizenlab,
http://islammemo.cc/,NEWS,News Media,2017-10-18,citizenlab,
http://istherelight.blogspot.com/,NEWS,News Media,2014-04-15,citizenlab,
http://jeeran.com/,HOST,Hosting and Blogging Platforms,2014-04-15,citizenlab,
http://jeeran.com/blogs/,HOST,Hosting and Blogging Platforms,2014-04-15,citizenlab,
http://karamah.org/,HUMR,Human Rights Issues,2017-10-18,citizenlab,Women's rights
http://kenlydell.typepad.com/,NEWS,News Media,2014-04-15,citizenlab,
http://kkuwait.blogspot.com/,NEWS,News Media,2017-10-18,citizenlab,
http://kuwait-unplugged.com/,NEWS,News Media,2014-04-15,citizenlab,
http://kuwait5.org/,POLR,Political Criticism,2014-04-15,citizenlab,
http://kuwait61.blogspot.com/,NEWS,News Media,2017-10-18,citizenlab,
http://kuwaitjunior.blogspot.com/,POLR,Political Criticism,2014-04-15,citizenlab,
http://kuwbedmov.org/,HUMR,Human Rights Issues,2014-04-15,citizenlab,
http://kvinfo.org/,HUMR,Human Rights Issues,2017-10-18,citizenlab,Women's rights
http://ladeenioon.blogspot.com/,REL,Religion,2017-10-18,citizenlab,Arab atheists
http://latestinkw.com/,NEWS,News Media,2017-10-18,citizenlab,
http://lcweb2.loc.gov/,GOVT,Government,2014-04-15,citizenlab,
http://lcweb2.loc.gov/frd/cs/kwtoc.html,GOVT,Government,2014-04-15,citizenlab,
http://library.sheba.co.il/,CTRL,Control content,2017-10-18,citizenlab,Miriam Gutwirth Medical Library
http://magazinegaymaroc.blogspot.com/,LGBT,LGBT,2017-10-18,citizenlab,
http://mecc.org/,HUMR,Human Rights Issues,2017-10-18,citizenlab,Minority rights and ethnic content
http://metransparent.net/,POLR,Political Criticism,2014-04-15,citizenlab,
http://middleeasttransparent.com/en/,HUMR,Human Rights Issues,2017-10-18,citizenlab,NGO promotes transparency in the middle east
http://minuf.co.il/,CTRL,Control content,2017-10-18,citizenlab,Minuf Group
http://mobashernews.net/,NEWS,News Media,2017-10-18,citizenlab,
http://moshtok.blogspot.com/,NEWS,News Media,2014-04-15,citizenlab,
http://mozartation.blogspot.com/,NEWS,News Media,2014-04-15,citizenlab,
http://mssdr.com/,NEWS,News Media,2017-10-18,citizenlab,
http://mubasher.aljazeera.net/,NEWS,News Media,2017-10-18,citizenlab,
http://muhammadorjesus.googlepages.com/home,REL,Religion,2017-10-18,citizenlab,
http://nawafco-music.blogspot.com/,NEWS,News Media,2014-04-15,citizenlab,
http://nawafco.blogspot.com/,NEWS,News Media,2014-04-15,citizenlab,
http://neswangy.net/,PORN,Pornography,2017-10-18,citizenlab,Arabic sex site
http://news.kuwaittimes.net/visa-homosexuals-arabian-gulf-gcc-detect-bar-gays-transgenders/,NEWS,News Media,2017-11-09,citizenlab,
http://news.kuwaittimes.net/website/,NEWS,News Media,2017-10-18,citizenlab,
http://no-ip.org/,ANON,Anonymization and circumvention tools,2017-10-18,citizenlab,
http://non-q8.blogspot.com/,NEWS,News Media,2014-04-15,citizenlab,
http://om9edda.blogspot.com/,NEWS,News Media,2017-10-18,citizenlab,
http://omeldunya.com/,POLR,Political Criticism,2017-10-18,citizenlab,
http://opl-now.org/,NEWS,News Media,2017-10-18,citizenlab,
https://plus.google.com/communities/117457850617621671508,REL,Religion,2017-10-18,citizenlab,Arab atheists
http://q80pow.blogspot.com/,NEWS,News Media,2014-04-15,citizenlab,
https://raseef22.com/,NEWS,News Media,2017-10-18,citizenlab,
http://religion.tumblr.com/,HOST,Hosting and Blogging Platforms,2017-10-18,citizenlab,
http://rhr.org.il/eng/,HUMR,Human Rights Issues,2017-10-18,citizenlab,Rabbis for Human Rights
https://richarddawkins.net/,REL,Religion,2017-10-18,citizenlab,Richard Dawkins
http://sandoog.blogspot.com/,NEWS,News Media,2017-10-18,citizenlab,
http://saymar.org/,NEWS,News Media,2017-10-18,citizenlab,
http://shababwatani.5alf-k.com/,NEWS,News Media,2017-10-18,citizenlab,
http://shagranq8.blogspot.com/,NEWS,News Media,2017-10-18,citizenlab,
http://shiaweb.org/,HUMR,Human Rights Issues,2017-10-18,citizenlab,Shia Web. Shiite Web site
http://shuhood.org/,HUMR,Human Rights Issues,2014-04-15,citizenlab,
http://shuhood.org/news/121/,HUMR,Human Rights Issues,2014-04-15,citizenlab,
http://sikhsinkuwait.wordpress.com/,HUMR,Human Rights Issues,2014-04-15,citizenlab,
https://simple.wikipedia.org/,CULTR,Culture,2018-07-06,Wikimedia,URLs provided by wikipedia based on the most popular language domains per country
http://sjs429.jeeran.com/,HUMR,Human Rights Issues,2014-04-15,citizenlab,
http://soft.arabdl.com/,FILE,File-sharing,2014-04-15,citizenlab,
http://sports.tumblr.com/,HOST,Hosting and Blogging Platforms,2017-10-18,citizenlab,
http://srayat.blogspot.com/,NEWS,News Media,2017-10-18,citizenlab,
http://tabee3iil7ad.blogspot.com/,REL,Religion,2017-10-18,citizenlab,Arab atheists
http://taqadomi.com/,POLR,Political Criticism,2017-10-18,citizenlab,
http://tasaly.ueuo.com/,GAME,Gaming,2014-04-15,citizenlab,
https://thawrah2day.com/,NEWS,News Media,2017-10-18,citizenlab,
http://thenewkhalij.org/,NEWS,News Media,2017-10-18,citizenlab,
http://thissitedoesnotexist.il/,CTRL,Control content,2017-10-18,citizenlab,This is a fake site
http://thiswebsitedoesnotexistyet.tumblr.com/,CTRL,Control content,2017-10-18,citizenlab,
http://today.reuters.com/,NEWS,News Media,2014-04-15,citizenlab,
http://twitter.com/#!/gamaleid,POLR,Political Criticism,2017-10-18,citizenlab,Regional activist
http://twitter.com/#!/ghonim,POLR,Political Criticism,2017-10-18,citizenlab,Regional activist
https://twitter.com/Freehumanrights,HUMR,Human Rights Issues,2017-10-18,citizenlab,
https://twitter.com/HLO_kw,HUMR,Human Rights Issues,2017-10-18,citizenlab,
https://twitter.com/Humanitariankw,HUMR,Human Rights Issues,2017-10-18,citizenlab,
http://twitter.com/Mashi97,POLR,Political Criticism,2017-10-18,citizenlab,Regional activist
https://twitter.com/WCSS_Q8,HUMR,Human Rights Issues,2017-10-18,citizenlab,
http://twitter.com/abualkhair,POLR,Political Criticism,2017-10-18,citizenlab,Regional activist
https://twitter.com/alsalamcenter,HUMR,Human Rights Issues,2017-10-18,citizenlab,
https://twitter.com/arabatheisttv,REL,Religion,2017-10-18,citizenlab,Arab atheists
http://twitter.com/gamaleid,POLR,Political Criticism,2017-10-18,citizenlab,Regional activist
http://twitter.com/ghonim,POLR,Political Criticism,2017-10-18,citizenlab,Regional activist
https://twitter.com/haifawehbe,CULTR,Culture,2017-10-18,citizenlab,
https://twitter.com/ksmcq8,HUMR,Human Rights Issues,2017-10-18,citizenlab,
https://twitter.com/kw_bdon,HUMR,Human Rights Issues,2017-10-18,citizenlab,
https://twitter.com/mol7d_arabi,REL,Religion,2017-10-18,citizenlab,Arab atheists
https://twitter.com/shuhada_kwi,HUMR,Human Rights Issues,2017-10-18,citizenlab,
http://wcss-kw.org/,HUMR,Human Rights Issues,2017-10-18,citizenlab,
http://whatkuwait.blogspot.com/,NEWS,News Media,2017-10-18,citizenlab,
http://wn.com/kuwait_financial,NEWS,News Media,2017-10-18,citizenlab,
http://wondersme.blogspot.com/,NEWS,News Media,2014-04-15,citizenlab,
http://www.14masom.com/,HUMR,Human Rights Issues,2014-04-15,citizenlab,
http://www.25feb.net/,NEWS,News Media,2017-10-18,citizenlab,
http://www.3rbe.com/,FILE,File-sharing,2014-04-15,citizenlab,
http://www.3rbpro.com/,FILE,File-sharing,2014-04-15,citizenlab,
http://www.4eco.com/,ENV,Environment,2014-04-15,citizenlab,
http://www.5alf-k.com/cms/,NEWS,News Media,2017-10-18,citizenlab,
http://www.888poker.com/,GMB,Gambling,2017-10-18,citizenlab,
http://www.aaci.org.il/,GOVT,Government,2017-10-18,citizenlab,Association of Americans and Canadians in Israel
http://www.abwabmag.com/,NEWS,News Media,2014-04-15,citizenlab,
http://www.acsad.org/,ENV,Environment,2014-04-15,citizenlab,
http://www.adabislami.org/,CULTR,Culture,2014-04-15,citizenlab,
http://www.afp.com/arabic/home/,NEWS,News Media,2014-04-15,citizenlab,
http://www.agr.state.il.us/,GOVT,Government,2017-10-18,citizenlab,Illinois Department of Agriculture
http://www.ahewar.org/,POLR,Political Criticism,2017-10-18,citizenlab,Arabic secular news and views
http://www.ahewar.org/debat/nr.asp,POLR,Political Criticism,2017-11-09,citizenlab,
http://www.ahmedandsalim.com/,POLR,Political Criticism,2017-10-18,citizenlab,
http://www.ahrfund.org/csoon/index.html,HUMR,Human Rights Issues,2017-10-18,citizenlab,
http://www.al-akhbar.com/,NEWS,News Media,2017-10-18,citizenlab,Lebanese newspaper
http://www.al-bab.com/,NEWS,News Media,2017-10-18,citizenlab,Regional Arabic blog/portal
http://www.al-balagh.com/,NEWS,News Media,2014-04-15,citizenlab,
http://www.al-farook.com/,HUMR,Human Rights Issues,2014-04-15,citizenlab,
http://www.al-haraka.com/,NEWS,News Media,2014-04-15,citizenlab,
http://www.al-ketab.net/,REL,Religion,2017-10-18,citizenlab,
http://www.al-monitor.com/,NEWS,News Media,2017-10-18,citizenlab,
http://www.al-sabah.us/,CULTR,Culture,2014-04-15,citizenlab,
http://www.ala7rarq8.com/,NEWS,News Media,2017-10-18,citizenlab,
http://www.alaan.cc/,NEWS,News Media,2017-10-18,citizenlab,
http://www.alahednews.com.lb/,NEWS,News Media,2017-10-18,citizenlab,Lebanese news site
http://www.alajeeb.com/,HOST,Hosting and Blogging Platforms,2014-04-15,citizenlab,
http://www.alalam.ir/,NEWS,News Media,2017-10-18,citizenlab,Iran TV
http://www.alamal.com.kw/?lang=ar,NEWS,News Media,2017-10-18,citizenlab,
http://www.alanba.com.kw/newspaper/,NEWS,News Media,2017-10-18,citizenlab,
http://www.alarab.co.uk/,NEWS,News Media,2017-10-18,citizenlab,
http://www.alarabiya.net/,NEWS,News Media,2014-04-15,citizenlab,
http://www.alarabonline.org/,NEWS,News Media,2014-04-15,citizenlab,
http://www.alaraby.co.uk/,NEWS,News Media,2017-10-18,citizenlab,Pan-Arab newspaper
https://www.alaraby.co.uk/,NEWS,News Media,2017-10-18,citizenlab,
http://www.albasrah.net/,NEWS,News Media,2014-04-15,citizenlab,
http://www.albawaba.com/,NEWS,News Media,2014-04-15,citizenlab,
http://www.albawaba.com/ar/countries/Kuwait,NEWS,News Media,2014-04-15,citizenlab,
http://www.alblaad.com/,NEWS,News Media,2017-10-18,citizenlab,
http://www.aldostornews.com/,NEWS,News Media,2017-10-18,citizenlab,
http://www.alerada.net/,NEWS,News Media,2017-10-18,citizenlab,
http://www.alhakea.com/word/,NEWS,News Media,2017-10-18,citizenlab,
http://www.alhalem.net/,POLR,Political Criticism,2014-04-15,citizenlab,
http://www.alhayat.com/,NEWS,News Media,2017-10-18,citizenlab,Pan-Arab newspaper
https://www.alhurra.com/,NEWS,News Media,2017-10-18,citizenlab,
http://www.alhurrianews.net/,NEWS,News Media,2017-10-18,citizenlab,
http://www.aljarida.com/,NEWS,News Media,2017-10-18,citizenlab,
http://www.aljasem.org/,POLR,Political Criticism,2014-04-15,citizenlab,
http://www.aljeeran.net/,NEWS,News Media,2014-04-15,citizenlab,
http://www.alkarama.org/,HUMR,Human Rights Issues,2017-10-18,citizenlab,
http://www.alkarbalaeia.net/,HUMR,Human Rights Issues,2014-04-15,citizenlab,
http://www.alkhabar24.com/,NEWS,News Media,2017-10-18,citizenlab,
http://www.alkhabararabic.com/,NEWS,News Media,2017-10-18,citizenlab,
http://www.alkuwaityah.com/,NEWS,News Media,2017-10-18,citizenlab,
http://www.alkuwaityalyoum.com/,NEWS,News Media,2017-10-18,citizenlab,
http://www.almadar-kw.com/,NEWS,News Media,2017-10-18,citizenlab,
http://www.almasrafi.com/,POLR,Political Criticism,2014-04-15,citizenlab,
http://www.almayadeen.net/,NEWS,News Media,2017-10-18,citizenlab,Mayadeen TV
http://www.alminber.org/,POLR,Political Criticism,2014-04-15,citizenlab,
http://www.almisbar.com/,COMT,Communication Tools,2014-04-15,citizenlab,
http://www.almktaba.com/,MILX,Terrorism and Militants,2014-04-15,citizenlab,
http://www.almsaeyah.com/Portal/Default.asp,NEWS,News Media,2017-10-18,citizenlab,
http://www.almustagbal.com/,NEWS,News Media,2017-10-18,citizenlab,
http://www.alnaddy.com/,DATE,Online Dating,2014-04-15,citizenlab,
http://www.alnour.com.lb/,NEWS,News Media,2017-10-18,citizenlab,al-Nour Radio is the official radio station of Hizbollah
http://www.alnournews.net/,NEWS,News Media,2014-04-15,citizenlab,
http://www.alquds.co.uk/,NEWS,News Media,2014-04-15,citizenlab,
http://www.alquma.net/,NEWS,News Media,2017-11-09,citizenlab,
http://www.alraimedia.com/,NEWS,News Media,2017-10-18,citizenlab,
http://www.alsawtnews.cc/,NEWS,News Media,2017-10-18,citizenlab,
http://www.alseyassah.com/,NEWS,News Media,2014-04-15,citizenlab,
http://www.alseyassah.com/alhadaf/,NEWS,News Media,2014-04-15,citizenlab,
http://www.alshaeb.com/,NEWS,News Media,2017-11-09,citizenlab,
http://www.alshahedkw.com/,NEWS,News Media,2017-10-18,citizenlab,
http://www.alshamiya-news.com/,NEWS,News Media,2017-10-18,citizenlab,
http://www.althaqlain.com/,HUMR,Human Rights Issues,2017-10-18,citizenlab,
http://www.alwasat.com.kw/,NEWS,News Media,2017-10-18,citizenlab,
http://www.alzebda.com/,NEWS,News Media,2017-10-18,citizenlab,
https://www.amazigh24.com/,HUMR,Human Rights Issues,2017-10-18,citizenlab,Minority rights and ethnic content
https://www.amazighcity.com/,HUMR,Human Rights Issues,2017-10-18,citizenlab,Minority rights and ethnic content
http://www.amin.org/,NEWS,News Media,2014-04-15,citizenlab,
http://www.amnesty.org/ar,HUMR,Human Rights Issues,2017-10-18,citizenlab,Article about Moroccan abuses of W. Saharans
http://www.amnestyusa.org/,HUMR,Human Rights Issues,2014-04-15,citizenlab,
http://www.amnestyusa.org/By_Country/Kuwait/page.do?id=1011182&n1=3&n2=30&n3=932,HUMR,Human Rights Issues,2014-04-15,citizenlab,
http://www.amnestyusa.org/our-work/countries/middle-east-and-north-africa/kuwait,HUMR,Human Rights Issues,2017-10-18,citizenlab,
http://www.amnews.cc/default.aspx,NEWS,News Media,2017-10-18,citizenlab,
http://www.amplusnet.com/,ANON,Anonymization and circumvention tools,2014-04-15,citizenlab,
http://www.anhri.net/,HUMR,Human Rights Issues,2017-10-18,citizenlab,Human rights information network
http://www.annabaa.org/,HUMR,Human Rights Issues,2017-10-18,citizenlab,Annabaa. Shiite news portal.
http://www.annd.org/arabic/index.php,HUMR,Human Rights Issues,2017-10-18,citizenlab,
http://www.ansarh.com/,HUMR,Human Rights Issues,2014-04-15,citizenlab,
http://www.ansarweb.net/,HUMR,Human Rights Issues,2014-04-15,citizenlab,Muslim Shia Web site
http://www.anti-cair-net.org/,HUMR,Human Rights Issues,2014-04-15,citizenlab,
http://www.antiquities.org.il/,GOVT,Government,2017-10-18,citizenlab,Israel Antiquities Authority
http://www.arabfaces.com/,DATE,Online Dating,2017-11-09,citizenlab,
http://www.arabhomosexual.com/SMF/index.php,LGBT,LGBT,2017-10-18,citizenlab,
http://www.arabhumanrights.org/,HUMR,Human Rights Issues,2014-04-15,citizenlab,
http://www.arabicbible.com/,REL,Religion,2017-10-18,citizenlab,
http://www.arabicpoems.com/,CULTR,Culture,2014-04-15,citizenlab,
http://www.arabji.com/,SRCH,Search Engines,2014-04-15,citizenlab,
http://www.arabmail.de/,NEWS,News Media,2014-04-15,citizenlab,
http://www.arabruleoflaw.org/,HUMR,Human Rights Issues,2017-10-18,citizenlab,
http://www.arabstoday.net/,NEWS,News Media,2017-10-18,citizenlab,Arabic media
http://www.arabtimesonline.com/,NEWS,News Media,2014-04-15,citizenlab,
http://www.arabwomenorg.org/,HUMR,Human Rights Issues,2017-10-18,citizenlab,Women's rights
http://www.article36.com/,POLR,Political Criticism,2014-04-15,citizenlab,
http://www.asrar.org/,NEWS,News Media,2014-04-15,citizenlab,
http://www.atheistskuwait.com/vb/index.php,NEWS,News Media,2014-04-15,citizenlab,
http://www.azzaman.com/,NEWS,News Media,2014-04-15,citizenlab,
http://www.baath-party.org/,POLR,Political Criticism,2014-04-15,citizenlab,
http://www.back-to-iraq.com/,NEWS,News Media,2014-04-15,citizenlab,
http://www.bahai-faith.org/,HUMR,Human Rights Issues,2014-04-15,citizenlab,
http://www.bahai.com/,HUMR,Human Rights Issues,2014-04-15,citizenlab,
http://www.bakatheer.com/,CULTR,Culture,2014-04-15,citizenlab,
http://www.basket.co.il/,GOVT,Government,2017-10-18,citizenlab,Israel Basketball League
http://www.bbc.co.uk/arabic/,NEWS,News Media,2017-10-18,citizenlab,BBC Arabic
http://www.bet365.com/en/,GMB,Gambling,2017-10-18,citizenlab,
https://www.biblegateway.com/,HUMR,Human Rights Issues,2017-10-18,citizenlab,Minority rights and ethnic content
http://www.biblequery.org/,REL,Religion,2017-10-18,citizenlab,
http://www.bintelnas.org/,LGBT,LGBT,2017-10-18,citizenlab,
http://www.blogjihad.com/,MILX,Terrorism and Militants,2017-10-18,citizenlab,Blog about politics and social issues in UAE
http://www.boi.org.il/,GOVT,Government,2017-10-18,citizenlab,Bank of Israel
https://www.boutique-berbere.com/,HUMR,Human Rights Issues,2017-10-18,citizenlab,Minority rights and ethnic content
http://www.bramjnet.com/,FILE,File-sharing,2014-04-15,citizenlab,
http://www.business-humanrights.org/,HUMR,Human Rights Issues,2014-04-15,citizenlab,
https://www.bwin.com/,GMB,Gambling,2017-10-18,citizenlab,
http://www.caironewss.com/,NEWS,News Media,2017-10-18,citizenlab,
http://www.cars-club.com/,FILE,File-sharing,2014-04-15,citizenlab,
http://www.cawtar.org/,HUMR,Human Rights Issues,2017-10-18,citizenlab,Women's rights
http://www.cbs.gov.il/,GOVT,Government,2017-10-18,citizenlab,Central Bureau of Statistics of Israel
http://www.cdl.com.lb/,GMB,Gambling,2014-04-15,citizenlab,
http://www.centerforinquiry.net/isis/,REL,Religion,2017-10-18,citizenlab,Center for secularing Islamic societies
http://www.childsrights.org/,HUMR,Human Rights Issues,2014-04-15,citizenlab,
http://www.christianmuslimanswers.com/,REL,Religion,2017-10-18,citizenlab,
https://www.cia.gov/library/publications/the-world-factbook/geos/ku.html,GOVT,Government,2014-04-15,citizenlab,
http://www.citytalks.co.uk/,NEWS,News Media,2017-10-18,citizenlab,
http://www.coepaonline.org/,HUMR,Human Rights Issues,2017-10-18,citizenlab,The Coptic Orthodox e-Publishing - Australia (COEPA)
http://www.coptic-church.org.uk/,HUMR,Human Rights Issues,2017-10-18,citizenlab,Minority rights and ethnic content
http://www.coptic.net/EncyclopediaCoptica/,HUMR,Human Rights Issues,2014-04-15,citizenlab,
http://www.cpj.org/attacks00/mideast00/Gulf.html,HUMR,Human Rights Issues,2017-10-18,citizenlab,Committee to Protect Journalists
http://www.crin.org/,HUMR,Human Rights Issues,2014-04-15,citizenlab,
http://www.d1ya.com/,NEWS,News Media,2017-10-18,citizenlab,
http://www.danielpipes.org/,NEWS,News Media,2014-04-15,citizenlab,
https://www.dapp.dk/ar/,HUMR,Human Rights Issues,2017-10-18,citizenlab,Women's rights
http://www.defendingwomen-defendingrights.org/,HUMR,Human Rights Issues,2014-04-15,citizenlab,
http://www.demokwt.org/,POLR,Political Criticism,2014-04-15,citizenlab,
http://www.donia-alyoum.com/,NEWS,News Media,2017-10-18,citizenlab,
http://www.drahmadnofal.com/,POLR,Political Criticism,2017-10-18,citizenlab,
http://www.dw.com/ar,NEWS,News Media,2017-10-18,citizenlab,German news service
http://www.ead.ae/,ENV,Environment,2014-04-15,citizenlab,
http://www.elaph.com/,NEWS,News Media,2014-04-15,citizenlab,
http://www.emasc-uae.com/,NEWS,News Media,2017-10-18,citizenlab,
http://www.emirates71.org/,POLR,Political Criticism,2017-10-18,citizenlab,
http://www.enferaad.com/default2.aspx?cid=-1,NEWS,News Media,2017-10-18,citizenlab,
http://www.equalitynow.org/,HUMR,Human Rights Issues,2014-04-15,citizenlab,
http://www.equalpowerlastingpeace.org/ar/,HUMR,Human Rights Issues,2017-10-18,citizenlab,Women's rights
http://www.eremnews.com/,NEWS,News Media,2017-10-18,citizenlab,Arab news portal
http://www.eslah.com/,POLR,Political Criticism,2014-04-15,citizenlab,
http://www.euromedrights.net/,HUMR,Human Rights Issues,2014-04-15,citizenlab,
http://www.evemodels.com/,DATE,Online Dating,2014-04-15,citizenlab,
http://www.extratorrent.com/,FILE,File-sharing,2017-10-18,citizenlab,
http://www.eyoon.com/,SRCH,Search Engines,2014-04-15,citizenlab,
http://www.ezawaj.com/,DATE,Online Dating,2014-04-15,citizenlab,
https://www.facebook.com/ArabAtheistBroadcasting/,REL,Religion,2017-10-18,citizenlab,Arab atheists
https://www.facebook.com/Dr.AhmadNofal/,POLR,Political Criticism,2017-10-18,citizenlab,
https://www.facebook.com/DrBakkar1/,POLR,Political Criticism,2017-10-18,citizenlab,
https://www.facebook.com/Egypt.President.Morsi/,POLR,Political Criticism,2017-10-18,citizenlab,
https://www.facebook.com/GayStarNews/,LGBT,LGBT,2017-10-18,citizenlab,
https://www.facebook.com/IkhwanWorld/,POLR,Political Criticism,2017-10-18,citizenlab,
https://www.facebook.com/Il7ad/,REL,Religion,2017-10-18,citizenlab,Arab atheists
https://www.facebook.com/TheEnlightenedMinds/,LGBT,LGBT,2017-10-18,citizenlab,
https://www.facebook.com/bostan.ikhwan/,POLR,Political Criticism,2017-10-18,citizenlab,
https://www.facebook.com/humanlineorganization,HUMR,Human Rights Issues,2017-10-18,citizenlab,
https://www.facebook.com/rwanyouns/,LGBT,LGBT,2017-10-18,citizenlab,
http://www.faithfreedom.org/,REL,Religion,2017-10-18,citizenlab,Faith Freedom International - grassroots movement of ex-Muslims
http://www.flickr.com/photos/miskan/4581554/,LGBT,LGBT,2014-04-15,citizenlab,
http://www.france24.com/,NEWS,News Media,2017-10-18,citizenlab,France 24 news service
http://www.frankom.com/,NEWS,News Media,2017-10-18,citizenlab,
http://www.freearabvoice.org/,POLR,Political Criticism,2014-04-15,citizenlab,
http://www.freedomhouse.org/,HUMR,Human Rights Issues,2014-04-15,citizenlab,
http://www.freemuslim.org/,HUMR,Human Rights Issues,2014-04-15,citizenlab,
http://www.freemuslim.org/ahluo%20al-baite/main.htm,HUMR,Human Rights Issues,2014-04-15,citizenlab,
http://www.friendfinder.com/,DATE,Online Dating,2014-04-15,citizenlab,
http://www.fulltiltpoker.com/,GMB,Gambling,2017-10-18,citizenlab,
http://www.g9g.com/,GAME,Gaming,2014-04-15,citizenlab,
http://www.galilcol.ac.il/,GOVT,Government,2017-10-18,citizenlab,International Management Institute
http://www.globalfundforwomen.org/,HUMR,Human Rights Issues,2017-10-18,citizenlab,Women's rights
http://www.globalgayz.com/,LGBT,LGBT,2014-04-15,citizenlab,
http://www.globalgayz.com/kuwait-news.html,LGBT,LGBT,2014-04-15,citizenlab,
http://www.globalgayz.com/yemen-news.html,LGBT,LGBT,2014-04-15,citizenlab,
https://www.google.co.il/,SRCH,Search Engines,2017-10-18,citizenlab,Google Israel
https://www.google.com/earth/,CTRL,Control content,2017-10-18,citizenlab,Google Earth
http://www.greenbo.co.il/,CTRL,Control content,2017-10-18,citizenlab,Greenbo Gardening Store
http://www.greenline.com.kw/,ENV,Environment,2014-04-15,citizenlab,
http://www.h-alali.net/,POLR,Political Criticism,2014-04-15,citizenlab,
http://www.haaretz.co.il/,NEWS,News Media,2017-10-18,citizenlab,Israeli Web site
http://www.hadash.org.il/,POLR,Political Criticism,2017-10-18,citizenlab,Israeli Web site
http://www.haifawehbe.com/,NEWS,News Media,2014-04-15,citizenlab,
http://www.haya.org/,HUMR,Human Rights Issues,2014-04-15,citizenlab,
http://www.heart2heart.com/,DATE,Online Dating,2014-04-15,citizenlab,
http://www.hri.ca/,HUMR,Human Rights Issues,2014-04-15,citizenlab,
http://www.hrw.org/ar,HUMR,Human Rights Issues,2017-10-18,citizenlab,
https://www.hrw.org/middle-east/n-africa/kuwait,HUMR,Human Rights Issues,2017-10-18,citizenlab,
http://www.huffpostarabi.com/,NEWS,News Media,2017-10-18,citizenlab,Huff Post Arabic
http://www.humum.net/,HUMR,Human Rights Issues,2014-04-15,citizenlab,
http://www.humum.net/country/main.php?id=kuwait,HUMR,Human Rights Issues,2014-04-15,citizenlab,
http://www.ibwgdubai.com/,HUMR,Human Rights Issues,2017-10-18,citizenlab,Women's rights
http://www.icarda.org/,ENV,Environment,2014-04-15,citizenlab,
http://www.icmkw.org/,POLR,Political Criticism,2014-04-15,citizenlab,
http://www.icw-cif.org/,HUMR,Human Rights Issues,2017-10-18,citizenlab,Women's rights
http://www.idf.il/,GOVT,Government,2017-10-18,citizenlab,Israeli Web site
http://www.ikhwanonline.com/,NEWS,News Media,2017-10-18,citizenlab,
http://www.ikhwantube.com/,NEWS,News Media,2017-10-18,citizenlab,
http://www.ikhwanweb.com/,POLR,Political Criticism,2014-04-15,citizenlab,Opposition political party
http://www.il7ad.com/,REL,Religion,2017-10-18,citizenlab,Arab atheists
https://www.il7ad.org/vb/index.php,REL,Religion,2017-10-18,citizenlab,Arab atheists
http://www.independentdubaiescorts.com/,PORN,Pornography,2017-10-18,citizenlab,Escort services
http://www.iraqiwomensleague.com/,HUMR,Human Rights Issues,2017-10-18,citizenlab,Women's rights
http://www.irshadmanji.com/,REL,Religion,2014-04-15,citizenlab,
http://www.is-sw.net/,HACK,Hacking Tools,2014-04-15,citizenlab,
http://www.isa.gov.il/,GOVT,Government,2017-10-18,citizenlab,Israeli Securities Authority
http://www.islamcvoice.com/,NEWS,News Media,2014-04-15,citizenlab,
http://www.islammemo.cc/,NEWS,News Media,2014-04-15,citizenlab,
http://www.islamonline.net/,NEWS,News Media,2017-10-18,citizenlab,Regional Arabic online news portal
http://www.islamreview.com/,REL,Religion,2017-10-18,citizenlab,
http://www.islamtoday.net/,NEWS,News Media,2017-10-18,citizenlab,Regional news portal from Islamist's point of view
http://www.islamway.com/,REL,Religion,2017-10-18,citizenlab,Islam Way
http://www.israel.com/,GOVT,Government,2017-10-18,citizenlab,Israeli Web site
http://www.ivillage.com/,HUMR,Human Rights Issues,2017-10-18,citizenlab,
http://www.j-c-w.org/,HUMR,Human Rights Issues,2017-10-18,citizenlab,Women's rights
http://www.jaridatcom.com/,NEWS,News Media,2017-10-18,citizenlab,
http://www.jihadwatch.org/,NEWS,News Media,2014-04-15,citizenlab,
http://www.jsoftj.com/,FILE,File-sharing,2014-04-15,citizenlab,
http://www.kalema.net/,NEWS,News Media,2017-10-18,citizenlab,
http://www.kathima.com/,NEWS,News Media,2017-10-18,citizenlab,
http://www.kayan.org.il/ar/,HUMR,Human Rights Issues,2017-10-18,citizenlab,Women's rights
http://www.khrn.net/,HUMR,Human Rights Issues,2017-10-18,citizenlab,
http://www.kickasstorrents.com/,FILE,File-sharing,2017-10-18,citizenlab,
http://www.kihr.org/,HUMR,Human Rights Issues,2017-10-18,citizenlab,
http://www.kitabat.com/,NEWS,News Media,2017-10-18,citizenlab,Kitabat (writings)
http://www.knesset.gov.il/,GOVT,Government,2017-10-18,citizenlab,Israeli Web site
http://www.ksaac.org.kw/,HUMR,Human Rights Issues,2017-10-18,citizenlab,
http://www.ktuf.org/,POLR,Political Criticism,2014-04-15,citizenlab,
http://www.ku8na.com/,NEWS,News Media,2017-10-18,citizenlab,
http://www.kuwaitboom.com/,CULTR,Culture,2014-04-15,citizenlab,
http://www.kuwaiten.net/,NEWS,News Media,2017-10-18,citizenlab,
http://www.kuwaitnews.com/,NEWS,News Media,2017-10-18,citizenlab,
http://www.kuwaittimes.net/,NEWS,News Media,2014-04-15,citizenlab,
http://www.kwcpcs.com/,HUMR,Human Rights Issues,2017-10-18,citizenlab,
http://www.ladeeni.net/,REL,Religion,2017-10-18,citizenlab,Arab atheists
http://www.lahamag.com/Global,HUMR,Human Rights Issues,2017-10-18,citizenlab,Women's rights
http://www.lahaonline.com/,HUMR,Human Rights Issues,2017-10-18,citizenlab,Women's rights
http://www.lavaplace.com/,LGBT,LGBT,2014-04-15,citizenlab,
http://www.learningpartnership.org/ar,HUMR,Human Rights Issues,2017-10-18,citizenlab,Women's rights
http://www.light-of-life.com/,HUMR,Human Rights Issues,2014-04-15,citizenlab,
http://www.likud.org.il/,GOVT,Government,2017-10-18,citizenlab,Israeli Web site
http://www.mahdi-alumma.com/,REL,Religion,2017-10-18,citizenlab,
http://www.marxy.com/,POLR,Political Criticism,2017-10-18,citizenlab,
http://www.mc-doualiya.com/,NEWS,News Media,2017-10-18,citizenlab,Monte Carlo radio
http://www.memoryatwork.org/,HUMR,Human Rights Issues,2017-10-18,citizenlab,
http://www.mengos.net/,POLR,Political Criticism,2014-04-15,citizenlab,
http://www.mengos.net/arabic/default.asp,POLR,Political Criticism,2014-04-15,citizenlab,
http://www.mepanorama.net/,NEWS,News Media,2017-10-18,citizenlab,
http://www.meretz.org.il/,GOVT,Government,2017-10-18,citizenlab,Israeli Web site
http://www.metransparent.com/,POLR,Political Criticism,2014-04-15,citizenlab,
http://www.metrodate.com/,DATE,Online Dating,2014-04-15,citizenlab,
http://www.metrodate.com/qa/kuwait/,DATE,Online Dating,2014-04-15,citizenlab,
http://www.mfa.gov.il/,GOVT,Government,2017-10-18,citizenlab,Israeli Web site
http://www.middle-east-online.com/,NEWS,News Media,2014-04-15,citizenlab,
http://www.middleeasttransparent.com/,POLR,Political Criticism,2017-10-18,citizenlab,NGO promotes transparency in the middle east
http://www.mod.gov.il/,GOVT,Government,2017-10-18,citizenlab,Ministry of Defense
http://www.mohamoon-kw.com/,HUMR,Human Rights Issues,2014-04-15,citizenlab,
http://www.moqawama.org/,NEWS,News Media,2014-04-15,citizenlab,
http://www.mossad.gov.il/default.aspx,GOVT,Government,2017-10-18,citizenlab,MOSSAD
http://www.mostaqil.org/site/,NEWS,News Media,2017-10-18,citizenlab,
http://www.mousematrix.com/,ANON,Anonymization and circumvention tools,2014-04-15,citizenlab,
http://www.mql.cc/,NEWS,News Media,2017-10-18,citizenlab,
http://www.multaqa.org/,POLR,Political Criticism,2014-04-15,citizenlab,
http://www.nancyajram.com/,NEWS,News Media,2014-04-15,citizenlab,
http://www.naseej.com/,SRCH,Search Engines,2014-04-15,citizenlab,
http://www.nbn.org.il/,GOVT,Government,2017-10-18,citizenlab,Testing of .il tld
http://www.netanyahu.org.il/,GOVT,Government,2017-10-18,citizenlab,Foreign relations and military
http://www.nikahsearch.com/,DATE,Online Dating,2014-04-15,citizenlab,
http://www.noonpost.net/,NEWS,News Media,2017-10-18,citizenlab,Noot Post
http://www.noontidepress.com/,NEWS,News Media,2017-10-18,citizenlab,Institute for Historical Review's publishing arm
http://www.nydailynews.com/news/world/kuwait-developing-gay-detector-test-lgbt-expats-gulf-countrires-article-1.1480804,NEWS,News Media,2017-11-09,citizenlab,
http://www.onlytorrents.com/,FILE,File-sharing,2017-10-18,citizenlab,
http://www.oswego.lib.il.us/,CTRL,Control content,2017-10-18,citizenlab,Illinois Library page
http://www.owam.net/,HUMR,Human Rights Issues,2014-04-15,citizenlab,Women's rights
http://www.palestine-info.info/,MILX,Terrorism and Militants,2014-04-15,citizenlab,
https://www.palinfo.com/,NEWS,News Media,2017-10-18,citizenlab,Palestinian news website
http://www.persga.org/,ENV,Environment,2014-04-15,citizenlab,
http://www.phroon.com/,XED,Sex Education,2014-04-15,citizenlab,
http://www.phroon.com/sex/default.asp,XED,Sex Education,2014-04-15,citizenlab,
http://www.pureprivacy.com/,ANON,Anonymization and circumvention tools,2014-04-15,citizenlab,
http://www.pustq8.com/vb/,POLR,Political Criticism,2014-04-15,citizenlab,
http://www.q8-sons.com/,POLR,Political Criticism,2014-04-15,citizenlab,
http://www.q8dailynews.com/,NEWS,News Media,2017-10-18,citizenlab,
http://www.q8dl3.com/,SRCH,Search Engines,2014-04-15,citizenlab,
http://www.q8feed.net/,NEWS,News Media,2017-10-18,citizenlab,
http://www.q8forever.com/,POLR,Political Criticism,2017-10-18,citizenlab,
http://www.q8girl.com/,HUMR,Human Rights Issues,2014-04-15,citizenlab,Women's rights
http://www.qudspress.com/,NEWS,News Media,2017-10-18,citizenlab,
http://www.raddadi.com/,SRCH,Search Engines,2014-04-15,citizenlab,
http://www.radiosawa.com/,NEWS,News Media,2014-04-15,citizenlab,
http://www.rafael.co.il/,GOVT,Government,2017-10-18,citizenlab,Rafael Advanced Defense Systems
http://www.rafed.net/,POLR,Political Criticism,2014-04-15,citizenlab,
http://www.raihur.com/,POLR,Political Criticism,2014-04-15,citizenlab,
http://www.ramla.muni.il/,GOVT,Government,2017-10-18,citizenlab,Ramla Municipality site
http://www.rasid.com/,HUMR,Human Rights Issues,2017-10-18,citizenlab,Rasid. Shiite Web site
http://www.rasid.net/,POLR,Political Criticism,2017-10-18,citizenlab,Saudi opposition publication
http://www.raslny.com/,COMT,Communication Tools,2014-04-15,citizenlab,
http://www.rassd.com/,NEWS,News Media,2017-10-18,citizenlab,Arab news portal
http://www.raya.com/,NEWS,News Media,2017-10-18,citizenlab,
http://www.reqaba.com/default2.aspx?cid=-1,NEWS,News Media,2017-10-18,citizenlab,
http://www.rezgar.com/,NEWS,News Media,2014-04-15,citizenlab,
http://www.rightsobserver.org/,HUMR,Human Rights Issues,2017-10-18,citizenlab,
http://www.ru4arab.ru/,DATE,Online Dating,2014-04-15,citizenlab,
http://www.sabr.cc/,NEWS,News Media,2017-10-18,citizenlab,
http://www.salmeen.net/,CULTR,Culture,2014-04-15,citizenlab,
http://www.sasapost.com/,NEWS,News Media,2017-10-18,citizenlab,Sasa Post
http://www.science.co.il/,GOVT,Government,2017-10-18,citizenlab,Israel Science and Technology
http://www.secularislam.org/,REL,Religion,2014-04-15,citizenlab,
http://www.secularkuwait.net/,NEWS,News Media,2014-04-15,citizenlab,
http://www.sendbad.net/,SRCH,Search Engines,2014-04-15,citizenlab,
http://www.shaddeh.com/,GAME,Gaming,2014-04-15,citizenlab,
http://www.shaharah.net/,NEWS,News Media,2017-10-18,citizenlab,Shaharah news portal
http://www.shiaweb.org/v2/index.html,HUMR,Human Rights Issues,2014-04-15,citizenlab,Minority rights and ethnic content
http://www.sistersunited.org/,HUMR,Human Rights Issues,2017-10-18,citizenlab,Women's rights
http://www.skynewsarabia.com/web/home,NEWS,News Media,2017-10-18,citizenlab,Sky News Arabia
http://www.sodomylaws.org/,LGBT,LGBT,2014-04-15,citizenlab,
http://www.soutalkuwait.com/,HUMR,Human Rights Issues,2017-10-18,citizenlab,
http://www.spiegel.de/,LGBT,LGBT,2014-04-15,citizenlab,
http://www.sqlserver.co.il/,CTRL,Control content,2017-10-18,citizenlab,SQL Server.il
http://www.state.gov/g/drl/rls/hrrpt/2006/78856.htm,HUMR,Human Rights Issues,2014-04-15,citizenlab,
http://www.sumotorrent.com/,FILE,File-sharing,2017-10-18,citizenlab,
http://www.sx-education.org/,XED,Sex Education,2014-04-15,citizenlab,
https://www.tacticaltech.org/,NEWS,News Media,2017-10-18,citizenlab,
http://www.taqrir.org/,NEWS,News Media,2014-04-15,citizenlab,U.S.-based research organization
http://www.tarjem.com/,COMT,Communication Tools,2014-04-15,citizenlab,
http://www.the-good-way.com/,REL,Religion,2014-04-15,citizenlab,
http://www.theahafoundation.org/,HUMR,Human Rights Issues,2017-10-18,citizenlab,Women's rights
http://www.thegrace.com/,REL,Religion,2014-04-15,citizenlab,
http://www.theguardian.com/tone/blog,NEWS,News Media,2017-10-18,citizenlab,Guardian blog
http://www.thekoran.com/,REL,Religion,2014-04-15,citizenlab,
http://www.thenewkhalij.net/,NEWS,News Media,2017-10-18,citizenlab,Political news and views
https://www.theonion.com/kuwait-deploys-troop-1819587298,CULTR,Culture,2017-11-09,citizenlab,
https://www.theonion.com/kuwait-to-medically-detect-gay-visitors-expel-them-1819561916,CULTR,Culture,2017-11-09,citizenlab,
http://www.thepiratebay.org/,FILE,File-sharing,2017-10-18,citizenlab,
http://www.thereligionofpeace.com/,REL,Religion,2017-10-18,citizenlab,
http://www.timesofisrael.com/,GOVT,Government,2017-10-18,citizenlab,Times of Israel
http://www.torrentcrazy.com/,FILE,File-sharing,2017-10-18,citizenlab,
http://www.torrentdownloads.net/,FILE,File-sharing,2017-10-18,citizenlab,
http://www.torrentreactor.net/,FILE,File-sharing,2017-10-18,citizenlab,
http://www.torrentz.com/,FILE,File-sharing,2017-10-18,citizenlab,
http://www.toystore.co.il/,GOVT,Government,2017-10-18,citizenlab,Israeli Web site
https://www.un.org/ecosoc/fr/,HUMR,Human Rights Issues,2017-10-18,citizenlab,Women's rights
http://www.undp-pogar.org/,POLR,Political Criticism,2014-04-15,citizenlab,
http://www.undp-pogar.org/arabic/,POLR,Political Criticism,2014-04-15,citizenlab,
http://www.unesco.org/,ENV,Environment,2014-04-15,citizenlab,
http://www.vip4soft.com/,FILE,File-sharing,2014-04-15,citizenlab,
http://www.watan.com/,NEWS,News Media,2017-10-18,citizenlab,
http://www.watanserb.com/,NEWS,News Media,2017-10-18,citizenlab,
http://www.wavo.org/,HUMR,Human Rights Issues,2017-10-18,citizenlab,Women's rights
http://www.wclac.org/,HUMR,Human Rights Issues,2017-10-18,citizenlab,Women's rights
http://www.wluml.org/ar,HUMR,Human Rights Issues,2017-10-18,citizenlab,Women's rights
http://www.worldsexguide.com/,DATE,Online Dating,2014-04-15,citizenlab,
http://www.worldsexguide.com/guide/Middle_East/Kuwait/index.htm,DATE,Online Dating,2014-04-15,citizenlab,
http://www.wtb.org.il/arabic/,HUMR,Human Rights Issues,2017-10-18,citizenlab,Women's rights
http://www.yahosein.com/,HUMR,Human Rights Issues,2014-04-15,citizenlab,
https://www.youtube.com/user/freedomforgays,LGBT,LGBT,2017-10-18,citizenlab,
http://www.zawadj.net/,DATE,Online Dating,2014-04-15,citizenlab,
http://www.zawagislamy.com/,DATE,Online Dating,2017-10-18,citizenlab,"""Islamic"" dating service"
