url,category_code,category_description,date_added,source,notes
http://www.ilovehiphopinmorocco.com/,CULTR,Culture,2014-04-15,citizenlab,The website is classifying hip hop music in Morocco
http://www.ircam.ma/,GOVT,Government,2014-04-15,citizenlab,The website of the Royal Institute of the Amazigh Culture is under a royal decree of King Mohammed VI (Dahir (royal decree) number 1-01-299)
http://www.amazighworld.org/,HUMR,Human Rights Issues,2014-04-15,citizenlab,The website has a whole section on human rights of amazigh in Morocco and its the most updated section
http://www.saharalibre.es/,POLR,Political Criticism,2014-04-15,citizenlab,"The website provides context, news and a forum for the Sahara issue"
http://www.profesionalespcm.org/,POLR,Political Criticism,2014-04-15,citizenlab,"The website description ""Web site for information, training, debate and revolutionary, multidisciplinary, ecologist, humanist, scientific, anti-capitalist and Marxist collective action of the NUCLEUS OF PROFESSIONALS AND TECHNICIANS of the Communist Party of Madrid -"""
http://www.ahewar.org/,POLR,Political Criticism,2014-04-15,citizenlab,could be news and media but more its political criticism
http://www.sg-ecam.org/,REL,Religion,2014-04-15,citizenlab,"This is website about catholic education in Morocco, schools, programs, history, activities, etc"
http://www.mimouna.net/,REL,Religion,2014-04-15,citizenlab,"The website is about Jewish in Morocco history, tradition, culture, etc"
http://www.faithfreedom.org/,REL,Religion,2014-04-15,citizenlab,The website is anti Islam website
http://www.dioceserabat.org/,REL,Religion,2014-04-15,citizenlab,The website is CATHOLIC CHURCH IN MOROCCO
http://www.bahai.com/,REL,Religion,2014-04-15,citizenlab,
http://www.bahai-faith.org/,REL,Religion,2014-04-15,citizenlab,
http://www.intifadamay.com/,NEWS,News Media,2014-04-15,citizenlab,"The website covers news on the what it described as ""occupied land"" refering to western Sahara. The website was last saved on internet archive in December 2018 but currently the server is not functioning. "
http://www.sahara-occidental.com/,CULTR,Culture,2014-04-15,citizenlab,The website is not a media website but rather a documentation of the history behind the western Sahara in Morocco/ its also have not been updated since 2006
http://www.vastsahara.org/,POLR,Political Criticism,2014-04-15,citizenlab,"This the website of Swedish Solidarity movenment with Western Sahara"
https://www.vest-sahara.no/,POLR,Political Criticism,2014-04-15,citizenlab,The website is for Norwegian Solidarity movenment with Western Sahara
https://www.congres-mondial-amazigh.org/,HUMR,Human Rights Issues,2014-04-15,citizenlab,The website is for an NGO that promotes and defend amazigh rights
https://dafina.net/,REL,Religion,2014-04-15,citizenlab,The website is a network of Jewish Moroccons to meet and promote their culture
https://www.alamana.org.ma/,ECON,Economics,2014-04-15,citizenlab,
https://www.pjd.ma/,POLR,Political Criticism,2014-04-15,citizenlab,
https://www.ikhwanonline.com/,POLR,Political Criticism,2014-04-15,citizenlab,
https://attacmaroc.org/,POLR,Political Criticism,2014-04-15,citizenlab,
https://highatlasfoundation.org/,ENV,Environment,2014-04-15,citizenlab,
https://www.yabiladi.com/,NEWS,News Media,2014-04-15,citizenlab,
https://www.spsrasd.info/,NEWS,News Media,2014-04-15,citizenlab,
https://www.saharamedias.net/,NEWS,News Media,2014-04-15,citizenlab,
https://www.hespress.com/,NEWS,News Media,2014-04-15,citizenlab,
https://unem.net/,NEWS,News Media,2014-04-15,citizenlab,
https://saharaoccidental.blogspot.com/,NEWS,News Media,2014-04-15,citizenlab,
https://nawaat.org/portail/,NEWS,News Media,2014-04-15,citizenlab,
https://maroc-hebdo.press.ma/,NEWS,News Media,2014-04-15,citizenlab,
https://www.ikhwanweb.com/,POLR,Political Criticism,2014-04-15,citizenlab,
https://www.aljamaa.net/,POLR,Political Criticism,2014-04-15,citizenlab,
https://www.arabicbible.com/,REL,Religion,2014-04-15,citizenlab,
https://www.alnour.com/,REL,Religion,2014-04-15,citizenlab,
https://the-good-way.com/,REL,Religion,2014-04-15,citizenlab,
https://www.sahab.net/,MILX,Terrorism and Militants,2014-04-15,citizenlab,monitor
http://www.omdh.org/,HUMR,Human Rights Issues,2014-04-15,citizenlab,problem with site. Keep monitoring
http://www.mondeberbere.com/,NEWS,News Media,2014-04-15,citizenlab,problem with site. Keep monitoring
http://www.upes.org/,NEWS,News Media,2014-04-15,citizenlab,problem with site. Keep monitoring
http://goufia.blogspot.com/,NEWS,News Media,2014-04-15,citizenlab,problem with site. Keep monitoring
http://www.saharamarathon.org/,HUMR,Human Rights Issues,2014-04-15,citizenlab,
http://www.tamazgha.fr/,NEWS,News Media,2014-04-15,citizenlab,
http://www.emarrakech.info/,NEWS,News Media,2014-04-15,citizenlab,
http://www.arso.org/,NEWS,News Media,2014-04-15,citizenlab,
http://www.algerie-dz.com/,NEWS,News Media,2014-04-15,citizenlab,Algerian News
http://telexpresse.com/,NEWS,News Media,2014-04-15,citizenlab,
http://riadzany.blogspot.com/,NEWS,News Media,2014-04-15,citizenlab,
http://www.rami.tv/,POLR,Political Criticism,2014-04-15,citizenlab,
http://www.alislah.ma/,POLR,Political Criticism,2014-04-15,citizenlab,
http://annahjaddimocrati.org/,POLR,Political Criticism,2014-04-15,citizenlab,
http://www.thequran.com/,REL,Religion,2014-04-15,citizenlab,
http://www.thekoran.com/,REL,Religion,2014-04-15,citizenlab,
http://www.nicolas.ma/,ALDR,Alcohol & Drugs,2019-07-09,Netalitica,
https://www.drinks.ma/,ALDR,Alcohol & Drugs,2019-07-09,Netalitica,
https://www.lesvignesdelagdal.com/,ALDR,Alcohol & Drugs,2019-07-09,Netalitica,
https://www.solostocks.ma/,ALDR,Alcohol & Drugs,2019-07-09,Netalitica,Online marketplace that sells alcohol
https://www.adam-boissons.fr/,ALDR,Alcohol & Drugs,2019-07-09,Netalitica,Online marketplace
https://www.cyber-arabs.com/,ANON,Anonymization and circumvention tools,2019-07-09,Netalitica,
https://mahjooob.com/,ANON,Anonymization and circumvention tools,2019-07-09,Netalitica,
https://www.toopenblockedsites.com/,ANON,Anonymization and circumvention tools,2019-07-09,Netalitica,
http://www.arabprogs.com/,ANON,Anonymization and circumvention tools,2019-07-09,Netalitica,
https://www.arabichotspotshield.com/,ANON,Anonymization and circumvention tools,2019-07-09,Netalitica,
https://nottrees.com/,ANON,Anonymization and circumvention tools,2019-07-09,Netalitica,
https://salamatechwiki.org/,ANON,Anonymization and circumvention tools,2019-07-09,Netalitica,
https://www.salamatech.org/,ANON,Anonymization and circumvention tools,2019-07-09,Netalitica,
https://weneedprivacy.com/,ANON,Anonymization and circumvention tools,2019-07-09,Netalitica,
https://kaserproxy.net/,ANON,Anonymization and circumvention tools,2019-07-09,Netalitica,
https://xn--ngbsg7dyao.xyz/,ANON,Anonymization and circumvention tools,2019-07-09,Netalitica,
http://www.proxyarab.com/,ANON,Anonymization and circumvention tools,2019-07-09,Netalitica,
https://www.proteachin.com/,ANON,Anonymization and circumvention tools,2019-07-09,Netalitica,
https://asl19.org/ar/,ANON,Anonymization and circumvention tools,2019-07-09,Netalitica,
https://www.aliexpress.com/,COMM,E-commerce,2019-07-09,Netalitica,Online Marketplace available in Morocco
https://www.avito.ma/,COMM,E-commerce,2019-07-09,Netalitica,Online Marketplace/ Morocco
https://www.jumia.ma/,COMM,E-commerce,2019-07-09,Netalitica,Online Marketplace/ Morocco
http://alwadifa-maroc.com/,COMM,E-commerce,2019-07-09,Netalitica,Employment website/ Morocco
https://www.marocannonces.com/,COMM,E-commerce,2019-07-09,Netalitica,Online Marketplace/ Morocco
https://www.moteur.ma/,COMM,E-commerce,2019-07-09,Netalitica,Online Marketplace/ Morocco
https://www.telecontact.ma/,COMM,E-commerce,2019-07-09,Netalitica,Directory of Professional Contacts/ Morocco
https://www.hooplacar.com/,COMM,E-commerce,2019-07-09,Netalitica,a service for car drivers to use their car for advertising based in Morocco
https://www.jobi.ma/,COMM,E-commerce,2019-07-09,Netalitica,Employment website/ Morocco
http://hmizate.ma/,COMM,E-commerce,2019-07-09,Netalitica,travel related services in Morocco
https://www.dabadoc.com/,COMM,E-commerce,2019-07-09,Netalitica,Medical Services
https://www.waystocap.com/,COMM,E-commerce,2019-07-09,Netalitica,Online Marketplace
https://www.mazone.ma/,COMM,E-commerce,2019-07-09,Netalitica,Online Marketplace
https://www.vetement.ma/,COMM,E-commerce,2019-07-09,Netalitica,Online Marketplace
https://www.upcvup.com/,COMM,E-commerce,2019-07-09,Netalitica,Professional CV service
https://www.viviano.ma/,COMM,E-commerce,2019-07-09,Netalitica,Online Marketplace
http://www.cuirandcuir.com/,COMM,E-commerce,2019-07-09,Netalitica,Online Marketplace
https://mymarket.ma/,COMM,E-commerce,2019-07-09,Netalitica,Online marketplace
https://vendo.ma/,COMM,E-commerce,2019-07-09,Netalitica,Online marketplace
https://3tlh.com/,COMM,E-commerce,2019-07-09,Netalitica,
http://www.adaminstitute.org.il/,HUMR,Human Rights Issues,2019-07-09,Netalitica,Israeli organization that works on peace building
http://www.minculture.gov.ma/,CTRL,Control content,2019-07-09,Netalitica,
http://www.environnement.gov.ma/,GOVT,Government,2019-07-09,Netalitica,
http://www.parlement.ma/,GOVT,Government,2019-07-09,Netalitica,
http://www.snrt.ma/,NEWS,News Media,2019-07-09,Netalitica,
https://www.oncf.ma/,COMM,E-commerce,2019-07-09,Netalitica,railway company
http://www.casablanca-bourse.com/,COMM,E-commerce,2019-07-09,Netalitica,
https://lalcazar.com/,CTRL,Control content,2019-07-09,Netalitica,
http://www.petra.gov.jo/,NEWS,News Media,2019-07-09,Netalitica,Jordan news agency
https://www.racines.ma/,CULTR,Culture,2019-07-09,Netalitica,a culutral association based in Casablanca. in 2018 authorities issued a dissolution order against it
https://www.marefa.org/,CULTR,Culture,2019-07-09,Netalitica,
https://zamane.ma/,CULTR,Culture,2019-07-09,Netalitica,a Moroccan magazine that focuses on history
http://cimaclub.com/,CULTR,Culture,2019-07-09,Netalitica,showing within top visited sites in Morocco
https://alazmina.com/,CULTR,Culture,2019-07-09,Netalitica,
http://www.adab.com/,CULTR,Culture,2019-07-09,Netalitica,
https://mawdoo3.com/,CULTR,Culture,2019-07-09,Netalitica,
https://www.aljasraculture.com/,CULTR,Culture,2019-07-09,Netalitica,
https://www.diwanalarab.com/,CULTR,Culture,2019-07-09,Netalitica,
https://www.aldiwan.net/,CULTR,Culture,2019-07-09,Netalitica,
https://www.arabculturefund.org/,CULTR,Culture,2019-07-09,Netalitica,
https://www.aljabriabed.net/,CULTR,Culture,2019-07-09,Netalitica,
https://artify.tn/,CULTR,Culture,2019-07-09,Netalitica,Streaming films online/ Tunisian Website
https://www.cinetrafic.fr/,CULTR,Culture,2019-07-09,Netalitica,films from Morocco
http://www.alapn.co/,CULTR,Culture,2019-07-09,Netalitica,
https://www.ccm.ma/,CULTR,Culture,2019-07-09,Netalitica,
https://aladabia.net/,CULTR,Culture,2019-07-09,Netalitica,
http://www.aslim.ma/,CULTR,Culture,2019-07-09,Netalitica,
http://www.archivesdumaroc.ma/,CULTR,Culture,2019-07-09,Netalitica,
http://www.yennayri.com/,CULTR,Culture,2019-07-09,Netalitica,
http://www.blafrancia.com/,CULTR,Culture,2019-07-09,Netalitica,
http://www.casamemoire.org/,CULTR,Culture,2019-07-09,Netalitica,
https://www.rabatsalememoire.com/,CULTR,Culture,2019-07-09,Netalitica,
https://www.theatrenomade.com/,CULTR,Culture,2019-07-09,Netalitica,
http://www.nomad-maroc.org/,CULTR,Culture,2019-07-09,Netalitica,
http://www.theatredelopprime.com/,CULTR,Culture,2019-07-09,Netalitica,
http://www.associationbouregreg.ma/,CULTR,Culture,2019-07-09,Netalitica,
https://ueimag.blogspot.com/,CULTR,Culture,2019-07-09,Netalitica,
http://www.mohamed-dahi.net/,CULTR,Culture,2019-07-09,Netalitica,
https://www.karimaskalli.com/,CULTR,Culture,2019-07-09,Netalitica,
http://www.qabaqaosayn.com/,CULTR,Culture,2019-07-09,Netalitica,
https://cine-philia.com/,CULTR,Culture,2019-07-09,Netalitica,
https://www.maroczik.ma/,CULTR,Culture,2019-07-09,Netalitica,
http://www.andalusite.ma/,CULTR,Culture,2019-07-09,Netalitica,
https://www.sayidaty.net/,CULTR,Culture,2019-07-09,Netalitica,
https://www.lalamoulati.net/,CULTR,Culture,2019-07-09,Netalitica,
https://www.fidiwstafidi.com/,CULTR,Culture,2019-07-09,Netalitica,
https://www.lallafatema.ma/,CULTR,Culture,2019-07-09,Netalitica,
http://www.lalafatima.ma/,CULTR,Culture,2019-07-09,Netalitica,
https://lalaplus.ma/,CULTR,Culture,2019-07-09,Netalitica,
https://meemmagazine.net/,CULTR,Culture,2019-07-09,Netalitica,
https://www.chhiwati.com/,CULTR,Culture,2019-07-09,Netalitica,
http://www.elmaraa.net/,CULTR,Culture,2019-07-09,Netalitica,
https://www.arab-lady.com/,CULTR,Culture,2019-07-09,Netalitica,
https://www.buzzarab.com/,DATE,Online Dating,2019-07-09,Netalitica,
https://www.zwjate.com/,DATE,Online Dating,2019-07-09,Netalitica,
https://www.zfafna.com/,DATE,Online Dating,2019-07-09,Netalitica,
https://www.maroc-dating.com/,DATE,Online Dating,2019-07-09,Netalitica,
https://www.k-numbers.com/,DATE,Online Dating,2019-07-09,Netalitica,
http://zwaj-moroco.com/,DATE,Online Dating,2019-07-09,Netalitica,
http://www.21za.com/,DATE,Online Dating,2019-07-09,Netalitica,
https://msyaronline.com/,DATE,Online Dating,2019-07-09,Netalitica,
http://www.dddating.com/,DATE,Online Dating,2019-07-09,Netalitica,
https://ghrami.com/,DATE,Online Dating,2019-07-09,Netalitica,
http://www.zwag123.ga/,DATE,Online Dating,2019-07-09,Netalitica,
http://www.alzwaaj.com/,DATE,Online Dating,2019-07-09,Netalitica,
https://zawagmsyar.com/,DATE,Online Dating,2019-07-09,Netalitica,
http://www.mza3et.com/,DATE,Online Dating,2019-07-09,Netalitica,
http://www.arab-marriage.com/,DATE,Online Dating,2019-07-09,Netalitica,
https://www.zawag.org/,DATE,Online Dating,2019-07-09,Netalitica,
https://www.anawenti.com/,DATE,Online Dating,2019-07-09,Netalitica,
https://www.talabatzawaj.com/,DATE,Online Dating,2019-07-09,Netalitica,
http://www.tweeeti.com/,DATE,Online Dating,2019-07-09,Netalitica,
https://www.k-banat.com/,DATE,Online Dating,2019-07-09,Netalitica,
https://www.wikizawaj.com/,DATE,Online Dating,2019-07-09,Netalitica,
https://www.ilboursa.com/,ECON,Economics,2019-07-09,Netalitica,Economic news based in Tunisia and covers Morocco
https://www.medias24.com/,ECON,Economics,2019-07-09,Netalitica,News website in Morocco
https://www.leconomiste.com/,ECON,Economics,2019-07-09,Netalitica,
http://economie-entreprises.com/,ECON,Economics,2019-07-09,Netalitica,
http://www.cgem.ma/,ECON,Economics,2019-07-09,Netalitica,
https://www.challenge.ma/,ECON,Economics,2019-07-09,Netalitica,
https://www.libe.ma/,ECON,Economics,2019-07-09,Netalitica,
https://www.leseco.ma/,ECON,Economics,2019-07-09,Netalitica,
http://smartpassiveincomearab.com/,ECON,Economics,2019-07-09,Netalitica,
https://www.arabianbusiness.com/,ECON,Economics,2019-07-09,Netalitica,
https://www.zawya.com/,ECON,Economics,2019-07-09,Netalitica,
https://www.forbesmiddleeast.com/,ECON,Economics,2019-07-09,Netalitica,
http://www.aleqt.com/,ECON,Economics,2019-07-09,Netalitica,
https://www.cnbcarabia.com/,ECON,Economics,2019-07-09,Netalitica,
https://www.moroccoworldnews.com/,ECON,Economics,2019-07-09,Netalitica,
https://amwal-mag.com/,ECON,Economics,2019-07-09,Netalitica,
https://menafn.com/,ECON,Economics,2019-07-09,Netalitica,
http://www.moroccobusinessnews.com/,ECON,Economics,2019-07-09,Netalitica,
https://www.africanbusinesscentral.com/,ECON,Economics,2019-07-09,Netalitica,
http://www.moroccotomorrow.org/,ECON,Economics,2019-07-09,Netalitica,
https://siyada.org/,ENV,Environment,2019-07-09,Netalitica,North African Network for Food Sovereignty
https://ecologie.ma/,ENV,Environment,2019-07-09,Netalitica,Environmental website
http://www.aesvtmaroc.org/,ENV,Environment,2019-07-09,Netalitica,Environmental Association
http://www.surfridermaroc.com/,ENV,Environment,2019-07-09,Netalitica,Environmental Association
http://www.levert.ma/,ENV,Environment,2019-07-09,Netalitica,Environmental website
http://marsadtanger.org/,ENV,Environment,2019-07-09,Netalitica,Environmental Association
https://www.fm6e.org/,ENV,Environment,2019-07-09,Netalitica,
https://www.4c.ma/,ENV,Environment,2019-07-09,Netalitica,
https://naturemena.com/,ENV,Environment,2019-07-09,Netalitica,
https://acwua.org/,ENV,Environment,2019-07-09,Netalitica,
http://www.arabwatercouncil.org/,ENV,Environment,2019-07-09,Netalitica,
https://www.alsindibad.com/,FILE,File-sharing,2019-07-09,Netalitica,
https://ar4up.com/,FILE,File-sharing,2019-07-09,Netalitica,
http://www.th3download.com/,FILE,File-sharing,2019-07-09,Netalitica,
https://www.downloadxdriver.com/,FILE,File-sharing,2019-07-09,Netalitica,
http://www.arabyarea.com/,FILE,File-sharing,2019-07-09,Netalitica,
https://www.bramjfreee.com/,FILE,File-sharing,2019-07-09,Netalitica,
https://www.arbprograms.com/,FILE,File-sharing,2019-07-09,Netalitica,
http://www.5-yal.com/,FILE,File-sharing,2019-07-09,Netalitica,
http://multkasoft.com/,FILE,File-sharing,2019-07-09,Netalitica,
https://www.androidapps-ar.com/,FILE,File-sharing,2019-07-09,Netalitica,
https://technoarabi.com/,FILE,File-sharing,2019-07-09,Netalitica,
https://www.alarabydownloads.com/,FILE,File-sharing,2019-07-09,Netalitica,
https://www.mo7pro.com/,FILE,File-sharing,2019-07-09,Netalitica,
http://shamela.ws/index.php/,FILE,File-sharing,2019-07-09,Netalitica,
https://www.esm3.com/,FILE,File-sharing,2019-07-09,Netalitica,
https://www.bramjzone.com/,FILE,File-sharing,2019-07-09,Netalitica,
https://www.downloadprogramsline.com/,FILE,File-sharing,2019-07-09,Netalitica,
https://www.mohmal.com/,FILE,File-sharing,2019-07-09,Netalitica,
https://bramjmyegy.co/,FILE,File-sharing,2019-07-09,Netalitica,
http://www.doniacomputer.com/,FILE,File-sharing,2019-07-09,Netalitica,
https://www.gulf-up.com/,FILE,File-sharing,2019-07-09,Netalitica,
https://wetransfer.com/,FILE,File-sharing,2019-07-09,Netalitica,
http://www.playmaroc.com/,GAME,Gaming,2019-07-09,Netalitica,
https://www.tamgame.com/,GAME,Gaming,2019-07-09,Netalitica,
https://www.pubgmobile.com/,GAME,Gaming,2019-07-09,Netalitica,
http://www.ar.obfog.com/,GAME,Gaming,2019-07-09,Netalitica,
http://game-game.ma/,GAME,Gaming,2019-07-09,Netalitica,
http://www.337.com/ar/minigame/,GAME,Gaming,2019-07-09,Netalitica,
https://viptarneeb.com/,GAME,Gaming,2019-07-09,Netalitica,
https://www.jawaker.com/,GAME,Gaming,2019-07-09,Netalitica,
https://www.gamku.com/,GAME,Gaming,2019-07-09,Netalitica,
https://chessduo.com/ar/,GAME,Gaming,2019-07-09,Netalitica,
https://www.gamessakhr.com/,GAME,Gaming,2019-07-09,Netalitica,
https://www.gmajid.com/,GAME,Gaming,2019-07-09,Netalitica,
http://agdn-online.com/,GAME,Gaming,2019-07-09,Netalitica,
https://moroccogamerstore.ma/,GAME,Gaming,2019-07-09,Netalitica,
https://www.pcgamer.ma/,GAME,Gaming,2019-07-09,Netalitica,
https://playstore.ma/,GAME,Gaming,2019-07-09,Netalitica,
https://www.sorec.ma/,GMB,Gambling,2019-07-09,Netalitica,
http://www.mdjs.ma/,GMB,Gambling,2019-07-09,Netalitica,
https://www.casinoelarab.com/,GMB,Gambling,2019-07-09,Netalitica,
https://casinoarabian.com/,GMB,Gambling,2019-07-09,Netalitica,
https://casino-abu-dhabi.com/,GMB,Gambling,2019-07-09,Netalitica,
https://www.toparabcasinos.com/,GMB,Gambling,2019-07-09,Netalitica,
https://www.elarabcasino.com/,GMB,Gambling,2019-07-09,Netalitica,
https://www.finalarab.com/,GMB,Gambling,2019-07-09,Netalitica,
https://arabcasino.co/,GMB,Gambling,2019-07-09,Netalitica,
https://www.arabiccasinochoice.com/,GMB,Gambling,2019-07-09,Netalitica,
https://www.casinoarbi.com/,GMB,Gambling,2019-07-09,Netalitica,
https://arab-casino.org/,GMB,Gambling,2019-07-09,Netalitica,
https://www.casinoaraby.com/,GMB,Gambling,2019-07-09,Netalitica,
https://www.a7lacasino.com/,GMB,Gambling,2019-07-09,Netalitica,
https://www.7alalcasino.com/,GMB,Gambling,2019-07-09,Netalitica,
https://arabcasinohex.com/,GMB,Gambling,2019-07-09,Netalitica,
https://arabian-roulette.com/,GMB,Gambling,2019-07-09,Netalitica,
http://xn--mgbaad5cxb7deyuu.com/,GMB,Gambling,2019-07-09,Netalitica,
http://arabian-slotsx.com/,GMB,Gambling,2019-07-09,Netalitica,
https://online-casino-arabic.com/,GMB,Gambling,2019-07-09,Netalitica,
http://arabianbetting.com/,GMB,Gambling,2019-07-09,Netalitica,
http://www.reefclubcasino.com/,GMB,Gambling,2019-07-09,Netalitica,
https://www.dubaicasino.org/,GMB,Gambling,2019-07-09,Netalitica,
http://www.onlinearabiccasino.com/,GMB,Gambling,2019-07-09,Netalitica,
https://www.casinosenarabe.com.ar/,GMB,Gambling,2019-07-09,Netalitica,
https://arabian-live-casino.com/,GMB,Gambling,2019-07-09,Netalitica,
https://www.viparabcasinos.com/,GMB,Gambling,2019-07-09,Netalitica,
https://www.andubai.com/,GMB,Gambling,2019-07-09,Netalitica,
https://xn--888-nze9cufxaqq.com/,GMB,Gambling,2019-07-09,Netalitica,
https://www.sheikhcasinos.com/,GMB,Gambling,2019-07-09,Netalitica,
https://www.casinoar.com/,GMB,Gambling,2019-07-09,Netalitica,
https://casinocairo.com/,GMB,Gambling,2019-07-09,Netalitica,
https://www.mdjsjeux.ma/,GMB,Gambling,2019-07-09,Netalitica,
https://www.mdn.dz/,GOVT,Government,2019-07-09,Netalitica,
http://www.mae.gov.dz/,GOVT,Government,2019-07-09,Netalitica,
http://www.interieur.gov.dz/,GOVT,Government,2019-07-09,Netalitica,
http://www.isa.gov.il/,GOVT,Government,2019-07-09,Netalitica,
https://mfa.ir/,GOVT,Government,2019-07-09,Netalitica,
https://www.moi.ir/,GOVT,Government,2019-07-09,Netalitica,
https://www.mossad.gov.il/,GOVT,Government,2019-07-09,Netalitica,
https://www.madarij.net/,GRP,Social Networking,2019-07-09,Netalitica,Social network for readers in Morocco
https://moroccanhack3rs.blogspot.com/,HACK,Hacking Tools,2019-07-09,Netalitica,Moroccan Hackers Blog
http://www.th3professional.com/,HACK,Hacking Tools,2019-07-09,Netalitica,General tech news/ websites in addition to focus on digital security
https://moroccohacker.com/,HACK,Hacking Tools,2019-07-09,Netalitica,
https://moroccanbesthackers.blogspot.com/,HACK,Hacking Tools,2019-07-09,Netalitica,
https://www.arab-army.com/,HACK,Hacking Tools,2019-07-09,Netalitica,
http://hacker-arabe.banouta.net/,HACK,Hacking Tools,2019-07-09,Netalitica,
http://www.aljyyosh.com/vb/,HACK,Hacking Tools,2019-07-09,Netalitica,
http://www.hack-int.com/cc/,HACK,Hacking Tools,2019-07-09,Netalitica,
https://www.alkrsan.net/forum/,HACK,Hacking Tools,2019-07-09,Netalitica,
http://hackerz.ahlamontada.net/,HACK,Hacking Tools,2019-07-09,Netalitica,
http://hackers.banouta.net/,HACK,Hacking Tools,2019-07-09,Netalitica,
http://hackerr.hooxs.com/forum/,HACK,Hacking Tools,2019-07-09,Netalitica,
http://abtalealdjazaire.ahlamontada.net/,HACK,Hacking Tools,2019-07-09,Netalitica,
http://hakers.arabepro.com/,HACK,Hacking Tools,2019-07-09,Netalitica,
http://egypt4hack.ahlamontada.com/,HACK,Hacking Tools,2019-07-09,Netalitica,
http://alhacker.mam9.com/,HACK,Hacking Tools,2019-07-09,Netalitica,
http://212.129.24.11/,HACK,Hacking Tools,2019-07-09,Netalitica,
http://www.v4-team.com/cc/index.php/,HACK,Hacking Tools,2019-07-09,Netalitica,
http://dev-hack.ahlamontada.net/,HACK,Hacking Tools,2019-07-09,Netalitica,
http://bl4ck-ghost.hooxs.com/,HACK,Hacking Tools,2019-07-09,Netalitica,
http://school-kings-hacker.7olm.org/,HACK,Hacking Tools,2019-07-09,Netalitica,
http://www.heretical.com/,HATE,Hate Speech,2019-07-09,Netalitica,
https://www.free.fr/,HOST,Hosting and Blogging Platforms,2019-07-09,Netalitica,hosting many of the old Morocco websites
https://www.banouta.net/,HOST,Hosting and Blogging Platforms,2019-07-09,Netalitica,
https://www.7olm.org/,HOST,Hosting and Blogging Platforms,2019-07-09,Netalitica,
https://www.arabhost.com/,HOST,Hosting and Blogging Platforms,2019-07-09,Netalitica,
https://www.lookserv.com/,HOST,Hosting and Blogging Platforms,2019-07-09,Netalitica,
https://www.amen.fr/,HOST,Hosting and Blogging Platforms,2019-07-09,Netalitica,
https://www.yoo7.com/,HOST,Hosting and Blogging Platforms,2019-07-09,Netalitica,
https://www.amdh.ma/,HUMR,Human Rights Issues,2019-07-09,Netalitica,Moroccan Association of Human Rights
https://cmerdhc.com/,HUMR,Human Rights Issues,2019-07-09,Netalitica,Moroccan Center for Human Rights & Media Studies
http://anhri.net/,HUMR,Human Rights Issues,2019-07-09,Netalitica,Regional Human Rights Organization
https://smex.org/,HUMR,Human Rights Issues,2019-07-09,Netalitica,Digital Rights Organization based in Beirut with Regional Coverage
http://raqmiya.org/,HUMR,Human Rights Issues,2019-07-09,Netalitica,Moroccan Digital Rights organization that died after its founders were legally prosecuted and left Morocco
https://cihrs.org/,HUMR,Human Rights Issues,2019-07-09,Netalitica,Regional Human Rights Organization
https://www.menarights.org/,HUMR,Human Rights Issues,2019-07-09,Netalitica,Regional Human Rights Organization
https://whrdmena.org/,HUMR,Human Rights Issues,2019-07-09,Netalitica,Regional Human Rights Organization
http://aohr.net/,HUMR,Human Rights Issues,2019-07-09,Netalitica,Regional Human Rights Organization
http://olie.org.ma/,HUMR,Human Rights Issues,2019-07-09,Netalitica,Morocco Human Rights Group
http://www.justicemaroc.org/,HUMR,Human Rights Issues,2019-07-09,Netalitica,Morocco Human Rights Group
https://www.forumalternatives.org/,HUMR,Human Rights Issues,2019-07-09,Netalitica,Morocco Human Rights Group
http://cmodh.org/,HUMR,Human Rights Issues,2019-07-09,Netalitica,Morocco Human Rights Group
https://www.lmddh.com/,HUMR,Human Rights Issues,2019-07-09,Netalitica,Morocco Human Rights Group
http://www.mouvementalci.org/,HUMR,Human Rights Issues,2019-07-09,Netalitica,"a local association working for human rights, women rights and democratic development "
http://fnaa.ma/,HUMR,Human Rights Issues,2019-07-09,Netalitica,Network of amazigh rights groups
http://www.mediateurddh.org.ma/,HUMR,Human Rights Issues,2019-07-09,Netalitica,News website in Morocco
http://www.cedhd.org/,HUMR,Human Rights Issues,2019-07-09,Netalitica,Morocco Human Rights Group
http://www.ecep.ma/,HUMR,Human Rights Issues,2019-07-09,Netalitica,Morocco Human Rights Group
https://www.arci.it/,HUMR,Human Rights Issues,2019-07-09,Netalitica,Italian organization to support migrants
http://www.ahrfund.org/,HUMR,Human Rights Issues,2019-07-09,Netalitica,
https://www.gc4hr.org/,HUMR,Human Rights Issues,2019-07-09,Netalitica,
http://karamah.org/,HUMR,Human Rights Issues,2019-07-09,Netalitica,
http://www.aswatnissa.org/,HUMR,Human Rights Issues,2019-07-09,Netalitica,Tunisia women rights association
http://snjt.org/,HUMR,Human Rights Issues,2019-07-09,Netalitica,Tunisian Syndicate of Journalists
http://www.efi-ife.org/,HUMR,Human Rights Issues,2019-07-09,Netalitica,
http://hwww.festival-chouftouhonna.com/,HUMR,Human Rights Issues,2019-07-09,Netalitica,Tunisian Feminist Festival
http://www.freedom-now.org/,HUMR,Human Rights Issues,2019-07-09,Netalitica,
https://www.theadvocatesforhumanrights.org/,HUMR,Human Rights Issues,2019-07-09,Netalitica,
https://www.francophonie.org/,IGO,Intergovernmental Organizations,2019-07-09,Netalitica,
https://www.lgbtarabic.com/,LGBT,LGBT,2019-07-09,Netalitica,
https://ahwaa.org/,LGBT,LGBT,2019-07-09,Netalitica,
https://www.beirutpride.org/,LGBT,LGBT,2019-07-09,Netalitica,
http://www.helem.net/,LGBT,LGBT,2019-07-09,Netalitica,
http://geekandqueer.org/,LGBT,LGBT,2019-07-09,Netalitica,
http://www.alqaws.org/,LGBT,LGBT,2019-07-09,Netalitica,
http://www.akaliyatmag.com/,LGBT,LGBT,2019-07-09,Netalitica,a magazine focused on minorities especially LGBTQ
https://www.mykalimag.com/,LGBT,LGBT,2019-07-09,Netalitica,Regional LGBT Magazine issued from Jordan
http://gaymorocco.yoo7.com/,LGBT,LGBT,2019-07-09,Netalitica,Forum of LGBT in Morocco
http://www.aswatmag.com/,LGBT,LGBT,2019-07-09,Netalitica,LGBT Magazine from Morocco
https://thevoiceofthequeer.com/,LGBT,LGBT,2019-07-09,Netalitica,Akaliyat Association
https://www.damj.co/,LGBT,LGBT,2019-07-09,Netalitica,Tunisian LGBT Rights Group
http://mawjoudin.org/,LGBT,LGBT,2019-07-09,Netalitica,Tunisian LGBT Rights Group
https://my.akoam.net/,MMED,Media sharing,2019-07-09,Netalitica,
https://724muzik.net/,MMED,Media sharing,2019-07-09,Netalitica,
https://www.jdid2018.com/,MMED,Media sharing,2019-07-09,Netalitica,
https://www.abdwap2.com/,MMED,Media sharing,2019-07-09,Netalitica,
http://www.zeearab.com/,MMED,Media sharing,2019-07-09,Netalitica,
http://www.aflamedia.com/,MMED,Media sharing,2019-07-09,Netalitica,
https://douniamp3.co/,MMED,Media sharing,2019-07-09,Netalitica,
https://www.maghreb.space/,MMED,Media sharing,2019-07-09,Netalitica,
http://www.al-fann.net/,MMED,Media sharing,2019-07-09,Netalitica,
https://rmdan.tv/,MMED,Media sharing,2019-07-09,Netalitica,
https://arabseed.me/,MMED,Media sharing,2019-07-09,Netalitica,
https://instaview.me/ar/,MMED,Media sharing,2019-07-09,Netalitica,
http://cima4u.tv/,MMED,Media sharing,2019-07-09,Netalitica,
https://www.dardarkom.tv/,MMED,Media sharing,2019-07-09,Netalitica,
https://arabseed.tv/,MMED,Media sharing,2019-07-09,Netalitica,
http://www.nsaem.net/videos/,MMED,Media sharing,2019-07-09,Netalitica,
http://cima4up.co/,MMED,Media sharing,2019-07-09,Netalitica,
https://yomlek.com/,MMED,Media sharing,2019-07-09,Netalitica,
http://movizland.online/,MMED,Media sharing,2019-07-09,Netalitica,
https://video.mzarita.tv/,MMED,Media sharing,2019-07-09,Netalitica,
http://anakbnet.co/,MMED,Media sharing,2019-07-09,Netalitica,
https://www.series4watch.online/,MMED,Media sharing,2019-07-09,Netalitica,
https://www.farfeshplus.com/,MMED,Media sharing,2019-07-09,Netalitica,
https://arabtigers.com/,MMED,Media sharing,2019-07-09,Netalitica,
https://www.4helal.tv/,MMED,Media sharing,2019-07-09,Netalitica,
http://3arbt.com/,MMED,Media sharing,2019-07-09,Netalitica,
http://melody4arab.com/,MMED,Media sharing,2019-07-09,Netalitica,
https://mp3songs.alarab.com/,MMED,Media sharing,2019-07-09,Netalitica,
https://www.nghmaty.com/,MMED,Media sharing,2019-07-09,Netalitica,
https://arab.phonezik.net/,MMED,Media sharing,2019-07-09,Netalitica,
http://arabsong.top/index.php/,MMED,Media sharing,2019-07-09,Netalitica,
https://nogomistars.com/,MMED,Media sharing,2019-07-09,Netalitica,
https://www.youtubeto.com/ar/,MMED,Media sharing,2019-07-09,Netalitica,
https://www.ournia.co/,MMED,Media sharing,2019-07-09,Netalitica,sharing songs
http://www.adamir.net/,NEWS,News Media,2019-07-09,Netalitica,Western Sahara news focused website
https://www.rasdradio.info/,NEWS,News Media,2019-07-09,Netalitica,Radio of Sahrawi Arab Democratic Republic
https://futurosahara.net/,NEWS,News Media,2019-07-09,Netalitica,Magazine focused on Western Sahara
http://polisario-confidential.org/,NEWS,News Media,2019-07-09,Netalitica,Magazine covering western Sahara
https://arij.net/,NEWS,News Media,2019-07-09,Netalitica,Regional Investigative Reporting Platform
https://arabi21.com/,NEWS,News Media,2019-07-09,Netalitica,Regional Media Platform
https://www.ultrasawt.com/,NEWS,News Media,2019-07-09,Netalitica,Regional Media Platform
https://ledesk.ma/,NEWS,News Media,2019-07-09,Netalitica,Moroccan News Website
https://lakome2.com/,NEWS,News Media,2019-07-09,Netalitica,Moroccan News Website
https://jeem.me/,NEWS,News Media,2019-07-09,Netalitica,Regional Media Platform on Gender and sexuality
http://rif24.com/,NEWS,News Media,2019-07-09,Netalitica,"Media website linked to RIF movenment. Keep monitoring. Website last updated in 2017. In June, a Casablanca court convicted journalist Rabie Lablak and online citizen journalists Mohamed El Asrihi, of Rif24. com, and Fouad Essaidi, of Facebook page Awar TV, to five years in prison in relation to their coverage of Hirak El-Rif. "
https://kohljournal.press/,NEWS,News Media,2019-07-09,Netalitica,Regional Journal on Body and Gender
https://www.ikhtyar.org/,NEWS,News Media,2019-07-09,Netalitica,Regional research Collective producing knowledge  on Gender Studies
https://www.emsahara.com/,NEWS,News Media,2019-07-09,Netalitica,Media Website linked to Western Sahara Movenment/Equipe Media Team is a Saharawi Media Group that some of its members are in jail https://www.hrw.org/news/2019/05/16/morocco-law-misused-silence-reporters
https://chouftv.ma/,NEWS,News Media,2019-07-09,Netalitica,Online TV in Morocco
http://le360.ma/,NEWS,News Media,2019-07-09,Netalitica,News website in Morocco
http://www.rassdmaroc.com/,NEWS,News Media,2019-07-09,Netalitica,News website in Morocco whose editor was prosecuted. Not accessible. Keep monitoring.
http://awartv.com/,NEWS,News Media,2019-07-09,Netalitica,"a media website managed by RIF movenment leaders who were prosecuted in 2017. Website presently not accessible, keep monitoring."
https://www.akhbarona.com/,NEWS,News Media,2019-07-09,Netalitica,News website in Morocco
https://www.hibapress.com/,NEWS,News Media,2019-07-09,Netalitica,News website in Morocco
http://hibazoom.com/,NEWS,News Media,2019-07-09,Netalitica,News website in Morocco
https://www.barlamane.com/,NEWS,News Media,2019-07-09,Netalitica,News website in Morocco
https://raseef22.com/,NEWS,News Media,2019-07-09,Netalitica,Regional Media Platform
https://aljalia.ma/,NEWS,News Media,2019-07-09,Netalitica,News website In Morocco with special focus on Moroccans living abroad
https://alaoual.com/,NEWS,News Media,2019-07-09,Netalitica,News website in Morocco
https://www.alyaoum24.com/,NEWS,News Media,2019-07-09,Netalitica,News website in Morocco
https://telquel.ma/,NEWS,News Media,2019-07-09,Netalitica,News website in Morocco
https://www.alayam24.com/,NEWS,News Media,2019-07-09,Netalitica,News website in Morocco
https://al3omk.com/,NEWS,News Media,2019-07-09,Netalitica,News website in Morocco
https://www.lesiteinfo.com/,NEWS,News Media,2019-07-09,Netalitica,News website in Morocco
https://anfaspress.com/,NEWS,News Media,2019-07-09,Netalitica,News website in Morocco
https://aabbir.com/,NEWS,News Media,2019-07-09,Netalitica,News website in Morocco
https://kech24.com/,NEWS,News Media,2019-07-09,Netalitica,News website in Morocco
https://www.goud.ma/,NEWS,News Media,2019-07-09,Netalitica,News website in Morocco
https://www.almaghreb24.com/,NEWS,News Media,2019-07-09,Netalitica,News website in Morocco
https://aldar.ma/,NEWS,News Media,2019-07-09,Netalitica,News website in Morocco
http://www.akhbar-rif.com/,NEWS,News Media,2019-07-09,Netalitica,News website in Morocco
https://dalil-rif.com/,NEWS,News Media,2019-07-09,Netalitica,News website in Morocco
https://www.febrayer.com/,NEWS,News Media,2019-07-09,Netalitica,News website in Morocco
http://www.snpm.org/,NEWS,News Media,2019-07-09,Netalitica,Website of National Syndicate of Moroccan Journalism
https://anwalpress.com/,NEWS,News Media,2019-07-09,Netalitica,News website in Morocco
http://www.casapress.net/,NEWS,News Media,2019-07-09,Netalitica,News website in Morocco
https://www.rue20.com/,NEWS,News Media,2019-07-09,Netalitica,News website in Morocco
https://www.mamfakinch.com/,NEWS,News Media,2019-07-09,Netalitica,Moroccan Media Platform
https://www.maghrebvoices.com/,NEWS,News Media,2019-07-09,Netalitica,North African Focused Media/ American Gov funding
https://www.huffpostmaghreb.com/,NEWS,News Media,2019-07-09,Netalitica,North African Focused Media
https://www.h24info.ma/,NEWS,News Media,2019-07-09,Netalitica,News website in Morocco
https://www.le1.ma/,NEWS,News Media,2019-07-09,Netalitica,News website in Morocco
https://www.maghress.com/,NEWS,News Media,2019-07-09,Netalitica,News aggregator in Morocco
http://marocgazette.com/,NEWS,News Media,2019-07-09,Netalitica,News website in Morocco
https://euroabia.com/,NEWS,News Media,2019-07-09,Netalitica,Regional Media Platform
https://www.nadorcity.com/,NEWS,News Media,2019-07-09,Netalitica,News website in Morocco with specific region focus
http://www.amadalamazigh.press.ma/,NEWS,News Media,2019-07-09,Netalitica,a magazine with amazigh news focus from 6 different coutries
https://www.independentarabia.com/,NEWS,News Media,2019-07-09,Netalitica,
http://www.e-joussour.net/,NEWS,News Media,2019-07-09,Netalitica,Community based national media
https://www.tanmia.ma/,NEWS,News Media,2019-07-09,Netalitica,"a platform for civil society groups including jobs, events, studies"
http://zagoranews.ma/,NEWS,News Media,2019-07-09,Netalitica,News website in Morocco with specific region focus
http://hamsnews.com/,NEWS,News Media,2019-07-09,Netalitica,News website for Arab diaspora mostly Moroccans in Belgium
https://assahraa.ma/,NEWS,News Media,2019-07-09,Netalitica,News website in Morocco
http://assafirarabi.com/ar/,NEWS,News Media,2019-07-09,Netalitica,Regional Media Platform
https://casaoui.ma/,NEWS,News Media,2019-07-09,Netalitica,News website in Morocco with specific region focus
https://www.elmundo.es/,NEWS,News Media,2019-07-09,Netalitica,a Spainish media outlet that covered news in Morocco
https://alhayatalyaoumia.ma/,NEWS,News Media,2019-07-09,Netalitica,News website in Morocco
https://www.maghreb-intelligence.com/,NEWS,News Media,2019-07-09,Netalitica,
https://www.maroc-hebdo.press.ma/,NEWS,News Media,2019-07-09,Netalitica,News website in Morocco
https://nichan.ma/,NEWS,News Media,2019-07-09,Netalitica,News website in Morocco
http://www.alakhbar.press.ma/,NEWS,News Media,2019-07-09,Netalitica,News website in Morocco
https://www.alaraby.co.uk/,NEWS,News Media,2019-07-09,Netalitica,Regional Media Platform
http://2m.ma/,NEWS,News Media,2019-07-09,Netalitica,News website in Morocco
https://alarab.co.uk/,NEWS,News Media,2019-07-09,Netalitica,News website in Morocco
https://www.kooora.com/,NEWS,News Media,2019-07-09,Netalitica,Regional Sport News
https://www.elbotola.com/,NEWS,News Media,2019-07-09,Netalitica,Sport News
https://tanja24.com/,NEWS,News Media,2019-07-09,Netalitica,News website in Morocco with specific region focus
https://www.hesport.com/,NEWS,News Media,2019-07-09,Netalitica,Sport News
https://www.medi1tv.ma/,NEWS,News Media,2019-07-09,Netalitica,News website in Morocco
https://www.siyassi.com/,NEWS,News Media,2019-07-09,Netalitica,News website in Morocco
https://monasso.ma/,NEWS,News Media,2019-07-09,Netalitica,website on associations in Morocco
https://www.alalamtv.net/,NEWS,News Media,2019-07-09,Netalitica,a TV station that has ties with Iran
https://www.djazairess.com/,NEWS,News Media,2019-07-09,Netalitica,Algerian media critical of Moroccan King
https://www.facebook.com/MALIMaroc09/,NEWS,News Media,2019-07-09,Netalitica,Feminist Collective
https://www.facebook.com/solfem/,NEWS,News Media,2019-07-09,Netalitica,Feminist Collective
https://elpais.com/,NEWS,News Media,2019-07-09,Netalitica,Spainish Media covering Morocco
http://www.actu-press.com/,NEWS,News Media,2019-07-09,Netalitica,News website in Morocco
https://www.almounadila.info/,NEWS,News Media,2019-07-09,Netalitica,a magazine
https://www.aa.com.tr/,NEWS,News Media,2019-07-09,Netalitica,Turkish Media Agency/ Arabic
https://ahdath.info/,NEWS,News Media,2019-07-09,Netalitica,News website in Morocco
https://dabapress.com/,NEWS,News Media,2019-07-09,Netalitica,News website in Morocco
https://www.scoopmaroc.ma/,NEWS,News Media,2019-07-09,Netalitica,News website in Morocco
http://ouarzazateonline.com/,NEWS,News Media,2019-07-09,Netalitica,News website in Morocco with a focus on specific region
http://www.salaradiotv.com/,NEWS,News Media,2019-07-09,Netalitica,Web Radio in Morocco
https://www.almaghribtoday.net/,NEWS,News Media,2019-07-09,Netalitica,
https://www.alhurra.com/,NEWS,News Media,2019-07-09,Netalitica,American Government Funded Arab Media
https://inkyfada.com/,NEWS,News Media,2019-07-09,Netalitica,Investigative reports based in Tunisia
http://www.alhayat.com/,NEWS,News Media,2019-07-09,Netalitica,Regional Media Platform
https://www.alquds.co.uk/,NEWS,News Media,2019-07-09,Netalitica,Regional Media Platform
https://www.mediasupport.org/,NEWS,News Media,2019-07-09,Netalitica,Offers funding for independent media
http://northafricapost.com/,NEWS,News Media,2019-07-09,Netalitica,
https://allafrica.com/,NEWS,News Media,2019-07-09,Netalitica,
http://aujourdhui.ma/,NEWS,News Media,2019-07-09,Netalitica,
http://permanentrevolution-journal.org/,NEWS,News Media,2019-07-09,Netalitica,
http://jamaity.org/,NEWS,News Media,2019-07-09,Netalitica,Platform for Tunisian Civil Society
http://sowt.com/,NEWS,News Media,2019-07-09,Netalitica,Regional podcasting platform
https://www.haaretz.co.il/,NEWS,News Media,2019-07-09,Netalitica,Israeli Newspaper
https://elaph.com/,NEWS,News Media,2019-07-09,Netalitica,Regional News website
https://www.al-akhbar.com/,NEWS,News Media,2019-07-09,Netalitica,Lebanese based newspaper with regional coverage
https://www.alahednews.com.lb/,NEWS,News Media,2019-07-09,Netalitica,Lebanese website close to hezbollah
https://www.al-monitor.com/,NEWS,News Media,2019-07-09,Netalitica,Regional News website
https://www.albawaba.com/,NEWS,News Media,2019-07-09,Netalitica,regional media platform
http://www.alnour.com.lb/,NEWS,News Media,2019-07-09,Netalitica,Lebanese Radio close to hezbollah
https://www.mc-doualiya.com/,NEWS,News Media,2019-07-09,Netalitica,French based radio in Arabic
https://www.middleeasteye.net/,NEWS,News Media,2019-07-09,Netalitica,regional media platform
https://www.radiosawa.com/,NEWS,News Media,2019-07-09,Netalitica,regional radio supported by American gov
https://www.skynewsarabia.com/,NEWS,News Media,2019-07-09,Netalitica,regional media platform
http://www.almayadeen.net/,NEWS,News Media,2019-07-09,Netalitica,Lebanese TV close to hezbollah
http://www.noonpost.com/,NEWS,News Media,2019-07-09,Netalitica,Regional media platform close to Qatar
https://www.ajplus.net/,NEWS,News Media,2019-07-09,Netalitica,Regional media platform supported by Qatar
http://ar.farsnews.com/,NEWS,News Media,2019-07-09,Netalitica,Iranian Media
https://www.farsnews.com/,NEWS,News Media,2019-07-09,Netalitica,Iranian Media
https://www.presstv.com/,NEWS,News Media,2019-07-09,Netalitica,Iranian Media
http://kayhan.ir/,NEWS,News Media,2019-07-09,Netalitica,Iranian Media
https://www.rozana.fm/,NEWS,News Media,2019-07-09,Netalitica,Syrian Independent radio
http://thawra.sy/,NEWS,News Media,2019-07-09,Netalitica,a newspaper inside Syria and close to Syrian regime
http://www.khamenei.ir/,NEWS,News Media,2019-07-09,Netalitica,Iranian supreme leader
https://www.7iber.com/,NEWS,News Media,2019-07-09,Netalitica,Jordanian independent media
https://madamasr.com/,NEWS,News Media,2019-07-09,Netalitica,Egyptian independent media
https://www.raialyoum.com/,NEWS,News Media,2019-07-09,Netalitica,Regional Media Platform
https://www.alhudood.net/,NEWS,News Media,2019-07-09,Netalitica,Regional satire website in Arabic based in London
https://www.lerpesse.com/,NEWS,News Media,2019-07-09,Netalitica,satire website in French and Arabic based in Tunisia
https://mipa.institute/,NEWS,News Media,2019-07-09,Netalitica,Research Center based in Rabat
https://www.france24.com/,NEWS,News Media,2019-07-09,Netalitica,Not in the Global List
https://www.euronews.com/,NEWS,News Media,2019-07-09,Netalitica,
http://polisario.e-monsite.com/,POLR,Political Criticism,2019-07-09,Netalitica,"Website of the ""Sahrawi Arab Democratic Republic"""
http://www.amb-rasd.org/,POLR,Political Criticism,2019-07-09,Netalitica,"Website of the Embassy of ""Sahrawi Arab Democratic Republic"" in Algeria"
https://www.youtube.com/channel/UCFe_cWXtJl6Py7iIN-NF2wA/videos/,POLR,Political Criticism,2019-07-09,Netalitica,Youtube Channel of an activist who prosecured multiple times for the content
https://www.youtube.com/channel/UCQAwc4UwY4S366cQELWqaGQ/videos/,POLR,Political Criticism,2019-07-09,Netalitica,Youtube Channel of an activist who prosecured multiple times for the content
http://www.transparencymaroc.ma/,POLR,Political Criticism,2019-07-09,Netalitica,Transparency Morocco is an organization working on access to information and fighting corruption
https://www.facebook.com/observatoiremaroc/,POLR,Political Criticism,2019-07-09,Netalitica,Local organization to observe election
https://www.arab-reform.net/,POLR,Political Criticism,2019-07-09,Netalitica,Regional iniative for reform and supporting democracy
https://www.pam.ma/,POLR,Political Criticism,2019-07-09,Netalitica,Political party
https://www.annahjaddimocrati.org/,POLR,Political Criticism,2019-07-09,Netalitica,Political party
http://ppsmaroc.com/,POLR,Political Criticism,2019-07-09,Netalitica,Political party
https://www.possible.ma/,POLR,Political Criticism,2019-07-09,Netalitica,Political party
http://www.alharaka.ma/,POLR,Political Criticism,2019-07-09,Netalitica,Political party
http://www.usfp.ma/,POLR,Political Criticism,2019-07-09,Netalitica,Political party
https://www.rni.ma/,POLR,Political Criticism,2019-07-09,Netalitica,Political party/ connected to royal court
http://www.pedmaroc.ma/,POLR,Political Criticism,2019-07-09,Netalitica,Political party
http://psu.ma/,POLR,Political Criticism,2019-07-09,Netalitica,Political party
https://cnimaroc.ma/,POLR,Political Criticism,2019-07-09,Netalitica,Political party
http://www.prd.ma/,POLR,Political Criticism,2019-07-09,Netalitica,Political party
https://www.pml.ma/,POLR,Political Criticism,2019-07-09,Netalitica,Political party
http://gaucheverte.ma/,POLR,Political Criticism,2019-07-09,Netalitica,Political party
http://www.prv.ma/,POLR,Political Criticism,2019-07-09,Netalitica,Political party
http://www.unfp.ma/,POLR,Political Criticism,2019-07-09,Netalitica,Political party
http://www.jeunespads.com/,POLR,Political Criticism,2019-07-09,Netalitica,"Political party, not accessible, last archieved in March 2017/ last election 2016, keep monitoring"
https://mvdiso.blogspot.com/,POLR,Political Criticism,2019-07-09,Netalitica,Political party
http://frontdesforcesdemocratiques.org/,POLR,Political Criticism,2019-07-09,Netalitica,Political party
https://www.istiqlal.info/,POLR,Political Criticism,2019-07-09,Netalitica,Political party
http://www.fgd.ma/,POLR,Political Criticism,2019-07-09,Netalitica,Political party
https://www.youtube.com/user/belkezize/videos/,POLR,Political Criticism,2019-07-09,Netalitica,Critical Youtube channel of the Moroccan regime
https://www.youtube.com/channel/UC9jQeeKV_NOxR7Rqi6aB-zA/videos/,POLR,Political Criticism,2019-07-09,Netalitica,Critical Youtube channel of the Moroccan regime
https://www.giga-hamburg.de/,POLR,Political Criticism,2019-07-09,Netalitica,German based research center that published Morocco related papers
https://www.yassine.net/,POLR,Political Criticism,2019-07-09,Netalitica,a website linked to Al Adl Wa Al Ihssane and it was previously blocked in 2009
http://www.mouminate.net/,POLR,Political Criticism,2019-07-09,Netalitica,a website linked to Al Adl Wa Al Ihssane and it was previously blocked in 2009
https://www.jadaliyya.com/,POLR,Political Criticism,2019-07-09,Netalitica,Regional focused website based in US
https://www.wsrw.org/,POLR,Political Criticism,2019-07-09,Netalitica,Advocacy for Western Sahara cause
https://bzazi.com/,PORN,Pornography,2019-07-09,Netalitica,
https://xxxnxx.me/,PORN,Pornography,2019-07-09,Netalitica,
https://sexsaoy.com/,PORN,Pornography,2019-07-09,Netalitica,
https://sexjk.com/,PORN,Pornography,2019-07-09,Netalitica,
https://sex4arabxxx.com/,PORN,Pornography,2019-07-09,Netalitica,
https://mitnaka.com/,PORN,Pornography,2019-07-09,Netalitica,
https://www.tubev.sex/,PORN,Pornography,2019-07-09,Netalitica,
https://xnxxx.cc/,PORN,Pornography,2019-07-09,Netalitica,
https://sexalarab.com/,PORN,Pornography,2019-07-09,Netalitica,
https://zobry.site/,PORN,Pornography,2019-07-09,Netalitica,
http://3arabporn.com/,PORN,Pornography,2019-07-09,Netalitica,
https://www.aflamsexhd.com/,PORN,Pornography,2019-07-09,Netalitica,
https://b3bos.com/,PORN,Pornography,2019-07-09,Netalitica,
https://www.arabianchicks.com/,PORN,Pornography,2019-07-09,Netalitica,
https://www.youporngay.com/,PORN,Pornography,2019-07-09,Netalitica,
https://tiaz.site/,PORN,Pornography,2019-07-09,Netalitica,
https://www.hot-arab-films.com/,PORN,Pornography,2019-07-09,Netalitica,
https://neswangy.net/,PORN,Pornography,2019-07-09,Netalitica,
https://www.madeinmedina.com/,PROV,Provocative Attire,2019-07-09,Netalitica,
https://nancylingerie.ma/,PROV,Provocative Attire,2019-07-09,Netalitica,
https://www.larose.ma/,PROV,Provocative Attire,2019-07-09,Netalitica,
https://www.etam.ma/,PROV,Provocative Attire,2019-07-09,Netalitica,
http://www.krisalia.ma/,PROV,Provocative Attire,2019-07-09,Netalitica,
http://lise-charmel.ma/,PROV,Provocative Attire,2019-07-09,Netalitica,
https://intimelingeriemaroc.com/,PROV,Provocative Attire,2019-07-09,Netalitica,
https://www.alcs.ma/,PUBH,Public Health,2019-07-09,Netalitica,local association fighting AIDS
https://www.altibbi.com/,PUBH,Public Health,2019-07-09,Netalitica,
http://www.ligueist.ma/,PUBH,Public Health,2019-07-09,Netalitica,
http://bahai-internet-services.org/,REL,Religion,2019-07-09,Netalitica,Bahai faith grouop
https://www.bic.org/,REL,Religion,2019-07-09,Netalitica,Bahai faith grouop
http://www.arrabita.ma/,REL,Religion,2019-07-09,Netalitica,Islamic institutions that sounds supported by the state
http://alislah.ma/,REL,Religion,2019-07-09,Netalitica,Islamic institutions that sounds supported by the state
http://www.lovemaroc.com/,REL,Religion,2019-07-09,Netalitica,Christians in Morocco that describes itself as supportive of the king
http://www.boutchichiya.com/,REL,Religion,2019-07-09,Netalitica,sufi movement
http://tidjaniya.com/,REL,Religion,2019-07-09,Netalitica,sufi movement
http://www.alhibr1.com/,REL,Religion,2019-07-09,Netalitica,
http://al-shia.org/,REL,Religion,2019-07-09,Netalitica,Shia website
http://arabatheistbroadcasting.com/,REL,Religion,2019-07-09,Netalitica,Shia website
https://irshadmanji.com/,REL,Religion,2019-07-09,Netalitica,Critical of Islam
http://shiaonlinelibrary.com/,REL,Religion,2019-07-09,Netalitica,Shia website
http://www.aqaedalshia.com/,REL,Religion,2019-07-09,Netalitica,Shia website
https://www.yamli.com/,SRCH,Search Engines,2019-07-09,Netalitica,
https://maktoob.search.yahoo.com/,SRCH,Search Engines,2019-07-09,Netalitica,
https://www.raddadi.com/,SRCH,Search Engines,2019-07-09,Netalitica,
http://yaarabi.com/,SRCH,Search Engines,2019-07-09,Netalitica,
http://www.arabo.com/,SRCH,Search Engines,2019-07-09,Netalitica,
https://aljens.info/,XED,Sex Education,2019-07-09,Netalitica,
https://www.e7kky.com/,XED,Sex Education,2019-07-09,Netalitica,
https://jensaneya.org/,XED,Sex Education,2019-07-09,Netalitica,
https://lmarabic.com/,XED,Sex Education,2019-07-09,Netalitica,
https://www.zanzu.de/,XED,Sex Education,2019-07-09,Netalitica,
https://www.webteb.com/,XED,Sex Education,2019-07-09,Netalitica,
http://hayatouki.com/,XED,Sex Education,2019-07-09,Netalitica,
http://www.ampf.org.ma/,XED,Sex Education,2019-07-09,Netalitica,
http://www.amcdd.com/,ENV,Environment,2019-07-09,Netalitica,Moroccan Coalition for Environmental Justice. Last active Jan 2019. Keep monitoring.
http://www.amjipress.com/,HUMR,Human Rights Issues,2019-07-09,Netalitica,Website of Moroccan Association of Investigative Journalism. The president of the association is still in jail
https://afapredesa-sh.blogspot.com/,HUMR,Human Rights Issues,2019-07-09,Netalitica,Western Sahara families of detainees. Last updated  2017. Keep monitoring.
https://afapredesa-arabe.blogspot.com/,HUMR,Human Rights Issues,2019-07-09,Netalitica,Western Sahara families of detainees. Last updated  2017. Keep monitoring.
https://idamine.blogspot.com/,NEWS,News Media,2019-07-09,Netalitica,"Blog for ""public debate supporting democratic transition"". Outdated. Keep monitoring "
https://badil.info/,NEWS,News Media,2019-07-09,Netalitica,"Dead news website. in 2018 a Casablanca court convicted Hamid El Mahdaoui, Badil.info director, to three years’ imprisonment for “failing to report a security threat” in connection with Rif Movenment"
http://www.paad.ma/,POLR,Political Criticism,2019-07-09,Netalitica,"Political party. not accessible. last archieved in Nov 2018, keep monitoring"
http://www.nahda.ma/,POLR,Political Criticism,2019-07-09,Netalitica,Political party. Presently not accessible. Last archieved in May 2017/ last election 2016. Keep monitori
http://www.20fevrier.com/,POLR,Political Criticism,2019-07-09,Netalitica,One of the strongest political opposition movenment that emerged in 2011. Presently not accessible. Keep monitoring.
http://www.freemorocco.com/,HUMR,Human Rights Issues,2019-10-18,Netalitica,
http://ugtm.ma/,HUMR,Human Rights Issues,2019-10-18,Netalitica,
https://www.gicj.org/,HUMR,Human Rights Issues,2019-10-18,Netalitica,
https://www.cndh.org.ma/,HUMR,Human Rights Issues,2019-10-18,Netalitica,
http://www.amdh.org.ma/,HUMR,Human Rights Issues,2019-10-18,Netalitica,
http://www.ier.ma/,HUMR,Human Rights Issues,2019-10-18,Netalitica,
https://touchepasamonenfant.com/,HUMR,Human Rights Issues,2019-10-18,Netalitica,
http://www.lmcdh.com/,HUMR,Human Rights Issues,2019-10-18,Netalitica,
https://www.mediateur.ma/,HUMR,Human Rights Issues,2019-10-18,Netalitica,
https://alhoriyatmaroc.yoo7.com/,HUMR,Human Rights Issues,2019-10-18,Netalitica,
https://www.ictj.org/ar/,HUMR,Human Rights Issues,2019-10-18,Netalitica,
http://www.aohr.org.uk/ar/,HUMR,Human Rights Issues,2019-10-18,Netalitica,
https://www.moqawama.org/,MILX,Terrorism and Militants,2019-10-18,Netalitica,
https://www.yabiladi.ma/,NEWS,News Media,2019-10-18,Netalitica,
https://alkhaleejonline.net/,NEWS,News Media,2019-10-18,Netalitica,
https://www.dw.com/,NEWS,News Media,2019-10-18,Netalitica,
https://www.sasapost.com/,NEWS,News Media,2019-10-18,Netalitica,
http://almanar.com.lb/,NEWS,News Media,2019-10-18,Netalitica,
https://www.bbc.com/arabic/,NEWS,News Media,2019-10-18,Netalitica,
https://www.casablancatoday.com/,NEWS,News Media,2019-10-18,Netalitica,
https://raseef22.net/,NEWS,News Media,2019-10-18,Netalitica,
https://arabic.sputniknews.com/,NEWS,News Media,2019-10-18,Netalitica,
https://www.menara.ma/,NEWS,News Media,2019-10-18,Netalitica,
https://machahid.info/,NEWS,News Media,2019-10-18,Netalitica,
https://maroctelegraph.com/,NEWS,News Media,2019-10-18,Netalitica,
http://pre.ma/,POLR,Political Criticism,2019-10-18,Netalitica,
https://carnegie-mec.org/,POLR,Political Criticism,2019-10-18,Netalitica,
https://ar.islamway.net/,REL,Religion,2019-10-18,Netalitica,
