url,category_code,category_description,date_added,source,notes
http://lappeldugriot.mondoblog.org/,REL,Religion,2017-07-19,OONI partner,
http://www.religion-facts.com/,REL,Religion,2017-07-19,OONI partner,
http://www.la-croix.com/,REL,Religion,2017-07-19,OONI partner,
http://www.amnestymali.org/,HUMR,Human Rights Issues,2017-07-19,OONI partner,
http://www.vedura.fr/,ENV,Environment,2017-07-19,OONI partner,
http://www.siemenpuu.org/,ENV,Environment,2017-07-19,OONI partner,
http://www.agirmali.org/,ENV,Environment,2017-07-19,OONI partner,
http://www.cariassociation.org/,ENV,Environment,2017-07-19,OONI partner,
http://www.secheresse.info/,ENV,Environment,2017-07-19,OONI partner,
http://www.preventionweb.net/,ENV,Environment,2017-07-19,OONI partner,
http://maliactu.net/,NEWS,News Media,2017-07-19,OONI partner,
http://malijet.com/,NEWS,News Media,2017-07-19,OONI partner,
http://www.journaldumali.com/,NEWS,News Media,2017-07-19,OONI partner,
http://www.maliweb.net/,NEWS,News Media,2017-07-19,OONI partner,
https://mediasaumali.wordpress.com/,NEWS,News Media,2017-07-19,OONI partner,
http://www.kunafoni.com/,NEWS,News Media,2017-07-19,OONI partner,
http://www.abamako.com/,NEWS,News Media,2017-07-19,OONI partner,
https://www.rhhm.net/,NEWS,News Media,2017-07-19,OONI partner,
http://www.education.gouv.fr/,XED,Sex Education,2017-07-19,OONI partner,
http://www.sante.gov.ml/,PUBH,Public Health,2017-07-19,OONI partner,
http://www.who.int/countries/mli/fr/,PUBH,Public Health,2017-07-19,OONI partner,
http://www.portail-humanitaire.org/,PUBH,Public Health,2017-07-19,OONI partner,
http://www.keneya.net/,PUBH,Public Health,2017-07-19,OONI partner,
https://www.celibatairesduweb.com/,DATE,Online Dating,2017-07-19,OONI partner,
http://www.meetcrunch.com/,DATE,Online Dating,2017-07-19,OONI partner,
http://www.pointscommuns.com/,DATE,Online Dating,2017-07-19,OONI partner,
http://www.zoover.fr/,MMED,Media sharing,2017-07-19,OONI partner,
http://amisdumali.com/,MMED,Media sharing,2017-07-19,OONI partner,
http://mondoblog.org/,HOST,Hosting and Blogging Platforms,2017-07-19,OONI partner,
http://www.emergence-mali.com/,CULTR,Culture,2017-07-19,OONI partner,
http://www.etonnants-voyageurs.com/,CULTR,Culture,2017-07-19,OONI partner,
http://www.bamako-culture.org/,CULTR,Culture,2017-07-19,OONI partner,
http://www.editions-harmattan.fr/,CULTR,Culture,2017-07-19,OONI partner,
http://www.rentreelitterairedumali.org/,CULTR,Culture,2017-07-19,OONI partner,
http://www.gbich.com/,CULTR,Culture,2017-07-19,OONI partner,
http://www.finances.gouv.ml/,ECON,Economics,2017-07-19,OONI partner,
http://www.gouv.ml/,GOVT,Government,2017-07-19,OONI partner,
http://demarchesadministratives.gouv.ml/,GOVT,Government,2017-07-19,OONI partner,
http://www.primature.gov.ml/,GOVT,Government,2017-07-19,OONI partner,
http://www.mj.gov.ml/,GOVT,Government,2017-07-19,OONI partner,
http://www.mefp.gov.ml/,GOVT,Government,2017-07-19,OONI partner,
http://www.mcri.gov.ml/,GOVT,Government,2017-07-19,OONI partner,
https://www.sortlist.com/,COMM,E-commerce,2017-07-19,OONI partner,
http://www.orangemali.com/,COMM,E-commerce,2017-07-19,OONI partner,
http://www.malitel.ml/,COMM,E-commerce,2017-07-19,OONI partner,
http://www.dfacom.net/,COMM,E-commerce,2017-07-19,OONI partner,
http://www.ml.dhl.com/,COMM,E-commerce,2017-07-19,OONI partner,
http://www.unesco.org/,IGO,Intergovernmental Organizations,2017-07-19,OONI partner,
https://www.iom.int/,IGO,Intergovernmental Organizations,2017-07-19,OONI partner,
http://tuwindi.org/,HUMR,Human Rights Issues,2017-07-19,OONI partner,
http://www.bamako.diplo.de/Vertretung/bamako/fr/Startseite.html,GOVT,Government,2017-07-19,OONI partner,
https://ml.ambafrance.org/,GOVT,Government,2017-07-19,OONI partner,
https://ml.usembassy.gov/fr/,GOVT,Government,2017-07-19,OONI partner,
http://ml.china-embassy.org/fra/,GOVT,Government,2017-07-19,OONI partner,
http://www.essor.ml/,NEWS,News Media,2018-02-13,OONI,
http://www.malijet.com/,NEWS,News Media,2018-02-13,OONI,
http://www.irinnews.org/afrique/afrique-de-louest/mali,NEWS,News Media,2018-02-13,OONI,
http://www.bbc.co.uk/news/world-africa-13881370,NEWS,News Media,2018-02-13,OONI,
http://bamada.net/,NEWS,News Media,2018-02-13,OONI,
http://www.afribone.com/,NEWS,News Media,2018-02-13,OONI,
https://mali.direct.news/,NEWS,News Media,2018-02-13,OONI,
http://allafrica.com/mali/,NEWS,News Media,2018-02-13,OONI,
https://af.reuters.com/news/country?type=maliNews,NEWS,News Media,2018-02-13,OONI,
http://world.einnews.com/country/mali,NEWS,News Media,2018-02-13,OONI,
https://www.aljazeera.com/topics/country/mali.html,NEWS,News Media,2018-02-13,OONI,
https://twitter.com/AMDHMali,HUMR,Human Rights Issues,2018-02-13,OONI,
https://www.facebook.com/AMDHmali/,HUMR,Human Rights Issues,2018-02-13,OONI,
http://www.amdhmali.org/,HUMR,Human Rights Issues,2018-02-13,OONI,
http://www.courantsdefemmes.org/,HUMR,Human Rights Issues,2018-02-13,OONI,
http://wildafmali.over-blog.com/article-22830365.html,HUMR,Human Rights Issues,2018-02-13,OONI,
http://www.wildaf-ao.org/index.php/en/contacts/280-wildaf-feddaf-mali,HUMR,Human Rights Issues,2018-02-13,OONI,
http://www.africa4womensrights.org/,HUMR,Human Rights Issues,2018-02-13,OONI,
https://www.awid.org/news-and-analysis/mali-no-peace-building-without-women,HUMR,Human Rights Issues,2018-02-13,OONI,
https://www.fidh.org/en/region/Africa/mali/,HUMR,Human Rights Issues,2018-02-13,OONI,
https://www.apt.ch/en/countries/mali/,HUMR,Human Rights Issues,2018-02-13,OONI,
http://www.ohchr.org/EN/Countries/AfricaRegion/Pages/MLIndex.aspx,HUMR,Human Rights Issues,2018-02-13,OONI,
http://www.siemenpuu.org/en/programme/mali,ENV,Environment,2018-02-13,OONI,
https://www.care.org/country/mali,HUMR,Human Rights Issues,2018-02-13,OONI,
http://www.malifolkecenter.org/,ENV,Environment,2018-02-13,OONI,
http://100mega.ml/,POLR,Political Criticism,2018-02-13,OONI,
http://www.rfi.fr/afrique/20171128-mali-activiste-ras-bath-relaxe,POLR,Political Criticism,2018-02-13,OONI,
http://maliactu.net/mali-ras-bath-le-grand-retour/,POLR,Political Criticism,2018-02-13,OONI,
http://www.jeuneafrique.com/467388/politique/mali-un-phenomene-nomme-ras-bath/,POLR,Political Criticism,2018-02-13,OONI,
https://mali.mivasocial.com/,GRP,Social Networking,2018-02-13,OONI,
http://www.mfwa.org/mali-social-media-blackout/,HUMR,Human Rights Issues,2018-02-13,OONI,
http://www.mfwa.org/,HUMR,Human Rights Issues,2018-02-13,OONI,
https://play.google.com/store/apps/details?id=ml.lenali.lenafrica&hl=fr,GRP,Social Networking,2018-02-13,OONI,Context: https://edition.cnn.com/2018/01/25/africa/mali-facebook-social-media-lenali/index.html
http://www.rfi.fr/emission/20170826-lenali-reseau-social-vocal-multilingue-mali,GRP,Social Networking,2018-02-13,OONI,
https://doniblogmali.wordpress.com/,POLR,Political Criticism,2018-02-13,OONI,
http://sahelien.com/en/mali-bloggers-popularize-the-peace-agreement-on-social-networks/,POLR,Political Criticism,2018-02-13,OONI,
http://sahelien.com/,NEWS,News Media,2018-02-13,OONI,
http://jpamali.org/,HUMR,Human Rights Issues,2018-02-13,OONI,
http://www.jurist.org/paperchase/Agreement%20on%20Peace%20and%20Reconciliation%20in%20Mali.pdf,GOVT,Government,2018-02-13,OONI,Peace and Reconciliation Agreement
http://www.youtube.com/watch?v=LNnWq2RzM8E,POLR,Political Criticism,2018-02-13,OONI,AccordDoni project
http://jpamali.org/accorddoni/,POLR,Political Criticism,2018-02-13,OONI,AccordDoni project
http://news.abamako.com/,NEWS,News Media,2018-02-13,OONI,
http://minorityrights.org/country/mali/,HUMR,Human Rights Issues,2018-02-14,OONI,
https://joshuaproject.net/people_groups/11773/ML,HUMR,Human Rights Issues,2018-02-14,OONI,
http://www.unaids.org/en/regionscountries/countries/mali,PUBH,Public Health,2018-02-14,OONI,
http://www.prb.org/Publications/Articles/2001/AIDSTreatmentCenterinMaliaModelinWestAfrica.aspx,PUBH,Public Health,2018-02-14,OONI,
https://www.cdc.gov/globalhivtb/where-we-work/mali/mali.html,PUBH,Public Health,2018-02-14,OONI,
http://www.lifemanagementonline.com/health-info/statistics/hiv-aids-life-expectancy-mali.php,PUBH,Public Health,2018-02-14,OONI,
http://femmes-battues.e-monsite.com/,HUMR,Human Rights Issues,2018-02-14,OONI,
http://www.unwomen.org/en/news/stories/2015/11/hotline-helps-prevent-gender-based-violence-in-mali,HUMR,Human Rights Issues,2018-02-14,OONI,
https://www.firstmet.com/dating/by-country/mali,DATE,Online Dating,2018-02-14,OONI,
https://mingle2.com/countries/305/mali,DATE,Online Dating,2018-02-14,OONI,
https://ilikeyou.com/en/dating/mali/,DATE,Online Dating,2018-02-14,OONI,
http://www.our-africa.org/mali/history-politics,CULTR,Culture,2018-02-14,OONI,
http://www.historyworld.net/wrldhis/PlainTextHistories.asp?historyid=aa26,CULTR,Culture,2018-02-14,OONI,
https://www.rcarecords.com/artist/mali-music/,CULTR,Culture,2018-02-14,OONI,
http://flavorwire.com/365074/10-malian-musicians-you-should-know,CULTR,Culture,2018-02-14,OONI,
http://tinariwen.com/,CULTR,Culture,2018-02-14,OONI,
http://www.rokiatraore.net/,CULTR,Culture,2018-02-14,OONI,
https://www.deezer.com/en/artist/1404,CULTR,Culture,2018-02-14,OONI,
http://www.vieuxfarkatoure.com/,CULTR,Culture,2018-02-14,OONI,
https://www.discogs.com/artist/173769-Tata-Pound,CULTR,Culture,2018-02-14,OONI,
https://www.youtube.com/watch?v=vgoxKXHhOug,CULTR,Culture,2018-02-14,OONI,
https://www.deezer.com/en/track/116870060,CULTR,Culture,2018-02-14,OONI,
https://www.discogs.com/artist/1867869-Fanta-Damba,CULTR,Culture,2018-02-14,OONI,
https://www.allmusic.com/artist/oumou-sangare-mn0000493412/songs,CULTR,Culture,2018-02-14,OONI,
https://www.oldies.com/artist-songs/Salif-Keita.html,CULTR,Culture,2018-02-14,OONI,
http://bassekoukouyate.com/,CULTR,Culture,2018-02-14,OONI,
http://www.amadou-mariam.com/,CULTR,Culture,2018-02-14,OONI,
https://www.ourcampaigns.com/PartyDetail.html?PartyID=1345,POLR,Political Criticism,2018-02-14,OONI,
http://www.electionguide.org/countries/id/133/,POLR,Political Criticism,2018-02-14,OONI,
http://maliactu.net/mali-election-presidentielle-2018-le-premier-tour-aura-lieu-le-dimanche-29-juillet/,POLR,Political Criticism,2018-02-14,OONI,
https://urd-mali.org/,POLR,Political Criticism,2018-02-14,OONI,
https://issafrica.org/iss-today/malis-suspended-constitutional-review-provides-vital-lessons,POLR,Political Criticism,2018-02-14,OONI,
http://www.maliweb.net/tag/kalifa-sanogo/,POLR,Political Criticism,2018-02-14,OONI,
http://maliactu.net/mali-ladema-et-la-presidentielle-2018-kalifa-sanogo-seme-le-trouble/,POLR,Political Criticism,2018-02-14,OONI,
http://www.refworld.org/docid/53ecb2de4.html,LGBT,LGBT,2018-02-14,OONI,
http://country.eiu.com/mali,ECON,Economics,2018-02-14,OONI,
http://www.our-africa.org/mali/economy-industry,ECON,Economics,2018-02-14,OONI,
https://www.indexmundi.com/mali/economy_profile.html,ECON,Economics,2018-02-14,OONI,
https://www.heritage.org/index/country/mali,ECON,Economics,2018-02-14,OONI,
https://minusma.unmissions.org/,IGO,Intergovernmental Organizations,2018-02-14,OONI,
https://peacekeeping.un.org/en/mission/minusma,IGO,Intergovernmental Organizations,2018-02-14,OONI,
https://betterworldcampaign.org/u-n-peacekeeping/mali-minusma/,IGO,Intergovernmental Organizations,2018-02-14,OONI,
http://www.miningweekly.com/topic/mali,ECON,Economics,2018-02-14,OONI,
http://www.mining.com/tag/mali/,ECON,Economics,2018-02-14,OONI,
http://www.everyculture.com/Ja-Ma/Mali.html,CULTR,Culture,2018-02-14,OONI,
https://www.business-anti-corruption.com/country-profiles/mali,POLR,Political Criticism,2018-02-14,OONI,
https://www.youtube.com/watch?v=WDQEXyhNsxE,POLR,Political Criticism,2018-02-14,OONI,YouTube channel of anti-corruption activist
https://www.youtube.com/watch?v=QwuYly0gIBY,POLR,Political Criticism,2018-02-14,OONI,YouTube channel of anti-corruption activist
https://www.youtube.com/watch?v=E0aZm35EC5k,POLR,Political Criticism,2018-02-14,OONI,YouTube channel of anti-corruption activist
http://hdr.undp.org/en/content/mali-%E2%80%93-nhdr-2016-migration-human-development-and-poverty-reduction,ECON,Economics,2018-02-14,OONI,
http://www.psi.org/,PUBH,Public Health,2018-02-14,OONI,
http://www.bbc.com/news/world-africa-17582909,POLR,Political Criticism,2018-02-14,OONI,
