url,category_code,category_description,date_added,source,notes
http://181bayintnaung.blogspot.com/,HOST,Hosting and Blogging Platforms,2014-04-15,citizenlab,
http://7monkeys.blogspot.com/,HOST,Hosting and Blogging Platforms,2014-04-15,citizenlab,
http://8888linker.blogspot.com/,HOST,Hosting and Blogging Platforms,2014-04-15,citizenlab,
http://969movement.org/,HATE,Hate Speech,2016-10-17,MIDO,969 Anti-Muslim Movement
http://a-lwan-dway-wai.blogspot.com/,HOST,Hosting and Blogging Platforms,2014-04-15,citizenlab,
http://abfsu.net/,HUMR,Human Rights Issues,2014-04-15,citizenlab,
http://absdf8888.org/,POLR,Political Criticism,2014-04-15,citizenlab,
http://absdfau.blogspot.com/,POLR,Political Criticism,2014-04-15,citizenlab,
http://aclmdy.blogspot.com/,HOST,Hosting and Blogging Platforms,2014-04-15,citizenlab,
http://adb.org/,ECON,Economics,2014-04-15,citizenlab,
http://agdbank.com/,COMM,E-commerce,2016-10-18,MIDO,AGD Bank
http://ainchannmyay.blogspot.com/,HOST,Hosting and Blogging Platforms,2014-04-15,citizenlab,
http://ainmetdiary.blogspot.com/,HOST,Hosting and Blogging Platforms,2014-04-15,citizenlab,
http://angwei.blogspot.com/,HOST,Hosting and Blogging Platforms,2014-04-15,citizenlab,
http://anjali.uncovered.com/,PORN,Pornography,2014-04-15,citizenlab,
http://aragonjune.blogspot.com/,HOST,Hosting and Blogging Platforms,2014-04-15,citizenlab,
http://arakanhrdo.org/,HUMR,Human Rights Issues,2014-04-15,citizenlab,
http://arakanna.com/,NEWS,News Media,2016-10-18,MIDO,Rakhine Ethnic Media
http://arakanoilwatch.org/,HUMR,Human Rights Issues,2014-04-15,citizenlab,
http://arakantimes.net/burmese/,NEWS,News Media,2014-04-15,citizenlab,
http://arloo.blogspot.com/,HOST,Hosting and Blogging Platforms,2014-04-15,citizenlab,
http://arrbyai.blogspot.com/,HOST,Hosting and Blogging Platforms,2014-04-15,citizenlab,
http://art-of-myheart.blogspot.com/,HOST,Hosting and Blogging Platforms,2014-04-15,citizenlab,
http://artixlin.blogspot.com/,HOST,Hosting and Blogging Platforms,2014-04-15,citizenlab,
http://ashinkumara.blogspot.com/,HOST,Hosting and Blogging Platforms,2014-04-15,citizenlab,
http://asia.wsj.com/public/page/opinionasia.html,NEWS,News Media,2014-04-15,citizenlab,
http://asiafriendfinder.com/,DATE,Online Dating,2014-04-15,citizenlab,
http://asiansmaster.com/,PORN,Pornography,2014-04-15,citizenlab,
http://asiapacific.ifj.org/en,NEWS,News Media,2014-04-15,citizenlab,
http://au.groups.yahoo.com/,GRP,Social Networking,2014-04-15,citizenlab,
http://au.groups.yahoo.com/group/Democracy_forBurma,GRP,Social Networking,2014-04-15,citizenlab,
http://aungsophia.blogspot.com/,HOST,Hosting and Blogging Platforms,2014-04-15,citizenlab,
http://awlanmg.blogspot.com/,HOST,Hosting and Blogging Platforms,2014-04-15,citizenlab,
http://ayabank.com/,COMM,E-commerce,2016-10-18,MIDO,Ayeyarwaddy Bank
http://ayeayethaw.blogspot.com/,HOST,Hosting and Blogging Platforms,2014-04-15,citizenlab,
http://ayechan.blogspot.com/,HUMR,Human Rights Issues,2014-04-15,citizenlab,
http://bagannat.blogspot.com/,HOST,Hosting and Blogging Platforms,2014-04-15,citizenlab,
http://baindaw.blogspot.com/,HOST,Hosting and Blogging Platforms,2014-04-15,citizenlab,
http://balargout.blogspot.com/,HOST,Hosting and Blogging Platforms,2014-04-15,citizenlab,
http://barnyarbarnyar.blogspot.com/,HOST,Hosting and Blogging Platforms,2014-04-15,citizenlab,
https://baygyiknowledge.blogspot.com/,HOST,Hosting and Blogging Platforms,2016-10-18,MIDO,Blog
http://bestrefer.atspace.com/,ANON,Anonymization and circumvention tools,2014-04-15,citizenlab,
http://betasia.com/,GMB,Gambling,2014-04-15,citizenlab,
http://blog.mghla.com/,NEWS,News Media,2014-04-15,citizenlab,
http://bloggerlay.blogspot.com/,HOST,Hosting and Blogging Platforms,2014-04-15,citizenlab,
https://blogmkk.blogspot.com/,HOST,Hosting and Blogging Platforms,2016-10-18,MIDO,Blog
http://bluearrow07.blogspot.com/,HOST,Hosting and Blogging Platforms,2014-04-15,citizenlab,
http://bo5.blogspot.com/,HOST,Hosting and Blogging Platforms,2014-04-15,citizenlab,
http://bobohein.blogspot.com/,HOST,Hosting and Blogging Platforms,2014-04-15,citizenlab,
http://bowdawgyi.blogspot.com/,HOST,Hosting and Blogging Platforms,2014-04-15,citizenlab,
https://boylovealone.blogspot.com/,LGBT,LGBT,2016-10-17,MIDO,LGBT Blog
http://burma.ahrchk.net/,HUMR,Human Rights Issues,2014-04-15,citizenlab,
http://burma.usembassy.gov/,GOVT,Government,2014-04-15,citizenlab,
http://burmadictatorwatch.blogspot.com/,NEWS,News Media,2014-04-15,citizenlab,
http://burmadigest.info/,NEWS,News Media,2014-04-15,citizenlab,
http://burmadigest.wordpress.com/,POLR,Political Criticism,2014-04-15,citizenlab,
http://burmamyanmargenocide.blogspot.com/,NEWS,News Media,2014-04-15,citizenlab,
http://burmanews.cbox.ws/,NEWS,News Media,2014-04-15,citizenlab,
http://burmatoday.net/,NEWS,News Media,2014-04-15,citizenlab,
http://burmayouthproject.blogspot.com/,HUMR,Human Rights Issues,2014-04-15,citizenlab,
http://burmese.bnionline.net/,NEWS,News Media,2014-04-15,citizenlab,
http://burmese.dvb.no/,NEWS,News Media,2014-04-15,citizenlab,
http://burmese.kachinnews.com/,NEWS,News Media,2014-04-15,citizenlab,
http://burmese.monnews.org/,NEWS,News Media,2014-04-15,citizenlab,
http://burmese.nldburma.org/,POLR,Political Criticism,2014-04-15,citizenlab,
http://burmese.phophtawnews.org/,NEWS,News Media,2014-04-15,citizenlab,
http://byteordermyanmar.blogspot.com/,HOST,Hosting and Blogging Platforms,2014-04-15,citizenlab,
http://campaigns.ahrchk.net/susunwe/,HUMR,Human Rights Issues,2014-04-15,citizenlab,
http://career.com.mm/,SRCH,Search Engines,2016-10-18,MIDO,Jobs Portal
http://chinnationalparty.org/,POLR,Political Criticism,2014-04-15,citizenlab,
http://chinworld.info/,NEWS,News Media,2016-10-17,MIDO,Chin Ethnic Media
http://chitlaypyay.blogspot.com/,HOST,Hosting and Blogging Platforms,2014-04-15,citizenlab,
http://chitsanm.blogspot.com/,HOST,Hosting and Blogging Platforms,2014-04-15,citizenlab,
http://chitthulaydreams.blogspot.com/,HOST,Hosting and Blogging Platforms,2014-04-15,citizenlab,
http://cittasukha.blogspot.com/,HOST,Hosting and Blogging Platforms,2014-04-15,citizenlab,
http://cmsmdy.blogspot.com/,HOST,Hosting and Blogging Platforms,2014-04-15,citizenlab,
http://creamasia.com/,PORN,Pornography,2014-04-15,citizenlab,
http://cyberclay.blogspot.com/,HOST,Hosting and Blogging Platforms,2014-04-15,citizenlab,
http://dathana.blogspot.com/,NEWS,News Media,2014-04-15,citizenlab,
http://dawn-1o9.xanga.com/,NEWS,News Media,2014-04-15,citizenlab,
http://deedoke.blogspot.com/,HOST,Hosting and Blogging Platforms,2014-04-15,citizenlab,
http://democracyforburma.wordpress.com/,POLR,Political Criticism,2014-04-15,citizenlab,
http://democraticmyanmar.com/,POLR,Political Criticism,2014-04-15,citizenlab,
http://dewy-eyes.blogspot.com/,HOST,Hosting and Blogging Platforms,2014-04-15,citizenlab,
http://dr-junior.blogspot.com/,HOST,Hosting and Blogging Platforms,2014-04-15,citizenlab,
http://drlunswe.blogspot.com/,NEWS,News Media,2014-04-15,citizenlab,
http://educationinmyanmar.blogspot.com/,HOST,Hosting and Blogging Platforms,2014-04-15,citizenlab,
http://edwardwitten.blogspot.com/,HOST,Hosting and Blogging Platforms,2014-04-15,citizenlab,
http://emotionalcorner.blogspot.com/,HOST,Hosting and Blogging Platforms,2014-04-15,citizenlab,
http://ems-dailydiary.blogspot.com/,HOST,Hosting and Blogging Platforms,2014-04-15,citizenlab,
http://en.rsf.org/burma.html,HUMR,Human Rights Issues,2014-04-15,citizenlab,
http://en.rsf.org/internet-enemie-burma,HUMR,Human Rights Issues,2014-04-15,citizenlab,
http://engineersformyanmar.blogspot.com/,HOST,Hosting and Blogging Platforms,2014-04-15,citizenlab,
http://english.dvb.no/,NEWS,News Media,2014-04-15,citizenlab,
http://epopasia.org/,CULTR,Culture,2016-10-17,MIDO,English e-learning website run by Thabyay Education Foundation
http://equalitymyanmar.org/,LGBT,LGBT,2016-10-17,MIDO,LGBT Rights Organization
http://ethnicvoices.civiblog.org/,HUMR,Human Rights Issues,2014-04-15,citizenlab,
http://fencefilm.com/,HUMR,Human Rights Issues,2014-04-15,citizenlab,
http://fine-leaves.blogspot.com/,HOST,Hosting and Blogging Platforms,2014-04-15,citizenlab,
http://flammablesan.blogspot.com/,HOST,Hosting and Blogging Platforms,2014-04-15,citizenlab,
http://flower.colorfulblog.com/,HOST,Hosting and Blogging Platforms,2014-04-15,citizenlab,
http://forums.myanmarcommunity.com/,GRP,Social Networking,2014-04-15,citizenlab,
http://freeburmacoalition.blogspot.com/,POLR,Political Criticism,2014-04-15,citizenlab,
http://freerohingyacampaign.blogspot.com/,HUMR,Human Rights Issues,2014-04-15,citizenlab,
http://generation96.blogspot.com/,NEWS,News Media,2014-04-15,citizenlab,
http://globalvoicesonline.org/-/world/east-asia/myanmar-burma,NEWS,News Media,2014-04-15,citizenlab,
http://graceswezinhtaik.blogspot.com/,HOST,Hosting and Blogging Platforms,2014-04-15,citizenlab,
http://greenwaymyanmar.org/,SRCH,Search Engines,2016-10-18,MIDO,Agricultural Portal
http://gyittu.blogspot.com/,HOST,Hosting and Blogging Platforms,2014-04-15,citizenlab,
http://hay-mar.blogspot.com/,HOST,Hosting and Blogging Platforms,2014-04-15,citizenlab,
http://heartbeats-of-kreator.blogspot.com/,HOST,Hosting and Blogging Platforms,2014-04-15,citizenlab,
http://heinnge.blogspot.com/,HOST,Hosting and Blogging Platforms,2014-04-15,citizenlab,
http://him.civiblog.org/,PUBH,Public Health,2014-04-15,citizenlab,
http://hintharmedia.com/,NEWS,News Media,2016-10-17,MIDO,Online Media
http://hohodidi.blogspot.com/,HOST,Hosting and Blogging Platforms,2014-04-15,citizenlab,
http://hotasianbabes.com/,PORN,Pornography,2014-04-15,citizenlab,
http://hteinkmin.blogspot.com/,HOST,Hosting and Blogging Platforms,2014-04-15,citizenlab,
http://htethtetkhaing.blogspot.com/,HOST,Hosting and Blogging Platforms,2014-04-15,citizenlab,
http://htetyeemon.blogspot.com/,HOST,Hosting and Blogging Platforms,2014-04-15,citizenlab,
http://htoolaminn.blogspot.com/,HOST,Hosting and Blogging Platforms,2014-04-15,citizenlab,
http://htoomyatbg.blogspot.com/,HOST,Hosting and Blogging Platforms,2014-04-15,citizenlab,
http://ilatphyu.blogspot.com/,HOST,Hosting and Blogging Platforms,2014-04-15,citizenlab,
http://ilga.org/ilga/en/countries/MYANMAR/Law,LGBT,LGBT,2014-04-15,citizenlab,
http://indianfriendfinder.com/,DATE,Online Dating,2014-04-15,citizenlab,
http://inzali.blogspot.com/,HOST,Hosting and Blogging Platforms,2014-04-15,citizenlab,
http://issuu.com/hteiktinaung/docs/vol.1_no.2,NEWS,News Media,2014-04-15,citizenlab,
http://jacbaburma.blogspot.com/,HUMR,Human Rights Issues,2014-04-15,citizenlab,
http://joutblize.blogspot.com/,HOST,Hosting and Blogging Platforms,2014-04-15,citizenlab,
http://joyful4all.blogspot.com/,HOST,Hosting and Blogging Platforms,2014-04-15,citizenlab,
http://julyhtet.blogspot.com/,HOST,Hosting and Blogging Platforms,2014-04-15,citizenlab,
http://justshareall.blogspot.com/,HOST,Hosting and Blogging Platforms,2014-04-15,citizenlab,
http://kachinlandnews.com/,NEWS,News Media,2014-04-15,citizenlab,
http://kadaung.blogspot.com/,NEWS,News Media,2014-04-15,citizenlab,
http://karen.org.au/,CULTR,Culture,2014-04-15,citizenlab,
http://karennationalunion.net/index.php,POLR,Political Criticism,2014-04-15,citizenlab,
http://kaungkinko.blogspot.com/,HOST,Hosting and Blogging Platforms,2014-04-15,citizenlab,
http://kgmalayy.blogspot.com/,HOST,Hosting and Blogging Platforms,2014-04-15,citizenlab,
http://khantzawaung.blogspot.com/,HOST,Hosting and Blogging Platforms,2014-04-15,citizenlab,
http://khitpyaing.blogspot.com/,HOST,Hosting and Blogging Platforms,2014-04-15,citizenlab,
http://khonumthung.org/,NEWS,News Media,2014-04-15,citizenlab,
http://khonumthungburmese.org/,NEWS,News Media,2014-04-15,citizenlab,
http://khrg.org/about.html,HUMR,Human Rights Issues,2014-04-15,citizenlab,
http://khunmoung.blogspot.com/,HOST,Hosting and Blogging Platforms,2014-04-15,citizenlab,
http://kicnews.org/,HUMR,Human Rights Issues,2016-10-17,MIDO,Karen Information Center
http://kkwinmoe.blogspot.com/,HOST,Hosting and Blogging Platforms,2014-04-15,citizenlab,
http://klosayhtoo.blogspot.com/,HOST,Hosting and Blogging Platforms,2014-04-15,citizenlab,
http://ko-htike.blogspot.com/,NEWS,News Media,2014-04-15,citizenlab,
http://komg.blogspot.com/,HOST,Hosting and Blogging Platforms,2014-04-15,citizenlab,
http://kominnthurein.blogspot.com/,HOST,Hosting and Blogging Platforms,2014-04-15,citizenlab,
http://komoethee.blogspot.com/,NEWS,News Media,2014-04-15,citizenlab,
http://komoetought.blogspot.com/,HOST,Hosting and Blogging Platforms,2014-04-15,citizenlab,
http://kophyoe.blogspot.com/,HOST,Hosting and Blogging Platforms,2014-04-15,citizenlab,
http://koshwehtoo.wordpress.com/,NEWS,News Media,2014-04-15,citizenlab,
http://kothink.blogspot.com/,HOST,Hosting and Blogging Platforms,2014-04-15,citizenlab,
http://kotoe.blogspot.com/,HOST,Hosting and Blogging Platforms,2014-04-15,citizenlab,
https://kt-ktimes.blogspot.com/,NEWS,News Media,2016-10-17,MIDO,Ethnic Media
http://kthuyein.blogspot.com/,HOST,Hosting and Blogging Platforms,2014-04-15,citizenlab,
http://kthwe.blogspot.com/,HOST,Hosting and Blogging Platforms,2014-04-15,citizenlab,
http://kyalsinsoewin.blogspot.com/,HOST,Hosting and Blogging Platforms,2014-04-15,citizenlab,
http://kyaw-min-tun.blogspot.com/,HOST,Hosting and Blogging Platforms,2014-04-15,citizenlab,
http://kyaw-zay-ya.blogspot.com/,HOST,Hosting and Blogging Platforms,2014-04-15,citizenlab,
http://kyawhtet.blogspot.com/,HOST,Hosting and Blogging Platforms,2014-04-15,citizenlab,
http://kyawswar.blogspot.com/,HOST,Hosting and Blogging Platforms,2014-04-15,citizenlab,
http://kyawthu.co.uk/mmblues/,HOST,Hosting and Blogging Platforms,2014-04-15,citizenlab,
http://kyellay.blogspot.com/,HOST,Hosting and Blogging Platforms,2014-04-15,citizenlab,
http://kyimaykaung.blogspot.com/,NEWS,News Media,2014-04-15,citizenlab,
http://kzy1980.blogspot.com/,HOST,Hosting and Blogging Platforms,2014-04-15,citizenlab,
http://lanolay.wordpress.com/,NEWS,News Media,2014-04-15,citizenlab,
http://linletkyalsin.blogspot.com/,HOST,Hosting and Blogging Platforms,2014-04-15,citizenlab,
http://longmarchandhungerstrike.odfb.org/,POLR,Political Criticism,2014-04-15,citizenlab,
http://luthit.blogspot.com/,NEWS,News Media,2014-04-15,citizenlab,
http://madyjune.blogspot.com/,HOST,Hosting and Blogging Platforms,2014-04-15,citizenlab,
http://mandalaybloggers.blogspot.com/,HOST,Hosting and Blogging Platforms,2014-04-15,citizenlab,
https://manorhary.wordpress.com/,NEWS,News Media,2014-04-15,citizenlab,
http://maungyin.blogspot.com/,HOST,Hosting and Blogging Platforms,2014-04-15,citizenlab,
http://maydar-wii.blogspot.com/,HOST,Hosting and Blogging Platforms,2014-04-15,citizenlab,
https://maymyothar4.blogspot.com/,HOST,Hosting and Blogging Platforms,2016-10-18,MIDO,Blog
http://maynyane.blogspot.com/,NEWS,News Media,2014-04-15,citizenlab,
http://mayvelous.com/,HOST,Hosting and Blogging Platforms,2014-04-15,citizenlab,
http://meemeethawgyi.blogspot.com/,HOST,Hosting and Blogging Platforms,2014-04-15,citizenlab,
http://melodymaung.blogspot.com/,HOST,Hosting and Blogging Platforms,2014-04-15,citizenlab,
http://members.tripod.com/%7Ethadoe_aung/absdo.html,POLR,Political Criticism,2014-04-15,citizenlab,
http://members.tripod.com/Rbape/Bur_prof.htm,CULTR,Culture,2014-04-15,citizenlab,
http://members.tripod.com/~INDIA_RESOURCE/savoice.html,NEWS,News Media,2014-04-15,citizenlab,
http://members.tripod.com/~thandawsint,MISC,Miscelaneous content,2014-04-15,citizenlab,
http://membrane.com/,CULTR,Culture,2014-04-15,citizenlab,
http://membrane.com/burma.html,CULTR,Culture,2014-04-15,citizenlab,
http://mgalbert.blogspot.com/,HOST,Hosting and Blogging Platforms,2014-04-15,citizenlab,
http://mghla.blogspot.com/,MISC,Miscelaneous content,2014-04-15,citizenlab,
http://mgmyomin.blogspot.com/,HOST,Hosting and Blogging Platforms,2014-04-15,citizenlab,
http://mgthantzin.blogspot.com/,HOST,Hosting and Blogging Platforms,2014-04-15,citizenlab,
http://mgthuyein.blogspot.com/,HOST,Hosting and Blogging Platforms,2014-04-15,citizenlab,
http://mgyoe.blogspot.com/,HOST,Hosting and Blogging Platforms,2014-04-15,citizenlab,
http://mhoneshweyee.com/,GRP,Social Networking,2014-04-15,citizenlab,
https://mikalayar23.blogspot.com/,HOST,Hosting and Blogging Platforms,2016-10-18,MIDO,Blog
http://mindagoon.blogspot.com/,HOST,Hosting and Blogging Platforms,2014-04-15,citizenlab,
http://minnyoonthit.blogspot.com/,HOST,Hosting and Blogging Platforms,2014-04-15,citizenlab,
http://minthetkhine.blogspot.com/,HOST,Hosting and Blogging Platforms,2014-04-15,citizenlab,
http://minyekyawswar.blogspot.com/,HOST,Hosting and Blogging Platforms,2014-04-15,citizenlab,
http://mizzima.com/,NEWS,News Media,2014-04-15,citizenlab,
http://mm.myanmaaungparsay.com.mm/,COMM,E-commerce,2016-10-18,MIDO,Real Estate
http://mm.myanmars.net/,SRCH,Search Engines,2016-10-18,MIDO,Portal
http://mmedwatch.blogspot.com/,NEWS,News Media,2014-04-15,citizenlab,
http://mmhan.blogspot.com/,HOST,Hosting and Blogging Platforms,2014-04-15,citizenlab,
http://mmpeacemonitor.org/,POLR,Political Criticism,2016-10-18,MIDO,Myanmar Peace Monitor
http://mmposts.blogspot.com/,HOST,Hosting and Blogging Platforms,2014-04-15,citizenlab,
http://mobmyanmar.com/home/myanmar/index.php,COMM,E-commerce,2016-10-18,MIDO,MOB Bank
http://moechaint.blogspot.com/,HOST,Hosting and Blogging Platforms,2014-04-15,citizenlab,
http://moemaka.blogspot.com/,NEWS,News Media,2014-04-15,citizenlab,
http://moemaka.blogspot.com/2007/09/blood-shed-in-ngwe-kyar-yan-monestery.html,NEWS,News Media,2014-04-15,citizenlab,
http://moemaka.com/,NEWS,News Media,2014-04-15,citizenlab,
http://moeminthar.wordpress.com/,HOST,Hosting and Blogging Platforms,2014-04-15,citizenlab,
http://moenyothar86.blogspot.com/,HOST,Hosting and Blogging Platforms,2014-04-15,citizenlab,
http://moeyanlwint.blogspot.com/,HOST,Hosting and Blogging Platforms,2014-04-15,citizenlab,
http://monnews.org/,NEWS,News Media,2014-04-15,citizenlab,
http://motherland-2009.blogspot.com/,HOST,Hosting and Blogging Platforms,2014-04-15,citizenlab,
http://mrbalance.blogspot.com/,HOST,Hosting and Blogging Platforms,2014-04-15,citizenlab,
http://mrdewaing.blogspot.com/,HOST,Hosting and Blogging Platforms,2014-04-15,citizenlab,
http://mrprogrammer.blogspot.com/,HOST,Hosting and Blogging Platforms,2014-04-15,citizenlab,
http://mtmblog.blogspot.com/,HOST,Hosting and Blogging Platforms,2014-04-15,citizenlab,
http://myalwar.blogspot.com/,HOST,Hosting and Blogging Platforms,2014-04-15,citizenlab,
http://myanmar-blogger.blogspot.com/,HOST,Hosting and Blogging Platforms,2014-04-15,citizenlab,
http://myanmar-cartoon.blogspot.com/,HOST,Hosting and Blogging Platforms,2014-04-15,citizenlab,
http://myanmar-people.netfirms.com/,POLR,Political Criticism,2014-04-15,citizenlab,
http://myanmar-society.blogspot.com/,HOST,Hosting and Blogging Platforms,2014-04-15,citizenlab,
http://myanmar-stamps.8m.com/,MISC,Miscelaneous content,2014-04-15,citizenlab,
http://myanmar-student-help.tk/,MISC,Miscelaneous content,2014-04-15,citizenlab,
http://myanmar.anglican.org/,HUMR,Human Rights Issues,2014-04-15,citizenlab,
http://myanmarastrology.blogspot.com/,HOST,Hosting and Blogging Platforms,2014-04-15,citizenlab,
http://myanmarblogdirectory.blogspot.com/,HOST,Hosting and Blogging Platforms,2014-04-15,citizenlab,
http://myanmarblues.blogspot.com/,HOST,Hosting and Blogging Platforms,2014-04-15,citizenlab,
http://myanmarbravo.com/,COMM,E-commerce,2016-10-17,MIDO,Myanmar Bravo Travel & Tour
http://myanmarconstitutioncritic.blogspot.com/,POLR,Political Criticism,2014-04-15,citizenlab,
http://myanmarculture.blogspot.com/,CULTR,Culture,2014-04-15,citizenlab,
http://myanmarecosolutions.com/,ENV,Environment,2016-10-18,MIDO,Eco Energy Solution
http://myanmarexchangerate.com/,COMM,E-commerce,2016-10-18,MIDO,Exchange rate information
http://myanmargraphicartshow.blogspot.com/,HOST,Hosting and Blogging Platforms,2014-04-15,citizenlab,
http://myanmarian.com/,NEWS,News Media,2014-04-15,citizenlab,
http://myanmarinternetseminar.blogspot.com/,HOST,Hosting and Blogging Platforms,2014-04-15,citizenlab,
http://myanmarmodernpoems.blogspot.com/,HOST,Hosting and Blogging Platforms,2014-04-15,citizenlab,
http://myanmarnews.net/,NEWS,News Media,2014-04-15,citizenlab,
http://myanmaroa6.blogspot.com/,HOST,Hosting and Blogging Platforms,2014-04-15,citizenlab,
http://myanmarstudyabroad.org/,HOST,Hosting and Blogging Platforms,2016-10-17,MIDO,Information on Scholarships and studying abroad
https://myanmartevolution.com/,COMM,E-commerce,2016-10-17,MIDO,Art Tour and Gallery
http://myatlone.blogspot.com/,HOST,Hosting and Blogging Platforms,2014-04-15,citizenlab,
http://myatthura.blogspot.com/,HOST,Hosting and Blogging Platforms,2014-04-15,citizenlab,
http://myatzawlynn.blogspot.com/,HOST,Hosting and Blogging Platforms,2014-04-15,citizenlab,
http://mydaywalker.blogspot.com/,HOST,Hosting and Blogging Platforms,2014-04-15,citizenlab,
http://myea.org.mm/,CTRL,Control content,2016-10-18,MIDO,Myanmar Young Entrepreneurs Association
http://myitmakhamediagroup.com/,NEWS,News Media,2014-04-15,citizenlab,
http://mymetroworld.blogspot.com/,HOST,Hosting and Blogging Platforms,2014-04-15,citizenlab,
http://mymyanmarpoem.blogspot.com/,HOST,Hosting and Blogging Platforms,2014-04-15,citizenlab,
http://mynetclass.blogspot.com/,HOST,Hosting and Blogging Platforms,2014-04-15,citizenlab,
http://myoaung-mdy.blogspot.com/,HOST,Hosting and Blogging Platforms,2014-04-15,citizenlab,
http://myochauhtun.blogspot.com/,HOST,Hosting and Blogging Platforms,2014-04-15,citizenlab,
http://myochitmyanmar.blogspot.com/,NEWS,News Media,2014-04-15,citizenlab,
http://myokoko.blogspot.com/,HOST,Hosting and Blogging Platforms,2014-04-15,citizenlab,
https://myomonyeeoo.blogspot.com/,HOST,Hosting and Blogging Platforms,2016-10-18,MIDO,Blog
http://myonyi.blogspot.com/,HOST,Hosting and Blogging Platforms,2014-04-15,citizenlab,
http://mywebdigest.net/,MISC,Miscelaneous content,2014-04-15,citizenlab,
http://naing1.blogspot.com/,HOST,Hosting and Blogging Platforms,2014-04-15,citizenlab,
http://natthi22.blogspot.com/,HOST,Hosting and Blogging Platforms,2014-04-15,citizenlab,
http://naymin.blogspot.com/,HOST,Hosting and Blogging Platforms,2014-04-15,citizenlab,
http://naymoee.blogspot.com/,HOST,Hosting and Blogging Platforms,2014-04-15,citizenlab,
http://naynaynaing.blogspot.com/,HOST,Hosting and Blogging Platforms,2014-04-15,citizenlab,
http://nayphonelatt.blogspot.com/,HOST,Hosting and Blogging Platforms,2014-04-15,citizenlab,
http://nayyynzaraamyitkhan.blogspot.com/,HOST,Hosting and Blogging Platforms,2014-04-15,citizenlab,
http://news.bbc.co.uk/1/hi/world/asia-pacific/country_profiles/1300003.stm,NEWS,News Media,2014-04-15,citizenlab,
http://news.bbc.co.uk/1/hi/world/asia-pacific/country_profiles/1300082.stm,NEWS,News Media,2014-04-15,citizenlab,
http://news.bbc.co.uk/2/hi/asia-pacific,NEWS,News Media,2014-04-15,citizenlab,
http://news.bbc.co.uk/2/hi/south_asia,NEWS,News Media,2014-04-15,citizenlab,
https://ngateasutharlay.blogspot.com/,HOST,Hosting and Blogging Platforms,2016-10-18,MIDO,Blog
https://ngo.mycitizen.net/,SRCH,Search Engines,2016-10-18,MIDO,Myanmar Non-Profit Directory
http://niknayman.blogspot.com/,NEWS,News Media,2014-04-15,citizenlab,
http://nilarthant.blogspot.com/,HOST,Hosting and Blogging Platforms,2014-04-15,citizenlab,
http://nineninesanay.blogspot.com/,HOST,Hosting and Blogging Platforms,2014-04-15,citizenlab,
http://notes4pc.blogspot.com/,HOST,Hosting and Blogging Platforms,2014-04-15,citizenlab,
http://nyeinchan.com/wordpress/,HOST,Hosting and Blogging Platforms,2014-04-15,citizenlab,
http://nyihtway.blogspot.com/,HOST,Hosting and Blogging Platforms,2014-04-15,citizenlab,
http://nyilynnseck.blogspot.com/,HOST,Hosting and Blogging Platforms,2014-04-15,citizenlab,
http://nyiminsan.com/blog,NEWS,News Media,2014-04-15,citizenlab,
http://nyinyithanlwin.blogspot.com/,HOST,Hosting and Blogging Platforms,2014-04-15,citizenlab,
http://nykomme.blogspot.com/,HOST,Hosting and Blogging Platforms,2014-04-15,citizenlab,
http://o-way.blogspot.com/,HOST,Hosting and Blogging Platforms,2014-04-15,citizenlab,
http://obeygiant.com/headlines/aung-san-sun,HUMR,Human Rights Issues,2014-04-15,citizenlab,
http://oesociety.blogspot.com/,HOST,Hosting and Blogging Platforms,2014-04-15,citizenlab,
http://openhluttaw.info/,POLR,Political Criticism,2016-10-18,MIDO,Information on Parliament Members
http://palaungwomen.org/,HUMR,Human Rights Issues,2014-04-15,citizenlab,
http://pandora-and-pandora.blogspot.com/,HOST,Hosting and Blogging Platforms,2014-04-15,citizenlab,
http://panpwintlay.blogspot.com/,HOST,Hosting and Blogging Platforms,2014-04-15,citizenlab,
http://paowomensunion.wordpress.com/,HUMR,Human Rights Issues,2014-04-15,citizenlab,
https://parsithan.blogspot.com/,NEWS,News Media,2016-10-18,MIDO,Karen Ethnic Media
http://pawakayee.blogspot.com/,HOST,Hosting and Blogging Platforms,2014-04-15,citizenlab,
http://peacefulwalkingtogether.blogspot.com/,HOST,Hosting and Blogging Platforms,2014-04-15,citizenlab,
http://peersmyanmar.wordpress.com/,HOST,Hosting and Blogging Platforms,2014-04-15,citizenlab,
http://peoimyanmar.blogspot.com/,HOST,Hosting and Blogging Platforms,2014-04-15,citizenlab,
http://phoawe.blogspot.com/,HOST,Hosting and Blogging Platforms,2014-04-15,citizenlab,
http://phoungphoung.blogspot.com/,HOST,Hosting and Blogging Platforms,2014-04-15,citizenlab,
http://phoxin.blogspot.com/,HOST,Hosting and Blogging Platforms,2014-04-15,citizenlab,
http://phyowaiayeaung.blogspot.com/,HOST,Hosting and Blogging Platforms,2014-04-15,citizenlab,
http://phyowaikyaw.blogspot.com/,HOST,Hosting and Blogging Platforms,2014-04-15,citizenlab,
http://physiciansforhumanrights.org/library/reports/no-status-women-in-thailand-2004.html,HUMR,Human Rights Issues,2014-04-15,citizenlab,
http://picasaweb.google.com/,NEWS,News Media,2014-04-15,citizenlab,
http://picasaweb.google.com/niknayman/Burma,NEWS,News Media,2014-04-15,citizenlab,
http://planetteam.blogspot.com/,HOST,Hosting and Blogging Platforms,2014-04-15,citizenlab,
https://plus.google.com/110099751063764594429/posts,NEWS,News Media,2014-04-15,citizenlab,
http://poemyae.blogspot.com/,HOST,Hosting and Blogging Platforms,2014-04-15,citizenlab,
http://popularmyanmar.com/mpaper/,NEWS,News Media,2014-04-15,citizenlab,
http://pu-htu-zin.blogspot.com/,HOST,Hosting and Blogging Platforms,2014-04-15,citizenlab,
http://pyisoeyz.blogspot.com/,HOST,Hosting and Blogging Platforms,2014-04-15,citizenlab,
http://rakhinendparty.webs.com/,POLR,Political Criticism,2014-04-15,citizenlab,
http://realhotindiangirls.com/,PORN,Pornography,2014-04-15,citizenlab,
http://rnc.bravehost.com/,HUMR,Human Rights Issues,2014-04-15,citizenlab,
http://roatmon.blogspot.com/,HOST,Hosting and Blogging Platforms,2014-04-15,citizenlab,
http://rohingyasnews.blogspot.com/,HUMR,Human Rights Issues,2014-04-15,citizenlab,
http://rubbishpage.blogspot.com/,HOST,Hosting and Blogging Platforms,2014-04-15,citizenlab,
http://sakura-myanmar.blogspot.com/,HOST,Hosting and Blogging Platforms,2014-04-15,citizenlab,
http://sannoo.blogspot.com/,HOST,Hosting and Blogging Platforms,2014-04-15,citizenlab,
http://saturngod.blogspot.com/,HOST,Hosting and Blogging Platforms,2014-04-15,citizenlab,
http://seapa.wordpress.com/,NEWS,News Media,2014-04-15,citizenlab,
http://seenbseen.blogspot.com/,HOST,Hosting and Blogging Platforms,2014-04-15,citizenlab,
http://seinkhalote.blogspot.com/,NEWS,News Media,2014-04-15,citizenlab,
http://shankoemee.com/,GMB,Gambling,2016-10-18,MIDO,Myanmar Card Game
http://sharingtofrds.blogspot.com/,HOST,Hosting and Blogging Platforms,2014-04-15,citizenlab,
http://shwebeauty.com/,NEWS,News Media,2014-04-15,citizenlab,
http://shwemintharlay.blogspot.com/2007,HOST,Hosting and Blogging Platforms,2014-04-15,citizenlab,
http://shwemoetain.blogspot.com/,HOST,Hosting and Blogging Platforms,2014-04-15,citizenlab,
http://shwemyat.blogspot.com/,HOST,Hosting and Blogging Platforms,2014-04-15,citizenlab,
http://shwepont.blogspot.com/,HOST,Hosting and Blogging Platforms,2014-04-15,citizenlab,
http://sisain.blogspot.com/,HOST,Hosting and Blogging Platforms,2014-04-15,citizenlab,
http://sithuhein.blogspot.com/,HOST,Hosting and Blogging Platforms,2014-04-15,citizenlab,
http://smsy.blogspot.com/,HOST,Hosting and Blogging Platforms,2014-04-15,citizenlab,
http://soemin.blogspot.com/,HOST,Hosting and Blogging Platforms,2014-04-15,citizenlab,
http://soemoeaung.blogspot.com/,NEWS,News Media,2014-04-15,citizenlab,
http://soezeya.blogspot.com/,HOST,Hosting and Blogging Platforms,2014-04-15,citizenlab,
http://soneseyar.blogspot.com/,NEWS,News Media,2014-04-15,citizenlab,
http://southindianexpress.smut.com/,PORN,Pornography,2014-04-15,citizenlab,
http://spdcwatchdog.proboards76.com/,HUMR,Human Rights Issues,2014-04-15,citizenlab,
http://splendidrose.blogspot.com/,HOST,Hosting and Blogging Platforms,2014-04-15,citizenlab,
http://spotfm.blogspot.com/,HOST,Hosting and Blogging Platforms,2014-04-15,citizenlab,
http://steveevergreen.blogspot.com/,HOST,Hosting and Blogging Platforms,2014-04-15,citizenlab,
http://stevenalexand.blogspot.com/,HOST,Hosting and Blogging Platforms,2014-04-15,citizenlab,
http://straitstimes.asiaone.com/,NEWS,News Media,2014-04-15,citizenlab,
http://streetmeatasia.com/,PORN,Pornography,2014-04-15,citizenlab,
http://synrg3.blogspot.com/,HOST,Hosting and Blogging Platforms,2014-04-15,citizenlab,
http://taikhint.blogspot.com/,HOST,Hosting and Blogging Platforms,2014-04-15,citizenlab,
http://tanintharyithar.blogspot.com/,NEWS,News Media,2014-04-15,citizenlab,
http://tartarlay.blogspot.com/,HOST,Hosting and Blogging Platforms,2014-04-15,citizenlab,
http://tavoyan.blogspot.com/,NEWS,News Media,2014-04-15,citizenlab,
http://tavoyland.blogspot.com/,NEWS,News Media,2014-04-15,citizenlab,
http://tawthonetaung.blogspot.com/,HOST,Hosting and Blogging Platforms,2014-04-15,citizenlab,
http://teslanetblog.blogspot.com/,HOST,Hosting and Blogging Platforms,2014-04-15,citizenlab,
http://thachinmyar.blogspot.com/,HOST,Hosting and Blogging Platforms,2014-04-15,citizenlab,
http://thai69.com/,PORN,Pornography,2014-04-15,citizenlab,
http://thaicherry.com/,PORN,Pornography,2014-04-15,citizenlab,
http://thaigirls.net/,PORN,Pornography,2014-04-15,citizenlab,
http://thaigirlsnaked.com/,PORN,Pornography,2014-04-15,citizenlab,
http://thanlwintimes.com/,NEWS,News Media,2016-10-17,MIDO,Mon Ethnic Media
http://thantzinaung.blogspot.com/,HOST,Hosting and Blogging Platforms,2014-04-15,citizenlab,
http://thelay.blogspot.com/,HOST,Hosting and Blogging Platforms,2014-04-15,citizenlab,
http://thet2.blogspot.com/,HOST,Hosting and Blogging Platforms,2014-04-15,citizenlab,
http://thetnaing.blogspot.com/,HOST,Hosting and Blogging Platforms,2014-04-15,citizenlab,
http://thinzar00.blogspot.com/,HOST,Hosting and Blogging Platforms,2014-04-15,citizenlab,
http://thiriyatanar.blogspot.com/,HOST,Hosting and Blogging Platforms,2014-04-15,citizenlab,
https://thiriyatanar.blogspot.com/,HOST,Hosting and Blogging Platforms,2016-10-18,MIDO,Blog
http://thu-i-san.blogspot.com/,HOST,Hosting and Blogging Platforms,2014-04-15,citizenlab,
http://thuhninsee.blogspot.com/,HOST,Hosting and Blogging Platforms,2014-04-15,citizenlab,
http://times.hankooki.com/,NEWS,News Media,2014-04-15,citizenlab,
http://tkg-photographicdiary.blogspot.com/,HOST,Hosting and Blogging Platforms,2014-04-15,citizenlab,
http://tmaung.blogspot.com/,HOST,Hosting and Blogging Platforms,2014-04-15,citizenlab,
http://toplaceoftrust.blogspot.com/,HOST,Hosting and Blogging Platforms,2014-04-15,citizenlab,
http://uecmyanmar.org/,GOVT,Government,2016-10-18,MIDO,Union Election Commission Myanmar
http://uhteik.blogspot.com/,HOST,Hosting and Blogging Platforms,2014-04-15,citizenlab,
http://uniquealert.blogspot.com/,HOST,Hosting and Blogging Platforms,2014-04-15,citizenlab,
http://viss.wordpress.com/,NEWS,News Media,2014-04-15,citizenlab,
http://waiwai.blogspot.com/,HOST,Hosting and Blogging Platforms,2014-04-15,citizenlab,
http://waiyanlin.blogspot.com/,HOST,Hosting and Blogging Platforms,2014-04-15,citizenlab,
http://waiyanlinn.blogspot.com/,HOST,Hosting and Blogging Platforms,2014-04-15,citizenlab,
http://walone.blogspot.com/,HOST,Hosting and Blogging Platforms,2014-04-15,citizenlab,
http://wesheme.blogspot.com/,HOST,Hosting and Blogging Platforms,2014-04-15,citizenlab,
http://wpd-mm.blogspot.com/,HOST,Hosting and Blogging Platforms,2014-04-15,citizenlab,
http://ww1.bestmyanmarjob.com/,SRCH,Search Engines,2016-10-18,MIDO,Jobs Portal
http://www.64forsuu.org/,POLR,Political Criticism,2014-04-15,citizenlab,
http://www.7daynewsjournal.com/,NEWS,News Media,2014-04-15,citizenlab,
http://www.88square.com/,PORN,Pornography,2014-04-15,citizenlab,
http://www.Real-ThaiPussy.com/,PORN,Pornography,2014-04-15,citizenlab,
http://www.aappb.org/,HUMR,Human Rights Issues,2014-04-15,citizenlab,
http://www.aappb.org/aboutburma.html,HUMR,Human Rights Issues,2014-04-15,citizenlab,
http://www.aasyc.org/,POLR,Political Criticism,2014-04-15,citizenlab,
http://www.abfsu.net/,HUMR,Human Rights Issues,2014-04-15,citizenlab,
http://www.absdf8888.org/,POLR,Political Criticism,2014-04-15,citizenlab,
http://www.actionburma.com/,POLR,Political Criticism,2014-04-15,citizenlab,
http://www.aic.gov.au/,ALDR,Alcohol & Drugs,2014-04-15,citizenlab,
http://www.aic.gov.au/crime_types/drugs_alcohol/drug_types/heroin.aspx,ALDR,Alcohol & Drugs,2014-04-15,citizenlab,
http://www.ainmat.com/,MISC,Miscelaneous content,2014-04-15,citizenlab,
http://www.akha.org/,HUMR,Human Rights Issues,2014-04-15,citizenlab,
http://www.aksyu.com/,HUMR,Human Rights Issues,2014-04-15,citizenlab,
http://www.altsean.org/,NEWS,News Media,2014-04-15,citizenlab,
http://www.altsean.org/research/parliament%20watch/parties.php,POLR,Political Criticism,2014-04-15,citizenlab,
http://www.amnesty.org/en/region/myanmar,HUMR,Human Rights Issues,2014-04-15,citizenlab,
http://www.angelfire.com/linux/jfernquest/burmese0.html,CULTR,Culture,2014-04-15,citizenlab,
http://www.angelfire.com/linux/jfernquest/modern.html,CULTR,Culture,2014-04-15,citizenlab,
http://www.apwld.org/,HUMR,Human Rights Issues,2014-04-15,citizenlab,
http://www.arakananc.org/,POLR,Political Criticism,2014-04-15,citizenlab,
http://www.arrka-smaile.blogspot.com/,NEWS,News Media,2014-04-15,citizenlab,
http://www.artstreammyanmar.net/,CULTR,Culture,2014-04-15,citizenlab,
http://www.aseanmp.org/,POLR,Political Criticism,2014-04-15,citizenlab,
http://www.asia-daily.com/,NEWS,News Media,2014-04-15,citizenlab,
http://www.asia247.tv/,NEWS,News Media,2014-04-15,citizenlab,
http://www.asiabynight.com/,DATE,Online Dating,2014-04-15,citizenlab,
http://www.asiafoundation.org/,POLR,Political Criticism,2014-04-15,citizenlab,
http://www.asiamedia.ucla.edu/,NEWS,News Media,2014-04-15,citizenlab,
http://www.asian-migrants.org/,HUMR,Human Rights Issues,2014-04-15,citizenlab,
http://www.asianboygay.com/,PORN,Pornography,2014-04-15,citizenlab,
http://www.asianews.it/,NEWS,News Media,2014-04-15,citizenlab,
http://www.asiangirlsnextdoor.com/,PORN,Pornography,2014-04-15,citizenlab,
http://www.asianpacificpost.com/,NEWS,News Media,2014-04-15,citizenlab,
http://www.asiansexgazette.com/,PUBH,Public Health,2014-04-15,citizenlab,
http://www.asiansexgazette.com/asg/asian_health.htm,PUBH,Public Health,2014-04-15,citizenlab,
http://www.asiansexgazette.com/asg/southeast_asia.htm,XED,Sex Education,2014-04-15,citizenlab,
http://www.asianthumbs.org/,PORN,Pornography,2014-04-15,citizenlab,
http://www.asiantribune.com/,NEWS,News Media,2014-04-15,citizenlab,
http://www.asiaobserver.com/,NEWS,News Media,2014-04-15,citizenlab,
http://www.asiaobserver.com/Burma/Burma-background-drugs.htm,ALDR,Alcohol & Drugs,2014-04-15,citizenlab,
http://www.asiaobserver.com/forum/2-burma,NEWS,News Media,2014-04-15,citizenlab,
http://www.asiaobserver.com/southeast-asia,NEWS,News Media,2014-04-15,citizenlab,
http://www.asiapacificnews.com/,NEWS,News Media,2014-04-15,citizenlab,
http://www.asiatour.com/,XED,Sex Education,2014-04-15,citizenlab,
http://www.atimes.com/se-asia/se-asia.html,NEWS,News Media,2014-04-15,citizenlab,
http://www.aungsan.com/,POLR,Political Criticism,2014-04-15,citizenlab,
http://www.austrianburmacenter.at/,HUMR,Human Rights Issues,2014-04-15,citizenlab,
http://www.ayeyarwady.com/,CULTR,Culture,2014-04-15,citizenlab,
http://www.ayeyarwady.com/index-e.htm,CULTR,Culture,2014-04-15,citizenlab,
http://www.ayinepan.com/,MMED,Media sharing,2014-04-15,citizenlab,
http://www.bangkokbangers.com/,PORN,Pornography,2014-04-15,citizenlab,
http://www.bangkokstreetwhores.com/,PORN,Pornography,2014-04-15,citizenlab,
http://www.bapsusa.org/,MISC,Miscelaneous content,2014-04-15,citizenlab,
http://www.basesusa.org/,MISC,Miscelaneous content,2014-04-15,citizenlab,
http://www.bbc.co.uk/burmese,NEWS,News Media,2014-04-15,citizenlab,
http://www.bdmauk.org.uk/,POLR,Political Criticism,2014-04-15,citizenlab,
http://www.bestbuy.com/,COMM,E-commerce,2017-04-10,OONI,Reported to be inaccessible in Myanmar
http://www.birmanie.ch/,POLR,Political Criticism,2014-04-15,citizenlab,
http://www.birmanie.net/,POLR,Political Criticism,2014-04-15,citizenlab,
http://www.blc-burma.org/,POLR,Political Criticism,2014-04-15,citizenlab,
http://www.bma.co.cc/,NEWS,News Media,2014-04-15,citizenlab,
http://www.bnionline.net/,NEWS,News Media,2014-04-15,citizenlab,
http://www.brelief.net/,HUMR,Human Rights Issues,2014-04-15,citizenlab,
http://www.britishcouncil.org.mm/,IGO,Intergovernmental Organizations,2016-10-17,MIDO,British Council’s website
http://www.buddhistpeacefellowship.org/,CULTR,Culture,2016-10-17,MIDO,"Help connect Buddhists to social movements and social movement activists to Buddhist practice for mutual deepening and grounding, and to build meaningful community for those involved in this work."
http://www.burma-center.org/,HUMR,Human Rights Issues,2014-04-15,citizenlab,
http://www.burmaborderprojects.org/,HUMR,Human Rights Issues,2014-04-15,citizenlab,
http://www.burmabureaugermany.com/index.php?id=26,POLR,Political Criticism,2014-04-15,citizenlab,
http://www.burmacampaign.org.uk/,POLR,Political Criticism,2014-04-15,citizenlab,
http://www.burmacentrum.nl/,MISC,Miscelaneous content,2014-04-15,citizenlab,
http://www.burmachildren.org/,PUBH,Public Health,2014-04-15,citizenlab,
http://www.burmadaily.com/,NEWS,News Media,2014-04-15,citizenlab,
http://www.burmadebate.org/,NEWS,News Media,2014-04-15,citizenlab,
http://www.burmadigest.wordpress.com/,NEWS,News Media,2014-04-15,citizenlab,
http://www.burmaeducationpartnership.org/about-bep.html,HUMR,Human Rights Issues,2014-04-15,citizenlab,
http://www.burmafm.com/,NEWS,News Media,2014-04-15,citizenlab,
http://www.burmaforumcanada.com/,POLR,Political Criticism,2014-04-15,citizenlab,
http://www.burmafund.org/,POLR,Political Criticism,2014-04-15,citizenlab,
http://www.burmaguide.net/,POLR,Political Criticism,2014-04-15,citizenlab,
http://www.burmaissues.org/,NEWS,News Media,2014-04-15,citizenlab,
http://www.burmait.net/,POLR,Political Criticism,2014-04-15,citizenlab,
http://www.burmakomiteen.dk/,POLR,Political Criticism,2014-04-15,citizenlab,
http://www.burmalibrary.org/,CULTR,Culture,2014-04-15,citizenlab,
http://www.burmamission.org/,HUMR,Human Rights Issues,2014-04-15,citizenlab,
http://www.burmanet.org/,NEWS,News Media,2016-10-17,MIDO,Media
http://www.burmanet.org/news,NEWS,News Media,2014-04-15,citizenlab,
http://www.burmapartnership.org/,NEWS,News Media,2014-04-15,citizenlab,
http://www.burmapost.com/,NEWS,News Media,2014-04-15,citizenlab,
http://www.burmastamps.homecall.co.uk/,CULTR,Culture,2014-04-15,citizenlab,
http://www.burmatoday.net/,NEWS,News Media,2014-04-15,citizenlab,
http://www.burmatoday.net/#Scene_1,NEWS,News Media,2014-04-15,citizenlab,
http://www.burmavjmedia.net/,NEWS,News Media,2014-04-15,citizenlab,
http://www.burmawatch.org/,HUMR,Human Rights Issues,2014-04-15,citizenlab,
http://www.burmese.panglong.org/,NEWS,News Media,2014-04-15,citizenlab,
http://www.burmeseclassic.com/,CULTR,Culture,2014-04-15,citizenlab,
http://www.caramasia.org/,PUBH,Public Health,2014-04-15,citizenlab,
http://www.carsdb.com/,COMM,E-commerce,2016-10-18,MIDO,Car Database for sale
http://www.cbbank.com.mm/,COMM,E-commerce,2016-10-18,MIDO,CB Bank
http://www.cbm.gov.mm/?q=my,GOVT,Government,2016-10-18,MIDO,Central Bank
http://www.centerforinquiry.net/isis/,REL,Religion,2014-04-15,citizenlab,
http://www.cetana.org/,HUMR,Human Rights Issues,2014-04-15,citizenlab,
http://www.cfan.org/,REL,Religion,2014-04-15,citizenlab,
http://www.cfob.org/,POLR,Political Criticism,2014-04-15,citizenlab,
http://www.channelnewsasia.com/,NEWS,News Media,2014-04-15,citizenlab,
http://www.cherryasia.com/,PORN,Pornography,2014-04-15,citizenlab,
http://www.chinforum.org/,HUMR,Human Rights Issues,2014-04-15,citizenlab,
http://www.chinlandguardian.com/,NEWS,News Media,2014-04-15,citizenlab,
http://www.chinnationalparty.org/,POLR,Political Criticism,2014-04-15,citizenlab,
http://www.chro.ca/,HUMR,Human Rights Issues,2014-04-15,citizenlab,
http://www.click2myanmar.com/,MISC,Miscelaneous content,2014-04-15,citizenlab,
http://www.colorsrainbow.com/,LGBT,LGBT,2016-10-17,MIDO,LGBT magazine
http://www.commerce.gov.mm/,GOVT,Government,2016-10-18,MIDO,Ministry of Commerce
http://www.cpburma.org/,POLR,Political Criticism,2014-04-15,citizenlab,
http://www.csostat.gov.mm/,GOVT,Government,2016-10-17,MIDO,Central Statistical Organisationn Myanmar by Ministry of Planning and Finance
http://www.dassk.com/,NEWS,News Media,2014-04-15,citizenlab,
http://www.dateinasia.com/,DATE,Online Dating,2014-04-15,citizenlab,
http://www.daweifamily.com/,NEWS,News Media,2014-04-15,citizenlab,
http://www.democraticmyanmar.com/,POLR,Political Criticism,2014-04-15,citizenlab,
http://www.depdc.org/,HUMR,Human Rights Issues,2014-04-15,citizenlab,
http://www.developmentgateway.org/,ECON,Economics,2014-04-15,citizenlab,
http://www.dpns.org/,POLR,Political Criticism,2014-04-15,citizenlab,
http://www.dreamjobmyanmar.com/,SRCH,Search Engines,2016-10-18,MIDO,Jobs Portal
http://www.drumpublications.org/,HUMR,Human Rights Issues,2014-04-15,citizenlab,
http://www.dvb.no/,NEWS,News Media,2014-04-15,citizenlab,
http://www.earthrights.org/campaigns/burma-project,ENV,Environment,2014-04-15,citizenlab,
http://www.earthrights.org/publication/school-rape-burmese-military-and-sexual-violence,HUMR,Human Rights Issues,2014-04-15,citizenlab,
http://www.ecoburma.com/,ENV,Environment,2016-10-18,MIDO,Eco Travel
http://www.ecologyasia.com/,ENV,Environment,2014-04-15,citizenlab,
http://www.econ.mq.edu.au/research/burma_economic_watch,ECON,Economics,2014-04-15,citizenlab,
http://www.edeliveryservicemm.com/,COMM,E-commerce,2016-10-17,MIDO,Where people can send letter to President Office
http://www.encburma.net/,POLR,Political Criticism,2014-04-15,citizenlab,
http://www.encburma.org/,POLR,Political Criticism,2014-04-15,citizenlab,
http://www.engvid.com/,HOST,Hosting and Blogging Platforms,2016-10-17,MIDO,English learning blog
http://www.etaiwannews.com/,NEWS,News Media,2014-04-15,citizenlab,
http://www.etrademyanmar.com.mm/,COMM,E-commerce,2016-10-18,MIDO,E Trade
http://www.evisa.moip.gov.mm/,GOVT,Government,2016-10-17,MIDO,e-Visa website
http://www.exploitedteensasia.com/,PORN,Pornography,2014-04-15,citizenlab,
http://www.exploremyanmar.com/,COMM,E-commerce,2016-10-18,MIDO,Eco Tour
http://www.facebook.com/aungsansuukyi,GRP,Social Networking,2014-04-15,citizenlab,
http://www.facebook.com/group.php?gid=2259053431,REL,Religion,2014-04-15,citizenlab,
http://www.facesmagazine.asia/,NEWS,News Media,2014-04-15,citizenlab,
http://www.faxtoon.com/,NEWS,News Media,2014-04-15,citizenlab,
http://www.fdburma.org/,POLR,Political Criticism,2014-04-15,citizenlab,
http://www.forbiddenasian.com/,PORN,Pornography,2014-04-15,citizenlab,
http://www.forplu.com/,LGBT,LGBT,2014-04-15,citizenlab,
http://www.forum-asia.org/,HUMR,Human Rights Issues,2014-04-15,citizenlab,
http://www.foundationburma.org/,HUMR,Human Rights Issues,2014-04-15,citizenlab,
http://www.free-burma.org/index.php,NEWS,News Media,2014-04-15,citizenlab,
http://www.freeburmacoalition.org/,NEWS,News Media,2014-04-15,citizenlab,
http://www.freeburmarangers.org/,POLR,Political Criticism,2014-04-15,citizenlab,
http://www.fridae.com/,LGBT,LGBT,2014-04-15,citizenlab,
http://www.friendsofburma.org/,REL,Religion,2014-04-15,citizenlab,
http://www.gayapatal.com/,PORN,Pornography,2014-04-15,citizenlab,
http://www.gayasianamateurs.com/,PORN,Pornography,2014-04-15,citizenlab,
http://www.gayasianxxx.com/,PORN,Pornography,2014-04-15,citizenlab,
http://www.geocities.ws/maesotbvp/,POLR,Political Criticism,2014-04-15,citizenlab,
http://www.geocities.ws/maesothtml/,PUBH,Public Health,2014-04-15,citizenlab,
http://www.geocities.ws/marchrecce/,MISC,Miscelaneous content,2014-04-15,citizenlab,
http://www.globalvoicesonline.org/-/world/east-asia/myanmar-burma,NEWS,News Media,2014-04-15,citizenlab,
http://www.goodasyou.net/,LGBT,LGBT,2014-04-15,citizenlab,
http://www.grad.niu.edu/burma/courses/index.shtml,CULTR,Culture,2016-10-17,MIDO,Learning Myanmar Culture and Language
http://www.guardian.co.uk/world/aung-san-suu-kyi,POLR,Political Criticism,2014-04-15,citizenlab,
http://www.guardian.co.uk/world/burma,NEWS,News Media,2014-04-15,citizenlab,
http://www.hackinthebox.org/,HACK,Hacking Tools,2014-04-15,citizenlab,
http://www.healthtoday.net/,PUBH,Public Health,2014-04-15,citizenlab,
http://www.himalmag.com/,POLR,Political Criticism,2014-04-15,citizenlab,
http://www.hittaing.org/,MISC,Miscelaneous content,2014-04-15,citizenlab,
http://www.hotjobs.com.mm/,SRCH,Search Engines,2016-10-18,MIDO,Jobs Portal
http://www.humanrights.asia/,HUMR,Human Rights Issues,2014-04-15,citizenlab,
http://www.humanrightsactioncenter.org/dyr,HUMR,Human Rights Issues,2014-04-15,citizenlab,
http://www.iagoutreach.com/,GOVT,Government,2014-04-15,citizenlab,
http://www.ibiblio.org/,HUMR,Human Rights Issues,2014-04-15,citizenlab,
http://www.ibiblio.org/obl/docs/Shattering_Silences.htm,HUMR,Human Rights Issues,2014-04-15,citizenlab,
http://www.iias.nl/,GOVT,Government,2014-04-15,citizenlab,
http://www.ilo.org/public/english/region/asro/bangkok/child/trafficking/index.htm,HUMR,Human Rights Issues,2014-04-15,citizenlab,
http://www.im2.co.uk/,MISC,Miscelaneous content,2014-04-15,citizenlab,
http://www.imf.org/external/country/MMR/index.htm?pn=0,ECON,Economics,2014-04-15,citizenlab,
http://www.indiachix.com/,PORN,Pornography,2014-04-15,citizenlab,
http://www.indianfever.com/,PORN,Pornography,2014-04-15,citizenlab,
http://www.indianparadise.net/,PORN,Pornography,2014-04-15,citizenlab,
http://www.indianporngirls.com/,PORN,Pornography,2014-04-15,citizenlab,
http://www.info-birmanie.org/,MISC,Miscelaneous content,2014-04-15,citizenlab,
http://www.internews.org/taxonomy/term/398,MMED,Media sharing,2014-04-15,citizenlab,
http://www.irrawaddy.org/,NEWS,News Media,2014-04-15,citizenlab,
http://www.isiswomen.org/index.php,HUMR,Human Rights Issues,2014-04-15,citizenlab,
http://www.ithaisex.com/,PORN,Pornography,2014-04-15,citizenlab,
http://www.iwraw-ap.org/,HUMR,Human Rights Issues,2014-04-15,citizenlab,
http://www.japanhemp.org/,ALDR,Alcohol & Drugs,2014-04-15,citizenlab,
http://www.jinghpawkasa.blogspot.com/,NEWS,News Media,2014-04-15,citizenlab,
http://www.jobformyanmar.com/,COMM,E-commerce,2016-10-18,MIDO,Tourism & Hospitality Training Centre
http://www.jobsinmyanmar.com/,SRCH,Search Engines,2016-10-18,MIDO,Jobs Portal
http://www.jobsinyangon.com/,SRCH,Search Engines,2016-10-18,MIDO,Jobs Portal
http://www.kachinland.org/,POLR,Political Criticism,2014-04-15,citizenlab,
http://www.kachinnet.org/,MILX,Terrorism and Militants,2014-04-15,citizenlab,
http://www.kachinnews.com/,NEWS,News Media,2014-04-15,citizenlab,
http://www.kachinpost.com/,HUMR,Human Rights Issues,2014-04-15,citizenlab,
http://www.kachinwomen.com/,HUMR,Human Rights Issues,2014-04-15,citizenlab,
http://www.kaladanpress.com/,HUMR,Human Rights Issues,2014-04-15,citizenlab,
http://www.kaladanpress.org/,NEWS,News Media,2014-04-15,citizenlab,
http://www.kamayutmedia.com/,NEWS,News Media,2016-10-17,MIDO,Online Media
http://www.kaowao.org/,NEWS,News Media,2014-04-15,citizenlab,
http://www.karen.org/,MILX,Terrorism and Militants,2014-04-15,citizenlab,
http://www.karenaid.org.uk/,HUMR,Human Rights Issues,2014-04-15,citizenlab,
http://www.karennationalunion.net/,MILX,Terrorism and Militants,2014-04-15,citizenlab,
http://www.karenwomen.org/,HUMR,Human Rights Issues,2014-04-15,citizenlab,
http://www.karenyouthktl.org/,CULTR,Culture,2014-04-15,citizenlab,
http://www.kawthoolei.org/,HUMR,Human Rights Issues,2014-04-15,citizenlab,
https://www.kbzbank.com/en/,COMM,E-commerce,2016-10-18,MIDO,KBZ Bank
http://www.kdng.org/,HUMR,Human Rights Issues,2014-04-15,citizenlab,
http://www.kesan.asia/,HUMR,Human Rights Issues,2014-04-15,citizenlab,
http://www.khayanpyareinmet.com/,MMED,Media sharing,2014-04-15,citizenlab,
http://www.khitpyaing.org/,NEWS,News Media,2014-04-15,citizenlab,
http://www.khitpyaingnews.org/,NEWS,News Media,2014-04-15,citizenlab,
http://www.khonumthungburmese.org/,NEWS,News Media,2016-10-17,MIDO,Ethnic Media (Publish in English)
http://www.khrg.org/,HUMR,Human Rights Issues,2014-04-15,citizenlab,
http://www.kicnews.org/,NEWS,News Media,2014-04-15,citizenlab,
http://www.kngy.org/,HUMR,Human Rights Issues,2014-04-15,citizenlab,
http://www.ksdf.org/,HUMR,Human Rights Issues,2014-04-15,citizenlab,
http://www.kssblog.co.cc/,NEWS,News Media,2014-04-15,citizenlab,
http://www.ktimes.org/,NEWS,News Media,2014-04-15,citizenlab,
http://www.kukiforum.com/,HUMR,Human Rights Issues,2014-04-15,citizenlab,
http://www.kumudrajournal.com/,NEWS,News Media,2014-04-15,citizenlab,
http://www.kwekalu.net/,MISC,Miscelaneous content,2014-04-15,citizenlab,
http://www.lanpya.net/,POLR,Political Criticism,2014-04-15,citizenlab,
http://www.lighthouse.com.mm/,SRCH,Search Engines,2016-10-17,MIDO,Web Portal
http://www.loisamseep.info/,HUMR,Human Rights Issues,2014-04-15,citizenlab,
http://www.lrcmyanmar.org/,SRCH,Search Engines,2016-10-17,MIDO,Local NGOs and INGOs directory and resources portal
http://www.mandalaygazette.com/,NEWS,News Media,2014-04-15,citizenlab,
http://www.megafriends.com/,DATE,Online Dating,2014-04-15,citizenlab,
http://www.mekongwatch.org/,ENV,Environment,2014-04-15,citizenlab,
http://www.mes.org.mm/,CTRL,Control content,2016-10-18,MIDO,Myanmar Engineering Society
http://www.messengernewsjournal.com/,NEWS,News Media,2016-10-18,MIDO,Media
http://www.mfasia.org/,HUMR,Human Rights Issues,2014-04-15,citizenlab,
http://www.mip.gov.mm/,GOVT,Government,2016-10-17,MIDO,"Ministry of Labour, Immigration and Population"
http://www.missgreenlady.com/,NEWS,News Media,2014-04-15,citizenlab,
http://www.mitheology.net/,REL,Religion,2014-04-15,citizenlab,
http://www.mizzima.tv/,NEWS,News Media,2014-04-15,citizenlab,
http://www.mizzimaburmese.com/,NEWS,News Media,2014-04-15,citizenlab,
http://www.mizzimaphoto.com/,NEWS,News Media,2014-04-15,citizenlab,
http://www.mmcwa-myanmar.org/,PUBH,Public Health,2016-10-18,MIDO,Myanmar Maternal and Child Welfare Association
http://www.mmtimes.com/,NEWS,News Media,2014-04-15,citizenlab,
http://www.mnhrc.org.mm/,HUMR,Human Rights Issues,2016-10-18,MIDO,Myanmar National Human Rights Commission
http://www.moai.gov.mm/,GOVT,Government,2016-10-18,MIDO,Ministry of Agriculture and Irrigation
http://www.modins.net/,GRP,Social Networking,2014-04-15,citizenlab,
http://www.moe-st.gov.mm/,GOVT,Government,2016-10-17,MIDO,Ministry of Education (Science and Technology)
http://www.moe.gov.mm/,GOVT,Government,2016-10-17,MIDO,Ministry of Education
http://www.moehlaingnya.com/,NEWS,News Media,2014-04-15,citizenlab,
http://www.moemyanmar.net/,GOVT,Government,2016-10-17,MIDO,"Previously run by Ministry of Education, Website is still up and running"
http://www.moethaukkye.com/,MISC,Miscelaneous content,2014-04-15,citizenlab,
http://www.moeyyo.com/,NEWS,News Media,2014-04-15,citizenlab,
http://www.moeyyo.com/MM,NEWS,News Media,2014-04-15,citizenlab,
http://www.moezala.gov.mm/,GOVT,Government,2016-10-18,MIDO,Department of Meteology and Hydrology (Myanmar)
http://www.mofa.gov.mm/,GOVT,Government,2016-10-17,MIDO,Ministry of Foreign Affairs
http://www.moi.gov.mm/,GOVT,Government,2016-10-17,MIDO,Ministry of Information
http://www.moi.gov.mm/mrtv,MISC,Miscelaneous content,2014-04-15,citizenlab,
http://www.moi.gov.mm/npe/km/,GOVT,Government,2016-10-17,MIDO,State-owned newspaper
http://www.moi.gov.mm/npe/mal/,GOVT,Government,2016-10-17,MIDO,State-owned newspaper
http://www.mongloi.org/,NEWS,News Media,2014-04-15,citizenlab,
http://www.monmusic.org/reg/index/,CULTR,Culture,2014-04-15,citizenlab,
http://www.monnews.org/,MISC,Miscelaneous content,2014-04-15,citizenlab,
http://www.mpt.com.mm/,COMM,E-commerce,2016-10-18,MIDO,Telecommunication Company
http://www.mrc-usa.org/,POLR,Political Criticism,2014-04-15,citizenlab,
http://www.mrchewsasianbeaver.com/,PORN,Pornography,2014-04-15,citizenlab,
http://www.mrtv4.com.mm/,MISC,Miscelaneous content,2014-04-15,citizenlab,
http://www.msf.org/msf/countries/asia/en/burma.cfm,PUBH,Public Health,2014-04-15,citizenlab,
http://www.mumhouse.com/,MISC,Miscelaneous content,2014-04-15,citizenlab,
http://www.myanmar-art.com/,CULTR,Culture,2014-04-15,citizenlab,
http://www.myanmar-housing.com/,COMM,E-commerce,2016-10-18,MIDO,Real Estate
http://www.myanmar-image.com/,MISC,Miscelaneous content,2014-04-15,citizenlab,
http://www.myanmar-network.net/,CULTR,Culture,2016-10-17,MIDO,English e-learning website run by British Council
http://www.myanmar.com/,MISC,Miscelaneous content,2014-04-15,citizenlab,
http://www.myanmar.org.uk/,MISC,Miscelaneous content,2014-04-15,citizenlab,
http://www.myanmarchristianmission.com/,REL,Religion,2014-04-15,citizenlab,
http://www.myanmarcommunityusa.org/,MISC,Miscelaneous content,2014-04-15,citizenlab,
http://www.myanmarconstitutionaltribunal.org.mm/my,SRCH,Search Engines,2016-10-17,MIDO,Constitution and Laws Database
http://www.myanmarecotours.com/,ENV,Environment,2016-10-18,MIDO,Eco Tour
http://www.myanmaregress.org/,ECON,Economics,2014-04-15,citizenlab,
http://www.myanmarelottery.com/,GMB,Gambling,2016-10-18,MIDO,Myanmar E-Lottery
http://www.myanmarido.org/,HUMR,Human Rights Issues,2016-10-17,MIDO,Local NGO’s website
http://www.myanmarij.com/,NEWS,News Media,2014-04-15,citizenlab,
http://www.myanmarisp.com/,MISC,Miscelaneous content,2014-04-15,citizenlab,
http://www.myanmarjob.net/en/,SRCH,Search Engines,2016-10-18,MIDO,Jobs Portal
http://www.myanmarjobsdb.com/,SRCH,Search Engines,2016-10-18,MIDO,Jobs Portal
http://www.myanmarjobseekers.com/,SRCH,Search Engines,2016-10-18,MIDO,Jobs Portal
http://www.myanmarjobsmarket.com/,SRCH,Search Engines,2016-10-18,MIDO,Jobs Portal
http://www.myanmarjournaldownload.com/journal/modern-journal.html,NEWS,News Media,2014-04-15,citizenlab,
http://www.myanmarmobileapp.com/,HOST,Hosting and Blogging Platforms,2016-10-17,MIDO,The site where people can download mobile app for free 
http://www.myanmarmp3.net/,MMED,Media sharing,2014-04-15,citizenlab,
http://www.myanmarmuslim.net/,NEWS,News Media,2016-10-17,MIDO,"Muslim Media, News about Muslim in Myanmar"
http://www.myanmarnews.net/,NEWS,News Media,2014-04-15,citizenlab,
http://www.myanmartoday.com/,NEWS,News Media,2014-04-15,citizenlab,
http://www.myanmartoons.4-all.org/,MISC,Miscelaneous content,2014-04-15,citizenlab,
http://www.myawady.net/,MISC,Miscelaneous content,2014-04-15,citizenlab,
http://www.myjobs.com.mm/,SRCH,Search Engines,2016-10-18,MIDO,Jobs Portal
http://www.nagalim.nl/,MILX,Terrorism and Militants,2014-04-15,citizenlab,
http://www.nagani.com/,MISC,Miscelaneous content,2014-04-15,citizenlab,
http://www.nangnyi.com/,NEWS,News Media,2014-04-15,citizenlab,
http://www.narinjara.com/,NEWS,News Media,2014-04-15,citizenlab,
http://www.narinjara.com/main/,NEWS,News Media,2014-04-15,citizenlab,
http://www.nationmultimedia.com/,NEWS,News Media,2014-04-15,citizenlab,
http://www.naungmoon.com/,COMM,E-commerce,2016-10-18,MIDO,Exchange rate information
http://www.naytthit.net/,NEWS,News Media,2014-04-15,citizenlab,
http://www.ncgub.net/,POLR,Political Criticism,2014-04-15,citizenlab,
http://www.ncub.org/,POLR,Political Criticism,2014-04-15,citizenlab,
http://www.nd-burma.org/,HUMR,Human Rights Issues,2014-04-15,citizenlab,
http://www.ned.org/where-we-work/asia/burma,POLR,Political Criticism,2014-04-15,citizenlab,
http://www.networkmyanmar.org/,POLR,Political Criticism,2014-04-15,citizenlab,
http://www.news-eleven.com/,NEWS,News Media,2014-04-15,citizenlab,
http://www.newsweekasia.com/,NEWS,News Media,2014-04-15,citizenlab,
http://www.nhecburma.org/,HUMR,Human Rights Issues,2014-04-15,citizenlab,
http://www.niknayman-niknayman.co.cc/,NEWS,News Media,2014-04-15,citizenlab,
http://www.nldburma.org/,POLR,Political Criticism,2014-04-15,citizenlab,
http://www.nmg-news.com/,NEWS,News Media,2016-10-17,MIDO,Ethnic Media
http://www.nmg-news.com/bur/index.php,NEWS,News Media,2014-04-15,citizenlab,
http://www.nmsp.info/,POLR,Political Criticism,2014-04-15,citizenlab,
http://www.nyeinchan.com/,MISC,Miscelaneous content,2014-04-15,citizenlab,
http://www.nyforumburma.org/,POLR,Political Criticism,2014-04-15,citizenlab,
http://www.onlinewomeninpolitics.org/myanmar/myandocs.htm,HUMR,Human Rights Issues,2014-04-15,citizenlab,
http://www.ooredoo.com.mm/,COMM,E-commerce,2016-10-18,MIDO,Telecommunication Company
http://www.opendatamyanmar.com/,HUMR,Human Rights Issues,2016-10-18,MIDO,Land Dispute issue
http://www.orientalballooning.com/,COMM,E-commerce,2016-10-18,MIDO,Balloon Ride
http://www.paephuhlwarmagazine.asia/,NEWS,News Media,2014-04-15,citizenlab,
http://www.palaungland.org/,NEWS,News Media,2014-04-15,citizenlab,
http://www.panglong.org/,NEWS,News Media,2016-10-17,MIDO,Shan Ethnic Media
http://www.pansodan.com/,COMM,E-commerce,2016-10-17,MIDO,Art Gallery
http://www.pdpburma.net/,POLR,Political Criticism,2014-04-15,citizenlab,
http://www.phophtawnews.org/burmese/,NEWS,News Media,2014-04-15,citizenlab,
http://www.popularmyanmar.com/,MMED,Media sharing,2014-04-15,citizenlab,
http://www.prachatai.com/,NEWS,News Media,2014-04-15,citizenlab,
http://www.prachatai.com/english,NEWS,News Media,2014-04-15,citizenlab,
http://www.prayforburma.org/,REL,Religion,2014-04-15,citizenlab,
http://www.president-office.gov.mm/,GOVT,Government,2016-10-17,MIDO,President Office
http://www.president-office.gov.mm/en/,GOVT,Government,2014-04-15,citizenlab,
http://www.projectmaje.org/,ENV,Environment,2014-04-15,citizenlab,
http://www.prospectburma.org/,ECON,Economics,2014-04-15,citizenlab,
http://www.publiuspundit.com/,HUMR,Human Rights Issues,2014-04-15,citizenlab,
http://www.rakhapura.com/,HUMR,Human Rights Issues,2014-04-15,citizenlab,
http://www.rakhinendparty.webs.com/,POLR,Political Criticism,2014-04-15,citizenlab,
http://www.rebound88.net/,NEWS,News Media,2014-04-15,citizenlab,
http://www.reliefweb.int/rw/dbc.nsf/doc104?OpenForm&rc=3&cc=mmr,HUMR,Human Rights Issues,2014-04-15,citizenlab,
http://www.reocities.com/freethoughtmecca/home.htm,REL,Religion,2014-04-15,citizenlab,
http://www.revolutionofthespirit.com/,CULTR,Culture,2014-04-15,citizenlab,
http://www.rfa.org/burmese,NEWS,News Media,2014-04-15,citizenlab,
http://www.rohingya.org/,MILX,Terrorism and Militants,2014-04-15,citizenlab,
http://www.sadatv.com/,NEWS,News Media,2014-04-15,citizenlab,
http://www.salweenriverband.com/,CULTR,Culture,2014-04-15,citizenlab,
http://www.salweenwatch.org/,ENV,Environment,2014-04-15,citizenlab,
http://www.scmp.com/,NEWS,News Media,2014-04-15,citizenlab,
http://www.seapa.org/,NEWS,News Media,2014-04-15,citizenlab,
http://www.seapabkk.org/,NEWS,News Media,2014-04-15,citizenlab,
http://www.searo.who.int/,PUBH,Public Health,2014-04-15,citizenlab,
http://www.shanland.org/,NEWS,News Media,2014-04-15,citizenlab,
http://www.shanwomen.org/,HUMR,Human Rights Issues,2014-04-15,citizenlab,
http://www.shwe.org/,ENV,Environment,2014-04-15,citizenlab,
http://www.shwedarling.com/,DATE,Online Dating,2014-04-15,citizenlab,
http://www.shwedream.com/,MMED,Media sharing,2014-04-15,citizenlab,
http://www.sikhtimes.com/,NEWS,News Media,2014-04-15,citizenlab,
http://www.singapore-window.org/,NEWS,News Media,2014-04-15,citizenlab,
http://www.singapore-window.org/sw05/051123au.htm,ALDR,Alcohol & Drugs,2014-04-15,citizenlab,
http://www.soros.org/initiatives/bpsai,HUMR,Human Rights Issues,2014-04-15,citizenlab,
http://www.state.gov/g/drl/rls/hrrpt/2005/61603.htm,HUMR,Human Rights Issues,2014-04-15,citizenlab,
http://www.statecounsellor.gov.mm/,GOVT,Government,2016-10-17,MIDO,Website of State Counsellor of Myanmar
http://www.sycbcongress.blogspot.com/,POLR,Political Criticism,2014-04-15,citizenlab,
http://www.tai-nation.org/,HUMR,Human Rights Issues,2014-04-15,citizenlab,
http://www.tai4freedom.info/,HUMR,Human Rights Issues,2014-04-15,citizenlab,
http://www.taigress.info/,HUMR,Human Rights Issues,2014-04-15,citizenlab,
http://www.taipeitimes.com/,NEWS,News Media,2014-04-15,citizenlab,
http://www.tavoyanvoice.com/,NEWS,News Media,2014-04-15,citizenlab,
http://www.tbbc.org/,HUMR,Human Rights Issues,2014-04-15,citizenlab,
http://www.tbsa.org/,HUMR,Human Rights Issues,2014-04-15,citizenlab,
https://www.telenor.com.mm/,COMM,E-commerce,2016-10-18,MIDO,Telecommunication Company
http://www.thabyay.org/,HUMR,Human Rights Issues,2016-10-17,MIDO,An Education Centre doing Citizen Empowerment programs
http://www.thaichix.com/,PORN,Pornography,2014-04-15,citizenlab,
http://www.thaicuties.com/,PORN,Pornography,2014-04-15,citizenlab,
http://www.thaigirls100.net/,PORN,Pornography,2014-04-15,citizenlab,
http://www.thebesteng4u.com/,HOST,Hosting and Blogging Platforms,2016-10-17,MIDO,English learning blog
http://www.theelders.org/,POLR,Political Criticism,2014-04-15,citizenlab,
http://www.themimu.info/,IGO,Intergovernmental Organizations,2016-10-17,MIDO,Myanmar Information Management Unit
http://www.theultimateinsult.blogspot.com/,REL,Religion,2014-04-15,citizenlab,
http://www.thevoicemyanmar.com/,NEWS,News Media,2014-04-15,citizenlab,
http://www.thinkcentre.org/,HUMR,Human Rights Issues,2014-04-15,citizenlab,
http://www.tipinasia.info/,HUMR,Human Rights Issues,2014-04-15,citizenlab,
http://www.trikone.org/,LGBT,LGBT,2014-04-15,citizenlab,
http://www.umfcci.com.mm/,COMM,E-commerce,2016-10-18,MIDO,Republic of the Union of Myanmar Federation of Chambers of Commerce and Industry
http://www.unitedamarabank.com/,COMM,E-commerce,2016-10-18,MIDO,United Amara Bank
http://www.unodc.org/eastasiaandpacific/,ALDR,Alcohol & Drugs,2014-04-15,citizenlab,
http://www.unpo.org/article/2417,MILX,Terrorism and Militants,2014-04-15,citizenlab,
http://www.unscburma.org/,POLR,Political Criticism,2014-04-15,citizenlab,
http://www.uscampaignforburma.org/,POLR,Political Criticism,2014-04-15,citizenlab,
http://www.usdp.org.mm/,POLR,Political Criticism,2014-04-15,citizenlab,
http://www.utopia-asia.com/,LGBT,LGBT,2014-04-15,citizenlab,
http://www.vacjobsearch.com/,SRCH,Search Engines,2016-10-18,MIDO,Jobs Portal
http://www.visionsofmyanmar.com.au/,CULTR,Culture,2014-04-15,citizenlab,
http://www.visit-bagan.com/,COMM,E-commerce,2016-10-18,MIDO,Travel and Tour
http://www.voanews.com/burmese,NEWS,News Media,2014-04-15,citizenlab,
http://www.voanews.com/burmese/webcasts.cfm,NEWS,News Media,2014-04-15,citizenlab,
http://www.womenforpeaceandjustice.org/,HUMR,Human Rights Issues,2014-04-15,citizenlab,
http://www.womenofburma.org/,HUMR,Human Rights Issues,2014-04-15,citizenlab,
https://www.work.com.mm/,SRCH,Search Engines,2016-10-18,MIDO,Jobs Portal
http://www.wutyeefoodhouse.com/,CTRL,Control content,2016-10-18,MIDO,Myanmar Recipes
http://www.xratedasianporn.com/,PORN,Pornography,2014-04-15,citizenlab,
http://www.yamc.info/,GRP,Social Networking,2014-04-15,citizenlab,
http://www.yangoncommodityexchange.com/,COMM,E-commerce,2016-10-18,MIDO,Yangon Region Commodity Exchange
http://www.yangonmedia.com/,NEWS,News Media,2016-10-18,MIDO,Media
http://www.yoma3.org/,NEWS,News Media,2014-04-15,citizenlab,
http://www.youthpowermedia.org/,NEWS,News Media,2014-04-15,citizenlab,
http://www.yoyarlay.com/,HOST,Hosting and Blogging Platforms,2016-10-18,MIDO,Blog
http://www.zayyarhtun.co.cc/,NEWS,News Media,2014-04-15,citizenlab,
http://www.zdnetasia.com/,NEWS,News Media,2014-04-15,citizenlab,
http://xmatch.com/,DATE,Online Dating,2014-04-15,citizenlab,
http://xvariablex.blogspot.com/,HOST,Hosting and Blogging Platforms,2014-04-15,citizenlab,
http://yanaung.blogspot.com/,HOST,Hosting and Blogging Platforms,2014-04-15,citizenlab,
http://yangonthar.blogspot.com/,HOST,Hosting and Blogging Platforms,2014-04-15,citizenlab,
http://yaungpyan.blogspot.com/,HOST,Hosting and Blogging Platforms,2014-04-15,citizenlab,
http://yaw-han-aung.blogspot.com/,HOST,Hosting and Blogging Platforms,2014-04-15,citizenlab,
http://yelwinoo.com/,NEWS,News Media,2014-04-15,citizenlab,
http://yemon.blogspot.com/,HOST,Hosting and Blogging Platforms,2014-04-15,citizenlab,
http://yinnyeinpann-passion.blogspot.com/,HOST,Hosting and Blogging Platforms,2014-04-15,citizenlab,
http://zarniminhtet.blogspot.com/,HOST,Hosting and Blogging Platforms,2014-04-15,citizenlab,
http://zawmoeaung.blogspot.com/,HOST,Hosting and Blogging Platforms,2014-04-15,citizenlab,
http://zawyenaing104.blogspot.com/,HOST,Hosting and Blogging Platforms,2014-04-15,citizenlab,
http://zerotopic.blogspot.com/,HOST,Hosting and Blogging Platforms,2014-04-15,citizenlab,
http://zinaye.blogspot.com/,HOST,Hosting and Blogging Platforms,2014-04-15,citizenlab,
http://zincolatt.blogspot.com/,HOST,Hosting and Blogging Platforms,2014-04-15,citizenlab,
http://zinnaung.blogspot.com/,HOST,Hosting and Blogging Platforms,2014-04-15,citizenlab,
http://zinyaw.wordpress.com/,HOST,Hosting and Blogging Platforms,2014-04-15,citizenlab,
http://zmpoems.blogspot.com/,HOST,Hosting and Blogging Platforms,2014-04-15,citizenlab,
http://www.bbc.com/burmese/,NEWS,News Media,2017-07-19,BBC,
http://www.bbcburmese.com/,NEWS,News Media,2017-07-19,BBC,
https://my.wikipedia.org/,CULTR,Culture,2019-02-19,Wikimedia,URLs provided by Wikipedia for the official language edition of the country
