url,category_code,category_description,date_added,source,notes
https://76crimes.com/anti-lgbt-laws-malaysia/,LGBT,LGBT,2016-06-10,OONI,
http://7rangers.blogspot.com/,POLR,Political Criticism,2016-06-10,OONI,
http://adb.org/,ECON,Economics,2014-04-15,citizenlab,
https://amanah.org.my/,POLR,Political Criticism,2017-10-11,sinarproject,political party
http://anwaribrahimblog.com/,POLR,Political Criticism,2014-04-15,citizenlab,
https://arrow.org.my/,HUMR,Human Rights Issues,2018-12-11,sinarproject,The Asian-Pacific Resource and Research Centre for Women
http://asiafriendfinder.com/,DATE,Online Dating,2014-04-15,citizenlab,
http://www.asiaone.com/,NEWS,News Media,2017-10-24,sinarproject,
https://www.awam.org.my/,HUMR,Human Rights Issues,2018-12-11,sinarproject,All Women’s Action Society
http://babeinthecitykl.blogspot.com/,CULTR,Culture,2016-06-10,OONI,
https://www.barisannasional.org.my/,POLR,Political Criticism,2018-04-30,sinarproject,Barisan Nasional governing coalition website
http://bbs.buysell.net.my/,FILE,File-sharing,2014-04-15,citizenlab,
http://bebasmedia.tripod.com/,NEWS,News Media,2014-04-15,citizenlab,
http://bersih.org/,POLR,Political Criticism,2014-04-15,citizenlab,
http://betasia.com/,GMB,Gambling,2014-04-15,citizenlab,
http://bigdogdotcom.wordpress.com/,POLR,Political Criticism,2016-06-10,OONI,
http://blogsome.com/,HOST,Hosting and Blogging Platforms,2014-04-15,citizenlab,
http://bolehblogs.insatiably.net/,HOST,Hosting and Blogging Platforms,2014-04-15,citizenlab,
http://bravingkl.blogspot.com/,LGBT,LGBT,2014-04-15,citizenlab,
http://break-a-leg.blogspot.com/,CULTR,Culture,2016-06-10,OONI,
https://www.breastcancerfoundation.org.my/,PUBH,Public Health,2018-12-11,sinarproject,
http://brimas.www1.50megs.com/,ENV,Environment,2014-04-15,citizenlab,
http://cartoonistsrights.org/designeractivist-fahmy-reza-on-trial-for-online-dissent-in-malaysia/,POLR,Political Criticism,2016-06-10,OONI,
https://www.cato.org/blog/free-download-banned-malay-edition-islam-without-extremes,REL,Religion,2019-05-06,sinarproject,Post on free download of book "Islam Without Extremes" banned by Home Ministry
https://www.cato.org/sites/cato.org/files/wp-content/uploads/islam_tanpa_keekstreman_-_2019_revised.pdf,REL,Religion,2019-05-06,sinarproject,Link to free download of book on "Islam Without Extremes" banned by Home Ministry
http://ccmalaysia.org/,REL,Religion,2017-10-03,sinarproject,Council of Churches Malaysia
http://centre.com.my/,SRCH,Search Engines,2014-04-15,citizenlab,
http://chedet.cc/,POLR,Political Criticism,2018-01-18,sinarproject,Blog site of Mahathir Mohammad 
http://chocoholicmemoirs.blogspot.com/,CULTR,Culture,2016-06-10,OONI,
http://cuitsikit.blogspot.com/,POLR,Political Criticism,2016-06-10,OONI,
http://dahalmi.wordpress.com/,POLR,Political Criticism,2016-06-10,OONI,
http://dinturtle.blogspot.com/,POLR,Political Criticism,2016-08-09,sinarproject,
http://dumc.my/,REL,Religion,2017-10-03,sinarproject,Damansara Utama Methodist Church
https://dunia.tempo.co/read/1068147/skandal-1mdb-indonesia-akan-serahkan-kapal-pesiar-ke-amerika,NEWS,News Media,2018-03-14,sinarproject,Indonesia Tempo coverage of 1MDB
https://dunia.tempo.co/,NEWS,News Media,2018-03-14,sinarproject,World News section of Indonesia Tempo
http://eatfirstthinklater.blogspot.com/,CULTR,Culture,2016-06-10,OONI,
http://ec2-52-220-49-121.ap-southeast-1.compute.amazonaws.com/,NEWS,News Media,2017-01-12,sinarproject,auto assigned AWS hostname used as alternate domain for Sarawak Report
http://ec2-52-76-110-27.ap-southeast-1.compute.amazonaws.com/,NEWS,News Media,2017-01-12,sinarproject,auto assigned AWS hostname used as alternate domain for Sarawak Report
http://ec2-52-77-145-248.ap-southeast-1.compute.amazonaws.com/,NEWS,News Media,2017-01-12,sinarproject,auto assigned AWS hostname used as alternate domain for Sarawak Report
http://ec2-54-251-147-140.ap-southeast-1.compute.amazonaws.com/,NEWS,News Media,2017-01-12,sinarproject,auto assigned AWS hostname used as alternate domain for Sarawak Report
http://elizabethwong.wordpress.com/,POLR,Political Criticism,2014-04-15,citizenlab,
http://en.rsf.org/article.php3?id_article=20789,NEWS,News Media,2014-04-15,citizenlab,
http://english.astroawani.com/malaysia-news/activist-fahmi-reza-released-after-being-arrested-saturday-107283,POLR,Political Criticism,2016-06-10,OONI,
http://eunited.com.my/,NEWS,News Media,2017-10-27,sinarproject,
http://everynation.org.my/,REL,Religion,2017-10-03,sinarproject,Every Nation Church
http://fashionasia.blogspot.com/,CULTR,Culture,2016-06-10,OONI,
http://fbc.com.my/,REL,Religion,2017-10-03,sinarproject,First Baptist Church Subang Jaya
http://fh.moh.gov.my/v3/,PUBH,Public Health,2018-12-11,sinarproject,
http://foodaholic.wordpress.com/,CULTR,Culture,2016-06-10,OONI,
http://foodcrazee.blogspot.com/,CULTR,Culture,2016-06-10,OONI,
http://foodsafari.blogspot.com/,CULTR,Culture,2016-06-10,OONI,
https://forum.lowyat.net/,GRP,Social Networking,2016-06-10,OONI,
http://forum.lowyat.net/i,MMED,Media sharing,2014-04-15,citizenlab,
http://freedomhouse.org/template.cfm?page=140&edition=7&ccrpage=31&ccrcountry=134,HUMR,Human Rights Issues,2014-04-15,citizenlab,
http://www.frham.org.my/index.php,XED,Sex Education,2018-12-11,sinarproject,
http://gayguide.net/,LGBT,LGBT,2014-04-15,citizenlab,
http://goody2screws.blogspot.com/,CULTR,Culture,2016-06-10,OONI,
https://groups.yahoo.com/neo/groups/LPG-community/info,LGBT,LGBT,2016-06-10,OONI,
http://hindraf.com/,HUMR,Human Rights Issues,2014-04-15,citizenlab,
https://ht-malaysia.com/,POLR,Political Criticism,2017-10-04,sinarproject,Hizbut Tahrir Malaysia far right Islamic organization
http://hokkienlang.blogsome.com/,CULTR,Culture,2016-06-10,OONI,
http://hotzone.yahoo.com/,NEWS,News Media,2014-04-15,citizenlab,
http://howsy.blogspot.com/,POLR,Political Criticism,2016-06-10,OONI,
http://hrw.org/english/docs/2005/01/13/malays9822.htm,HUMR,Human Rights Issues,2014-04-15,citizenlab,
http://ilga.org/ilga/en/organisations/ILGA%20ASIA,LGBT,LGBT,2014-04-15,citizenlab,
http://indianfriendfinder.com/,DATE,Online Dating,2014-04-15,citizenlab,
https://irfront.net/,REL,Religion,2017-10-03,sinarproject,local think tank promoting Muslim intellectual discourse
http://itimes.my/,NEWS,News Media,2017-10-31,sinarproject,online paper covering Indian Malaysian topics of interest
https://invokemalaysia.org/,POLR,Political Criticism,2018-04-30,sinarproject,Think Tank founded by opposition politician Rafizi Ramli
http://jameswongwingon-online.blogspot.com/,POLR,Political Criticism,2016-06-10,OONI,
http://jelas.info/,POLR,Political Criticism,2014-04-15,citizenlab,
http://jihadwatch.org/,REL,Religion,2014-04-15,citizenlab,
http://jinggo-fotopages.blogspot.my/,POLR,Political Criticism,2016-08-09,sinarproject,
http://joanchew-1911.blogspot.com/,CULTR,Culture,2016-06-10,OONI,
http://juliethebiscuit.blogspot.com/,CULTR,Culture,2016-06-10,OONI,
https://justiceforsisters.wordpress.com/,LGBT,LGBT,2017-10-25,sinarproject,
https://www.justice.gov/opa/pr/us-seeks-recover-approximately-540-million-obtained-corruption-involving-malaysian-sovereign,POLR,Political Criticism,2017-06-16,sinarproject,Second US DOJ filing on 1MDB announcement
https://www.justice.gov/opa/press-release/file/973671/download,POLR,Political Criticism,2017-06-16,sinarproject,Second US DOJ filing on 1MDB
http://kakicucuklangit.blogspot.com/,CULTR,Culture,2016-06-10,OONI,
http://kingdomcity.com/kl/,REL,Religion,2017-10-03,sinarproject,
http://ktemoc.blogspot.com/,POLR,Political Criticism,2016-06-10,OONI,
http://littleguykitchen.blogspot.com/,CULTR,Culture,2016-06-10,OONI,
http://lonestar9.blogspot.com/,POLR,Political Criticism,2016-06-10,OONI,
http://mahaguru58.blogspot.com/,POLR,Political Criticism,2016-06-10,OONI,
http://mail.malaysia.com/,COMT,Communication Tools,2014-04-15,citizenlab,
http://makankings.blogspot.com/,CULTR,Culture,2016-06-10,OONI,
https://www.malaysia.gov.my/portal/index,MISC,Miscelaneous content,2018-12-11,sinarproject,
http://malaysia.msn.com/,COMT,Communication Tools,2014-04-15,citizenlab,
https://malaysia.unfpa.org/en/what-we-do-7,XED,Sex Education,2018-12-11,sinarproject,
http://malaysia-chronicle.com/,NEWS,News Media,2014-04-15,citizenlab,
http://malaysia-today.net/,NEWS,News Media,2014-04-15,citizenlab,
http://malaysiabest.net/,CULTR,Culture,2016-06-10,OONI,
http://malaysiandigest.com/news/616020-activist-fahmi-reza-charged-with-uploading-ridiculing-images-of-pm.html,POLR,Political Criticism,2016-06-10,OONI,
http://masak-masak.blogspot.com/,CULTR,Culture,2016-06-10,OONI,
http://medicine.com.my/,XED,Sex Education,2014-04-15,citizenlab,
https://medium.com/,HOST,Hosting and Blogging Platforms,2016-03-30,sinarproject,
http://members.tripod.com/~INDIA_RESOURCE/savoice.html,NEWS,News Media,2014-04-15,citizenlab,
http://mercumaya.net/,HOST,Hosting and Blogging Platforms,2014-04-15,citizenlab,
http://merdekareview.com/,POLR,Political Criticism,2014-04-15,citizenlab,
http://mir.com.my/,CULTR,Culture,2014-04-15,citizenlab,
http://mufti.perlis.gov.my/,REL,Religion,2017-10-04,sinarproject,Perlis State Mufti department 
http://mt.harapanmalaysia.com/2008/,POLR,Political Criticism,2016-06-10,OONI,
http://mt.m2day.org/,POLR,Political Criticism,2014-04-15,citizenlab,
http://mt.m2day.org/2008/,POLR,Political Criticism,2014-04-15,citizenlab,
http://www.musawah.org/,REL,Religion,2018-12-11,sinarproject,
http://mychoice.my/,XED,Sex Education,2018-08-13,sinarproject,Safe sex education site in English Bahasa and Chinese
http://www.myhealth.gov.my/en/background/,PUBH,Public Health,2018-12-11,sinarproject,
http://nac-malaysia.org/,REL,Religion,2017-10-03,sinarproject,New Apostolic Church Malaysia
http://news.bbc.co.uk/2/hi/asia-pacific/,NEWS,News Media,2014-04-15,citizenlab,
http://news.seehua.com/,NEWS,News Media,2017-10-27,sinarproject,
http://ngo.pww.org.my/,HUMR,Human Rights Issues,2018-12-11,sinarproject,Perak Women For Women Foundation
http://onglinepodcast.com/,LGBT,LGBT,2014-04-15,citizenlab,
http://othermalaysia.org/,NEWS,News Media,2014-04-15,citizenlab,
http://pakatanharapan.com.my/,POLR,Political Criticism,2018-04-30,sinarproject,Pakatan Harapan opposition coalition website
https://partisosialis.org/,POLR,Political Criticism,2014-04-15,citizenlab,
https://pengundi.spr.gov.my/,GOVT,Government,2018-04-30,sinarproject,Elections Commision voter information and verification website
http://www.penita.org/,HUMR,Human Rights Issues,2018-12-11,sinarproject,Gender and Development Initiative
https://peoplestrustmalaysia.wordpress.com/2016/02/29/whats-wrong-with-criticising-najib-asks-activist-fahmireza/,POLR,Political Criticism,2016-06-10,OONI,
http://plonkwonk.blogspot.com/,CULTR,Culture,2016-06-10,OONI,
http://politics101malaysia.blogsome.com/,NEWS,News Media,2014-04-15,citizenlab,
http://powerpresent.blogspot.com/,POLR,Political Criticism,2016-06-10,OONI,
http://pribumibersatu.org.my/,POLR,Political Criticism,2017-10-11,sinarproject,political party
http://prn.usm.my/,PUBH,Public Health,2014-04-15,citizenlab,
http://promotionsandsalesinmalaysia.blogspot.com/,CULTR,Culture,2016-06-10,OONI,
http://pru14.spr.gov.my/,GOVT,Government,2018-04-30,sinarproject,14th General Elections official results webpage
http://queermalaysians.livejournal.com/,LGBT,LGBT,2016-06-10,OONI,
http://rafiziramli.com/,POLR,Political Criticism,2018-04-30,sinarproject,Rafizi Ramli opposition politician website
http://rockybru.blogspot.com/,POLR,Political Criticism,2016-06-10,OONI,
https://rraamalaysia.wixsite.com/hak-kesihatan-wanita,XED,Sex Education,2018-08-13,sinarproject,Association of Women's Health Rights 
https://www.rraam.org/issues/sexual-reproductive-health-rights/,XED,Sex Education,2018-12-11,sinarproject,
https://sayakenahack.com/,HACK,Hacking Tools,2017-11-16,sinarproject,site verifying if users affected by Malaysian data leaks
http://sarawak-national-party.blogspot.com/,POLR,Political Criticism,2014-04-15,citizenlab,
http://seacem.com/,NEWS,News Media,2014-04-15,citizenlab,
http://seapa.wordpress.com/,NEWS,News Media,2014-04-15,citizenlab,
http://shopwithsouldoctor.blogspot.com/,CULTR,Culture,2016-06-10,OONI,
http://simontalks.com/,CULTR,Culture,2016-06-10,OONI,
http://skandal.blogspot.com/,POLR,Political Criticism,2014-04-15,citizenlab,
http://sloone.wordpress.com/,POLR,Political Criticism,2014-04-15,citizenlab,
http://www.spr.gov.my/,GOVT,Government,2016-09-15,sinarproject,Election Commision website
http://sprminsider.blogspot.com/,POLR,Political Criticism,2017-04-06,sinarproject,possible leaked anti corruption casefile on Najib Razak
http://www.asiaone.com/source/straits-times,NEWS,News Media,2014-04-15,citizenlab,
http://steadyaku-steadyaku-husseinhamid.blogspot.my/,POLR,Political Criticism,2017-12-15,sinarproject,political blog
http://study-islam.org/video/human-rights/religious-violence-malaysia,REL,Religion,2016-06-10,OONI,
http://sultanmuzaffar.blogspot.com/,CULTR,Culture,2016-06-10,OONI,
https://swk.global.ssl.fastly.net/,NEWS,News Media,2017-01-12,sinarproject,Alternate domain for Sarawak Report
http://syedshahir.blogsome.com/,NEWS,News Media,2014-04-15,citizenlab,
http://syedsoutsidethebox.blogspot.my/,POLR,Political Criticism,2016-08-09,sinarproject,
http://tabulas.com/,HOST,Hosting and Blogging Platforms,2014-04-15,citizenlab,
http://tabunginsider.blogspot.my/,POLR,Political Criticism,2016-08-09,sinarproject,
http://the-malaysian.blogspot.com/,POLR,Political Criticism,2016-06-10,OONI,
https://www.theother.my/,NEWS,News Media,2018-03-22,sinarproject,
http://twitter.com/#!/CIJ_Malaysia,NEWS,News Media,2014-04-15,citizenlab,
http://twitter.com/#!/LoyarBurok,NEWS,News Media,2014-04-15,citizenlab,
http://twitter.com/#!/PusatRakyatLB,HUMR,Human Rights Issues,2014-04-15,citizenlab,
http://twitter.com/#!/SUARAMtweets,POLR,Political Criticism,2014-04-15,citizenlab,
http://twitter.com/#!/SUHAKAM,HUMR,Human Rights Issues,2014-04-15,citizenlab,
http://twitter.com/#!/bersih2,POLR,Political Criticism,2014-04-15,citizenlab,
http://twitter.com/#!/insider_latest,NEWS,News Media,2014-04-15,citizenlab,
http://twitter.com/#!/komkini,NEWS,News Media,2014-04-15,citizenlab,
http://twitter.com/#!/msiakini,NEWS,News Media,2014-04-15,citizenlab,
http://twitter.com/#!/seacem,NEWS,News Media,2014-04-15,citizenlab,
http://twitter.com/#!/sistersinislam,HUMR,Human Rights Issues,2014-04-15,citizenlab,
http://twitter.com/#!/tm_insider,NEWS,News Media,2014-04-15,citizenlab,
https://twitter.com/kuasasiswa,POLR,Political Criticism,2016-06-10,OONI,
http://viewtru.blogspot.com/,CULTR,Culture,2016-06-10,OONI,
http://virtualfriends.net/,GRP,Social Networking,2014-04-15,citizenlab,
http://whereinsoever.wordpress.com/,CULTR,Culture,2016-06-10,OONI,
http://www.3r.com.my/,XED,Sex Education,2014-04-15,citizenlab,
http://www.99pinkrose.com/,PORN,Pornography,2014-04-15,citizenlab,
http://www.abc.net.au/,NEWS,News Media,2014-04-15,citizenlab,
http://www.abu.org.my/,POLR,Political Criticism,2014-04-15,citizenlab,
http://www.ag.org.my/,REL,Religion,2017-10-03,sinarproject,Assembiles of God Malaysia
http://www.agendadaily.com/,NEWS,News Media,2014-04-15,citizenlab,
http://www.aimalaysia.org/,HUMR,Human Rights Issues,2014-04-15,citizenlab,
http://www.aisehman.org/,POLR,Political Criticism,2016-06-10,OONI,
http://www.aliran.com/,NEWS,News Media,2014-04-15,citizenlab,
http://www.aliran.com/elections/,POLR,Political Criticism,2014-04-15,citizenlab,
http://www.aljazeera.com/programmes/insidestory/2010/01/2010111134311885176.html,REL,Religion,2016-06-10,OONI,
http://www.allmalaysia.info/,CULTR,Culture,2014-04-15,citizenlab,
https://www.amnesty.org/en/countries/asia-and-the-pacific/malaysia/report-malaysia/,HUMR,Human Rights Issues,2016-06-10,OONI,
http://www.amnesty.org/en/region/malaysia/report-2011,HUMR,Human Rights Issues,2014-04-15,citizenlab,
http://www.amrc.org.hk/,HUMR,Human Rights Issues,2014-04-15,citizenlab,
http://www.angelfire.com/emo/doaanwar/,MILX,Terrorism and Militants,2014-04-15,citizenlab,
http://www.answering-islam.org/,NEWS,News Media,2014-04-15,citizenlab,
http://www.appletree.com.my/,COMT,Communication Tools,2014-04-15,citizenlab,
http://www.apwld.org/,HUMR,Human Rights Issues,2014-04-15,citizenlab,
http://www.archway.org.my/,HUMR,Human Rights Issues,2014-04-15,citizenlab,
https://www.archkl.org/,REL,Religion,2017-10-03,sinarproject,Archdiocese of Kuala Lumpur
http://www.arrc-hre.com/,HUMR,Human Rights Issues,2014-04-15,citizenlab,
http://www.arrow.org.my/,HUMR,Human Rights Issues,2014-04-15,citizenlab,
http://www.asia-daily.com/,NEWS,News Media,2014-04-15,citizenlab,
http://www.asiafinest.com/,ALDR,Alcohol & Drugs,2014-04-15,citizenlab,
http://www.asiafinest.com/forum/lofiversion/index.php/t10671.html,ALDR,Alcohol & Drugs,2014-04-15,citizenlab,
http://www.asiafoundation.org/,POLR,Political Criticism,2014-04-15,citizenlab,
http://www.asiamedia.ucla.edu/,NEWS,News Media,2014-04-15,citizenlab,
http://www.asian-migrants.org/,HUMR,Human Rights Issues,2014-04-15,citizenlab,
https://asiancorrespondent.com/,NEWS,News Media,2018-03-22,sinarproject,
http://www.asianpacificpost.com/,NEWS,News Media,2014-04-15,citizenlab,
http://www.asiansexgazette.com/,PUBH,Public Health,2014-04-15,citizenlab,
http://www.asiantribune.com/,NEWS,News Media,2014-04-15,citizenlab,
http://www.asiaobserver.com/,NEWS,News Media,2014-04-15,citizenlab,
http://www.asiapacificnews.com/,NEWS,News Media,2014-04-15,citizenlab,
http://www.asiasentinel.com/,NEWS,News Media,2016-03-30,sinarproject,
http://www.asiatour.com/,XED,Sex Education,2014-04-15,citizenlab,
http://www.atimes.com/se-asia/se-asia.html,NEWS,News Media,2014-04-15,citizenlab,
http://www.awam.org.my/,HUMR,Human Rights Issues,2014-04-15,citizenlab,
http://www.axcest.com/,LGBT,LGBT,2016-06-10,OONI,
https://www.bahai.org.my/,REL,Religion,2017-10-04,sinarproject,
http://www.bakrimusa.com/,POLR,Political Criticism,2016-06-10,OONI,
http://www.bangkokbangers.com/,PORN,Pornography,2014-04-15,citizenlab,
https://www.bfm.my/,NEWS,News Media,2018-01-09,sinarproject,BFM Independent Business Radio Station with podcasts
http://www.bharian.com.my/,NEWS,News Media,2014-04-15,citizenlab,
http://www.bic.org.my/,PUBH,Public Health,2014-04-15,citizenlab,
http://www.bismikaallahuma.org/,REL,Religion,2014-04-15,citizenlab,
http://www.bluehyppo.com/,SRCH,Search Engines,2014-04-15,citizenlab,
http://www.bn.org.my/alliance.html,POLR,Political Criticism,2014-04-15,citizenlab,
http://www.brandmalaysia.com/,POLR,Political Criticism,2016-06-10,OONI,
http://www.btimes.com.my/,XED,Sex Education,2014-04-15,citizenlab,
http://www.bumiputerasarawak.org.my/,POLR,Political Criticism,2014-04-15,citizenlab,
http://www.calvary.org.my/,REL,Religion,2017-10-03,sinarproject,Calvary Church 
http://www.candidate.freeservers.com/,HUMR,Human Rights Issues,2014-04-15,citizenlab,
http://www.caramasia.org/,PUBH,Public Health,2014-04-15,citizenlab,
http://www.cari.com.my/,SRCH,Search Engines,2014-04-15,citizenlab,
http://www.carikawan.com/,DATE,Online Dating,2014-04-15,citizenlab,
http://www.casinocity.com/,GMB,Gambling,2014-04-15,citizenlab,
http://www.casinocity.com/my/cities.html,GMB,Gambling,2014-04-15,citizenlab,
http://www.cerc.com.my/,REL,Religion,2017-10-03,sinarproject,Christ Evangelical Reformed Church
http://www.cawinfo.org/,HUMR,Human Rights Issues,2014-04-15,citizenlab,
https://www.cccmy.org/,REL,Religion,2017-10-03,sinarproject,Central Christian Church
http://www.cetdem.org.my/,ENV,Environment,2014-04-15,citizenlab,
http://www.cfan.org/,REL,Religion,2014-04-15,citizenlab,
http://www.channelnewsasia.com/,NEWS,News Media,2014-04-15,citizenlab,
http://www.chinapress.com.my/,NEWS,News Media,2014-04-15,citizenlab,
http://www.chc.org.my/,REL,Religion,2017-10-03,sinarproject,City Harvest Church
http://www.christiandiscipleschurch.org/content/malaysia,REL,Religion,2017-10-03,sinarproject,Christian Disciples Church Malaysia
http://www.cijmalaysia.org/,NEWS,News Media,2014-04-15,citizenlab,
http://www.cnbc.com/2016/02/28/malaysia-suspends-party-official-probes-website-over-criticism-of-1mdb-scandal-wsj.html,POLR,Political Criticism,2016-06-10,OONI,
http://www.coac.org.my/,HUMR,Human Rights Issues,2014-04-15,citizenlab,
http://www.cpps.org.my/,POLR,Political Criticism,2014-04-15,citizenlab,
http://www.dailyexpress.com.my/,NEWS,News Media,2014-04-15,citizenlab,
http://www.dapmalaysia.org/,POLR,Political Criticism,2014-04-15,citizenlab,
http://www.dateinasia.com/,DATE,Online Dating,2014-04-15,citizenlab,
http://www.dating.com.my/,DATE,Online Dating,2014-04-15,citizenlab,
http://www.depdc.org/,HUMR,Human Rights Issues,2014-04-15,citizenlab,
http://www.desiderata2000.blogspot.com/,POLR,Political Criticism,2016-06-10,OONI,
http://www.dongzong.my/,POLR,Political Criticism,2017-10-27,sinarproject,Chinese Language Schools Association
http://www.dragonraja.com.my/,GAME,Gaming,2014-04-15,citizenlab,
http://www.e-games.com.my/,GAME,Gaming,2014-04-15,citizenlab,
http://www.ecologyasia.com/,ENV,Environment,2014-04-15,citizenlab,
http://www.elcm.org.my/,REL,Religion,2017-10-03,sinarproject,Evangelical Lutheran Church in Malaysia
http://www.emedia.com.my/,NEWS,News Media,2014-04-15,citizenlab,
http://www.enanyang.my/,NEWS,News Media,2017-10-27,sinarproject,
http://www.ensearch.org/,ENV,Environment,2014-04-15,citizenlab,
http://www.ewrf.org.my/,HUMR,Human Rights Issues,2014-04-15,citizenlab,
http://www.exabytes.com/,HOST,Hosting and Blogging Platforms,2014-04-15,citizenlab,
http://www.facebook.com/CijMalaysia,NEWS,News Media,2014-04-15,citizenlab,
http://www.facebook.com/LoyarBurok,NEWS,News Media,2014-04-15,citizenlab,
http://www.facebook.com/pages/BERSIH-20-OFFICIAL/213938935311531,POLR,Political Criticism,2014-04-15,citizenlab,
http://www.facebook.com/pages/Sisters-In-Islam/93398319518,HUMR,Human Rights Issues,2014-04-15,citizenlab,
http://www.facebook.com/suararakyatmalaysia,HUMR,Human Rights Issues,2014-04-15,citizenlab,
http://www.femalehealth.com/,XED,Sex Education,2014-04-15,citizenlab,
http://www.fes.org.my/,HUMR,Human Rights Issues,2014-04-15,citizenlab,
http://www.frham.org.my/,XED,Sex Education,2018-07-19,sinarproject,Federation of Reproductive Health Associations
http://www.financetwitter.com/,POLR,Political Criticism,2017-04-16,sinarproject,blog on current local andinternational news blocked by MCMC
http://www.fomca.org.my/,POLR,Political Criticism,2014-04-15,citizenlab,
http://www.foreverbanana.com/,GRP,Social Networking,2014-04-15,citizenlab,
http://www.forplu.com/,LGBT,LGBT,2014-04-15,citizenlab,
http://www.forum-asia.org/,HUMR,Human Rights Issues,2014-04-15,citizenlab,
http://www.freeanwar.com/,HUMR,Human Rights Issues,2014-04-15,citizenlab,
http://www.freemalaysiatoday.com/,NEWS,News Media,2017-10-10,sinarproject,
http://www.freemalaysiatoday.com/category/nation/2016/06/04/activist-fahmi-reza-detained-by-police/,POLR,Political Criticism,2016-06-10,OONI,
http://www.fridae.asia/,LGBT,LGBT,2016-06-10,OONI,
http://www.fridae.com/,LGBT,LGBT,2014-04-15,citizenlab,
http://www.gayrice.com/,LGBT,LGBT,2014-04-15,citizenlab,
http://www.gaystarnews.com/,LGBT,LGBT,2018-06-11,sinarproject,UK based news website on news related to global LGBTI community
http://www.genting.com.my/,GAME,Gaming,2014-04-15,citizenlab,
http://www.gerakan.org.my/,POLR,Political Criticism,2014-04-15,citizenlab,
http://www.globalgayz.com/,LGBT,LGBT,2014-04-15,citizenlab,
http://www.globalgayz.com/country/Malaysia/MYS,LGBT,LGBT,2014-04-15,citizenlab,
http://www.guangming.com.my/,NEWS,News Media,2014-04-15,citizenlab,
http://www.hackinthebox.org/,HACK,Hacking Tools,2014-04-15,citizenlab,
http://www.hannahyeoh.com/,POLR,Political Criticism,2018-04-30,sinarproject,Website of Hannah Yeoh opposition politician
http://www.harakahdaily.net/,NEWS,News Media,2014-04-15,citizenlab,
http://www.harapanmalaysia.com/,POLR,Political Criticism,2014-04-15,citizenlab,
http://www.hati.org.my/,HUMR,Human Rights Issues,2014-04-15,citizenlab,
http://www.harvestgen.org/,REL,Religion,2017-10-03,sinarproject,Harvest Generation Church
http://www.healthtoday.net/,PUBH,Public Health,2014-04-15,citizenlab,
http://www.heraldmalaysia.com/,REL,Religion,2017-10-03,sinarproject,Malaysian Catholic News
http://www.hindusangam.org.my/,HUMR,Human Rights Issues,2014-04-15,citizenlab,
http://www.historyofjihad.com/,HUMR,Human Rights Issues,2014-04-15,citizenlab,
http://www.hivpolicy.org/,PUBH,Public Health,2014-04-15,citizenlab,
http://www.hollywoodreporter.com/news/red-granite-founder-riza-azizs-931041,POLR,Political Criticism,2016-09-22,sinarproject,news related to 1MDB
http://www.hrw.org/en/asia/malaysia,HUMR,Human Rights Issues,2014-04-15,citizenlab,
https://www.hrw.org/legacy/english/docs/2005/01/13/malays9822.htm,HUMR,Human Rights Issues,2016-05-09,sinarproject,
https://www.hrw.org/news/2016/05/13/dispatches-malaysian-corruption-scandal-threatens-free-speech,HUMR,Human Rights Issues,2016-06-10,OONI,
https://www.hrw.org/world-report/2015/country-chapters/malaysia,HUMR,Human Rights Issues,2016-06-10,OONI,
http://www.humanrights.asia/,HUMR,Human Rights Issues,2014-04-15,citizenlab,
http://www.ibtimes.sg/released-malaysian-activist-fahmi-reza-says-you-cant-scare-me-break-my-spirit-1762,POLR,Political Criticism,2016-06-10,OONI,
http://www.icftu.org/displaydocument.asp?Index=991223279&Language=EN,POLR,Political Criticism,2014-04-15,citizenlab,
http://www.ifj-asia.org/,NEWS,News Media,2014-04-15,citizenlab,
http://www.ilo.org/public/english/region/asro/bangkok/child/trafficking/index.htm,HUMR,Human Rights Issues,2014-04-15,citizenlab,
http://www.irrawaddy.org/,NEWS,News Media,2014-04-15,citizenlab,
http://www.islam.gov.my/,REL,Religion,2017-10-04,sinarproject,federal government Islamic agency
http://www.islamicinsights.com/,REL,Religion,2017-10-03,sinarproject,Shia 
http://www.iwraw-ap.org/,HUMR,Human Rights Issues,2014-04-15,citizenlab,
http://www.jaheaik.gov.my/,REL,Religion,2017-10-04,sinarproject,Kelantan state islamic agency
http://www.jais.gov.my/,REL,Religion,2017-10-04,sinarproject,Selangor government Islamic agency
http://www.thejakartapost.com/,NEWS,News Media,2018-04-12,sinarproject,Jakata Post is an Indonesian English daily newspaper
http://www.jawi.gov.my/,REL,Religion,2017-10-04,sinarproject,Federal Territory government Islamic agency
http://www.jeffooi.com/,NEWS,News Media,2014-04-15,citizenlab,
http://www.jerit.org/,POLR,Political Criticism,2014-04-15,citizenlab,
http://www.kadirjasin.blogspot.com/,POLR,Political Criticism,2016-06-10,OONI,
http://www.kassimahmad.blogspot.com/,POLR,Political Criticism,2016-06-10,OONI,
http://www.keadilanrakyat.org/,POLR,Political Criticism,2014-04-15,citizenlab,
http://www.kennysia.com/,CULTR,Culture,2016-06-10,OONI,
http://www.klservice2u.com/,PROV,Provocative Attire,2014-04-15,citizenlab,
http://www.komas.org/,NEWS,News Media,2014-04-15,citizenlab,
http://www.komas.org/voter_education.html,NEWS,News Media,2014-04-15,citizenlab,
http://www.kwongwah.com.my/,NEWS,News Media,2017-10-27,sinarproject,
http://www.latexgift.com/,PROV,Provocative Attire,2014-04-15,citizenlab,
http://www.lcm.org.my/,REL,Religion,2017-10-03,sinarproject,Lutheran Church in Malaysia
http://www.linguamatix.com/,COMT,Communication Tools,2014-04-15,citizenlab,
http://www.littleblackbookmy.blogspot.com/,CULTR,Culture,2016-06-10,OONI,
http://www.lucialai.org/,POLR,Political Criticism,2016-06-10,OONI,
http://www.mac.org.my/,PUBH,Public Health,2014-04-15,citizenlab,
http://www.maij.gov.my/,REL,Religion,2017-10-04,sinarproject,Johor Islamic government agency
http://www.makansakan.com/,CULTR,Culture,2016-06-10,OONI,
http://www.malaysia-today.net/,NEWS,News Media,2014-04-15,citizenlab,
http://www.malaysia.net/,HOST,Hosting and Blogging Platforms,2014-04-15,citizenlab,
http://www.malaysia.net/blog/,HOST,Hosting and Blogging Platforms,2014-04-15,citizenlab,
http://www.malaysiabloggers.com/,HOST,Hosting and Blogging Platforms,2014-04-15,citizenlab,
http://www.malaysiadirectory.com/,SRCH,Search Engines,2014-04-15,citizenlab,
http://www.malaysiakini.com/,NEWS,News Media,2014-04-15,citizenlab,
https://www.malaysiakini.com/,NEWS,News Media,2016-06-10,OONI,
https://www.malaysiakini.com/news/331711,POLR,Political Criticism,2016-06-10,OONI,
http://www.malaysiakini.tv/,NEWS,News Media,2014-04-15,citizenlab,
http://www.malaysianbar.org.my/,HUMR,Human Rights Issues,2014-04-15,citizenlab,
http://www.maverickysm.blogspot.com/,POLR,Political Criticism,2016-06-10,OONI,
http://www.methodistchurch.org.my/,REL,Religion,2017-10-03,sinarproject,Methodist Church in Malaysia
http://www.mca.org.my/,POLR,Political Criticism,2014-04-15,citizenlab,
http://www.mengo.org/,ENV,Environment,2014-04-15,citizenlab,
http://www.mesra.net/,SRCH,Search Engines,2014-04-15,citizenlab,
http://www.metrodate.com/,DATE,Online Dating,2014-04-15,citizenlab,
http://www.mfasia.org/,HUMR,Human Rights Issues,2014-04-15,citizenlab,
http://www.mgdc.com.my/forum/,GAME,Gaming,2014-04-15,citizenlab,
http://www.mic.org.my/,POLR,Political Criticism,2014-04-15,citizenlab,
http://www.milosuam.net/,POLR,Political Criticism,2017-11-02,sinarproject,political blog
http://www.themalaymailonline.com/,NEWS,News Media,2014-04-15,citizenlab,
https://www.themalaysianinsight.com/,NEWS,News Media,2017-10-11,sinarproject,
http://www.mns.org.my/,ENV,Environment,2014-04-15,citizenlab,
http://www.mobif.com.my/,COMT,Communication Tools,2014-04-15,citizenlab,
http://www.mol.com/,COMM,E-commerce,2014-04-15,citizenlab,
http://www.mormonnewsroom.my/,REL,Religion,2017-10-03,sinarproject,Malaysian Mormon News site
http://www.msf.org/msfinternational/countries/asia/index.cfm,PUBH,Public Health,2014-04-15,citizenlab,
http://www.mtuc.org.my/,POLR,Political Criticism,2014-04-15,citizenlab,
http://www.mum-mum.info/blog.htm,CULTR,Culture,2016-06-10,OONI,
http://www.mygoodasyou.com/,LGBT,LGBT,2014-04-15,citizenlab,
http://www.mykamus.com/,COMT,Communication Tools,2014-04-15,citizenlab,
https://www.najibrazak.com/,POLR,Political Criticism,2018-04-30,sinarproject,Najib Razak Prime Minister of Malaysia official web page
http://www.nanban2u.com.my/,NEWS,News Media,2017-10-31,sinarproject,Tamil daily newspaper
http://www.nasioncom.com.my/,COMT,Communication Tools,2014-04-15,citizenlab,
http://www.ncwomalaysia.org.my/,HUMR,Human Rights Issues,2014-04-15,citizenlab,
http://www.necf.org.my/,HUMR,Human Rights Issues,2014-04-15,citizenlab,
http://www.news.faithfreedom.org/,REL,Religion,2014-04-15,citizenlab,
http://www.newsweekasia.com/,NEWS,News Media,2014-04-15,citizenlab,
http://www.niknazmi.com/wordpress/,POLR,Political Criticism,2016-06-10,OONI,
http://www.nurulizzah.com/,POLR,Political Criticism,2018-04-30,sinarproject,Nurul Izzah opposition politician website
http://www.nst.com.my/,NEWS,News Media,2014-04-15,citizenlab,
http://www.ohchr.org/Documents/Issues/IntLaw/PreventionStudy/NHRI/Human_Rights_Commission_Malaysia.pdf,HUMR,Human Rights Issues,2016-06-10,OONI,
http://www.ocdn.com.my/,NEWS,News Media,2017-10-27,sinarproject,
http://www.orientaldaily.com.my/,NEWS,News Media,2014-04-15,citizenlab,
https://www.outrightinternational.org/content/malaysia-must-recognize-and-stop-hostilities-toward-lgbt-people,LGBT,LGBT,2016-06-10,OONI,
http://www.pas.org.my/,POLR,Political Criticism,2014-04-15,citizenlab,
http://www.patheos.com/,REL,Religion,2017-08-10,sinarproject,religious dialogue website reportedly blocked 
http://www.pbs-sabah.org/,POLR,Political Criticism,2014-04-15,citizenlab,
https://www.pemantau.org/,POLR,Political Criticism,2018-03-31,sinarproject,
http://www.persecution.org/,HUMR,Human Rights Issues,2014-04-15,citizenlab,
http://www.persecution.org/category/countries/asia/malaysia/,HUMR,Human Rights Issues,2014-04-15,citizenlab,
http://www.petalingstreet.org/,HOST,Hosting and Blogging Platforms,2014-04-15,citizenlab,
http://www.petitiononline.com/,NEWS,News Media,2014-04-15,citizenlab,
http://www.petitiononline.com/foiMsia/petition.html,NEWS,News Media,2014-04-15,citizenlab,
http://www.pht.org.my/,CULTR,Culture,2014-04-15,citizenlab,
http://www.prabaganesan.wordpress.com/,POLR,Political Criticism,2016-06-10,OONI,
http://www.ptfmalaysia.org/,PUBH,Public Health,2014-04-15,citizenlab,
http://www.publiuspundit.com/,HUMR,Human Rights Issues,2014-04-15,citizenlab,
http://www.pummkin.net/,CULTR,Culture,2016-06-10,OONI,
http://www.purplelab.net/,LGBT,LGBT,2016-06-10,OONI,
http://www.putera.com/,COMT,Communication Tools,2014-04-15,citizenlab,
https://www.queerlapis.com/,LGBT,LGBT,2018-03-20,sinarproject,Malaysian LGBT community site
http://www.rbcm.net/,REL,Religion,2017-10-03,sinarproject,Reformed Baptist Churches Malaysia
http://www.reach.org.my/,ENV,Environment,2014-04-15,citizenlab,
http://www.rengah.c2o.org/,ENV,Environment,2014-04-15,citizenlab,
https://www.researchgate.net/publication/30066578_Islam_and_violence_in_Malaysia,REL,Religion,2016-06-10,OONI,
https://www.republik.ch/2018/03/26/ubs-in-the-jungle,NEWS,News Media,2018-03-30,sinarproject,
https://www.rnw.org/archive/religious-violence-escalates-malaysia,REL,Religion,2016-06-10,OONI,
http://www.sabah.net.my/,HUMR,Human Rights Issues,2014-04-15,citizenlab,
http://www.sabah.net.my/PACOS/,HUMR,Human Rights Issues,2014-04-15,citizenlab,
http://www.sadatv.com/,NEWS,News Media,2014-04-15,citizenlab,
http://www.sajasearch.com/,SRCH,Search Engines,2014-04-15,citizenlab,
http://www.sapp.org.my/,POLR,Political Criticism,2014-04-15,citizenlab,
http://www.sarawakreport.org/,NEWS,News Media,2016-03-30,sinarproject,
http://www.sarawakreport.org/2016/04/the-simple-silver-bullet-solution-to-1mdb-malaysias-financial-woes-sack-najib/,POLR,Political Criticism,2016-06-10,OONI,
http://www.sarawakreport.org/tag/1mdb,POLR,Political Criticism,2016-06-10,OONI,
http://www.seapa.org/,NEWS,News Media,2014-04-15,citizenlab,
http://www.seapabkk.org/,NEWS,News Media,2014-04-15,citizenlab,
http://www.searo.who.int/,PUBH,Public Health,2014-04-15,citizenlab,
http://www.secularislam.org/,REL,Religion,2014-04-15,citizenlab,
http://www.seri.com.my/,ENV,Environment,2014-04-15,citizenlab,
https://www.sfx.com.my/,REL,Religion,2017-10-03,sinarproject,Church of St Francis Xavier PJ
http://www.siddha.com.my/,HUMR,Human Rights Issues,2014-04-15,citizenlab,
http://www.sikhs.org.my/,HUMR,Human Rights Issues,2014-04-15,citizenlab,
http://www.sinchew.com.my/,NEWS,News Media,2014-04-15,citizenlab,update to current url
http://www.singapore-window.org/,NEWS,News Media,2014-04-15,citizenlab,
http://www.sistersinislam.org.my/,HUMR,Human Rights Issues,2014-04-15,citizenlab,
http://www.skthew.com/,POLR,Political Criticism,2016-06-10,OONI,
http://www.snsm.org.my/,HUMR,Human Rights Issues,2014-04-15,citizenlab,
http://www.standrewschurch.org.my/,REL,Religion,2017-10-03,sinarproject,St Andrews Presbyterian Church
http://www.state.gov/documents/organization/236666.pdf,HUMR,Human Rights Issues,2016-06-10,OONI,
http://www.state.gov/g/drl/rls/hrrpt/2005/61615.htm,HUMR,Human Rights Issues,2014-04-15,citizenlab,
http://www.state.gov/g/drl/rls/irf/2005/51518.htm,REL,Religion,2014-04-15,citizenlab,
http://www.straitstimes.com/asia/se-asia/malaysian-punk-artist-fahmi-reza-clowns-with-scandal-hit-pm-najib,POLR,Political Criticism,2016-06-10,OONI,
http://www.suarakeadilan.com/,POLR,Political Criticism,2014-04-15,citizenlab,
http://www.suaram.net/,HUMR,Human Rights Issues,2014-04-15,citizenlab,
http://www.suhakam.org.my/,HUMR,Human Rights Issues,2014-04-15,citizenlab,
http://www.sun2surf.com/,NEWS,News Media,2014-04-15,citizenlab,
http://www.supp.org.my/,POLR,Political Criticism,2014-04-15,citizenlab,
http://www.surforever.com/sam/a2z/content1.html,ENV,Environment,2014-04-15,citizenlab,
http://www.tenaganita.net/,NEWS,News Media,2014-04-15,citizenlab,
http://www.terrorismfiles.org/organisations/harakat_ul-mujahideen.html,MILX,Terrorism and Militants,2014-04-15,citizenlab,
http://thaimoli.com/,NEWS,News Media,2017-10-31,sinarproject,Tamil language news
http://www.theedgedaily.com/,NEWS,News Media,2014-04-15,citizenlab,
https://www.theguardian.com/world/2016/mar/03/us-condems-ally-malaysia-for-attempts-to-muzzle-free-press,POLR,Political Criticism,2016-06-10,OONI,
http://www.themalaysianinsider.com/,NEWS,News Media,2014-04-15,citizenlab,
http://www.thereligionofpeace.com/,REL,Religion,2014-04-15,citizenlab,
http://www.thestar.com.my/,NEWS,News Media,2014-04-15,citizenlab,
http://www.theultimateinsult.blogspot.com/,REL,Religion,2014-04-15,citizenlab,
http://www.thinkcentre.org/,HUMR,Human Rights Issues,2014-04-15,citizenlab,
http://www.thoughtsintangents.blogspot.com/,POLR,Political Criticism,2016-06-10,OONI,
http://www.time.com/,NEWS,News Media,2014-04-15,citizenlab,
http://www.time.com/time/asia/,NEWS,News Media,2014-04-15,citizenlab,
http://www.tipinasia.info/,HUMR,Human Rights Issues,2014-04-15,citizenlab,
http://www.tjc.org.my/,HUMR,Human Rights Issues,2014-04-15,citizenlab,
http://www.tncchurch.org/,REL,Religion,2017-10-03,sinarproject,the New Covenvent Church Malaysia
http://www.transparency.org.my/,POLR,Political Criticism,2014-04-15,citizenlab,
http://www.trees.org.my/,ENV,Environment,2014-04-15,citizenlab,
http://www.trikone.org/,LGBT,LGBT,2014-04-15,citizenlab,
http://www.turfonline.com/,GAME,Gaming,2014-04-15,citizenlab,
http://www.tvsmith.my/,CULTR,Culture,2016-06-10,OONI,
http://www.tvsmith.net.my/duasen/,CULTR,Culture,2016-06-10,OONI,
http://www.umno-online.com/,POLR,Political Criticism,2014-04-15,citizenlab,
http://www.unaids.org/en/regionscountries/countries/malaysia/,PUBH,Public Health,2014-04-15,citizenlab,
http://www.undp.org.my/,XED,Sex Education,2014-04-15,citizenlab,
http://www.unescap.org/,ECON,Economics,2014-04-15,citizenlab,
http://www.unicef.org/infobycountry/malaysia_30873.html,XED,Sex Education,2014-04-15,citizenlab,
http://www.unodc.org/eastasiaandpacific/,ALDR,Alcohol & Drugs,2014-04-15,citizenlab,
http://www.ushaaqallah.com/,REL,Religion,2014-04-15,citizenlab,
http://www.usj.com.my/,GRP,Social Networking,2014-04-15,citizenlab,
http://www.utopia-asia.com/,LGBT,LGBT,2014-04-15,citizenlab,
http://www.utusan.com.my/,NEWS,News Media,2014-04-15,citizenlab,
http://www.vanakkammalaysia.com/,NEWS,News Media,2014-04-15,citizenlab,
http://www.wao.org.my/,HUMR,Human Rights Issues,2014-04-15,citizenlab,
http://www.wccpenang.org/,HUMR,Human Rights Issues,2014-04-15,citizenlab,
http://www.wci2.org/,POLR,Political Criticism,2014-04-15,citizenlab,
http://www.webhosting.com.my/,HOST,Hosting and Blogging Platforms,2014-04-15,citizenlab,
http://www.webportal.com.my/,GRP,Social Networking,2014-04-15,citizenlab,
http://www.webserver.com.my/,HOST,Hosting and Blogging Platforms,2014-04-15,citizenlab,
http://www.whatalulu.blogspot.com/,POLR,Political Criticism,2016-06-10,OONI,
http://www.womenforpeaceandjustice.org/,HUMR,Human Rights Issues,2014-04-15,citizenlab,
http://www.wongchen.com/,POLR,Political Criticism,2018-04-30,sinarproject,Website Wong Chen opposition politician
http://www.wsj.com/articles/malaysia-leader-lashes-out-against-his-critics-in-party-and-media-1456500740,POLR,Political Criticism,2016-06-10,OONI,
http://www.wsj.com/specialcoverage/malaysia-controversy,POLR,Political Criticism,2016-06-10,OONI,
http://www.wsws.org/,NEWS,News Media,2014-04-15,citizenlab,
http://www.wwfmalaysia.org/,ENV,Environment,2014-04-15,citizenlab,
http://www.xanga.com/kinkybluefairy,CULTR,Culture,2016-06-10,OONI,
http://www.xratedasianporn.com/,PORN,Pornography,2014-04-15,citizenlab,
http://www.yawa.org/,ENV,Environment,2014-04-15,citizenlab,
http://www.yss98.com/,HUMR,Human Rights Issues,2014-04-15,citizenlab,
http://www.ytl.com.my/,COMT,Communication Tools,2014-04-15,citizenlab,
http://www.zdnetasia.com/,NEWS,News Media,2014-04-15,citizenlab,
"http://www.zdnetasia.com/downloads/pc/swinfo/0,39043052,39222404s,00.htm",ANON,Anonymization and circumvention tools,2014-04-15,citizenlab,
http://yasminthestoryteller.blogspot.com/,CULTR,Culture,2016-06-10,OONI,
http://zathilfiger.i-p.com/,COMT,Communication Tools,2014-04-15,citizenlab,
http://zorro-zorro-unmasked.blogspot.com/,POLR,Political Criticism,2016-06-10,OONI,
https://ms.wikipedia.org/,CULTR,Culture,2018-07-06,Wikimedia,URLs provided by wikipedia based on the most popular language domains per country
https://id.wikipedia.org/,CULTR,Culture,2018-07-06,Wikimedia,URLs provided by wikipedia based on the most popular language domains per country
https://en.wiktionary.org/,CULTR,Culture,2018-07-06,Wikimedia,URLs provided by wikipedia based on the most popular language domains per country
https://simple.wikipedia.org/,CULTR,Culture,2018-07-06,Wikimedia,URLs provided by wikipedia based on the most popular language domains per country
