url,category_code,category_description,date_added,source,notes
http://234next.com/,NEWS,News Media,2016-06-14,OONI,
http://dailyindependentnig.com/,NEWS,News Media,2016-06-14,OONI,
http://e-expressnigeria.com/,NEWS,News Media,2016-06-14,OONI,
http://friendzdiary.com/,GRP,Social Networking,2016-06-14,OONI,
http://newlagostimes.com/,NEWS,News Media,2016-06-14,OONI,
http://newsjournal.com.ng/,NEWS,News Media,2016-06-14,OONI,
http://newtelegraphonline.com/,NEWS,News Media,2016-06-14,OONI,
http://nigerianobservernews.com/,NEWS,News Media,2016-06-14,OONI,
http://pmnewsnigeria.com/,NEWS,News Media,2016-06-14,OONI,
http://premiumtimesng.com/,NEWS,News Media,2016-06-14,OONI,
http://www.blackplanet.com/,GRP,Social Networking,2016-06-14,OONI,
http://www.blueprint.ng/,NEWS,News Media,2016-06-14,OONI,
http://www.businessdayonline.com/,NEWS,News Media,2016-06-14,OONI,
http://www.championnews.com.ng/,NEWS,News Media,2016-06-14,OONI,
http://www.compassnewspaper.com.ng/,NEWS,News Media,2016-06-14,OONI,
http://www.completesportsnigeria.com/,NEWS,News Media,2016-06-14,OONI,
http://www.dailytimes.ng/,NEWS,News Media,2016-06-14,OONI,
http://www.daylight.ng/,NEWS,News Media,2016-06-14,OONI,
http://www.gnaija.net/,GRP,Social Networking,2016-06-14,OONI,
http://www.guardian.ng/,NEWS,News Media,2016-06-14,OONI,
http://www.hallmarknews.com/,NEWS,News Media,2016-06-14,OONI,
http://www.leadership.ng/nga/,NEWS,News Media,2016-06-14,OONI,
http://www.naijaborn.com/,GRP,Social Networking,2016-06-14,OONI,
http://www.naijapals.com/,GRP,Social Networking,2016-06-14,OONI,
http://www.naijavideos.com/,MMED,Media sharing,2016-06-14,OONI,
http://www.nationalmirroronline.net/,NEWS,News Media,2016-06-14,OONI,
http://www.nationalnetworkonline.com/,NEWS,News Media,2016-06-14,OONI,
http://www.newswatchdirect.com/,NEWS,News Media,2016-06-14,OONI,
http://www.osundefender.org/,NEWS,News Media,2016-06-14,OONI,
http://www.plus.friendite.com/,GRP,Social Networking,2016-06-14,OONI,
http://www.punchng.com/,NEWS,News Media,2016-06-14,OONI,
http://www.skilledafricans.com/,GRP,Social Networking,2016-06-14,OONI,
http://www.sunnewsonline.com/,NEWS,News Media,2016-06-14,OONI,
http://www.tell.ng/,NEWS,News Media,2016-06-14,OONI,
http://www.thenationonlineng.net/,NEWS,News Media,2016-06-14,OONI,
http://www.thetidenewsonline.com/,NEWS,News Media,2016-06-14,OONI,
http://www.thisdaylive.com/,NEWS,News Media,2016-06-14,OONI,
http://www.tribuneonlineng.com/,NEWS,News Media,2016-06-14,OONI,
http://www.vanguardngr.com/,NEWS,News Media,2016-06-14,OONI,
http://www.yarnme.com.ng/,GRP,Social Networking,2016-06-14,OONI,
http://www.bbc.com/hausa/,NEWS,News Media,2017-07-19,BBC,
http://www.bbchausa.com/,NEWS,News Media,2017-07-19,BBC,
http://www.igbofocus.co.uk/,CULTR,Culture,2017-11-20,OONI,Reportedly blocked
http://www.ipobgovernment.org/,HUMR,Human Rights Issues,2017-11-20,OONI,Reportedly blocked
http://www.biafraland.com/,NEWS,News Media,2017-11-20,OONI,Reportedly blocked
http://biafraradio.com/,NEWS,News Media,2017-11-20,OONI,Reportedly blocked
http://biafranet.com/,CULTR,Culture,2017-11-20,OONI,Reportedly blocked
http://www.thebiafrastars.co/,NEWS,News Media,2017-11-20,OONI,Reportedly blocked
http://www.biafraforum.com/,GRP,Social Networking,2017-11-20,OONI,Reportedly blocked
http://www.biafrainc.com/,CULTR,Culture,2017-11-20,OONI,Reportedly blocked
http://www.biafra.info/,GRP,Social Networking,2017-11-20,OONI,Reportedly blocked
http://www.biafranigeriaworld.com/,NEWS,News Media,2017-11-20,OONI,Reportedly blocked
http://www.ekwenche.org/,POLR,Political Criticism,2017-11-20,OONI,Reportedly blocked
http://www.gobiafra.com/,GRP,Social Networking,2017-11-20,OONI,Reportedly blocked
http://www.ustream.tv/channel/biafra-television,NEWS,News Media,2017-11-20,OONI,Reportedly blocked
http://www.biafrasay.com/,GRP,Social Networking,2017-11-20,OONI,Reportedly blocked
http://www.bafmembers.com/,POLR,Political Criticism,2017-11-20,OONI,Reportedly blocked
http://www.thebiafrapost.com/,NEWS,News Media,2017-11-20,OONI,Reportedly blocked
http://www.naij.com/,NEWS,News Media,2017-11-20,OONI,Reportedly blocked
http://www.thebiafraherald.co/,NEWS,News Media,2017-11-23,OONI,Reportedly blocked
http://www.biafra.com/,POLR,Political Criticism,2018-01-22,OONI,
http://www.biafra.net/,POLR,Political Criticism,2018-01-22,OONI,
http://www.biafra.club/,POLR,Political Criticism,2018-01-22,OONI,
http://www.freennamdikanu.com/,POLR,Political Criticism,2018-01-22,OONI,
http://www.restoringbiafranationhood.info/,POLR,Political Criticism,2018-01-22,OONI,
http://saharareporters.com/,NEWS,News Media,2018-01-22,OONI,
https://www.islamicmovement.org/,REL,Religion,2018-01-22,OONI,
http://imnig.org/,REL,Religion,2018-01-22,OONI,
https://nostringsng.com/,LGBT,LGBT,2018-01-22,OONI,
http://naijalez.com/,LGBT,LGBT,2018-01-22,OONI,
http://www.bisialimifoundation.org/,LGBT,LGBT,2018-01-22,OONI,
https://ig.wikipedia.org/,CULTR,Culture,2018-07-06,Wikimedia,URLs provided by wikipedia based on the most popular language domains per country
https://en.wikibooks.org/,CULTR,Culture,2018-07-06,Wikimedia,URLs provided by wikipedia based on the most popular language domains per country
https://en.wiktionary.org/,CULTR,Culture,2018-07-06,Wikimedia,URLs provided by wikipedia based on the most popular language domains per country
https://simple.wikipedia.org/,CULTR,Culture,2018-07-06,Wikimedia,URLs provided by wikipedia based on the most popular language domains per country
https://wikimediafoundation.org/,CULTR,Culture,2018-07-06,Wikimedia,URLs provided by wikipedia based on the most popular language domains per country
https://www.vanguardngr.com/,NEWS,News Media,2018-09-04,OONI,
http://dailypost.ng/,NEWS,News Media,2018-09-04,OONI,
https://punchng.com/,NEWS,News Media,2018-09-04,OONI,
https://www.premiumtimesng.com/,NEWS,News Media,2018-09-04,OONI,
https://buzznigeria.com/,NEWS,News Media,2018-09-04,OONI,
http://guardian.ng/,NEWS,News Media,2018-09-04,OONI,
https://leadership.ng/,NEWS,News Media,2018-09-04,OONI,
http://sunnewsonline.com/,NEWS,News Media,2018-09-04,OONI,
http://www.pmnewsnigeria.com/,NEWS,News Media,2018-09-04,OONI,
http://www.dailytrust.com.ng/,NEWS,News Media,2018-09-04,OONI,
https://www.naijanews.com/,NEWS,News Media,2018-09-04,OONI,
http://www.channelstv.com/,NEWS,News Media,2018-09-04,OONI,
https://www.nationalmirroronline.net/,NEWS,News Media,2018-09-04,OONI,
https://www.nairaland.com/,NEWS,News Media,2018-09-04,OONI,Nairaland Forum
https://www.businessdayonline.com/,NEWS,News Media,2018-09-04,OONI,
https://nigeriaworld.com/,NEWS,News Media,2018-09-04,OONI,
http://www.theadvocatengr.com/,NEWS,News Media,2018-09-04,OONI,
http://www.nigerianobservernews.com/,NEWS,News Media,2018-09-04,OONI,
http://nigerianpilot.com/,NEWS,News Media,2018-09-04,OONI,
http://businessnews.com.ng/,NEWS,News Media,2018-09-04,OONI,
http://www.nationaldailyng.com/,NEWS,News Media,2018-09-04,OONI,
http://www.theabujainquirer.com/,NEWS,News Media,2018-09-04,OONI,
https://www.blueprint.ng/,NEWS,News Media,2018-09-04,OONI,
https://nationalaccordnewspaper.com/,NEWS,News Media,2018-09-04,OONI,
https://www.naijaturnup.com/,NEWS,News Media,2018-09-04,OONI,
https://tell.ng/,NEWS,News Media,2018-09-04,OONI,
http://www.imotrumpeta.com/,NEWS,News Media,2018-09-04,OONI,
http://www.networkafrica.com/,NEWS,News Media,2018-09-04,OONI,
http://www.nigeriannews.com/,NEWS,News Media,2018-09-04,OONI,
https://www.pulse.ng/,NEWS,News Media,2018-09-04,OONI,
http://informationng.com/,NEWS,News Media,2018-09-04,OONI,
https://www.thecable.ng/,NEWS,News Media,2018-09-04,OONI,
https://www.nigerianbulletin.com/,NEWS,News Media,2018-09-04,OONI,
https://newsrescue.com/,NEWS,News Media,2018-09-04,OONI,
http://www.nigerianeye.com/,NEWS,News Media,2018-09-04,OONI,
https://www.onlinenigeria.com/,NEWS,News Media,2018-09-04,OONI,
https://naijagists.com/,NEWS,News Media,2018-09-04,OONI,
http://www.ladunliadinews.com/,CULTR,Culture,2018-09-04,OONI,
https://www.thetrentonline.com/,NEWS,News Media,2018-09-04,OONI,
https://www.lindaikejisblog.com/,CULTR,Culture,2018-09-04,OONI,Nigeria's top bloggers
http://www.ogbongeblog.com/,CULTR,Culture,2018-09-04,OONI,Nigeria's top bloggers
https://www.360nobs.com/,CULTR,Culture,2018-09-04,OONI,Nigeria's top bloggers
https://www.bellanaija.com/,CULTR,Culture,2018-09-04,OONI,Nigeria's top bloggers
https://notjustok.com/,CULTR,Culture,2018-09-04,OONI,Nigeria's top bloggers
http://omojuwa.com/,CULTR,Culture,2018-09-04,OONI,Nigeria's top bloggers
https://ynaija.com/,CULTR,Culture,2018-09-04,OONI,Nigeria's top bloggers
https://medium.com/techloy,HACK,Hacking Tools,2018-09-04,OONI,Nigeria's top bloggers
https://www.writersincharge.com/blog/,CULTR,Culture,2018-09-04,OONI,Nigeria's top bloggers
http://www.naijaloaded.com.ng/,CULTR,Culture,2018-09-04,OONI,Nigeria's top bloggers
http://www.sisiyemmie.com/,CULTR,Culture,2018-09-04,OONI,Bloggers
https://lailasnews.com/,CULTR,Culture,2018-09-04,OONI,Bloggers
http://www.olufamous.com/,CULTR,Culture,2018-09-04,OONI,Bloggers
http://www.dimmaumeh.com/,CULTR,Culture,2018-09-04,OONI,Bloggers
https://www.jobberman.com/blog/,CULTR,Culture,2018-09-04,OONI,Bloggers
https://www.naijavibe.net/,CULTR,Culture,2018-09-04,OONI,Bloggers
https://campusportalng.com/,CULTR,Culture,2018-09-04,OONI,Information for Nigerian University students
http://kissesandhuggs.org/,CULTR,Culture,2018-09-04,OONI,Bloggers
http://www.infashionrehab.com/,CULTR,Culture,2018-09-04,OONI,Nigerian fashion blog
https://healthsaveblog.com/,PUBH,Public Health,2018-09-04,OONI,Nigerian blog offering health advice
https://misspetitenigeria.blogspot.com/,CULTR,Culture,2018-09-04,OONI,Bloggers
http://alakija.com/blog/,CULTR,Culture,2018-09-04,OONI,Stories through photography
https://darlingtonpeters.com/,CULTR,Culture,2018-09-04,OONI,Bloggers
https://goonerdaily.com/,CULTR,Culture,2018-09-04,OONI,Bloggers
https://www.thenigerianvoice.com/,NEWS,News Media,2018-09-04,OONI,
https://nigerianstalk.org/,CULTR,Culture,2018-09-04,OONI,
https://nigerianpolity.blogspot.com/,POLR,Political Criticism,2018-09-04,OONI,
http://nigeriapoliticsonline.com/,POLR,Political Criticism,2018-09-04,OONI,
http://www.inecnigeria.org/,POLR,Political Criticism,2018-09-04,OONI,National Electoral Commission
https://www.ifes.org/nigeria,POLR,Political Criticism,2018-09-04,OONI,International Foundation for Electoral Systems
http://atiku.org/,POLR,Political Criticism,2018-09-04,OONI,Politician
https://paradigmhq.org/,HUMR,Human Rights Issues,2018-09-04,OONI,
https://aacparty.com/,POLR,Political Criticism,2018-09-04,OONI,New political party formed by human rights activist
https://kowaparty.com.ng/,POLR,Political Criticism,2018-09-04,OONI,Political party
https://www.anrp.org.ng/,POLR,Political Criticism,2018-09-04,OONI,Political party
https://alliancefornewnigeria.org/,POLR,Political Criticism,2018-09-04,OONI,Political party
https://apc.com.ng/,POLR,Political Criticism,2018-09-04,OONI,Political party
http://www.socialistnigeria.org/,POLR,Political Criticism,2018-09-04,OONI,Political party
http://www.jmpp.ng/,POLR,Political Criticism,2018-09-04,OONI,Political party
http://labourparty.ng/,POLR,Political Criticism,2018-09-04,OONI,Political party
https://www.nationalinterestparty.com/,POLR,Political Criticism,2018-09-04,OONI,Political party
http://peoplesdemocraticparty.com.ng/,POLR,Political Criticism,2018-09-04,OONI,Political party
https://youthpartyng.com/,POLR,Political Criticism,2018-09-04,OONI,Political party
http://www.eces.eu/posts/eces-in-nigeria,POLR,Political Criticism,2018-09-04,OONI,European Centre for Electoral Support
http://www.hurilaws.org/,HUMR,Human Rights Issues,2018-09-04,OONI,
https://www.hrw.org/world-report/2018/country-chapters/nigeria,HUMR,Human Rights Issues,2018-09-04,OONI,
https://www.hrw.org/africa/nigeria,HUMR,Human Rights Issues,2018-09-04,OONI,
https://www.amnestyusa.org/countries/nigeria/,HUMR,Human Rights Issues,2018-09-04,OONI,
https://www.nigeriarights.gov.ng/,HUMR,Human Rights Issues,2018-09-04,OONI,
https://www.amnesty.org/en/countries/africa/nigeria/report-nigeria/,HUMR,Human Rights Issues,2018-09-04,OONI,
https://wordpress.clarku.edu/id125-womansrightsedu/blog-posts/womens-rights-in-nigeria/,HUMR,Human Rights Issues,2018-09-04,OONI,
https://www.wikigender.org/wiki/africa-for-womens-rights-nigeria/,HUMR,Human Rights Issues,2018-09-04,OONI,
https://www.genderindex.org/country/nigeria/,HUMR,Human Rights Issues,2018-09-04,OONI,
https://www.womenforwomen.org/what-we-do/countries/nigeria,HUMR,Human Rights Issues,2018-09-04,OONI,
https://minorityrights.org/country/nigeria/,HUMR,Human Rights Issues,2018-09-04,OONI,
http://www.ipob.org/,HUMR,Human Rights Issues,2018-09-04,OONI,
https://www.bisialimifoundation.org/,LGBT,LGBT,2018-09-04,OONI,Advocating for LGBT rights in Nigeria
https://www.onescene.com/profiles/NG/,DATE,Online Dating,2018-09-04,OONI,LGBT dating
http://the-ipf.com/2016/06/09/homosexuality-nigeria-young-lgbt/,LGBT,LGBT,2018-09-04,OONI,
http://www.bisialimi.com/,LGBT,LGBT,2018-09-04,OONI,Nigerian LGBT advocate
https://www.kehindebademosi.org/,CULTR,Culture,2018-09-04,OONI,Nigerian LGBT advocate
http://www.houseofrainbow.org/,LGBT,LGBT,2018-09-04,OONI,LGBT org founded by gay Nigerian priest
https://queeralliancenigeria.wordpress.com/,LGBT,LGBT,2018-09-04,OONI,
https://queeralliancenigeria.blogspot.com/,LGBT,LGBT,2018-09-04,OONI,
http://www.nes.org.ng/,ENV,Environment,2018-09-04,OONI,
http://www.necorng.org/,ENV,Environment,2018-09-04,OONI,
http://wepnigeria.net/,ENV,Environment,2018-09-04,OONI,Environmental NGO with a focus on gender
http://www.ncfnigeria.org/,ENV,Environment,2018-09-04,OONI,
http://ledapnigeria.org/programmes/women-rights/,HUMR,Human Rights Issues,2018-09-04,OONI,
http://womenconsortiumofnigeria.org/,HUMR,Human Rights Issues,2018-09-04,OONI,
http://www.fida.org.ng/,HUMR,Human Rights Issues,2018-09-04,OONI,
https://wrapanigeria.org/,HUMR,Human Rights Issues,2018-09-04,OONI,
http://www.nigerianorganisationofwomen.com/,HUMR,Human Rights Issues,2018-09-04,OONI,
https://naijaplanet.com/,DATE,Online Dating,2018-09-04,OONI,
https://nigeriandating.com/,DATE,Online Dating,2018-09-04,OONI,
https://www.nigerianchristiansingles.com/,DATE,Online Dating,2018-09-04,OONI,
http://www.nigerian-dating.com/,DATE,Online Dating,2018-09-04,OONI,
https://www.flirtnaija.ng/,DATE,Online Dating,2018-09-04,OONI,
http://www.unaids.org/en/regionscountries/countries/nigeria,PUBH,Public Health,2018-09-04,OONI,
https://www.aidsmap.com/Nigeria/cat/1348/,PUBH,Public Health,2018-09-04,OONI,
https://www.apin.org.ng/,PUBH,Public Health,2018-09-04,OONI,
https://www.unicef.org/nigeria/hiv_aids.html,PUBH,Public Health,2018-09-04,OONI,
http://ppfn.org/,XED,Sex Education,2018-09-04,OONI,
https://www.jumia.com.ng/,COMM,E-commerce,2018-09-04,OONI,
http://reachnaija.com/,NEWS,News Media,2018-09-04,OONI,
https://punchng.com/the-nigerian-civil-war-in-pictures/,POLR,Political Criticism,2018-09-04,OONI,
https://ndani.tv/,MMED,Media sharing,2018-09-04,OONI,
https://www.zeratv.com/,MMED,Media sharing,2018-09-04,OONI,
https://irokotv.com/,MMED,Media sharing,2018-09-04,OONI,
https://wabiazo.com/,GRP,Social Networking,2018-09-04,OONI,
http://www.lagosmeet.com/,GRP,Social Networking,2018-09-04,OONI,
http://www.wizkidofficial.com/,CULTR,Culture,2018-09-13,OONI partner,
http://www.starboymusic.com/,CULTR,Culture,2018-09-13,OONI partner,
https://www.iamdavido.com/,CULTR,Culture,2018-09-13,OONI partner,
http://www.hknrecords.com/,CULTR,Culture,2018-09-13,OONI partner,
https://www.yemialadeofficial.com/,CULTR,Culture,2018-09-13,OONI partner,
https://peoplesdemocraticparty.com.ng/,POLR,Political Criticism,2018-09-14,OONI partner,
http://eie.ng/,HUMR,Human Rights Issues,2018-09-14,OONI partner,
http://yourbudgit.com/,HUMR,Human Rights Issues,2018-09-14,OONI partner,
http://www.tracka.ng/,HUMR,Human Rights Issues,2018-09-14,OONI partner,
http://procurementmonitor.org/ppdc/,HUMR,Human Rights Issues,2018-09-14,OONI partner,
http://www.femifanikayode.org/,POLR,Political Criticism,2018-09-17,OONI partner,
http://www.renoomokri.org/,POLR,Political Criticism,2018-09-17,OONI partner,
https://www.channelstv.com/,NEWS,News Media,2018-09-17,OONI partner,
https://gidifeed.com/,NEWS,News Media,2018-09-17,OONI partner,
http://www.bringbackourgirls.ng/,HUMR,Human Rights Issues,2018-09-17,OONI partner,
http://situationroom.placng.org/,HUMR,Human Rights Issues,2018-09-17,OONI partner,
http://radiobiafra.co/,POLR,Political Criticism,2018-09-17,OONI partner,
http://www.biafratv.co/,POLR,Political Criticism,2018-09-17,OONI partner,
http://biafranigeriaworld.com/,POLR,Political Criticism,2018-09-17,OONI partner,
http://www.waado.org/,POLR,Political Criticism,2018-09-17,OONI partner,
http://www.nigerdeltaavengers.org/,MILX,Terrorism and Militants,2018-09-17,OONI partner,
http://www.easternsun.tk/,POLR,Political Criticism,2018-09-17,OONI partner,
https://www.lnctoday.com/,POLR,Political Criticism,2018-09-17,OONI partner,
https://www.actionallianceng.org/,POLR,Political Criticism,2018-09-17,OONI partner,
https://sowore2019.org/,POLR,Political Criticism,2018-09-17,OONI partner,
http://abp.org.ng/,POLR,Political Criticism,2018-09-17,OONI partner,
https://nationinprogress.org/,POLR,Political Criticism,2018-09-17,OONI partner,
http://adcparty.org.ng/,POLR,Political Criticism,2018-09-17,OONI partner,
https://www.adp.ng/,POLR,Political Criticism,2018-09-17,OONI partner,
https://agap.org.ng/,POLR,Political Criticism,2018-09-17,OONI partner,
https://apdang.org/,POLR,Political Criticism,2018-09-17,OONI partner,
http://www.nlcng.org/,POLR,Political Criticism,2018-09-17,OONI partner,
http://www.nigerianbar.org.ng/,HUMR,Human Rights Issues,2018-09-19,OONI partner,
http://tundebakare.com/,POLR,Political Criticism,2018-09-19,OONI partner,
http://www.femiaribisala.com/,REL,Religion,2018-09-19,OONI partner,
https://www.icirnigeria.org/,NEWS,News Media,2018-09-19,OONI partner,
http://atiku.org/aa/,POLR,Political Criticism,2018-09-21,OONI partner,
http://www.atikuabubakar2019.org/,POLR,Political Criticism,2018-09-21,OONI partner,
https://new.iamatikulated.com/,POLR,Political Criticism,2018-09-21,OONI partner,
http://www.reubenabati.com.ng/,NEWS,News Media,2018-09-22,OONI partner,
http://www.abubakarbukolasaraki.com/,POLR,Political Criticism,2018-09-22,OONI partner,
http://dpc.com.ng/,POLR,Political Criticism,2018-09-22,OONI partner,
https://gdpn.com.ng/index,POLR,Political Criticism,2018-09-22,OONI partner,
https://northeaststaronline.com/,NEWS,News Media,2018-09-22,OONI partner,
http://thepolitico.com.ng/,NEWS,News Media,2018-09-22,OONI partner,
http://legacypartyofnigeria.blogspot.com/,POLR,Political Criticism,2018-09-22,OONI partner,
http://mdp.org.ng/,POLR,Political Criticism,2018-09-22,OONI partner,
http://nationalactioncouncil.ng/,POLR,Political Criticism,2018-09-22,OONI partner,
https://feladurotoye.net/,POLR,Political Criticism,2018-09-22,OONI partner,
https://kingsleycmoghalu.com/,POLR,Political Criticism,2018-09-22,OONI partner,
http://www.ncp.org.ng/,POLR,Political Criticism,2018-09-22,OONI partner,
http://www.npm.com.ng/,POLR,Political Criticism,2018-09-22,OONI partner,
https://www.nrm.org.ng/,POLR,Political Criticism,2018-09-22,OONI partner,
http://providencepeoplescongress.org/,POLR,Political Criticism,2018-09-22,OONI partner,
http://www.ngrwailers.com/,POLR,Political Criticism,2018-09-22,OONI partner,
http://www.wailersng.com/,POLR,Political Criticism,2018-09-22,OONI partner,
http://www.rebuildnigeriaparty.org/,POLR,Political Criticism,2018-09-22,OONI partner,
https://restorationparty.org.ng/,POLR,Political Criticism,2018-09-22,OONI partner,
http://www.pppnigeria.org/,POLR,Political Criticism,2018-09-22,OONI partner,
https://prp.com.ng/,POLR,Political Criticism,2018-09-22,OONI partner,
http://peoplestrust.ng/,POLR,Political Criticism,2018-09-22,OONI partner,
https://election.org.ng/,POLR,Political Criticism,2018-09-22,OONI partner,
https://www.mercycorps.org/countries/nigeria,HUMR,Human Rights Issues,2018-12-30,OONI partner,
http://www.nnngo.org/,HUMR,Human Rights Issues,2018-12-30,OONI partner,
https://www.tydanjumafoundation.org/,HUMR,Human Rights Issues,2018-12-30,OONI partner,
http://ccgnigeria.org/,HUMR,Human Rights Issues,2018-12-30,OONI partner,
http://www.cddwestafrica.org/,HUMR,Human Rights Issues,2018-12-30,OONI partner,
https://www.legit.ng/,NEWS,News Media,2018-12-30,OONI partner,
https://hausa.legit.ng/,NEWS,News Media,2018-12-30,OONI partner,
http://www.eserc.org/,HUMR,Human Rights Issues,2018-12-30,OONI partner,
https://fatefoundation.org/,HUMR,Human Rights Issues,2018-12-30,OONI partner,
https://www.kind.org/,HUMR,Human Rights Issues,2018-12-30,OONI partner,
https://www.ndpifoundation.org/,HUMR,Human Rights Issues,2018-12-30,OONI partner,
https://pindfoundation.org/,HUMR,Human Rights Issues,2018-12-30,OONI partner,
http://www.tiwalola.org/,POLR,Political Criticism,2018-12-30,OONI partner,
http://www.yorubafoundation.org.uk/,POLR,Political Criticism,2018-12-30,OONI partner,
http://ohanezendigboenugu.org/,POLR,Political Criticism,2018-12-30,OONI partner,
http://obindigbo.com.ng/,POLR,Political Criticism,2018-12-30,OONI partner,
https://www.salvationarmy.org/ihq/nigeria,HUMR,Human Rights Issues,2018-12-30,OONI partner, 
https://www.elevatenews.com/,NEWS,News Media,2018-12-30,OONI partner,
http://www.nigerianmonitor.com/,NEWS,News Media,2018-12-30,OONI partner,
https://www.tribuneonlineng.com/,NEWS,News Media,2018-12-30,OONI partner,
http://porscheclassy.com/,NEWS,News Media,2018-12-30,OONI partner,
http://www.aitonline.tv/,NEWS,News Media,2018-12-30,OONI partner,
http://www.galaxytvonline.com/,NEWS,News Media,2018-12-30,OONI partner,
http://silverbirdtv.com/,NEWS,News Media,2018-12-30,OONI partner,
https://prnigeria.com/,NEWS,News Media,2018-12-30,OONI partner,
https://www.concisenews.global/,NEWS,News Media,2018-12-30,OONI partner,
https://nigerianpilot.com/,NEWS,News Media,2018-12-30,OONI partner,
https://www.today.ng/,NEWS,News Media,2018-12-30,OONI partner,
http://www.informationng.com/,NEWS,News Media,2018-12-30,OONI partner,
https://thewillnigeria.com/news/,NEWS,News Media,2018-12-30,OONI partner,
https://odili.net/,NEWS,News Media,2018-12-30,OONI partner,
https://1push.ng/,NEWS,News Media,2018-12-30,OONI partner,
http://pointblanknews.com/pbn/,NEWS,News Media,2018-12-30,OONI partner,
https://bounce.ng/,NEWS,News Media,2018-12-30,OONI partner,
https://www.247nigerianewsupdate.co/,NEWS,News Media,2018-12-30,OONI partner,
http://www.cnsng.org/,NEWS,News Media,2018-12-30,OONI partner,
https://newsflash.ng/,NEWS,News Media,2018-12-30,OONI partner,
https://persecondnews.com/,NEWS,News Media,2018-12-30,OONI partner,
https://nigeriannet.com/,NEWS,News Media,2018-12-30,OONI partner,
http://naija247news.com/,NEWS,News Media,2018-12-30,OONI partner,
https://www.newsheadlines.com.ng/,NEWS,News Media,2018-12-30,OONI partner,
https://www.codewit.com/,NEWS,News Media,2018-12-30,OONI partner,
http://desertherald.com/,NEWS,News Media,2018-12-30,OONI partner,
https://ereporternews.com/,NEWS,News Media,2018-12-30,OONI partner,
http://freshangleng.com/,NEWS,News Media,2018-12-30,OONI partner,
https://ionigeria.com/,NEWS,News Media,2018-12-30,OONI partner,
https://elombah.com/,NEWS,News Media,2018-12-30,OONI partner,
https://theinitiativeforequalrights.org/,LGBT,LGBT,2019-11-18,OutRight International,
