url,category_code,category_description,date_added,source,notes
http://2010presidentiables.wordpress.com/reproductive-health-bill-5043/sws-survey-overwhelming-support-for-rh-bill-5043/,XED,Sex Education,2014-04-15,citizenlab,
https://akbayan.org.ph/,POLR,Political Criticism,2016-04-19,citizenlab,
http://alyansatigilmina.net/,ENV,Environment,2016-04-19,citizenlab,
http://anakpawis.blogspot.com/,POLR,Political Criticism,2014-04-15,citizenlab,
http://angtagalnaman.blogspot.com/,POLR,Political Criticism,2014-04-15,citizenlab,
http://bangsa.wordpress.com/,REL,Religion,2014-04-15,citizenlab,
http://blacknwhitemovement.blogspot.com/,POLR,Political Criticism,2014-04-15,citizenlab,
http://blog.wyzemoro.com/,REL,Religion,2014-04-15,citizenlab,
http://blogwatch.ph/,NEWS,News Media,2016-04-19,citizenlab,
http://clearblogs.com/,ENV,Environment,2014-04-15,citizenlab,
http://clearblogs.com/sam,ENV,Environment,2014-04-15,citizenlab,
http://cmfr-phil.blogspot.com/,NEWS,News Media,2014-04-15,citizenlab,
http://codengo.org/,ECON,Economics,2014-04-15,citizenlab,
http://empressmaruja.wordpress.com/,LGBT,LGBT,2014-04-15,citizenlab,
http://filipinofriendfinder.com/,DATE,Online Dating,2014-04-15,citizenlab,
http://gibo.ph/,POLR,Political Criticism,2014-04-15,citizenlab,
http://goodbyegloria.com/,POLR,Political Criticism,2014-04-15,citizenlab,
http://greenphils.com/,ENV,Environment,2014-04-15,citizenlab,
http://groups.google.com/group/soc.culture.filipino/topics?lnk=sg,GRP,Social Networking,2014-04-15,citizenlab,
http://groups.yahoo.com/group/Patriots_of_the_Philippines/,GRP,Social Networking,2014-04-15,citizenlab,
http://groups.yahoo.com/group/ProgressiveTimes/,GRP,Social Networking,2014-04-15,citizenlab,
http://groups.yahoo.com/group/angladlad/,LGBT,LGBT,2014-04-15,citizenlab,
http://home.casema.nl/,MILX,Terrorism and Militants,2014-04-15,citizenlab,
http://home.casema.nl/ndf/,MILX,Terrorism and Militants,2014-04-15,citizenlab,
http://hronlineph.com/,HUMR,Human Rights Issues,2016-04-19,citizenlab,
http://hrw.org/,NEWS,News Media,2014-04-15,citizenlab,
http://hrw.org/doc?t=asia&c=philip,HUMR,Human Rights Issues,2014-04-15,citizenlab,
http://hrw.org/reports/2007/philippines0607/,HUMR,Human Rights Issues,2014-04-15,citizenlab,
http://indayvarona.com/,NEWS,News Media,2016-04-19,citizenlab,
http://inquirer.net/,NEWS,News Media,2014-04-15,citizenlab,
http://jlozada.com/,POLR,Political Criticism,2014-04-15,citizenlab,
http://kilosbayan.org/,POLR,Political Criticism,2014-04-15,citizenlab,
http://magdaloparasapagbabago.blogspot.com/,POLR,Political Criticism,2014-04-15,citizenlab,
http://mbaceron.agalaw.net/,NEWS,News Media,2014-04-15,citizenlab,
http://mindanao.com/,NEWS,News Media,2014-04-15,citizenlab,
http://mnlf.net/,MILX,Terrorism and Militants,2014-04-15,citizenlab,
http://myerap.com/,POLR,Political Criticism,2014-04-15,citizenlab,
http://news.bbc.co.uk/2/hi/asia-pacific/1695576.stm,MILX,Terrorism and Militants,2014-04-15,citizenlab,
http://noynoyaquino.com/,POLR,Political Criticism,2014-04-15,citizenlab,
http://npcparty.org/,POLR,Political Criticism,2014-04-15,citizenlab,
https://old.reddit.com/r/Philippines,GRP,Social Networking,2018-12-09,citizenlab,The Philippines subreddit has a lot of Duterte critics; pro-Duterte users are often downvoted and frowned upon
http://onevoice.org.ph/,POLR,Political Criticism,2014-04-15,citizenlab,
http://philippinecollegian.net/,NEWS,News Media,2014-04-15,citizenlab,
http://philippinecommentary.blogspot.com/,NEWS,News Media,2014-04-15,citizenlab,
http://philippinesfreepress.wordpress.com/,NEWS,News Media,2014-04-15,citizenlab,
http://pinoyhr.net/,HUMR,Human Rights Issues,2014-04-15,citizenlab,
http://pinoyscandalo.com/,PORN,Pornography,2014-04-15,citizenlab,
https://raissarobles.com/,NEWS,News Media,2016-04-19,citizenlab,
http://rgcruz.com/,NEWS,News Media,2014-04-15,citizenlab,
http://stopthekillings.org/,HUMR,Human Rights Issues,2014-04-15,citizenlab,
http://tan.org.ph/,POLR,Political Criticism,2014-04-15,citizenlab,
http://thepoc.net/,NEWS,News Media,2016-04-19,citizenlab,
http://tonyocruz.com/,NEWS,News Media,2014-04-15,citizenlab,
http://verafiles.org/,POLR,Political Criticism,2014-04-15,citizenlab,
http://web.amnesty.org/,NEWS,News Media,2014-04-15,citizenlab,
http://web.amnesty.org/library/eng-phl/reports,HUMR,Human Rights Issues,2014-04-15,citizenlab,
http://wiki.answers.com/Q/What_is_the_Reproductive_Health_Bill_in_the_Philippines,XED,Sex Education,2014-04-15,citizenlab,
http://www.abante.com.ph/,NEWS,News Media,2014-04-15,citizenlab,
http://www.abs-cbnnews.com/,NEWS,News Media,2014-04-15,citizenlab,
http://www.akbayan.org/,POLR,Political Criticism,2014-04-15,citizenlab,
http://www.angkapatiran.org/,POLR,Political Criticism,2014-04-15,citizenlab,
http://www.angladlad.org/,LGBT,LGBT,2014-04-15,citizenlab,
http://www.arkibongbayan.org/,POLR,Political Criticism,2014-04-15,citizenlab,
http://www.asiamedia.ucla.edu/,NEWS,News Media,2014-04-15,citizenlab,
http://www.asiamedia.ucla.edu/article.asp?parentid=22739,NEWS,News Media,2014-04-15,citizenlab,
http://www.bangsamoro.com/,CULTR,Culture,2014-04-15,citizenlab,
http://www.bangsamoro.info/,CULTR,Culture,2014-04-15,citizenlab,
http://www.blacknwhite-movement.com/,POLR,Political Criticism,2014-04-15,citizenlab,
http://www.bpotruestories.com/,HUMR,Human Rights Issues,2016-04-19,citizenlab,
http://www.bulatlat.com/,NEWS,News Media,2014-04-15,citizenlab,
http://www.cebuanas.com/,DATE,Online Dating,2014-04-15,citizenlab,
http://www.cfr.org/,MILX,Terrorism and Militants,2014-04-15,citizenlab,
http://www.cfr.org/publication/9235/,MILX,Terrorism and Militants,2014-04-15,citizenlab,
http://www.cmfr-phil.org/,NEWS,News Media,2014-04-15,citizenlab,
http://www.congress.gov.ph/,POLR,Political Criticism,2014-04-15,citizenlab,
http://www.cpj.org/attacks05/pages05/intro05.html,NEWS,News Media,2014-04-15,citizenlab,
http://www.crisisgroup.org/home/index.cfm?id=2861,MILX,Terrorism and Militants,2014-04-15,citizenlab,
http://www.dakila.org.ph/,NEWS,News Media,2016-04-19,citizenlab,
http://www.defendsison.be/,POLR,Political Criticism,2014-04-15,citizenlab,
http://www.dfa.gov.ph/,POLR,Political Criticism,2014-04-15,citizenlab,
http://www.dnd.gov.ph/,POLR,Political Criticism,2014-04-15,citizenlab,
http://www.ellentordesillas.com/,NEWS,News Media,2014-04-15,citizenlab,
http://www.erap.ph/,POLR,Political Criticism,2014-04-15,citizenlab,
http://www.facebook.com/giboteodoro?_fb_noscript=1,POLR,Political Criticism,2014-04-15,citizenlab,
http://www.fdc.ph/,ECON,Economics,2016-04-19,citizenlab,
http://www.filipinaheart.com/,DATE,Online Dating,2014-04-15,citizenlab,
http://www.filipinaporn.org/,PORN,Pornography,2014-04-15,citizenlab,
http://www.filipinasexlinks.com/,PORN,Pornography,2014-04-15,citizenlab,
http://www.filipinofreethinkers.org/,NEWS,News Media,2016-04-19,citizenlab,
http://www.filipinosex.org/,PORN,Pornography,2014-04-15,citizenlab,
http://www.fireflybrigade.org/,ENV,Environment,2014-04-15,citizenlab,
http://www.fma.ph/,NEWS,News Media,2016-04-19,citizenlab,
http://www.freewebs.com/,LGBT,LGBT,2014-04-15,citizenlab,
http://www.freewebs.com/mccpilipinas/,LGBT,LGBT,2014-04-15,citizenlab,
http://www.geocities.com/HotSprings/Spa/3115/,XED,Sex Education,2014-04-15,citizenlab,
http://www.geocities.com/angladlad/,POLR,Political Criticism,2014-04-15,citizenlab,
http://www.globalvoicesonline.org/-/world/east-asia/philippines/,NEWS,News Media,2014-04-15,citizenlab,
http://www.gmanews.tv/,NEWS,News Media,2014-04-15,citizenlab,
http://www.haribon.org.ph/,ENV,Environment,2014-04-15,citizenlab,
http://www.humantrafficking.org/,HUMR,Human Rights Issues,2014-04-15,citizenlab,
http://www.humantrafficking.org/countries/philippines,HUMR,Human Rights Issues,2014-04-15,citizenlab,
http://www.ibon.org/,POLR,Political Criticism,2016-04-19,citizenlab,
http://www.joey3live.com/?tag=zte-nbn-scandal,POLR,Political Criticism,2014-04-15,citizenlab,
http://www.josemariasison.org/,POLR,Political Criticism,2014-04-15,citizenlab,
http://www.liberalparty.ph/,POLR,Political Criticism,2014-04-15,citizenlab,
http://www.loveme.com/,DATE,Online Dating,2014-04-15,citizenlab,
http://www.loveme.com/women/philippines/,DATE,Online Dating,2014-04-15,citizenlab,
http://www.luisteodoro.com/,NEWS,News Media,2014-04-15,citizenlab,
http://www.luwaran.com/,MILX,Terrorism and Militants,2014-04-15,citizenlab,
http://www.makabayan.net/,POLR,Political Criticism,2016-04-19,citizenlab,
http://www.malaya.com.ph/,NEWS,News Media,2014-04-15,citizenlab,
http://www.mannyvillar.com.ph/,POLR,Political Criticism,2014-04-15,citizenlab,
http://www.mannyvillar.net/,POLR,Political Criticism,2014-04-15,citizenlab,
http://www.maranao.com/,CULTR,Culture,2014-04-15,citizenlab,
http://www.mindanews.com/,NEWS,News Media,2014-04-15,citizenlab,
http://www.missbikiniphilippines.org/,PROV,Provocative Attire,2014-04-15,citizenlab,
http://www.moroland.net/,MILX,Terrorism and Militants,2014-04-15,citizenlab,
http://www.nacionalistaparty.com/,POLR,Political Criticism,2014-04-15,citizenlab,
https://www.ndfp.org/,POLR,Political Criticism,2018-12-09,citizenlab,Official website of the National Democratic Front of the Philippines; the political arm and peace negotiator of the Communist Party of the Philippines
http://www.nenepimentel.org/,POLR,Political Criticism,2014-04-15,citizenlab,
http://www.neo-angono.com/,CULTR,Culture,2014-04-15,citizenlab,
http://www.newsbreak.com.ph/,NEWS,News Media,2014-04-15,citizenlab,
http://www.newsstand.blogs.com/,NEWS,News Media,2014-04-15,citizenlab,
http://www.nujp.org/,NEWS,News Media,2014-04-15,citizenlab,
http://www.op.gov.ph/,POLR,Political Criticism,2014-04-15,citizenlab,
http://www.pcij.org/,NEWS,News Media,2014-04-15,citizenlab,
http://www.petitiononline.com/no2gma/petition.html,POLR,Political Criticism,2014-04-15,citizenlab,
http://www.philippinehumanrights.org/,HUMR,Human Rights Issues,2016-04-19,citizenlab,
http://www.philippineporn.org/,PORN,Pornography,2014-04-15,citizenlab,
https://www.philippinerevolution.info/,POLR,Political Criticism,2018-12-09,citizenlab,Official website of the Communist Party of the Philippines; a Marxist-Leninist-Maoist party marked as a terrorist by the Philippine and U.S. government
http://www.philonline.com.ph/,HUMR,Human Rights Issues,2014-04-15,citizenlab,
http://www.philstar.com/,NEWS,News Media,2014-04-15,citizenlab,
http://www.pifa.ph/,NEWS,News Media,2016-04-19,citizenlab,
http://www.pilipino.org.ph/,POLR,Political Criticism,2014-04-15,citizenlab,
http://www.pinglacson.com.ph/,POLR,Political Criticism,2014-04-15,citizenlab,
http://www.pinglacson.net/home,POLR,Political Criticism,2014-04-15,citizenlab,
http://www.pinoybigbriber.com/,POLR,Political Criticism,2014-04-15,citizenlab,
http://www.pinoyblog.com/,HOST,Hosting and Blogging Platforms,2014-04-15,citizenlab,
http://www.pinoyexchange.com/,GRP,Social Networking,2014-04-15,citizenlab,
http://www.pinoygambler.com/,GMB,Gambling,2014-04-15,citizenlab,
http://www.pinoypress.net/,NEWS,News Media,2014-04-15,citizenlab,
http://www.prolife.org.ph/,PUBH,Public Health,2014-04-15,citizenlab,
http://www.quezon.ph/,NEWS,News Media,2014-04-15,citizenlab,
http://www.quezon.ph/2009/08/12/le-circus-freak/,POLR,Political Criticism,2014-04-15,citizenlab,
http://www.radikalchick.com/,NEWS,News Media,2016-04-19,citizenlab,
http://www.rappler.com/,NEWS,News Media,2016-04-19,citizenlab,
https://www.reddit.com/r/Philippines,GRP,Social Networking,2018-12-09,citizenlab,The Philippines subreddit has a lot of Duterte critics; pro-Duterte users are often downvoted and frowned upon
http://www.remedios.com.ph/,PUBH,Public Health,2014-04-15,citizenlab,
http://www.reuters.com/,NEWS,News Media,2014-04-15,citizenlab,
http://www.reuters.com/article/latestCrisis/idUSSP36012,NEWS,News Media,2014-04-15,citizenlab,
http://www.rickycarandang.com/,NEWS,News Media,2014-04-15,citizenlab,
http://www.searchforvideo.com/,MMED,Media sharing,2014-04-15,citizenlab,
http://www.searchforvideo.com/countries/philippines/,MMED,Media sharing,2014-04-15,citizenlab,
http://www.senate.gov.ph/,POLR,Political Criticism,2014-04-15,citizenlab,
http://www.senjinggoyestrada.com/,POLR,Political Criticism,2014-04-15,citizenlab,
http://www.sundalo.bravehost.com/,MILX,Terrorism and Militants,2014-04-15,citizenlab,
http://www.sunstar.com.ph/,NEWS,News Media,2014-04-15,citizenlab,
http://www.tfdp.net/,HUMR,Human Rights Issues,2016-04-19,citizenlab,
http://www.time.com/,NEWS,News Media,2014-04-15,citizenlab,
http://www.time.com/time/asia/covers/501030804/,NEWS,News Media,2014-04-15,citizenlab,
http://www.tinig.com/,NEWS,News Media,2014-04-15,citizenlab,
http://www.tmchronicles.com/,REL,Religion,2014-04-15,citizenlab,
http://www.trafficking.org.ph/,HUMR,Human Rights Issues,2014-04-15,citizenlab,
http://www.tribune.net.ph/,NEWS,News Media,2014-04-15,citizenlab,
http://www.tribuneonline.org/,NEWS,News Media,2014-04-15,citizenlab,
http://www.txtpower.org/,GRP,Social Networking,2014-04-15,citizenlab,
http://www.undp.org.ph/,ECON,Economics,2014-04-15,citizenlab,
http://www.unicef.org/philippines/children/index.html,HUMR,Human Rights Issues,2014-04-15,citizenlab,
http://www.uri.edu/,HUMR,Human Rights Issues,2014-04-15,citizenlab,
http://www.uri.edu/artsci/wms/hughes/philippi.htm,HUMR,Human Rights Issues,2014-04-15,citizenlab,
http://www.youtube.com/watch?v=4q0JKzpjh_o,POLR,Political Criticism,2014-04-15,citizenlab,
http://www2.hu-berlin.de/,XED,Sex Education,2014-04-15,citizenlab,
http://www2.hu-berlin.de/sexology/IES/philippines.html,XED,Sex Education,2014-04-15,citizenlab,
http://youtube.com/,NEWS,News Media,2014-04-15,citizenlab,
http://youtube.com/AlJazeeraEnglish,MMED,Media sharing,2014-04-15,citizenlab,
http://youtube.com/zamboangajournal,MMED,Media sharing,2014-04-15,citizenlab,
http://zamboangajournal.blogspot.com/,NEWS,News Media,2014-04-15,citizenlab,
http://zumel.com/,NEWS,News Media,2014-04-15,citizenlab,
https://tl.wikipedia.org/,CULTR,Culture,2018-07-06,Wikimedia,URLs provided by wikipedia based on the most popular language domains per country
https://en.wiktionary.org/,CULTR,Culture,2018-07-06,Wikimedia,URLs provided by wikipedia based on the most popular language domains per country
https://simple.wikipedia.org/,CULTR,Culture,2018-07-06,Wikimedia,URLs provided by wikipedia based on the most popular language domains per country
https://en.wikibooks.org/,CULTR,Culture,2018-07-06,Wikimedia,URLs provided by wikipedia based on the most popular language domains per country
https://xnxx.com/,PORN,Pornography,2018-12-27,engagemedia,
https://theporndude.com/,PORN,Pornography,2018-12-27,engagemedia,
http://toppornsites.com/,PORN,Pornography,2018-12-27,engagemedia,
http://thepornlist.com/,PORN,Pornography,2018-12-27,engagemedia,
http://bestxxxsites.com/,PORN,Pornography,2018-12-27,engagemedia,
https://www.tblop.com/,PORN,Pornography,2018-12-27,engagemedia,
https://fivestarpornsites.com/,PORN,Pornography,2018-12-27,engagemedia,
https://area51.to/en/,PORN,Pornography,2018-12-27,engagemedia,
http://www.iwantporn.net/,PORN,Pornography,2018-12-27,engagemedia,
https://pornmate.com/,PORN,Pornography,2018-12-27,engagemedia,
http://motherless.com/,PORN,Pornography,2018-12-27,engagemedia,
http://drtuber.com/,PORN,Pornography,2018-12-27,engagemedia,
http://nuvid.com/,PORN,Pornography,2018-12-27,engagemedia,
http://pornerbros.com/,PORN,Pornography,2018-12-27,engagemedia,
http://pankwire.com/,PORN,Pornography,2018-12-27,engagemedia,
http://porn.com/,PORN,Pornography,2018-12-27,engagemedia,
http://xtube.com/,PORN,Pornography,2018-12-27,engagemedia,
http://tnaflix.com/,PORN,Pornography,2018-12-27,engagemedia,
http://slutload.com/,PORN,Pornography,2018-12-27,engagemedia,
http://empflix.com/,PORN,Pornography,2018-12-27,engagemedia,
http://cliphunter.com/,PORN,Pornography,2018-12-27,engagemedia,
http://xxxbunker.com/,PORN,Pornography,2018-12-27,engagemedia,
http://deviantclip.com/,PORN,Pornography,2018-12-27,engagemedia,
http://jizzhut.com/,PORN,Pornography,2018-12-27,engagemedia,
http://eporner.com/,PORN,Pornography,2018-12-27,engagemedia,
https://xxx.com/,PORN,Pornography,2018-12-27,engagemedia,
http://rude.com/,PORN,Pornography,2018-12-27,engagemedia,
http://yaptube.com/,PORN,Pornography,2018-12-27,engagemedia,
http://whoreslag.com/,PORN,Pornography,2018-12-27,engagemedia,
http://theyxxx.com/,PORN,Pornography,2018-12-27,engagemedia,
http://girlsongirlstube.com/,PORN,Pornography,2018-12-27,engagemedia,
http://efuckt.com/,PORN,Pornography,2018-12-27,engagemedia,
http://koalaporn.com/,PORN,Pornography,2018-12-27,engagemedia,
http://pornopantry.com/,PORN,Pornography,2018-12-27,engagemedia,
http://springbreaktubegirls.com/,PORN,Pornography,2018-12-27,engagemedia,
http://tgutube.com/,PORN,Pornography,2018-12-27,engagemedia,
http://celebritynudez.com/,PORN,Pornography,2018-12-27,engagemedia,
http://teeztube.com/,PORN,Pornography,2018-12-27,engagemedia,
http://nuuporn.com/,PORN,Pornography,2018-12-27,engagemedia,
http://lcgirls.com/,PORN,Pornography,2018-12-27,engagemedia,
http://cumfox.com/,PORN,Pornography,2018-12-27,engagemedia,
http://gratisvideokijken.nl/,PORN,Pornography,2018-12-27,engagemedia,
http://eroticadulttube.com/,PORN,Pornography,2018-12-27,engagemedia,
http://porndisk.com/,PORN,Pornography,2018-12-27,engagemedia,
http://specialtytubeporn.com/,PORN,Pornography,2018-12-27,engagemedia,
http://www.katestube.com/,PORN,Pornography,2018-12-27,engagemedia,
http://www.porntube.com/,PORN,Pornography,2018-12-27,engagemedia,
http://www.iknowthatgirl.com/,PORN,Pornography,2018-12-27,engagemedia,
http://cbcpnews.net/,REL,Religion,2018-12-27,engagemedia,
http://cbcponline.net/,REL,Religion,2018-12-27,engagemedia,
https://www.catholicsandcultures.org/philippines/,REL,Religion,2018-12-27,engagemedia,
https://cbcpwebsite.com/,REL,Religion,2018-12-27,engagemedia,
https://www.catholicnewsagency.com/tags/philippines/,REL,Religion,2018-12-27,engagemedia,
https://www.christianitytoday.com/,REL,Religion,2018-12-27,engagemedia,
http://www.gcatholic.org/,REL,Religion,2018-12-27,engagemedia,
https://www.caritas.org/,REL,Religion,2018-12-27,engagemedia,
https://www.crs.org/,REL,Religion,2018-12-27,engagemedia,
https://www.cbcplaiko.org/,REL,Religion,2018-12-27,engagemedia,
http://www.thecatholicdirectory.com/,REL,Religion,2018-12-27,engagemedia,
https://www.ceap.org.ph/,REL,Religion,2018-12-27,engagemedia,
https://www.stpauls.ph/,REL,Religion,2018-12-27,engagemedia,
http://philcatholiclaymission.com/,REL,Religion,2018-12-27,engagemedia,
https://www.ucanews.com/,REL,Religion,2018-12-27,engagemedia,
http://catholicfilipinoacademy.com/,REL,Religion,2018-12-27,engagemedia,
http://catholicbiblicalassociation.blogspot.com/,REL,Religion,2018-12-27,engagemedia,
https://www.catholicculture.org/,REL,Religion,2018-12-27,engagemedia,
https://www.rcam.org/,REL,Religion,2018-12-27,engagemedia,
https://cruxnow.com/,REL,Religion,2018-12-27,engagemedia,
http://www.claretianpublications.com/,REL,Religion,2018-12-27,engagemedia,
https://mindanaoexaminer.com/,NEWS,News Media,2018-12-27,engagemedia,
http://www.muslimmindanao.ph/,REL,Religion,2018-12-27,engagemedia,
https://ncmf.gov.ph/,REL,Religion,2018-12-27,engagemedia,
http://www.islamic-relief.org/category/where-we-work/philippines/,REL,Religion,2018-12-27,engagemedia,
https://www.pcid.com.ph/,REL,Religion,2018-12-27,engagemedia,
https://www.c-r.org/where-we-work/southeast-asia/history-mindanao-conflict-and-moro-islamic-liberation-front/,HUMR,Human Rights Issues,2018-12-27,engagemedia,
https://edgedavao.net/,NEWS,News Media,2018-12-27,engagemedia,
https://www.islamicfinder.org/,REL,Religion,2018-12-27,engagemedia,
http://zilzarlife.com/,REL,Religion,2018-12-27,engagemedia,
https://themuslimvibe.com/,REL,Religion,2018-12-27,engagemedia,
https://islamonline.net/,REL,Religion,2018-12-27,engagemedia,
https://fpif.org/a-letter-to-brazil-from-a-friend-living-under-duterte/,HUMR,Human Rights Issues,2018-12-27,engagemedia,
http://www.drugpolicy.org/blog/google-capitalizing-dutertes-horrific-drug-war-philippines,HUMR,Human Rights Issues,2018-12-27,engagemedia,
http://time.com/,NEWS,News Media,2018-12-27,engagemedia,
https://cnnphilippines.com/,NEWS,News Media,2018-12-27,engagemedia,
https://www.gq-magazine.co.uk/,NEWS,News Media,2018-12-27,engagemedia,
https://newsinfo.inquirer.net/,NEWS,News Media,2018-12-27,engagemedia,
https://www.bbc.com/,NEWS,News Media,2018-12-27,engagemedia,
https://www.abc.net.au/,NEWS,News Media,2018-12-27,engagemedia,
https://www.dw.com/,NEWS,News Media,2018-12-27,engagemedia,
https://www.bworldonline.com/,NEWS,News Media,2018-12-27,engagemedia,
https://news.mb.com.ph/,NEWS,News Media,2018-12-27,engagemedia,
https://gulfnews.com/,NEWS,News Media,2018-12-27,engagemedia,
https://thediplomat.com/,NEWS,News Media,2018-12-27,engagemedia,
http://www.gmanetwork.com/,NEWS,News Media,2019-01-27,engagemedia,
https://www.channelnewsasia.com/,NEWS,News Media,2018-12-27,engagemedia,
https://www.cfr.org/,NEWS,News Media,2018-12-27,engagemedia,
https://www.washingtonpost.com/,NEWS,News Media,2018-12-27,engagemedia,
https://www.worldpoliticsreview.com/,NEWS,News Media,2018-12-27,engagemedia,
https://www.usatoday.com/,NEWS,News Media,2018-12-27,engagemedia,
https://edition.cnn.com/,NEWS,News Media,2018-12-27,engagemedia,
https://www.arabnews.com/,NEWS,News Media,2018-12-27,engagemedia,
https://www.newsweek.com/,NEWS,News Media,2018-12-27,engagemedia,
https://www.theatlantic.com/,NEWS,News Media,2018-12-27,engagemedia,
https://www.cnbc.com/,NEWS,News Media,2018-12-27,engagemedia,
http://www.theweek.co.uk/,NEWS,News Media,2018-12-27,engagemedia,
https://foreignpolicy.com/,NEWS,News Media,2018-12-27,engagemedia,
https://www.independent.co.uk/,NEWS,News Media,2018-12-27,engagemedia,
https://www.cbsnews.com/,NEWS,News Media,2018-12-27,engagemedia,
https://www.bbc.co.uk/,NEWS,News Media,2018-12-27,engagemedia,
https://www.straitstimes.com/,NEWS,News Media,2018-12-27,engagemedia,
https://www.scmp.com/,NEWS,News Media,2018-12-27,engagemedia,
https://nationalinterest.org/,NEWS,News Media,2018-12-27,engagemedia,
https://www.npr.org/,NEWS,News Media,2018-12-27,engagemedia,
https://theconversation.com/,NEWS,News Media,2018-12-27,engagemedia,
https://www.thestar.com.my/,NEWS,News Media,2018-12-27,engagemedia,
https://www.news.com.au/,NEWS,News Media,2018-12-27,engagemedia,
https://www.telegraph.co.uk/,NEWS,News Media,2018-12-27,engagemedia,
https://www.wnycstudios.org/,NEWS,News Media,2018-12-27,engagemedia,
https://asia.nikkei.com/,NEWS,News Media,2018-12-27,engagemedia,
https://www.nbcnews.com/,NEWS,News Media,2018-12-27,engagemedia,
https://nationalpost.com/,NEWS,News Media,2018-12-27,engagemedia,
https://news.vice.com/,NEWS,News Media,2018-12-27,engagemedia,
https://www.smh.com.au/,NEWS,News Media,2018-12-27,engagemedia,
https://www.sws.org.ph/,NEWS,News Media,2018-12-27,engagemedia,
https://www.huffingtonpost.com/,NEWS,News Media,2018-12-27,engagemedia,
https://www.thenational.ae/,NEWS,News Media,2018-12-27,engagemedia,
http://davaotoday.com/,NEWS,News Media,2018-12-27,engagemedia,
https://www.sunstar.com.ph/,NEWS,News Media,2018-12-27,engagemedia,
https://theaseanpost.com/,NEWS,News Media,2018-12-27,engagemedia,
http://www1.interaksyon.com/,NEWS,News Media,2018-12-27,engagemedia,
http://www.arabtimesonline.com/,NEWS,News Media,2018-12-27,engagemedia,
https://rappler.com/,NEWS,News Media,2018-12-27,engagemedia,
https://www.manilatimes.net/,NEWS,News Media,2018-12-27,engagemedia,
https://www.untvweb.com/,NEWS,News Media,2018-12-27,engagemedia,
https://www.msn.com/,NEWS,News Media,2018-12-27,engagemedia,
http://altermidya.net/,NEWS,News Media,2018-12-27,engagemedia,
http://aklatngbayan.org/,NEWS,News Media,2018-12-27,engagemedia,
http://panaytoday.ml/category/dampig-katarungan-audio/,NEWS,News Media,2018-12-27,engagemedia,
http://www.aippnet.org/index.php/research-and-communication-development/1403-media-ips-from-asian-countries-visit-radyo-sagada,NEWS,News Media,2018-12-27,engagemedia,
https://www.facebook.com/pages/RCPA-Productions/334031470065168,NEWS,News Media,2018-12-27,engagemedia,
http://arkibongbayan.org/,NEWS,News Media,2018-12-27,engagemedia,
http://bicoltoday.com/,NEWS,News Media,2018-12-27,engagemedia,
http://buhaymanggagawa.podomatic.com/,NEWS,News Media,2018-12-27,engagemedia,
http://www.easternvista.com/,NEWS,News Media,2018-12-27,engagemedia,
http://nordis.net/,NEWS,News Media,2018-12-27,engagemedia,
http://manilatoday.net/,NEWS,News Media,2018-12-27,engagemedia,
http://panaytoday.ml/,NEWS,News Media,2018-12-27,engagemedia,
http://pinoyweekly.org/,NEWS,News Media,2018-12-27,engagemedia,
https://www.facebook.com/kilab.smr,NEWS,News Media,2018-12-27,engagemedia,
http://kodao.org/,NEWS,News Media,2018-12-27,engagemedia,
http://maydaymultimedia.org/,NEWS,News Media,2018-12-27,engagemedia,
http://tudlaproductions.org/,NEWS,News Media,2018-12-27,engagemedia,
https://www.facebook.com/sine.panayanon,NEWS,News Media,2018-12-27,engagemedia,
https://stexposure.wordpress.com/,NEWS,News Media,2018-12-27,engagemedia,
http://www.cegp.org/,NEWS,News Media,2018-12-27,engagemedia,
http://www.cp-union.com/,NEWS,News Media,2018-12-27,engagemedia,
https://www.facebook.com/cenvisfardec,NEWS,News Media,2018-12-27,engagemedia,
http://www.youtube.com/pinoymediacenter,NEWS,News Media,2018-12-27,engagemedia,
https://liberal-international.org/,POLR,Political Criticism,2018-12-27,engagemedia,
https://www.raissarobles.com/,POLR,Political Criticism,2018-12-27,engagemedia,
https://www.facebook.com/Mochablogger/,POLR,Political Criticism,2018-12-27,engagemedia,
https://pinoyakoblog.com/,POLR,Political Criticism,2018-12-27,engagemedia,
http://politics.com.ph/,POLR,Political Criticism,2018-12-27,engagemedia,
http://www.thinkingpinoy.net/,POLR,Political Criticism,2018-12-27,engagemedia,
https://www.ohchr.org/,HUMR,Human Rights Issues,2018-12-27,engagemedia,
https://humanrightsinasean.info/philippines,HUMR,Human Rights Issues,2018-12-27,engagemedia,
https://www.culturalsurvival.org/,HUMR,Human Rights Issues,2018-12-27,engagemedia,
http://philrights.org/,HUMR,Human Rights Issues,2018-12-27,engagemedia,
http://flagfaqs.blogspot.com/,HUMR,Human Rights Issues,2018-12-27,engagemedia,
https://www.facebook.com/FIND1985,HUMR,Human Rights Issues,2018-12-27,engagemedia,
https://balayph.net/,HUMR,Human Rights Issues,2018-12-27,engagemedia,
https://www.youthforhumanrights.org/,HUMR,Human Rights Issues,2018-12-27,engagemedia,
http://hrlibrary.umn.edu/research/Philippines,HUMR,Human Rights Issues,2018-12-27,engagemedia,
https://www.hurights.or.jp/,HUMR,Human Rights Issues,2018-12-27,engagemedia,
https://www.business-humanrights.org/,HUMR,Human Rights Issues,2018-12-27,engagemedia,
http://karapatan.org/,HUMR,Human Rights Issues,2018-12-27,engagemedia,
https://www.greenpeace.org/,ENV,Environment,2018-12-27,engagemedia,
https://hrvclaimsboard.gov.ph/,HUMR,Human Rights Issues,2018-12-27,engagemedia,
http://www.policyproject.com/,HUMR,Human Rights Issues,2018-12-27,engagemedia,
https://www.mccaininstitute.org/philippines/,HUMR,Human Rights Issues,2018-12-27,engagemedia,
http://accessfacility.org/,HUMR,Human Rights Issues,2018-12-27,engagemedia,
https://www.ciel.org/,ENV,Environment,2018-12-27,engagemedia,
https://www.climateliabilitynews.org/,ENV,Environment,2018-12-27,engagemedia,
https://asiasociety.org/,HUMR,Human Rights Issues,2018-12-27,engagemedia,
https://socialprotection-humanrights.org/,HUMR,Human Rights Issues,2018-12-27,engagemedia,
https://www.hg.org/,HUMR,Human Rights Issues,2018-12-27,engagemedia,
http://www.galangphilippines.org/,LGBT,LGBT,2018-12-27,engagemedia,
https://transnational-queer-underground.net/,LGBT,LGBT,2018-12-27,engagemedia,
https://lgbtvoicetz.org/our-mission/,LGBT,LGBT,2018-12-27,engagemedia,
https://bisdakpride.wordpress.com/,LGBT,LGBT,2018-12-27,engagemedia,
http://queerteam.blogspot.com/,LGBT,LGBT,2018-12-27,engagemedia,
http://lgbtph.org/,LGBT,LGBT,2018-12-27,engagemedia,
http://lgbt.ie/,LGBT,LGBT,2018-12-27,engagemedia,
https://aseansogiecaucus.org/,LGBT,LGBT,2018-12-27,engagemedia,
http://outragemag.com/,LGBT,LGBT,2018-12-27,engagemedia,
https://www.proudcampaign.ph/,LGBT,LGBT,2018-12-27,engagemedia,
https://www.facebook.com/manpride.mandaue,LGBT,LGBT,2018-12-27,engagemedia,
https://www.facebook.com/groups/820023431429160/,LGBT,LGBT,2018-12-27,engagemedia,
https://www.facebook.com/mmprideorg/,LGBT,LGBT,2018-12-27,engagemedia,
https://www.facebook.com/IFEM-478265922316312/,LGBT,LGBT,2018-12-27,engagemedia,
http://teammag.ph/,LGBT,LGBT,2018-12-27,engagemedia,
https://www.facebook.com/groups/CebuBiPride/,LGBT,LGBT,2018-12-27,engagemedia,
https://www.facebook.com/groups/mensuniversitycebu/,LGBT,LGBT,2018-12-27,engagemedia,
https://www.facebook.com/PinoyFTM/,LGBT,LGBT,2018-12-27,engagemedia,
https://www.facebook.com/TransManPilipinas/,LGBT,LGBT,2018-12-27,engagemedia,
https://www.facebook.com/TBPRockON/,LGBT,LGBT,2018-12-27,engagemedia,
http://www.facebook.com/TEAMCebu.org/,LGBT,LGBT,2018-12-27,engagemedia,
https://apcom.org/,HUMR,Human Rights Issues,2018-12-27,engagemedia,
https://www.facebook.com/STRAP.MANILA/,LGBT,LGBT,2018-12-27,engagemedia,
https://www.facebook.com/COLORS-164652593552779/,LGBT,LGBT,2018-12-27,engagemedia,
https://www.facebook.com/ReposangelsInc/,LGBT,LGBT,2018-12-27,engagemedia,
https://www.facebook.com/philtransmov/,LGBT,LGBT,2018-12-27,engagemedia,
https://www.facebook.com/lakanbiniadvocatespilipinas/,LGBT,LGBT,2018-12-27,engagemedia,
http://www.loveyourself.ph/,LGBT,LGBT,2018-12-27,engagemedia,
https://www.facebook.com/mariposadezamboanga/,LGBT,LGBT,2018-12-27,engagemedia,
https://lagablab.wordpress.com/,LGBT,LGBT,2018-12-27,engagemedia,
https://www.facebook.com/rrightsphl/,LGBT,LGBT,2018-12-27,engagemedia,
https://lgbtbar.org/,LGBT,LGBT,2018-12-27,engagemedia,
https://www.facebook.com/curlslgbt/,LGBT,LGBT,2018-12-27,engagemedia,
https://www.facebook.com/uppride/,LGBT,LGBT,2018-12-27,engagemedia,
https://www.facebook.com/GSASAGEUSC/,LGBT,LGBT,2018-12-27,engagemedia,
https://www.facebook.com/UpPrideCebu/,LGBT,LGBT,2018-12-27,engagemedia,
https://en.wikipedia.org/wiki/Philippine_Drug_War/,NEWS,News Media,2018-12-27,engagemedia,
https://time.com/philippines-drug-war/,NEWS,News Media,2018-12-27,engagemedia,
https://www.gq-magazine.co.uk/article/rodrigo-duterte-philippines-drug-war,NEWS,News Media,2018-12-27,engagemedia,
https://www.theguardian.com/global-development/2018/aug/14/death-drugs-duterte-philippines-poor-bear-brunt-of-narco-crackdown,NEWS,News Media,2018-12-27,engagemedia,
https://www.bbc.com/news/av/magazine-38181753/duterte-drug-war-manila-s-brutal-nightshift,NEWS,News Media,2018-12-27,engagemedia,
https://www.abc.net.au/news/2018-07-24/rodrigo-duterte-reaffirms-resolve-to-fight-illegal-drugs/10029344,NEWS,News Media,2018-12-27,engagemedia,
https://www.dw.com/en/philippines-police-chief-shows-affinity-for-rodrigo-dutertes-drug-war/a-45537351,NEWS,News Media,2018-12-27,engagemedia,
https://www.nytimes.com/2018/09/27/world/asia/rodrigo-duterte-philippines-drug-war.html,NEWS,News Media,2018-12-27,engagemedia,
https://www.bworldonline.com/dutertes-war-on-drugs-swift-or-dark-justice/,NEWS,News Media,2018-12-27,engagemedia,
https://news.mb.com.ph/2018/07/25/duterte-drug-war-warning-alarms-chr/,NEWS,News Media,2018-12-27,engagemedia,
https://gulfnews.com/world/asia/philippines/dutertes-anti-drugs-war-gets-pat-on-the-back-from-filipinos-1.2282015,NEWS,News Media,2018-12-27,engagemedia,
https://thediplomat.com/2018/07/another-violent-spike-in-dutertes-drug-war/,NEWS,News Media,2018-12-27,engagemedia,
https://www.youtube.com/channel/UCvRAX-ujvZ0eTMLGG2vki9w,NEWS,News Media,2018-12-27,engagemedia,
https://www.rt.com/news/439090-duterte-critics-targets-icc/,NEWS,News Media,2018-12-27,engagemedia,
https://www.channelnewsasia.com/news/video-on-demand/undercover-asia-s4/dercoverasia4-ep06-1493718717-8811858,NEWS,News Media,2018-12-27,engagemedia,
https://www.cfr.org/interview/human-rights-and-dutertes-war-drugs,NEWS,News Media,2018-12-27,engagemedia,
https://www.washingtonpost.com/world/asia_pacific/dutertes-drug-war-is-fueling-the-spread-of-disease/2017/10/06/37a707be-a2c5-11e7-b573-8ec86cdfe1ed_story.html?utm_term=.dcafb8ef49c9,NEWS,News Media,2018-12-27,engagemedia,
https://www.worldpoliticsreview.com/articles/24937/duterte-s-drug-war-has-killed-thousands-now-the-victims-families-are-pushing-back,NEWS,News Media,2018-12-27,engagemedia,
https://www.usatoday.com/story/news/world/...duterte...drugs-war/760799001/,NEWS,News Media,2018-12-27,engagemedia,
https://edition.cnn.com/specials/asia/philippines-drugs-war,NEWS,News Media,2018-12-27,engagemedia,
https://www.arabnews.com/node/1323851/world,NEWS,News Media,2018-12-27,engagemedia,
https://www.newsweek.com/philippines-duterte-continue-war-drugs-1037358,NEWS,News Media,2018-12-27,engagemedia,
https://www.theatlantic.com/international/archive/2016/12/...duterte...drugs.../509030/,NEWS,News Media,2018-12-27,engagemedia,
https://www.cnbc.com/2017/11/13/trump-does-not-publicly-rebuke-duterte-for-drug-war-killings.html,NEWS,News Media,2018-12-27,engagemedia,
https://www.theweek.co.uk/92463/rodrigo-duterte-steps-up-his-bloody-drug-war,NEWS,News Media,2018-12-27,engagemedia,
https://foreignpolicy.com/2018/02/26/only-the-law-can-stop-dutertes-murderous-war-on-drugs/,NEWS,News Media,2018-12-27,engagemedia,
https://www.independent.co.uk/news/world/asia/rodrigo-duterte-drug-war-philippines-stop-killing-deaths-kian-loyd-delos-santos-manila-a7906896.html,NEWS,News Media,2018-12-27,engagemedia,
https://www.cbsnews.com/news/inside-rodrigo-dutertes-drug-war-part-one/,NEWS,News Media,2018-12-27,engagemedia,
https://www.bbc.co.uk/news/world-asia-41244704,NEWS,News Media,2018-12-27,engagemedia,
https://www.straitstimes.com/asia/se-asia/doubts-grow-over-duterte-drug-war-killings-philippine-survey-shows,NEWS,News Media,2018-12-27,engagemedia,
https://www.scmp.com/week-asia/society/article/2138255/say-hello-my-little-friend-there-hollywood-ending-dutertes-drug,NEWS,News Media,2018-12-27,engagemedia,
https://www.ft.com/content/924cd7c0-5346-11e8-b3ee-41e0209208ec,NEWS,News Media,2018-12-27,engagemedia,
https://nationalinterest.org/blog/the-buzz/dutertes-drug-war-facing-another-legal-hurdle-24720,NEWS,News Media,2018-12-27,engagemedia,
https://www.npr.org/2017/11/13/563841402/philippines-rodrigo-duterte-sustains-support-for-deadly-war-on-drugs,NEWS,News Media,2018-12-27,engagemedia,
http://theconversation.com/rodrigo-duterte-relaunches-philippine-drug-war-despite-calls-for...,NEWS,News Media,2018-12-27,engagemedia,
https://www.thestar.com.my/news/regional/2017/09/07/third-teen-dead-philippines-seethes-at-duterte-drug-war/,NEWS,News Media,2018-12-27,engagemedia,
https://www.news.com.au/world/asia/rodrigo-duterte-drug-war-police-reactivated-after-hiatus/news-story/71f99c023f0e5458b1d619d14bdad173,NEWS,News Media,2018-12-27,engagemedia,
https://www.telegraph.co.uk/news/2018/04/08/director-netflix-philippine-drug-war-drama-denies-glorifies/,NEWS,News Media,2018-12-27,engagemedia,
https://www.atimes.com/article/filipinos-support-dutertes-drug-war/,NEWS,News Media,2018-12-27,engagemedia,
https://www.wnycstudios.org/story/patrol-president-dutertes-war-against-drugs,NEWS,News Media,2018-12-27,engagemedia,
https://asia.nikkei.com/Politics/Duterte-ignores-costs-of-drug-war-at-his-peril,NEWS,News Media,2018-12-27,engagemedia,
https://www.nbcnews.com/news/world/philippine-drug-war-president-duterte-s-crackdown-marks-year-n776621,NEWS,News Media,2018-12-27,engagemedia,
https://www.brookings.edu/testimonies/the-human-rights-consequences-of-the-war-on-drugs-in-the-philippines/,NEWS,News Media,2018-12-27,engagemedia,
https://news.vice.com/en_ca/article/a34vja/dutertes-brutal-drug-war-finally-gets-the-international-criminal-courts-attention,HUMR,Human Rights Issues,2018-12-27,engagemedia,
https://www.smh.com.au/world/rodrigo-dutertes-drug-war-a-deep-concern-for-fm-julie-bishop-20170822-gy1do2.html,NEWS,News Media,2018-12-27,engagemedia,
https://www.sws.org.ph/swsmain/artcldisppage/?artcsyscode=ART-20171011192256,NEWS,News Media,2018-12-27,engagemedia,
https://www.huffingtonpost.com/entry/duterte-drug-war-philippines_us_59df7265e4b0eb18af06a5f3,NEWS,News Media,2018-12-27,engagemedia,
https://www.thenational.ae/world/asia/former-addicts-defend-duterte-s-drugs-war-despite-collateral-damage-1.93476,NEWS,News Media,2018-12-27,engagemedia,
http://davaotoday.com/main/human-rights/group-claims-dead-in-dutertes-drug-war-now-at-13000/,NEWS,News Media,2018-12-27,engagemedia,
https://www.sunstar.com.ph/article/406382,NEWS,News Media,2018-12-27,engagemedia,
https://theaseanpost.com/article/holding-duterte-accountable,NEWS,News Media,2018-12-27,engagemedia,
https://www1.interaksyon.com/tag/president-rodrigo-duterte/,NEWS,News Media,2018-12-27,engagemedia,
https://www.facebook.com/CNNPhilippines/posts/2346935218879697,NEWS,News Media,2018-12-27,engagemedia,
https://www.arabtimesonline.com/.../duterte-puts-customs-under-military-control-citing-drug...,NEWS,News Media,2018-12-27,engagemedia,
https://www.legalonlinecasinos.ph/,GMB,Gambling,2018-12-27,engagemedia,
https://www.gamblingsites.org/,GMB,Gambling,2018-12-27,engagemedia,
http://onlinecasinosuite.com/gambling/philippines/,GMB,Gambling,2018-12-27,engagemedia,
https://www.gamingzion.com/,GMB,Gambling,2018-12-27,engagemedia,
https://toponlinecasino.com.ph/,GMB,Gambling,2018-12-27,engagemedia,
https://www.cardschat.com/,GMB,Gambling,2018-12-27,engagemedia,
https://www.oddsshark.com/philippines,GMB,Gambling,2018-12-27,engagemedia,
https://online.worldcasinodirectory.com/philippines,GMB,Gambling,2018-12-27,engagemedia,
http://www.casinocity.ph/english/online-gaming/,GMB,Gambling,2018-12-27,engagemedia,
https://onlinecasinosite.com/philippines/,GMB,Gambling,2018-12-27,engagemedia,
https://web.whatsapp.com/,COMT,Communication Tools,2018-12-27,engagemedia,
https://turbo.net/run/viber,COMT,Communication Tools,2018-12-27,engagemedia,
https://signal.org/download,COMT,Communication Tools,2018-12-27,engagemedia,
https://web.telegram.org/,COMT,Communication Tools,2018-12-27,engagemedia,
https://www.internationalcupid.com/,DATE,Online Dating,2018-12-27,engagemedia,
https://www.asiandating.com/,DATE,Online Dating,2018-12-27,engagemedia,
https://www.eharmony.co.uk/,DATE,Online Dating,2018-12-27,engagemedia,
https://www.filipinocupid.com/,DATE,Online Dating,2018-12-27,engagemedia,
https://www.elitesingles.com/,DATE,Online Dating,2018-12-27,engagemedia,
https://www.elitesingles.ca/,DATE,Online Dating,2018-12-27,engagemedia,
http://thisisluv.com/,DATE,Online Dating,2018-12-27,engagemedia,
https://hushbit.com/,DATE,Online Dating,2018-12-27,engagemedia,
https://www.ourtime.com/,DATE,Online Dating,2018-12-27,engagemedia,
https://www.zoosk.com/,DATE,Online Dating,2018-12-27,engagemedia,
https://www.beautifulpeople.com/,DATE,Online Dating,2018-12-27,engagemedia,
https://www.interracialdating.com/,DATE,Online Dating,2018-12-27,engagemedia,
https://www.freedating.co.uk/,DATE,Online Dating,2018-12-27,engagemedia,
https://christianfilipina.com/,DATE,Online Dating,2018-12-27,engagemedia,
https://www.spiritualsingles.com/,DATE,Online Dating,2018-12-27,engagemedia,
https://www.match.com/,DATE,Online Dating,2018-12-27,engagemedia,
https://www.flirt.com/,DATE,Online Dating,2018-12-27,engagemedia,
https://www.quackquack.in/,DATE,Online Dating,2018-12-27,engagemedia,
https://www.chemistry.com/,DATE,Online Dating,2018-12-27,engagemedia,
https://www.onenightfriend.com/,DATE,Online Dating,2018-12-27,engagemedia,
https://bumble.com/,DATE,Online Dating,2018-12-27,engagemedia,
https://mingle2.com/,DATE,Online Dating,2018-12-27,engagemedia,
https://www.christianmingle.com/,DATE,Online Dating,2018-12-27,engagemedia,
https://www.eastmeeteast.com/,DATE,Online Dating,2018-12-27,engagemedia,
https://fpe.ph/,ENV,Environment,2018-12-27,engagemedia,
http://esp.org.ph/,ENV,Environment,2018-12-27,engagemedia,
https://wwf.org.ph/,ENV,Environment,2018-12-27,engagemedia,
https://www.earthislandph.org/,ENV,Environment,2018-12-27,engagemedia,
https://www.savephilippineseas.org/,ENV,Environment,2018-12-27,engagemedia,
http://coast.ph/,ENV,Environment,2018-12-27,engagemedia,
http://pcepsdi.org.ph/,ENV,Environment,2018-12-27,engagemedia,
http://www.forestfoundation.ph/,ENV,Environment,2018-12-27,engagemedia,
https://www.pfpi.org/,ENV,Environment,2018-12-27,engagemedia,
https://feed.org.ph/,ENV,Environment,2018-12-27,engagemedia,
http://www.rainforestation.ph/,ENV,Environment,2018-12-27,engagemedia,
https://www.marineconservationphilippines.org/,ENV,Environment,2018-12-27,engagemedia,
http://mwwphilippines.org/,ENV,Environment,2018-12-27,engagemedia,
http://thepbe.org/,ENV,Environment,2018-12-27,engagemedia,
https://pbcfi.org.ph/,ENV,Environment,2018-12-27,engagemedia,
http://www.wetlands.ph/,ENV,Environment,2018-12-27,engagemedia,
http://cleanairasia.org/,ENV,Environment,2018-12-27,engagemedia,
https://www.cakex.org/,ENV,Environment,2018-12-27,engagemedia,
http://www.peopleandthesea.org/,ENV,Environment,2018-12-27,engagemedia,
https://www.thegef.org/country/philippines,ENV,Environment,2018-12-27,engagemedia,
https://www.rare.org/philippines,ENV,Environment,2018-12-27,engagemedia,
http://balyena.org.ph/,ENV,Environment,2018-12-27,engagemedia,
http://www.philincon.org/,ENV,Environment,2018-12-27,engagemedia,
https://ph.oceana.org/,ENV,Environment,2018-12-27,engagemedia,
https://www.foei.org/,ENV,Environment,2018-12-27,engagemedia,
http://www.pemsea.org/,ENV,Environment,2018-12-27,engagemedia,
