url,category_code,category_description,date_added,source,notes
http://www.bywhat.com/,COMM,E-commerce,2014-04-15,citizenlab,
http://www.freedomgatepakistan.org/,COMM,E-commerce,2014-04-15,citizenlab,
https://discomaulvi.wordpress.com/,CULTR,Culture,2014-04-15,citizenlab,
http://www.Vtunnel.info/,CULTR,Culture,2014-04-15,citizenlab,
http://www.hinduhumanrights.org/,CULTR,Culture,2014-04-15,citizenlab,
http://www.pmln.org.pk/,CULTR,Culture,2014-04-15,citizenlab,
http://www.unlock5.com/,CULTR,Culture,2014-04-15,citizenlab,
http://www.kalpoint.com/,ECON,Economics,2014-04-15,citizenlab,
http://www.pakistaneconomist.com/,ECON,Economics,2014-04-15,citizenlab,
https://www.myleadsystempro.com/,ECON,Economics,2014-04-15,citizenlab,
http://www.bharat-rakshak.com/,GOVT,Government,2014-04-15,citizenlab,
http://www.pppindia.com/,HACK,Hacking Tools,2014-04-15,citizenlab,
https://drawmohammedweek.blogspot.com/,HATE,Hate Speech,2014-04-15,citizenlab,
http://www.bibleprobe.com/muhammad-cartoons.htm,HATE,Hate Speech,2014-04-15,citizenlab,
http://www.zombietime.com/mohammed_image_archive/,HATE,Hate Speech,2014-04-15,citizenlab,
http://www.worldsindhicongress.org/,HUMR,Human Rights Issues,2014-04-15,citizenlab,
http://www.sanalist.org/,MMED,Media sharing,2014-04-15,citizenlab,
http://www.balochunitedfront.org/,NEWS,News Media,2014-04-15,citizenlab,
http://www.hinduonnet.com/,ANON,Anonymization and circumvention tools,2014-04-15,citizenlab,
http://www.ipsnews.net/,NEWS,News Media,2014-04-15,citizenlab,
https://www.thenewhumanitarian.org/,NEWS,News Media,2014-04-15,citizenlab,
http://www.anonproxy.info/,PORN,Pornography,2014-04-15,citizenlab,
http://www.ayubmed.edu.pk/,PUBH,Public Health,2014-04-15,citizenlab,
http://www.zrombesh.org/,PUBH,Public Health,2014-04-15,citizenlab,
http://danishcartoons.ytmnd.com/,REL,Religion,2014-04-15,citizenlab,
http://www.askislam.org/,REL,Religion,2014-04-15,citizenlab,
http://www.tanzeem.org/,REL,Religion,2014-04-15,citizenlab,
http://www.pakquake.com/,CULTR,Culture,2014-04-15,citizenlab,
https://brobible.com/,CULTR,Culture,2014-04-15,citizenlab,
http://koausa.org/index.html,GOVT,Government,2014-04-15,citizenlab,
https://www.rferl.org/a/1069023.html,NEWS,News Media,2014-04-15,citizenlab,article on PK and neo-taliban dilema
http://anonymizer.nntime.com/,ANON,Anonymization and circumvention tools,2014-04-15,citizenlab,Blocked in pakistan
http://anonymouse.ws/anonwww.html,ANON,Anonymization and circumvention tools,2014-04-15,citizenlab,Blocked in Pakistan according to OONI
http://www.24Proxy.com/,ANON,Anonymization and circumvention tools,2014-04-15,citizenlab,
http://www.24TopProxy.com/,ANON,Anonymization and circumvention tools,2014-04-15,citizenlab,
http://www.24Traffic.info/,ANON,Anonymization and circumvention tools,2014-04-15,citizenlab,
http://www.ProxyBoost.net/,ANON,Anonymization and circumvention tools,2014-04-15,citizenlab,
http://www.ProxyButton.com/,ANON,Anonymization and circumvention tools,2014-04-15,citizenlab,
http://www.SneakzorZ.com/,ANON,Anonymization and circumvention tools,2014-04-15,citizenlab,
http://www.Vtunnel.com/,ANON,Anonymization and circumvention tools,2014-04-15,citizenlab,Blocked in Pakistan
http://www.WizProxy.com/,ANON,Anonymization and circumvention tools,2014-04-15,citizenlab,
http://www.browser-x.com/,ANON,Anonymization and circumvention tools,2014-04-15,citizenlab,Blocked in Pakistan
http://www.freeproxy.ca/,ANON,Anonymization and circumvention tools,2014-04-15,citizenlab,Blocked in Pakistan
http://www.hujiko.com/,ANON,Anonymization and circumvention tools,2014-04-15,citizenlab,
http://www.kproxy.com/,ANON,Anonymization and circumvention tools,2014-04-15,citizenlab,Blocked in Pakistan
http://www.kproxy.com./,ANON,Anonymization and circumvention tools,2014-04-15,citizenlab,Blocked in Pakistan
http://www.mywebtunnel.com/,ANON,Anonymization and circumvention tools,2014-04-15,citizenlab,Website blocked in Pakistan
http://www.proxify.co.uk/,ANON,Anonymization and circumvention tools,2014-04-15,citizenlab,Blocked in Pakistan
http://www.proxify.de/,ANON,Anonymization and circumvention tools,2014-04-15,citizenlab,Blocked in Pakistan
http://www.jammu-kashmir.com/,GOVT,Government,2014-04-15,citizenlab,
http://www.youtube.com/watch?v=nycuLpw0VV8&feature=related,HATE,Hate Speech,2014-04-15,citizenlab,
http://www.youtube.com/watch?v=rPOWhYp5MTw&feature=related,HATE,Hate Speech,2014-04-15,citizenlab,
http://www.BalochVoice.com/,HOST,Hosting and Blogging Platforms,2014-04-15,citizenlab,Blocked in Pakistan
http://balochwarna.org/,HUMR,Human Rights Issues,2014-04-15,citizenlab,Blocked in Pakistan
http://governmentofbalochistan.blogspot.com/,HUMR,Human Rights Issues,2014-04-15,citizenlab,Not updated since 2006; Blocked in 2014
http://lalmasjid.com/,HUMR,Human Rights Issues,2014-04-15,citizenlab,Blocked in Pakistan
http://www.BalochFront.com/,HUMR,Human Rights Issues,2014-04-15,citizenlab,Blocked in Pakistan
http://www.balochpeople.org/,HUMR,Human Rights Issues,2014-04-15,citizenlab,
http://www.bso-na.org/,HUMR,Human Rights Issues,2014-04-15,citizenlab,Blocked in Pakistan
http://www.eurobaluchi.com/,HUMR,Human Rights Issues,2014-04-15,citizenlab,Blocked in Pakistan
http://www.faithfreedom.org/,HUMR,Human Rights Issues,2014-04-15,citizenlab,Blocked in Pakistan
http://www.faithfreedom.org/Gallery/28.htm,HUMR,Human Rights Issues,2014-04-15,citizenlab,Blocked in Pakistan
http://www.gwkhan.20m.com/,HUMR,Human Rights Issues,2014-04-15,citizenlab,
http://www.hazara.net/,HUMR,Human Rights Issues,2014-04-15,citizenlab,Blocked in Pakistan
http://www.hrcp-web.org/,HUMR,Human Rights Issues,2014-04-15,citizenlab,
http://www.khyber.org/,HUMR,Human Rights Issues,2014-04-15,citizenlab,can be blocked
http://www.ostomaan.org/,HUMR,Human Rights Issues,2014-04-15,citizenlab,Blocked in Pakistan
http://www.qadiani.org/,HUMR,Human Rights Issues,2014-04-15,citizenlab,Blocked in Pakistan
http://www.sabawoon.com/,HUMR,Human Rights Issues,2014-04-15,citizenlab,
http://www.sindhi.org/,HUMR,Human Rights Issues,2014-04-15,citizenlab,
http://www.sparcpk.org/,HUMR,Human Rights Issues,2014-04-15,citizenlab,
https://www.ahmadiyya-islam.org/tahirfoundation/,HUMR,Human Rights Issues,2014-04-15,citizenlab,Page not found in Pakistan
http://www.youngsindhiadults.org/,HUMR,Human Rights Issues,2014-04-15,citizenlab,
http://jamatdawa.org/,MILX,Terrorism and Militants,2014-04-15,citizenlab,Blocked in Pakistan
http://www.musicpakistan.net/,MMED,Media sharing,2014-04-15,citizenlab,"under construction, monitor"
http://balouch.blogspot.com/,NEWS,News Media,2014-04-15,citizenlab,Blocked in Pakistan
http://daily.urdupoint.com/,NEWS,News Media,2014-04-15,citizenlab,
http://www.balochwarna.com/,NEWS,News Media,2014-04-15,citizenlab,Blocked in Pakistan
http://www.hindustantimes.com/,NEWS,News Media,2014-04-15,citizenlab,Blocked in Pakistan
http://www.millat.com/,NEWS,News Media,2014-04-15,citizenlab,
http://www.pkblogs.com/,NEWS,News Media,2014-04-15,citizenlab,
http://www.sahilonline.org/,NEWS,News Media,2014-04-15,citizenlab,
http://www.sahilonline.org/urdu/,NEWS,News Media,2014-04-15,citizenlab,
http://michellemalkin.com/,POLR,Political Criticism,2014-04-15,citizenlab,
http://www.anp.org.pk/,POLR,Political Criticism,2014-04-15,citizenlab,
http://www.hizb.org.uk/,POLR,Political Criticism,2014-04-15,citizenlab,Blocked in Pakistan
http://www.jamaat.org/,POLR,Political Criticism,2014-04-15,citizenlab,
http://www.jamiat.org.pk/,POLR,Political Criticism,2014-04-15,citizenlab,
http://www.zombietime.com/,POLR,Political Criticism,2014-04-15,citizenlab,
http://zombietime.com/,POLR,Political Criticism,2014-04-15,citizenlab,
http://hustler.com/,PORN,Pornography,2014-04-15,citizenlab,Blocked in Pakistan
http://playboy.com/,PORN,Pornography,2014-04-15,citizenlab,Blocked in Pakistan
http://porn.xxx/,PORN,Pornography,2014-04-15,citizenlab,Blocked in Pakistan
http://sex.xxx/,PORN,Pornography,2014-04-15,citizenlab,Blocked in Pakistan
https://everyonedrawmohammed.blogspot.com/,REL,Religion,2014-04-15,citizenlab,
http://face-of-muhammed.blogspot.com/,REL,Religion,2014-04-15,citizenlab,Blocked in Pakistan
http://islam-watch.org/,REL,Religion,2014-04-15,citizenlab,Blocked in Pakistan
https://www.islam-watch.org/,REL,Religion,2014-04-15,citizenlab,Blocked in Pakistan
http://www.jihadwatch.org/,REL,Religion,2014-04-15,citizenlab,Blocked in Pakistan
http://www.jihadwatch.org/archives/020472.php,REL,Religion,2014-04-15,citizenlab,Blocked in Pakistan
http://www.khatm-e-nubuwwat.com/,REL,Religion,2014-04-15,citizenlab,
http://www.tnfj.org.pk/,REL,Religion,2014-04-15,citizenlab,
https://www.stop-block.com/,ANON,Anonymization and circumvention tools,2014-04-15,citizenlab,
https://www.letmeby.com/,ANON,Anonymization and circumvention tools,2014-04-15,citizenlab,
https://www.surf100.com/,ANON,Anonymization and circumvention tools,2014-04-15,citizenlab,
https://www.fas.org/,GOVT,Government,2014-04-15,citizenlab,
https://www.fas.org/news/indopak.htm,GOVT,Government,2014-04-15,citizenlab,
https://www.greaterkashmir.com/,GOVT,Government,2014-04-15,citizenlab,
https://www.indianembassy.org/,GOVT,Government,2014-04-15,citizenlab,
https://www.alislam.org/,HUMR,Human Rights Issues,2014-04-15,citizenlab,Blocked in Pakistan
https://urdu.tebyan.net/,HUMR,Human Rights Issues,2014-04-15,citizenlab,
https://www.ahmadiyya.ca/,HUMR,Human Rights Issues,2014-04-15,citizenlab,
https://www.ahmadiyya.org.au/,HUMR,Human Rights Issues,2014-04-15,citizenlab,
https://www.ahmadiyya.us/,HUMR,Human Rights Issues,2014-04-15,citizenlab,
https://www.amnestyusa.org/,HUMR,Human Rights Issues,2014-04-15,citizenlab,
https://www.amnestyusa.org/countries/pakistan/summary.do,HUMR,Human Rights Issues,2014-04-15,citizenlab,
https://www.globalmarch.org/,HUMR,Human Rights Issues,2014-04-15,citizenlab,
https://www.globalmarch.org/resourcecentre/world/pakistan.pdf,HUMR,Human Rights Issues,2014-04-15,citizenlab,
https://www.groups.yahoo.com/group/pakhtu,HUMR,Human Rights Issues,2014-04-15,citizenlab,
https://www.muslim.org/,HUMR,Human Rights Issues,2014-04-15,citizenlab,
https://www.gayguide.net/Asia/Pakistan/,LGBT,LGBT,2014-04-15,citizenlab,
https://www.globalgayz.com/,LGBT,LGBT,2014-04-15,citizenlab,
https://itunes.apple.com/us/album/draw-muhammad/id303064274,MMED,Media sharing,2014-04-15,citizenlab,
https://www.foxnews.com/scitech/2010/05/19/facebook-fracas-breaks-everybody-draw-mohammad-day/?test=latestnews,NEWS,News Media,2014-04-15,citizenlab,"last updated in 2015, generates traffic"
https://jang.com.pk/,NEWS,News Media,2014-04-15,citizenlab,Urdu News Website
https://www.nawaiwaqt.com.pk/,NEWS,News Media,2014-04-15,citizenlab,Urdu News Website
https://teeth.com.pk/blog/,NEWS,News Media,2014-04-15,citizenlab,
https://www.awamiawaz.com/,NEWS,News Media,2014-04-15,citizenlab,
https://www.bbc.co.uk/urdu/,NEWS,News Media,2014-04-15,citizenlab,
https://www.dailyausaf.com/,NEWS,News Media,2014-04-15,citizenlab,
https://en.dailypakistan.com.pk/,NEWS,News Media,2014-04-15,citizenlab,
https://www.dawn.com/,NEWS,News Media,2014-04-15,citizenlab,
https://www.expressindia.com/,NEWS,News Media,2014-04-15,citizenlab,
https://www.globalvoicesonline.org/-/world/south-asia/pakistan/,NEWS,News Media,2014-04-15,citizenlab, 
https://www.jang.com.pk/,NEWS,News Media,2014-04-15,citizenlab,
https://www.jasarat.com/,NEWS,News Media,2014-04-15,citizenlab,
https://www.khabrain.com/,NEWS,News Media,2014-04-15,citizenlab,
https://www.outlookindia.com/,NEWS,News Media,2014-04-15,citizenlab,
https://www.pakistanpressfoundation.org/,NEWS,News Media,2014-04-15,citizenlab,
https://www.pro-pakistan.com/,NEWS,News Media,2014-04-15,citizenlab,
https://www.thenews.com.pk/,NEWS,News Media,2014-04-15,citizenlab,
https://www.pat.com.pk/,POLR,Political Criticism,2014-04-15,citizenlab,
https://www.ppp.org.pk/,POLR,Political Criticism,2014-04-15,citizenlab,
https://www.transparency.org.pk/,POLR,Political Criticism,2014-04-15,citizenlab,
https://www.who.int/countries/pak/en/,PUBH,Public Health,2014-04-15,citizenlab,
https://www.ahrar.org.pk/,REL,Religion,2014-04-15,citizenlab,
https://www.aahung.org/,XED,Sex Education,2014-04-15,citizenlab,
http://www.perlproxy.com/,ANON,Anonymization and circumvention tools,2014-04-15,citizenlab,Blocked in Pakistan
http://www.proxyblind.org/,ANON,Anonymization and circumvention tools,2014-04-15,citizenlab,
http://www.proxyking.net/,ANON,Anonymization and circumvention tools,2014-04-15,citizenlab,
http://www.spysurfing.com/,ANON,Anonymization and circumvention tools,2014-04-15,citizenlab,
http://www.turbohide.com/,ANON,Anonymization and circumvention tools,2014-04-15,citizenlab,
http://www.inbox.com.pk/,COMT,Communication Tools,2014-04-15,citizenlab,
http://www.torrentz.com/,FILE,File-sharing,2014-04-15,citizenlab,
http://www.browseany.com/,GMB,Gambling,2014-04-15,citizenlab,
http://www.religioustolerance.org/rt_pakis.htm,HUMR,Human Rights Issues,2014-04-15,citizenlab,
http://www.humanrights.asia/,HUMR,Human Rights Issues,2014-04-15,citizenlab,
http://www.aimislam.com/,HUMR,Human Rights Issues,2014-04-15,citizenlab,
http://www.jalsasalana.org/,HUMR,Human Rights Issues,2014-04-15,citizenlab,
http://www.dailybruin.com/articles/2010/5/17/flawed-interpretation-koran-results-overreactions-/,NEWS,News Media,2014-04-15,citizenlab,
https://www.buzzfeed.com/robertlangdon/the-prophet-muhammad-in-a-bear-suit-express-you,REL,Religion,2014-04-15,citizenlab,
https://www.hafsite.org/,REL,Religion,2014-04-15,citizenlab,
http://maktabaanaveempakistan.org/,REL,Religion,2014-04-15,citizenlab,
https://digitalrightsfoundation.pk/,HUMR,Human Rights Issues,2016-07-20,OONI,Website of a digital rights based organization
https://www.acidviolence.org/,HUMR,Human Rights Issues,2016-07-20,OONI,
https://www.towleroad.com/2016/06/lgbt-pakistan/,LGBT,LGBT,2016-07-20,OONI,
https://www.telegraph.co.uk/news/2016/06/14/street-protests-in-pakistan-after-shooting-of-transgender-activi/,LGBT,LGBT,2016-07-20,OONI,
https://dailysignal.com/2016/03/28/anti-christian-violence-threatens-fabric-of-pakistani-society/,REL,Religion,2016-07-20,OONI,
https://edition.cnn.com/2016/04/04/asia/pakistan-attack-religious-intolerance/,REL,Religion,2016-07-20,OONI,
http://www.acidsurvivors.org/,HUMR,Human Rights Issues,2016-07-20,OONI,
https://www.hrw.org/asia/pakistan,HUMR,Human Rights Issues,2016-07-20,OONI,
http://nydailynews.com/,NEWS,News Media,2017-02-10,ANON,Blocked in Pakistan
https://www.deviantart.com/,CULTR,Culture,2017-08-13,OONI,
http://92newshd.tv/live/,NEWS,News Media,2017-11-27,OONI,Reportedly blocked
https://www.samaa.tv/live/,NEWS,News Media,2017-11-27,OONI,Reportedly blocked
http://live.arynews.tv/,NEWS,News Media,2017-11-27,OONI,Reportedly blocked
http://live.abbtakk.tv/,NEWS,News Media,2017-11-27,OONI,Reportedly blocked
http://aaj.tv/live/,NEWS,News Media,2017-11-27,OONI,Reportedly blocked
https://www.bolnetwork.com/,NEWS,News Media,2017-11-27,OONI,Reportedly blocked
http://capital.tv.com.pk/,NEWS,News Media,2017-11-27,OONI,Reportedly blocked
http://www.ktntv.tv/,NEWS,News Media,2017-11-27,OONI,Reportedly blocked
http://live.newsone.tv/,NEWS,News Media,2017-11-27,OONI,Reportedly blocked
https://www.suchtv.pk/,NEWS,News Media,2017-11-27,OONI,Reportedly blocked
http://waqtnews.tv/,NEWS,News Media,2017-11-27,OONI,Reportedly blocked
http://dunyanews.tv/,NEWS,News Media,2017-11-27,OONI,Reportedly blocked
https://live.geo.tv/,NEWS,News Media,2017-11-27,OONI,Reportedly blocked
https://dailycapital.pk/program/live/UC-an6pHQfTVZXgrLP0p1EGA/capital-tv-live,NEWS,News Media,2017-11-27,OONI,Reportedly blocked
https://live.express.pk/,NEWS,News Media,2017-11-27,OONI,Reportedly blocked
https://www.dawnnews.tv/watch-live/,NEWS,News Media,2017-11-27,OONI,Reportedly blocked
http://safenewsrooms.org/,NEWS,News Media,2018-05-21,Commmunity member,Reportedly blocked
https://ur.wikipedia.org/,CULTR,Culture,2018-07-06,Wikimedia,URLs provided by wikipedia based on the most popular language domains per country
https://bytesforall.pk/,HUMR,Human Rights Issues,2019-08-01,Netalitica,Official website of Rights based organization
http://www.pakvoices.pk/,HUMR,Human Rights Issues,2019-08-01,Netalitica,Can be blocked due to highlighting human rights issues 
http://www.killswitch.pk/,HUMR,Human Rights Issues,2019-08-01,Netalitica,Can be blocked
https://www.siasat.pk/forums/index.php?home/,NEWS,News Media,2019-08-01,Netalitica,Was temporarily blocked
https://pamirtimes.net/,NEWS,News Media,2019-08-01,Netalitica,Covers news of Gilgit Baltistan region
https://www.parhlo.com/,NEWS,News Media,2019-08-02,Netalitica,Can be blocked due to satirical content
https://www.indiapost.gov.in/,COMM,E-commerce,2019-08-02,Netalitica,Indian news website
http://www.artnowpakistan.com/,CULTR,Culture,2019-08-02,Netalitica,Can be blocked on different interpretations of art
http://www.pakistaniaat.org/,CULTR,Culture,2019-08-02,Netalitica,"Academic journal of Pakistani history, politics"
http://www.shehzadghias.com/,CULTR,Culture,2019-08-02,Netalitica,Website of a Pakistani stand-up comedian
https://bjp.org/,GOVT,Government,2019-08-02,Netalitica,Indian Political Party website
https://nchr.gov.pk/,GOVT,Government,2019-08-02,Netalitica,Official website of NCHR
http://www.mohr.gov.pk/,GOVT,Government,2019-08-02,Netalitica,Official website of Ministry of Human rights
https://defence.pk/,GOVT,Government,2019-08-02,Netalitica,News website including content relating to defence
https://doordarshan.gov.in/,GOVT,Government,2019-08-02,Netalitica,Indian State TV website
http://www.ncsw.gov.pk/,GOVT,Government,2019-08-02,Netalitica,Official website of National Commission for status on Women
https://pcsw.punjab.gov.pk/,GOVT,Government,2019-08-02,Netalitica,Official website of Punjab Commission for status on women
https://malala.org/,HUMR,Human Rights Issues,2019-08-02,Netalitica,Can be blocked due to propaganda against Malala
http://www.balochitvonline.com/,HUMR,Human Rights Issues,2019-08-02,Netalitica,Can be blocked for news regarding Balochs
https://baluchsarmachar.wordpress.com/,HUMR,Human Rights Issues,2019-08-02,Netalitica,Can be blocked for news regarding Balochs
https://www.af.org.pk/,HUMR,Human Rights Issues,2019-08-02,Netalitica,Official website of Aurat foundation (women rights organization)
https://mediamatters.pk/,HUMR,Human Rights Issues,2019-08-02,Netalitica,official website of Rights based organization
https://fdipakistan.org/,HUMR,Human Rights Issues,2019-08-02,Netalitica,official website of Rights based organization
https://visionpk.org/,HUMR,Human Rights Issues,2019-08-02,Netalitica,official website of Rights based organization
https://ips.org.pk/,HUMR,Human Rights Issues,2019-08-02,Netalitica,official website of a think tank
https://kiir.org.pk/,HUMR,Human Rights Issues,2019-08-02,Netalitica,official website of a think tank working on Kashmir
https://issi.org.pk/,HUMR,Human Rights Issues,2019-08-02,Netalitica,official website of Rights based organization
http://wajood.com.pk/,HUMR,Human Rights Issues,2019-08-02,Netalitica,official website of organization working on transgender rights
https://en.wikipedia.org/wiki/Pashtun_Tahafuz_Movement/,HUMR,Human Rights Issues,2019-08-02,Netalitica,Wikipedia page of PTM
https://aafiamovement.com/,HUMR,Human Rights Issues,2019-08-02,Netalitica,Website for Aafia Siddiqui
https://www.bolantimes.com/,HUMR,Human Rights Issues,2019-08-02,Netalitica,News from Baluchistan
http://pakistansafetycoalition.org/,HUMR,Human Rights Issues,2019-08-02,Netalitica,Coalition for media safety
https://www.mashaalradio.com/,HUMR,Human Rights Issues,2019-08-02,Netalitica,Was blocked due to coverage of PTM
http://www.internal-displacement.org/countries/pakistan/,HUMR,Human Rights Issues,2019-08-02,Netalitica,Page about IDPs
https://pff.org.pk/,HUMR,Human Rights Issues,2019-08-02,Netalitica,Website of Pakista fisherfolk
https://piler.org.pk/,HUMR,Human Rights Issues,2019-08-02,Netalitica,Data about labor and statistics in Pakistan
https://www.dai.com/our-work/projects/pakistan-aawaz-voice-and-accountability-programme/,HUMR,Human Rights Issues,2019-08-02,Netalitica,Website of a human rights organization
https://www.pakistanchristianpost.com/,HUMR,Human Rights Issues,2019-08-02,Netalitica,Website for Christian news in Pakistan
http://siraiki.blogspot.com/2013/12/saraiki-language.html,HUMR,Human Rights Issues,2019-08-02,Netalitica,Blog about Siraiki 
https://mangobaaz.com/,NEWS,News Media,2019-08-02,Netalitica,Can be blocked due to satirical content
https://zeenews.india.com/,NEWS,News Media,2019-08-02,Netalitica,Indian News Website (relevant to Global List)
https://www.pakistantoday.com.pk/,NEWS,News Media,2019-08-02,Netalitica,Pakistani News website
https://www.bbc.com/urdu/,NEWS,News Media,2019-08-02,Netalitica,Official website of BBC Urdu
https://www.insidevoa.com/p/6458.html,NEWS,News Media,2019-08-02,Netalitica,Can be blocked due to content
http://baluch.com/,NEWS,News Media,2019-08-02,Netalitica,Can be blocked due to content relating to Baluchistan
https://www.indiatoday.in/,NEWS,News Media,2019-08-02,Netalitica,Indian News Website
https://www.pressreader.com/,NEWS,News Media,2019-08-02,Netalitica,
https://pakobserver.net/,NEWS,News Media,2019-08-02,Netalitica,Pakistani News website
https://www.newsone.tv/,NEWS,News Media,2019-08-02,Netalitica,News website
https://nayadaur.tv/,NEWS,News Media,2019-08-02,Netalitica,News website
https://www.ibctamil.com/,NEWS,News Media,2019-08-02,Netalitica,Tamil News Website
https://www.pakistanpoint.com/,NEWS,News Media,2019-08-02,Netalitica,News website
https://khybernews.tv/,NEWS,News Media,2019-08-02,Netalitica,Regional news network
https://en.wikipedia.org/wiki/Anti-Pakistan_sentiment/,NEWS,News Media,2019-08-02,Netalitica,Wikipedia page of definition of 'Anti Pakistan'
https://insaf.pk/,POLR,Political Criticism,2019-08-02,Netalitica,Official website of PTI (Current government) 
http://pmln.org/,POLR,Political Criticism,2019-08-02,Netalitica,Official website of opposition party
https://juipak.org.pk/,POLR,Political Criticism,2019-08-02,Netalitica,Official website of opposition party
https://thecurrent.pk/,POLR,Political Criticism,2019-08-02,Netalitica,News about politics/political criticism
https://changinguppakistan.wordpress.com/,POLR,Political Criticism,2019-08-02,Netalitica,Satirical/political criticism website
http://www.pakistanmediawatch.com/,POLR,Political Criticism,2019-08-02,Netalitica,News website
https://www.thehindu.com/,REL,Religion,2019-08-02,Netalitica,Website for Hindu Religion
http://wapindia.eu.org/,SRCH,Search Engines,2019-08-03,Netalitica,Search Engine from India
http://www.saiynabashirphoto.com/portraiture/,CULTR,Culture,2019-08-03,Netalitica,
https://www.rd.com/,CULTR,Culture,2019-08-03,Netalitica,Readers Digest website (global relevance)
http://unforeseencontingencies.blogspot.com/,CULTR,Culture,2019-08-03,Netalitica,Can be blocked due to content
https://www.sbo.net/country/pakistan/,GMB,Gambling,2019-08-03,Netalitica,Sports Betting website
https://www.onlinecricketbetting.net/country/pakistan/,GMB,Gambling,2019-08-03,Netalitica,Sports Betting website
http://www.coioed.pk/,GOVT,Government,2019-08-03,Netalitica,Information about enforced disappearances
http://www.zemtv.com/,GRP,Social Networking,2019-08-03,Netalitica,News website
https://crssblog.com/,HOST,Hosting and Blogging Platforms,2019-08-03,Netalitica,Blog about security studies
https://khyberinstitute.wordpress.com/,HOST,Hosting and Blogging Platforms,2019-08-03,Netalitica,Regional Blog
https://kenanmalik.com/,HUMR,Human Rights Issues,2019-08-03,Netalitica,Blog of Indian born writer; Blocked in Pakistan
https://www.afghanistans.com/,HUMR,Human Rights Issues,2019-08-03,Netalitica,Website about Afghanistan
https://thefeministani.com/,HUMR,Human Rights Issues,2019-08-03,Netalitica,Website on feminism
https://www.frontlinedefenders.org/en/location/pakistan/,HUMR,Human Rights Issues,2019-08-03,Netalitica,Website on HRDs (Relevant globally; specific country page of Pakistan)
http://www.pihro.org/,HUMR,Human Rights Issues,2019-08-03,Netalitica,Website of a human rights organization
https://www.southpunjabnews.com/,HUMR,Human Rights Issues,2019-08-03,Netalitica,Regional News website
http://www.isocondor.com/,HUMR,Human Rights Issues,2019-08-03,Netalitica,Blog about Afghanistan
https://namati.org/network/member/Saba/,HUMR,Human Rights Issues,2019-08-03,Netalitica,Information about Saba Ismail
https://womendeliver.org/,HUMR,Human Rights Issues,2019-08-03,Netalitica,Information about Saba Ismail
https://www.peacedirect.org/,HUMR,Human Rights Issues,2019-08-03,Netalitica,news about Gulalai Ismail
https://www.awaregirls.org/,HUMR,Human Rights Issues,2019-08-03,Netalitica,Website of Aware girls
https://www.crunchbase.com/organization/aware-girls/,HUMR,Human Rights Issues,2019-08-03,Netalitica,Information about Aware girls
https://www.peacedirect.org/we-stand-with-gulalai-ismail/,HUMR,Human Rights Issues,2019-08-03,Netalitica,News for Gulalai Ismail
https://civicus.org/,HUMR,Human Rights Issues,2019-08-03,Netalitica,Official website of CIVICUS
https://www.change.org/p/united-nations-sign-calling-for-the-protection-of-women-s-rights-defender-gulalai-ismail/,HUMR,Human Rights Issues,2019-08-03,Netalitica,Petition for Gulalai Ismail
https://asianhrds.forum-asia.org/,HUMR,Human Rights Issues,2019-08-03,Netalitica,Website of Human rights defenders (Relevant locally)
https://forum-asia.org/,HUMR,Human Rights Issues,2019-08-03,Netalitica,Official Website (Asia relevance)
https://www.safeabortionwomensright.org/solidarity-request-for-gulalai-ismail-of-aware-girls-please-sign-the-petition/,HUMR,Human Rights Issues,2019-08-03,Netalitica,Website for signing petition in support of Gulalai Ismail
http://balochistanvoices.com/,HUMR,Human Rights Issues,2019-08-03,Netalitica,Regional news network
https://balochilinguist.wordpress.com/,HUMR,Human Rights Issues,2019-08-03,Netalitica,Regional Blog
https://thediplomat.com/2014/01/balochistans-missing-persons/,HUMR,Human Rights Issues,2019-08-03,Netalitica,News about Missing persons in Baluchistan
http://truthaboutbalochistan.blogspot.com/,HUMR,Human Rights Issues,2019-08-03,Netalitica,Blog about Balochistan
http://pakistancommandos.blogspot.com/,HUMR,Human Rights Issues,2019-08-03,Netalitica,Blog about Mama Qadeer
http://brahvitime.blogspot.com/,HUMR,Human Rights Issues,2019-08-03,Netalitica,Regional Blog
https://hafsakhawaja.wordpress.com/,HUMR,Human Rights Issues,2019-08-03,Netalitica,Blog on silencing Baluchistan
http://punjabpunch.blogspot.com/,HUMR,Human Rights Issues,2019-08-03,Netalitica,Regional Blog
http://spiritual-pakistan-future.blogspot.com/,HUMR,Human Rights Issues,2019-08-03,Netalitica,Blog on spirituality
https://www.christiantimes.pk/,NEWS,News Media,2019-08-03,Netalitica,Christianity website
https://www.rabwah.net/,NEWS,News Media,2019-08-03,Netalitica,Website about Ahmeddiya News
http://guides.library.duq.edu/disappearedpersons/Pakistan/,NEWS,News Media,2019-08-03,Netalitica,Information about enforced disappearances
https://borgenproject.org/facts-about-human-rights-in-pakistan/,NEWS,News Media,2019-08-03,Netalitica,Blog about Human rights in Pakistan
https://www.firstpost.com/,NEWS,News Media,2019-08-03,Netalitica,News website
https://www.tribalpost.pk/,NEWS,News Media,2019-08-03,Netalitica,Regional news network
http://www.marxistreview.asia/,NEWS,News Media,2019-08-03,Netalitica,News website
https://dikhawa.pk/blogs/,NEWS,News Media,2019-08-03,Netalitica,Pakistani Blog
https://goonj.pk/,NEWS,News Media,2019-08-03,Netalitica,Pakistani blog
https://www.dailyjiddat.com/,NEWS,News Media,2019-08-03,Netalitica,News website
https://newslinemagazine.com/,NEWS,News Media,2019-08-03,Netalitica,News website (News piece about PTM)
https://www.counterpunch.org/,NEWS,News Media,2019-08-03,Netalitica,News website (News piece in support PTM)
http://www.dailytimeskp.com/epaper/,NEWS,News Media,2019-08-03,Netalitica,Regional News website
https://www.tnn.com.pk/,NEWS,News Media,2019-08-03,Netalitica,Regional news website
http://www.afghanistantimes.af/,NEWS,News Media,2019-08-03,Netalitica,News about Afghanistam
http://www.newindianexpress.com/,NEWS,News Media,2019-08-03,Netalitica,Indian News website
https://pashtunexpress.com/,NEWS,News Media,2019-08-03,Netalitica,Regional news
https://theazb.com/,NEWS,News Media,2019-08-03,Netalitica,News website
https://afghanwarrior.com/,NEWS,News Media,2019-08-03,Netalitica,News website from Afghanistan
https://www.enmnews.com/tag/gulalai-ismail/,NEWS,News Media,2019-08-03,Netalitica,Information about Gulalai Ismal
https://www.urdupoint.com/,NEWS,News Media,2019-08-03,Netalitica,Urdu News website
http://www.apnapk.org/womens-rights-activist-gulalai-ismail-under-attack/,NEWS,News Media,2019-08-03,Netalitica,News  about PTM
https://www.pakdefense.com/,NEWS,News Media,2019-08-03,Netalitica,news about Gulalai Ismail
http://www.pashtoonnews.com/,NEWS,News Media,2019-08-03,Netalitica,Regional news network
https://voiceofinternet.com/,NEWS,News Media,2019-08-03,Netalitica,News about Gulalai Ismail
https://hamarainternet.org/,NEWS,News Media,2019-08-03,Netalitica,News about Aurat March 
https://www.pakpositive.com/,NEWS,News Media,2019-08-03,Netalitica,Blog regarding politics
https://muckrack.com/,NEWS,News Media,2019-08-03,Netalitica,News-Satire
https://sarcasmistan.pk/,NEWS,News Media,2019-08-03,Netalitica,Satirical website
http://www.balochistanaffairs.com/,NEWS,News Media,2019-08-03,Netalitica,Regional news network
https://punjabdisappeared.org/,NEWS,News Media,2019-08-03,Netalitica,website about disappearances in Punjab
https://news.vice.com/en_us/,NEWS,News Media,2019-08-03,Netalitica,Can be blocked due to content
https://www.jctv.org.pk/,NEWS,News Media,2019-08-03,Netalitica,Website on Christianity religion
https://www.pakistankakhudahafiz.com/blogs/,POLR,Political Criticism,2019-08-03,Netalitica,Political criticism website
http://www.riazhaq.com/,POLR,Political Criticism,2019-08-03,Netalitica,Blog about political criticism
https://medium.com/@nayadaurpk/topi-drama-of-caps-and-the-state-2309f6d4ccf3/,POLR,Political Criticism,2019-08-03,Netalitica,Website including news pieces with criticism on State
https://ziaurrehman.media/,POLR,Political Criticism,2019-08-03,Netalitica,News articles written about PTM
https://moeedpirzada.pk/,POLR,Political Criticism,2019-08-03,Netalitica,Blogs including criticism
https://javedrashid.blogspot.com/,POLR,Political Criticism,2019-08-03,Netalitica,Blog including political criticism
https://haroonriaz.wordpress.com/,POLR,Political Criticism,2019-08-03,Netalitica,Information about Gulalai Ismail
https://www.mediamatters.org/,POLR,Political Criticism,2019-08-03,Netalitica,Can be blocked due to content
https://www.marham.pk/,PUBH,Public Health,2019-08-03,Netalitica,Health website
https://www.shifaali.com/,PUBH,Public Health,2019-08-03,Netalitica,Website on health with spiritual elements
http://blog.sehat.com.pk/,PUBH,Public Health,2019-08-03,Netalitica,Health website
https://www.christiansinpakistan.com/,REL,Religion,2019-08-03,Netalitica,Website for christians in pakistan
http://www.gbcpakistan.org/,REL,Religion,2019-08-03,Netalitica,Christianity website
http://www.pbs.org.pk/,REL,Religion,2019-08-03,Netalitica,Christianity website
http://christforpakistanministries.org/,REL,Religion,2019-08-03,Netalitica,Christianity website
https://www.muslim.org/qadis/egypt_md.htm,REL,Religion,2019-08-03,Netalitica,Blog about Ahmeddiya
https://www.rabwah.net/pakistan-blocks-ahmadiyya-communitys-website/,REL,Religion,2019-08-03,Netalitica,Website about Ahmeddiya
https://the.ismaili/,REL,Religion,2019-08-03,Netalitica,Website about Ismailis
http://www.ismaili.net/,REL,Religion,2019-08-03,Netalitica,Webite about Ismaili
https://ismailimail.blog/featured/websites/,REL,Religion,2019-08-03,Netalitica,Blog about Ismaili
https://ismaili.imamat/,REL,Religion,2019-08-03,Netalitica,Blog about Ismaili
https://ismailidigest.org/about-ismaili-digest/,REL,Religion,2019-08-03,Netalitica,Blog about Ismaili
http://bibleblogyourlife.blogspot.com/,REL,Religion,2019-08-03,Netalitica,Blog on religion
https://golootlo.pk/,COMM,E-commerce,2019-08-03,Netalitica,Website for discounts in Pakistan
https://www.pakwheels.com/,COMM,E-commerce,2019-08-03,Netalitica,Website for Car purchase and sale
https://www.uber.com/pk/en/drive/,COMM,E-commerce,2019-08-03,Netalitica,Country page of Uber for Pakistan
https://www.bykea.com/,COMM,E-commerce,2019-08-03,Netalitica,Bike availing and riding service in Pakistan 
https://www.tehrantimes.com/,NEWS,News Media,2019-08-03,Netalitica,Website of Iranian News 
http://www.iran-daily.com/,NEWS,News Media,2019-08-03,Netalitica,Website of Iranian News 
https://irannewsdaily.com/,NEWS,News Media,2019-08-03,Netalitica,Website of Iranian News 
http://www.parstimes.com/,NEWS,News Media,2019-08-03,Netalitica,Website of Iranian News 
https://wwitv.com/,NEWS,News Media,2019-08-03,Netalitica,Website of Iranian News 
http://www.irib.ir/,NEWS,News Media,2019-08-03,Netalitica,Website of Iranian State Television
https://israel.tv/,NEWS,News Media,2019-08-03,Netalitica,Website from Israel 
http://tvisraellive.com/,NEWS,News Media,2019-08-03,Netalitica,Website from Israel 
https://www.pakistan24.tv/,NEWS,News Media,2019-08-03,Netalitica,Urdu News Website 
http://www.thetruthmag.com/,CULTR,Culture,2019-08-22,Netalitica,Editorials and Features
https://thelittleart.org/,CULTR,Culture,2019-08-22,Netalitica,website about art
https://canvasgallery.net/,CULTR,Culture,2019-08-22,Netalitica,Website about art
http://vaslart.org/,CULTR,Culture,2019-08-22,Netalitica,website about art
https://www.saatchiart.com/paintings/nude/pakistan/,CULTR,Culture,2019-08-22,Netalitica,Website about Art
http://blog.chughtaimuseum.com/?m=201405/,CULTR,Culture,2019-08-22,Netalitica,Website about Art
https://gallery6islamabad.com/,CULTR,Culture,2019-08-22,Netalitica,Website about Art
https://art-rooms.org/focus-on-pakistan/,CULTR,Culture,2019-08-22,Netalitica,Website about Art
https://eacpe.org/,CULTR,Culture,2019-08-22,Netalitica,Website about Art
http://cliftonartgallery.com/artist/colin-david/,CULTR,Culture,2019-08-22,Netalitica,Website about Art
http://cliftonartgallery.com/,CULTR,Culture,2019-08-22,Netalitica,Website about Art in Karachi
http://sagaar.org/,HUMR,Human Rights Issues,2019-08-22,Netalitica,Blocked in Pakistan; website of Baloch student organization (BSO)
https://drshabirchoudhry.blogspot.com/2019/05/,HUMR,Human Rights Issues,2019-08-22,Netalitica,Content about Kashmir
https://plan-international.org/pakistan,HUMR,Human Rights Issues,2019-08-22,Netalitica,Website about Plan International INGO
https://www.alifailaan.pk/,HUMR,Human Rights Issues,2019-08-22,Netalitica,Website about a Pakistani NGO
http://www.sahe.org.pk/,HUMR,Human Rights Issues,2019-08-22,Netalitica,Website about local NGO
http://hands.org.pk/2019/,HUMR,Human Rights Issues,2019-08-22,Netalitica,Website about Local NGO
http://www.hope-ngo.com/,HUMR,Human Rights Issues,2019-08-22,Netalitica,Website about NGO 
https://www.towleroad.com/,LGBT,LGBT,2019-08-22,Netalitica,Global Website- Can be blocked due to content about LGBT
http://jamatdawa.net/,MILX,Terrorism and Militants,2019-08-22,Netalitica,Website of militant Islami Organization
http://jdpmps.weebly.com/index.html,MILX,Terrorism and Militants,2019-08-22,Netalitica,Website in support of militant Islami Organization
http://www.jhuf.net/,MILX,Terrorism and Militants,2019-08-22,Netalitica,Blocked in Pakistan
http://ihyaekhilafat.blogspot.com/,MILX,Terrorism and Militants,2019-08-22,Netalitica,Blocked in Pakistan 
http://www.hizb-ut-tahrir.info/,MILX,Terrorism and Militants,2019-08-22,Netalitica,Blocked in Pakistan
http://www.hizb-pakistan.com/,MILX,Terrorism and Militants,2019-08-22,Netalitica,Blocked in Pakistan
http://fif.org.pk/,MILX,Terrorism and Militants,2019-08-22,Netalitica,Blocked in Pakistan; Website of Falahe Insaniyat Foundation (FIF)
http://www.alqalamonline.com/,NEWS,News Media,2019-08-22,Netalitica,Urdu News website
http://nawaeafghan.weebly.com/16621585157516061746-15881605157515851746.html,NEWS,News Media,2019-08-22,Netalitica,Magazine about Afghanistan
https://gandhara.rferl.org/,NEWS,News Media,2019-08-22,Netalitica,Can be blocked due to content about regional issues
https://hamariweb.com/,NEWS,News Media,2019-08-22,Netalitica,Website about Pakistani News
https://www.sina.pk/,PUBH,Public Health,2019-08-22,Netalitica,Website about Health
https://sehatkahani.com/,PUBH,Public Health,2019-08-22,Netalitica,Website about health
https://sachet.org.pk/,PUBH,Public Health,2019-08-22,Netalitica,Website about local NGO
http://www.jsopakistan.org/,REL,Religion,2019-08-22,Netalitica,Website about Shia sect
https://www.facebook.com/pages/Taqwa-Model-School-Official/289934821043393/,REL,Religion,2019-08-22,Netalitica,Facebook page
http://taqwamodelschool.com/,REL,Religion,2019-08-22,Netalitica,Website about Islamic Education system
http://momeen.blogspot.com/,REL,Religion,2019-08-22,Netalitica,Blog on Islam
http://www.fif.org.pk/?page_id=857/,REL,Religion,2019-08-22,Netalitica,Blocked in Pakistan
http://forum.mohaddis.com/forums/%D8%A8%DA%86%D9%88%DA%BA-%DA%A9%DB%8C-%D8%AA%D8%B1%D8%A8%DB%8C%D8%AA.577/,REL,Religion,2019-08-22,Netalitica,Forum about Islam
http://www.sadaaeislam.com/,REL,Religion,2019-08-22,Netalitica,Cannot be reached 
http://www.pasbane-haram.com/,REL,Religion,2019-08-22,Netalitica,Cannot be reached 
https://www.voice-of-islam.co.cc/,REL,Religion,2019-08-22,Netalitica,Website about Islam
http://www.musalmanbachay.com/,REL,Religion,2019-08-22,Netalitica,Website about Islam
http://www.fathuljawwad.com/,REL,Religion,2019-08-22,Netalitica,Content about Jihad
http://jihadepakistan.blogspot.com/,REL,Religion,2019-08-22,Netalitica,Blocked in Pakistan
http://www.sunnitehreek.com.pk/,REL,Religion,2019-08-22,Netalitica,Website about Sunni sect
http://strwp.weebly.com/,REL,Religion,2019-08-22,Netalitica,Website about Sunni sect Rawalpindi
http://pstislamabad.blogspot.com/p/pakistan-sunni-tehreek-videos.html,REL,Religion,2019-08-22,Netalitica,Website about religion
http://rangonoor.com/,REL,Religion,2019-08-22,Netalitica,Website about Islam
https://www.daraz.pk/,COMM,E-commerce,2019-08-26,Netalitica,Online shopping website in Pakistan
https://www.goto.com.pk/,COMM,E-commerce,2019-08-26,Netalitica,Online shopping website in Pakistan
http://yayvo.com/,COMM,E-commerce,2019-08-26,Netalitica,Online shopping website in Pakistan
https://homeshopping.pk/,COMM,E-commerce,2019-08-26,Netalitica,Online shopping website in Pakistan
https://www.shophive.com/,COMM,E-commerce,2019-08-26,Netalitica,Online shopping website in Pakistan
https://www.tajori.pk/,COMM,E-commerce,2019-08-26,Netalitica,Online shopping website in Pakistan
https://style.pk/,CULTR,Culture,2019-08-26,Netalitica,Content about film/television entertainment in Pakistan
https://www.siddysays.com/,CULTR,Culture,2019-08-26,Netalitica,Content about film/television entertainment in Pakistan
https://www.divaonline.com.pk/,CULTR,Culture,2019-08-26,Netalitica,Content about fashion/Entertainment industry in Pakistan
http://hellopakistanmag.com/hello-pakistan/,CULTR,Culture,2019-08-26,Netalitica,Content about entertainment industry in Pakistan
https://galaxylollywood.com/,CULTR,Culture,2019-08-26,Netalitica,Content about film/entertainment industry in Pakistan
https://etrends.pk/,CULTR,Culture,2019-08-26,Netalitica,Content about film/entertainment industry in Pakistan
http://page3magazine.com/,CULTR,Culture,2019-08-26,Netalitica,Content about entertainment industry in Pakistan
https://www.somethinghaute.com/,CULTR,Culture,2019-08-26,Netalitica,Content about fashion/Entertainment industry in Pakistan
https://www.bioenergyconsult.com/solid-waste-management-in-pakistan/,ENV,Environment,2019-08-26,Netalitica,website about environment
https://www.asiabet.org/pakistan/,GMB,Gambling,2019-08-26,Netalitica,Sports betting website (Pakistan specific page)
https://onlinebetting.com.pk/,GMB,Gambling,2019-08-26,Netalitica,Sports betting website from Pakistan
https://www.gamblingjudge.com/pakistan-betting-sites-and-bookmakers/,GMB,Gambling,2019-08-26,Netalitica,Sports betting website (Pakistan specific page)
http://www.bookieszone.com/pakistan.html,GMB,Gambling,2019-08-26,Netalitica,Sports betting website (Pakistan specific page)
http://www.pakistancricketbetting.com/,GMB,Gambling,2019-08-26,Netalitica,Sports betting website (Pakistan specific page)
https://moitt.gov.pk/,GOVT,Government,2019-08-26,Netalitica,Official website of Ministry of Information Technology
http://www.mofa.gov.pk/,GOVT,Government,2019-08-26,Netalitica,Official website of Ministry of Foreign Affairs
https://www.pta.gov.pk/,GOVT,Government,2019-08-26,Netalitica,Official website of Pakistan Telecommunication Authority
https://www.sindh.gov.pk/,GOVT,Government,2019-08-26,Netalitica,Official web portal of Sindh government
http://kp.gov.pk/Gov/Government.php,GOVT,Government,2019-08-26,Netalitica,Official web portal of KPK government
https://www.balochistan.gov.pk/,GOVT,Government,2019-08-26,Netalitica,Official web portal of Baluchistan government
https://punjab.gov.pk/,GOVT,Government,2019-08-26,Netalitica,Official web portal of Punjab government
https://www.pap.gov.pk/,GOVT,Government,2019-08-26,Netalitica,Official website of Punjab assembly in Pakistan
http://www.pas.gov.pk/index.php/home/en/,GOVT,Government,2019-08-26,Netalitica,Official website of Sindh assembly in Pakistan
http://pabalochistan.gov.pk/new/,GOVT,Government,2019-08-26,Netalitica,Official website of Balochistan assembly in Pakistan 
https://www.pakp.gov.pk/,GOVT,Government,2019-08-26,Netalitica,Official website of KPK assembly in Pakistan 
https://www.peshawarhighcourt.gov.pk/,GOVT,Government,2019-08-26,Netalitica,Official website of Peshawar high court in Pakistan
https://www.sindhhighcourt.gov.pk/,GOVT,Government,2019-08-26,Netalitica,Official website of Sindh High court in Pakistan
https://lhc.gov.pk/,GOVT,Government,2019-08-26,Netalitica,Official website of Lahore High Court in Pakistan 
https://bhc.gov.pk/,GOVT,Government,2019-08-26,Netalitica,Official website of Balochistan High court in Pakistan 
http://www.supremecourt.gov.pk/web/,GOVT,Government,2019-08-26,Netalitica,Official website of Supreme Court of Pakistan
http://www.gilgitbaltistan.gov.pk/,GOVT,Government,2019-08-26,Netalitica,Official portal of Gilgit Baltistan government
https://www.gbchiefcourt.gov.pk/,GOVT,Government,2019-08-26,Netalitica,Official portal of Gilgit Baltistan Court
http://www.sacgb.gov.pk/,GOVT,Government,2019-08-26,Netalitica,Official website of Supreme Appelate court of Gilgit Baltistan
https://www.interior.gov.pk/,GOVT,Government,2019-08-26,Netalitica,Official website of Interior Ministry
http://www.mocc.gov.pk/,GOVT,Government,2019-08-26,Netalitica,Ministry of Climate Change website
http://www.pakalumni.com/,GRP,Social Networking,2019-08-26,Netalitica,Social network for Pakistani students 
http://mymfb.com/,GRP,Social Networking,2019-08-26,Netalitica,Muslim Friends book social networking website as alternative to Facebook
https://www.thedotani.com/,HACK,Hacking Tools,2019-08-26,Netalitica,Blog about technology and digital marketing in Pakistan
https://pakistanhacker.com/,HACK,Hacking Tools,2019-08-26,Netalitica,Website on hacking/tools in Pakistan
https://hacktech.com.pk/,HACK,Hacking Tools,2019-08-26,Netalitica,Website on hacking/computer security/technological news
http://shirkatgah.org/,HUMR,Human Rights Issues,2019-08-26,Netalitica,Website of a human rights organization
https://www.sparcpk.org/,HUMR,Human Rights Issues,2019-08-26,Netalitica,Website of a human rights organization
http://www.uksresearch.com/,HUMR,Human Rights Issues,2019-08-26,Netalitica,Website of a human rights organization
https://www.auratraaj.co/,HUMR,Human Rights Issues,2019-08-26,Netalitica,Website about feminism in Pakistan
https://www.auratraaj.co/blog/2019/2/22/transforming-activist-to-model-bringing-kami-sid-to-the-runway/,HUMR,Human Rights Issues,2019-08-26,Netalitica,Blog about Kami Sid (First transgender model and activist of Pakistan)
http://dhrpk.com/,HUMR,Human Rights Issues,2019-08-26,Netalitica,Website about defending human rights in Pakistan/content of enforced disappearances
https://genderinteractivealliance.wordpress.com/,HUMR,Human Rights Issues,2019-08-26,Netalitica,Website of human rights organization working on transgender rights
http://www.wluml.org/contact/wrrc/content/womens-action-forum-waf/,HUMR,Human Rights Issues,2019-08-26,Netalitica,Information about women action forum Pakistan
http://www.insanfoundationtrust.org/,HUMR,Human Rights Issues,2019-08-26,Netalitica,Website of a human rights organization
https://www.ar-rahmah.org/,HUMR,Human Rights Issues,2019-08-26,Netalitica,"Website of a human rights INGO, placed under proscribed organizations by PTA"
https://en.wikipedia.org/wiki/Khidmat-e-Khalq_Foundation/,HUMR,Human Rights Issues,2019-08-26,Netalitica,Wikipedia page of Charitable organization in Pakistan
http://www.alfazalorganization.com/,HUMR,Human Rights Issues,2019-08-26,Netalitica,Website of banned human rights organization
https://en.wikipedia.org/wiki/PakTurk_International_Schools_and_Colleges/,HUMR,Human Rights Issues,2019-08-26,Netalitica,Wikipedia page of Pak Turk school systems-declared terror outfit in Pakistan
http://www.pk.undp.org/,IGO,Intergovernmental Organizations,2019-08-26,Netalitica,UNDP Pakistan website
https://en.wikipedia.org/wiki/Jamaat-ul-Ahrar/,MILX,Terrorism and Militants,2019-08-26,Netalitica,Wikipedia page of Jamaat ul Ahrar
https://en.wikipedia.org/wiki/Lashkar-e-Jhangvi/,MILX,Terrorism and Militants,2019-08-26,Netalitica,Wikipedia page of Lashkar-e-Jhangvi
https://en.wikipedia.org/wiki/Ansarul_Sharia_Pakistan/,MILX,Terrorism and Militants,2019-08-26,Netalitica,Wikipedia page of Ansarul Sharia 
https://en.wikipedia.org/wiki/Tehreek-e-Azaadi_Jammu_and_Kashmir/,MILX,Terrorism and Militants,2019-08-26,Netalitica,Wikipedia page of terrorist organization run by Hafiz Saeed
https://en.wikipedia.org/wiki/Jundallah_(Pakistan)/,MILX,Terrorism and Militants,2019-08-26,Netalitica,Wikipedia page of terrorist organization associated with Tehreek e Taliban
https://en.wikipedia.org/wiki/Abdul_Hamid_Khan_(politician)/,MILX,Terrorism and Militants,2019-08-26,Netalitica,Wikipedia page of chairman of banned organization Balawaristan National Front (BNF)
https://en.wikipedia.org/wiki/Lashkar-e-Taiba/,MILX,Terrorism and Militants,2019-08-26,Netalitica,Wikipedia page of the largest Islamic Militant group Lashkar e Taiba
https://en.wikipedia.org/wiki/Falah-e-Insaniat_Foundation/,MILX,Terrorism and Militants,2019-08-26,Netalitica,Wikipedia page of banned charity organization established by Jamat ud dawa
http://www.osrx.org/web/resolve/terror_group?group=f1492/,MILX,Terrorism and Militants,2019-08-26,Netalitica,Data about terror group Jamaat ul Ahrar
http://www.dopel.org/Al-Akhtar%20Trust.htm,MILX,Terrorism and Militants,2019-08-26,Netalitica,Data about Al-Akhtar trust
http://www.dopel.org/,MILX,Terrorism and Militants,2019-08-26,Netalitica,Database about people with extremist linkages 
https://www.youtube.com.pk/,MMED,Media sharing,2019-08-26,Netalitica,Pakistani page of Youtube (control purpose)
https://starzplay.pk/,MMED,Media sharing,2019-08-26,Netalitica,Video sharing website
http://pknewspaper.com/daily-mashriq-epaper/,NEWS,News Media,2019-08-26,Netalitica,Pakistani  News Group
https://alsharq.com.pk/pages/dpages/Karachi/khi-2.html,NEWS,News Media,2019-08-26,Netalitica,Pakistani News Paper
https://dailyintekhab.com.pk/,NEWS,News Media,2019-08-26,Netalitica,Pakistani News Paper
http://www.waziristantimes.com/,NEWS,News Media,2019-08-26,Netalitica,News about tribal regions
http://www.eyenewsnetwork.com/,NEWS,News Media,2019-08-26,Netalitica,News website
https://www.voadeewanews.com/,NEWS,News Media,2019-08-26,Netalitica,Pashto News blog of Voice of America
https://khabarial.com/,NEWS,News Media,2019-08-26,Netalitica,News Website from Afghanistan
https://bolojawan.com/,NEWS,News Media,2019-08-26,Netalitica,Website about movies and entertainment news in Pakistan
https://www.natcour.com/,NEWS,News Media,2019-08-26,Netalitica,News website from Pakistan
https://content.pk/,NEWS,News Media,2019-08-26,Netalitica,Content about news/video/fashion in Pakistan
https://www.voj.news/,NEWS,News Media,2019-08-26,Netalitica,Website about Journalist community in Pakistan
https://theprint.in/,NEWS,News Media,2019-08-26,Netalitica,News website from India
https://www.pakistantoday.com.pk/thedependent/,NEWS,News Media,2019-08-26,Netalitica,Satirical Website
https://www.brecorder.com/,NEWS,News Media,2019-08-26,Netalitica,Financial News website regional
https://www.republicworld.com/,POLR,Political Criticism,2019-08-26,Netalitica,Website run by Arnab Goswami from India
http://hoodbhoy.blogspot.com/,POLR,Political Criticism,2019-08-26,Netalitica,Blog including content on Pakistan and India
http://pakistanporntube.net/,PORN,Pornography,2019-08-26,Netalitica,Porn website-blocked in Pakistan
https://www.google.com.pk/,SRCH,Search Engines,2019-08-26,Netalitica,Local page of Google.com
https://www.orangeink.pk/,CULTR,Culture,2019-08-27,Netalitica,Website on lifestyle content in Pakistan
https://www.hipinpakistan.com/,CULTR,Culture,2019-08-27,Netalitica,Website about lifestyle/culture in Pakistan
http://karacheesy.com/,CULTR,Culture,2019-08-27,Netalitica,Website including blog of lifestyle in Karachi
https://cutacut.com/,CULTR,Culture,2019-08-27,Netalitica,Includes topics often considered tabboos in Pakistan
https://www.thekollective.pk/,CULTR,Culture,2019-08-27,Netalitica,Includes content related to entertainment industry in Pakistan
http://myloralai.blogspot.com/,CULTR,Culture,2019-08-27,Netalitica,Blog posts about politics and fashion
https://mashion.pk/,CULTR,Culture,2019-08-27,Netalitica,Posts about Fashion/lifestyle in Pakistan
https://socialdiary.pk/,CULTR,Culture,2019-08-27,Netalitica,Website about entertainment industry in Pakistan
https://www.brandsynario.com/,CULTR,Culture,2019-08-27,Netalitica,Website about lifestyle/entertainment in Pakistan
https://www.pakgamers.com/forums/,GAME,Gaming,2019-08-27,Netalitica,Websites for gamers in Pakistan
http://www.nr3c.gov.pk/,GOVT,Government,2019-08-27,Netalitica,Response centre for Cyber Crime in Pakistan 
https://www.nacp.gov.pk/,GOVT,Government,2019-08-27,Netalitica,National Aids Control Program in Pakistan
http://www.nhsrc.gov.pk/,GOVT,Government,2019-08-27,Netalitica,Official website of Ministry of National Health Services Regulation and Coordination in Pakistan
http://president.gov.pk/,GOVT,Government,2019-08-27,Netalitica,Official website for President of Pakistan
http://www.pakistan.gov.pk/,GOVT,Government,2019-08-27,Netalitica,Official website for Government of Pakistan
http://senate.gov.pk/en/index.php?id=-1&cattitle=Home/,GOVT,Government,2019-08-27,Netalitica,Official website for Senate of Pakistan
http://na.gov.pk/en/index.php,GOVT,Government,2019-08-27,Netalitica,Official website for National Assembly of Pakistan
https://foreignpolicy.com/2017/08/15/why-pakistan-hates-malala/,HATE,Hate Speech,2019-08-27,Netalitica,Global Website- Specific news article about why Malala is not liked in Pakistan
http://www.sindhunitedparty.org/,HUMR,Human Rights Issues,2019-08-27,Netalitica,Website of Sindhi nationalist party 
http://jeaysindhqaumimahaz.blogspot.com/,HUMR,Human Rights Issues,2019-08-27,Netalitica,Website of Sindhi nationalist party 
https://minorityrights.org/fifty/,HUMR,Human Rights Issues,2019-08-27,Netalitica,Minority rights (Global Relevance)
https://minorityrights.org/minorities/sindhis-and-mohajirs/,HUMR,Human Rights Issues,2019-08-27,Netalitica,Minority rights website (Sindhi & Mohajirs)
https://minorityrights.org/minorities/sheedis-2/,HUMR,Human Rights Issues,2019-08-27,Netalitica,Minority rights website (Sheedi)
https://minorityrights.org/minorities/shia-and-hazaras/,HUMR,Human Rights Issues,2019-08-27,Netalitica,Minority rights website (Shia and Hazara)
https://minorityrights.org/minorities/christians-5/,HUMR,Human Rights Issues,2019-08-27,Netalitica,Minority rights website (Christians)
https://minorityrights.org/minorities/ahmaddiyas/,HUMR,Human Rights Issues,2019-08-27,Netalitica,Minority rights website (Ahmadi)
https://minorityrights.org/minorities/baluchis-2/,HUMR,Human Rights Issues,2019-08-27,Netalitica,Minority rights website (Baluchis)
https://minorityrights.org/minorities/hindus-2/,HUMR,Human Rights Issues,2019-08-27,Netalitica,Minority rights website (Hindus)
https://minorityrights.org/minorities/pashtuns-2/,HUMR,Human Rights Issues,2019-08-27,Netalitica,Minority rights website (Pashtuns)
https://peoplesunderthreat.org/countries/pakistan/,HUMR,Human Rights Issues,2019-08-27,Netalitica,Page including information/data about minorities at risk in Pakistan
http://bedari.org.pk/,HUMR,Human Rights Issues,2019-08-27,Netalitica,Website of an organization working on human rights
https://digitalrightsmonitor.pk/,HUMR,Human Rights Issues,2019-08-27,Netalitica,Website of an organization working on digital rights in Pakistan
https://www.change.org/p/un-nomination-of-manzoor-ahmed-pashteen-for-nobel-peace-prize/,HUMR,Human Rights Issues,2019-08-27,Netalitica,Petition in support of  Manzoor Pashteen
http://www.t2f.biz/,HUMR,Human Rights Issues,2019-08-27,Netalitica,Website of The Second Floor (T2F) Café (The founder of this Café Sabeen Mahmud was assasinated)
https://beenasarwar.com/,HUMR,Human Rights Issues,2019-08-27,Netalitica,Websites including articles on various human rights issues 
http://voiceofgb.blogspot.com/,HUMR,Human Rights Issues,2019-08-27,Netalitica,Website for blog from Gilgit Baltistan
https://kashmirblogs.wordpress.com/,HUMR,Human Rights Issues,2019-08-27,Netalitica,Blog post for Kashmir Issue
https://kashmirfight.wordpress.com/,HUMR,Human Rights Issues,2019-08-27,Netalitica,Blog post for Kashmir Issue
http://www.akrsp.org.pk/,HUMR,Human Rights Issues,2019-08-27,Netalitica,Official website of a human rights organization working in Pakistan
https://nrsp.org.pk/,HUMR,Human Rights Issues,2019-08-27,Netalitica,Official website of a human rights organization working in Pakistan
https://www.counterextremism.com/countries/pakistan/,HUMR,Human Rights Issues,2019-08-27,Netalitica,Counter Extremism Countries (Pakistan specific page)
https://www.icj.org/country/asia-pacific/south-asia/pakistan/,HUMR,Human Rights Issues,2019-08-27,Netalitica,International Commission of Jurists website (Pakistan specific page)
https://unic.org.pk/,IGO,Intergovernmental Organizations,2019-08-27,Netalitica,UN Information Centre website for Pakistan
http://unesco.org.pk/,IGO,Intergovernmental Organizations,2019-08-27,Netalitica,UNESCO Pakistan website
https://morning.pk/,NEWS,News Media,2019-08-27,Netalitica,News media website of Pakistan
http://www.pak101.com/,NEWS,News Media,2019-08-27,Netalitica,Website including blog and content in Pakistan
http://www.awaztoday.pk/,NEWS,News Media,2019-08-27,Netalitica,News website from Pakistan
https://www.propergaanda.com/,NEWS,News Media,2019-08-27,Netalitica,Website of a digital media company including voices from progressive Pakistanis
http://www.dnanews.com.pk/,NEWS,News Media,2019-08-27,Netalitica,News website from Pakistan
https://timesofislamabad.com/,NEWS,News Media,2019-08-27,Netalitica,Website including blog of lifestyle in Islamabad
https://pukhtoogle.com/,NEWS,News Media,2019-08-27,Netalitica,Peshawar based news portal
https://aurora.dawn.com/,NEWS,News Media,2019-08-27,Netalitica,Website of Dawn News for promoting advertising in Pakistan
http://apnagilgit.com/,NEWS,News Media,2019-08-27,Netalitica,Website for News from Gilgit Baltistan region
https://www.pakistaniblogger.com/,NEWS,News Media,2019-08-27,Netalitica,Political news on issues such as Kashmir
https://www.tanqeed.org/,POLR,Political Criticism,2019-08-27,Netalitica,Website including criticism on state
https://lubpak.net/,POLR,Political Criticism,2019-08-27,Netalitica,News website including opinions/criticism 
https://laalpatti.com/,POLR,Political Criticism,2019-08-27,Netalitica,Website Including Political criticism in Pakistan
https://haroonriaz.wordpress.com/tag/malala-yousafzai/,POLR,Political Criticism,2019-08-27,Netalitica,Blog post in support of Malala Yousafzai
https://jibrannasir.com/,POLR,Political Criticism,2019-08-27,Netalitica,Website of human rights activist and independent emerging politician Jibran Nasir
https://en.wikipedia.org/wiki/Manzoor_Pashteen/,POLR,Political Criticism,2019-08-27,Netalitica,Wikipedia page of Manzoor Pashteen-chairman of Pashtun Tahafuz Movement (PTM)
https://www.pat.com.pk/english/index.html,POLR,Political Criticism,2019-08-27,Netalitica,"Website of Pakistan Awami Tehreek (PAT), a political party founded by Dr. Tahir ul Qadri"
https://en.wikipedia.org/wiki/Pakistan_and_state-sponsored_terrorism/,POLR,Political Criticism,2019-08-27,Netalitica,Wikipedia page of Pakistan and terrorism
https://www.recircle.life/,PUBH,Public Health,2019-08-27,Netalitica,Public health website- focus on topic of hygienic menstruation in Pakistan
https://www.naizindagi.org/,PUBH,Public Health,2019-08-27,Netalitica,An organization in Pakistan working for health and social services for those affected by HIV/AIDS
https://www.minhaj.org/,REL,Religion,2019-08-27,Netalitica,Website of an organization founded by Dr. Tahir ul Qadri
https://minhaj.tv/english/index.html,REL,Religion,2019-08-27,Netalitica,Website of an organization founded by Dr. Tahir ul Qadri
https://www.yansrhr.org/,XED,Sex Education,2019-08-27,Netalitica,Website of an organization working of Sexual and Reproductive rights in Pakistan
https://fpapak.org/,XED,Sex Education,2019-08-27,Netalitica,Website of a Family Planning Association in Pakistan
http://mariestopespk.org/,XED,Sex Education,2019-08-27,Netalitica,Website of an organization working on family planning rights in Pakistan
https://www.olx.com.pk/,COMM,E-commerce,2019-08-28,Netalitica,Website for buying and selling goods in Pakistan
https://www.zameen.com/,COMM,E-commerce,2019-08-28,Netalitica,Website for buying and selling land property in Pakistan
https://symbios.pk/,COMM,E-commerce,2019-08-28,Netalitica,Website for buying and selling goods in Pakistan
http://www.icar.pk/,COMM,E-commerce,2019-08-28,Netalitica,Website for buying and selling goods in Pakistan
https://egoods.pk/,COMM,E-commerce,2019-08-28,Netalitica,Website for buying and selling goods in Pakistan
https://www.chasevaluecentre.com/,COMM,E-commerce,2019-08-28,Netalitica,Website for buying and selling goods in Pakistan
https://www.telemart.pk/,COMM,E-commerce,2019-08-28,Netalitica,Website for buying and selling goods in Pakistan
https://www.ishopping.pk/,COMM,E-commerce,2019-08-28,Netalitica,Website for buying and selling goods in Pakistan
https://www.ptv.com.pk/,GOVT,Government,2019-08-28,Netalitica,State owned Television network
https://rsf.org/en/pakistan/,HUMR,Human Rights Issues,2019-08-28,Netalitica,Reporters Sans Frontières(Pakistan Specific Page)
https://www.pfuj.org/,HUMR,Human Rights Issues,2019-08-28,Netalitica,Website for union of journalists in Pakistan
https://www.karachipressclub.com/,HUMR,Human Rights Issues,2019-08-28,Netalitica,Website of Karachi Press Club
http://www.fnpk.org/,HUMR,Human Rights Issues,2019-08-28,Netalitica,Website of Freedom Network Pakistan
https://sappk.org/,HUMR,Human Rights Issues,2019-08-28,Netalitica,Website of South Asia partnership Pakistan
https://www.poda.org.pk/,HUMR,Human Rights Issues,2019-08-28,Netalitica,Website of a human rights organization based in Pakistan
https://www.jpp.org.pk/,HUMR,Human Rights Issues,2019-08-28,Netalitica,Website of Justice project Pakistan
http://csjpak.org/,HUMR,Human Rights Issues,2019-08-28,Netalitica,Website of a human rights organization working in Pakistan
http://awampk.org/,HUMR,Human Rights Issues,2019-08-28,Netalitica,Website of a human rights organization working in Pakistan
https://pakistan.savethechildren.net/,HUMR,Human Rights Issues,2019-08-28,Netalitica,Save the Children (Pakistan page)
https://dchd.org.pk/,HUMR,Human Rights Issues,2019-08-28,Netalitica,Website of a human rights organization in Pakistan
https://sahil.org/,HUMR,Human Rights Issues,2019-08-28,Netalitica,Website of a human rights organization in Pakistan
https://www.bllfpk.org/,HUMR,Human Rights Issues,2019-08-28,Netalitica,Website of a Human rights organization in Pakistan
https://upgrademinorities.org/,HUMR,Human Rights Issues,2019-08-28,Netalitica,Website of a Human rights organization in Pakistan
http://whiteribbon.org.pk/,HUMR,Human Rights Issues,2019-08-28,Netalitica,Website of a Human rights organization in Pakistan
https://sexualharassmentwatch.org/,HUMR,Human Rights Issues,2019-08-28,Netalitica,Website of a Human rights organization in Pakistan
http://wdo.org.pk/,HUMR,Human Rights Issues,2019-08-28,Netalitica,Website of a Human rights organization in Pakistan
https://aasha.org.pk/,HUMR,Human Rights Issues,2019-08-28,Netalitica,Website of a Human rights organization in Pakistan
http://www.safma.net/,HUMR,Human Rights Issues,2019-08-28,Netalitica,Website of a Human rights organization in Pakistan
http://crcp.org.pk/,HUMR,Human Rights Issues,2019-08-28,Netalitica,Website of a Human rights organization in Pakistan
http://crc.org.pk/,HUMR,Human Rights Issues,2019-08-28,Netalitica,Website of a Human rights organization in Pakistan
http://yfporg.pk/,HUMR,Human Rights Issues,2019-08-28,Netalitica,Website of a Human rights organization in Pakistan
http://sycop.org/,HUMR,Human Rights Issues,2019-08-28,Netalitica,Website of a Human rights organization in Pakistan
https://cdapak.org/,HUMR,Human Rights Issues,2019-08-28,Netalitica,Website of a Human rights organization in Pakistan
http://www.bargad.org.pk/,HUMR,Human Rights Issues,2019-08-28,Netalitica,Website of a Human rights organization in Pakistan
https://pildat.org/,HUMR,Human Rights Issues,2019-08-28,Netalitica,Website of a Human rights organization in Pakistan
http://pyo.org.pk/,HUMR,Human Rights Issues,2019-08-28,Netalitica,Website of a Human rights organization in Pakistan
http://yansrhr.org/,HUMR,Human Rights Issues,2019-08-28,Netalitica,Website of a Human rights organization in Pakistan
http://pya.org.pk/,HUMR,Human Rights Issues,2019-08-28,Netalitica,Website of a Human rights organization in Pakistan
http://oidworld.org/,HUMR,Human Rights Issues,2019-08-28,Netalitica,Website of a Human rights organization in Pakistan
https://www.ohchr.org/EN/Countries/AsiaRegion/Pages/PKIndex.aspx,IGO,Intergovernmental Organizations,2019-08-28,Netalitica,OHCHR Website (Pakistan specific page)
https://pk.usembassy.gov/,GOVT,Government,2019-08-28,Netalitica,US Embassy in Pakistan website
https://www.gov.uk/world/organisations/british-high-commission-islamabad/,GOVT,Government,2019-08-28,Netalitica,British High Commission Pakistan website
https://www.netherlandsworldwide.nl/countries/pakistan/about-us/embassy-in-islamabad/,GOVT,Government,2019-08-28,Netalitica,Netherlands Embassy in Pakistan website
https://pakistan.diplo.de/,GOVT,Government,2019-08-28,Netalitica,German Embassy in Pakistan website
http://www.kln.gov.my/web/pak_islamabad/home/,GOVT,Government,2019-08-28,Netalitica,High Commission of Malaysia In Pakistan
https://bolobhi.org/,MMED,Media sharing,2019-08-28,Netalitica,Website of Bolo Bhi
http://iranpress.com/,NEWS,News Media,2019-08-28,Netalitica,Iranian news website
https://www.geo.tv/,NEWS,News Media,2019-08-28,Netalitica,Website of Geo TV (local)
https://arynews.tv/,NEWS,News Media,2019-08-28,Netalitica,Website of ARY News
https://aaj.tv/,NEWS,News Media,2019-08-28,Netalitica,website of Aaj TV
https://www.humnews.pk/,NEWS,News Media,2019-08-28,Netalitica,Website of Hum News
https://www.urdunews.com/,NEWS,News Media,2019-08-28,Netalitica,Website of Urdu News
https://aapnews.pk/,NEWS,News Media,2019-08-28,Netalitica,Website of AAP News
https://92newshd.tv/,NEWS,News Media,2019-08-28,Netalitica,Website of 92 News
https://www.samaa.tv/,NEWS,News Media,2019-08-28,Netalitica,Website of Samaa News
https://www.24newshd.tv/,NEWS,News Media,2019-08-28,Netalitica,Website of 24 News
https://www.city42.tv/,NEWS,News Media,2019-08-28,Netalitica,Website of 42 News
https://www.mjunoon.tv/,NEWS,News Media,2019-08-28,Netalitica,Website containing access to all News channels in Pakistan
https://abbtakk.tv/,NEWS,News Media,2019-08-28,Netalitica,Website of Abb Takk News
http://www.publicnews.com/,NEWS,News Media,2019-08-28,Netalitica,Website of Public News
https://publictv.in/,NEWS,News Media,2019-08-28,Netalitica,Website of Public TV
http://hewad.org/,NEWS,News Media,2019-08-28,Netalitica,Website of an Afghanistan News Channel
https://www.tolonews.com/,NEWS,News Media,2019-08-28,Netalitica,Website of an Afghanistan News Channel
https://shamshadtv.tv/,NEWS,News Media,2019-08-28,Netalitica,Website of an Afghanistan News Channel
https://www.pajhwok.com/,NEWS,News Media,2019-08-28,Netalitica,Wesbite of an Afghanistan News Channel
https://www.afghanlive.tv/,NEWS,News Media,2019-09-11,Netalitica,Website of a portal providing access to major News channels from Afghanistan
https://www.vyprvpn.com/pakistan-vpn/,ANON,Anonymization and circumvention tools,2019-09-11,Netalitica,VPN Website from Pakistan
https://www.le-vpn.com/vpn-pakistan/,ANON,Anonymization and circumvention tools,2019-09-11,Netalitica,VPN Website from Pakistan
https://www.addictivetips.com/vpn/access-blocked-sites-pakistan/,ANON,Anonymization and circumvention tools,2019-09-11,Netalitica,Website including tips to use VPN in Pakistan
https://www.ivacy.com/vpn-servers/pakistan-vpn/,ANON,Anonymization and circumvention tools,2019-09-11,Netalitica,VPN Website from Pakistan
https://pk.ambafrance.org/,GOVT,Government,2019-09-11,Netalitica,Website of French Embassy in Pakistan
https://www.vfsglobal.ch/switzerland/pakistan/,GOVT,Government,2019-09-11,Netalitica,Website of Switzerland Embassy-Pakistan Specific Page
https://www.canadainternational.gc.ca/,GOVT,Government,2019-09-11,Netalitica,Website of Canadian High Commission to Pakistan
http://islamabad.mfa.ir/?siteid=241/,GOVT,Government,2019-09-11,Netalitica,Website of Embassy of Iran in Pakistan
https://pakistan.embassy.gov.au/,GOVT,Government,2019-09-11,Netalitica,Website of Australian High Commission in Pakistan
http://pk.chineseembassy.org/,GOVT,Government,2019-09-11,Netalitica,Website of Embassy of China in Pakistan
http://embassies.mofa.gov.sa/,GOVT,Government,2019-09-11,Netalitica,Website of Embassy of Saudi Arabia in Pakistan
https://www.globalvillagespace.com/,NEWS,News Media,2019-09-12,Netalitica,Articles citing criticism on current government
https://www.libertybooks.com/,COMM,E-commerce,2019-09-12,Netalitica,"Website for buying and selling books (themes include politics, LGBT)"
http://www.manhoos.com/,CULTR,Culture,2019-09-12,Netalitica,Satirical Website
https://www2.fundsforngos.org/,ECON,Economics,2019-09-12,Netalitica,Website for Funds for NGOs (Relevant globally and in Pakistan)
https://gallup.com.pk/,ECON,Economics,2019-09-12,Netalitica,Website of Gallup Pakistan
http://www.mora.gov.pk/,GOVT,Government,2019-09-12,Netalitica,Ministry of Religious Affairs website
http://cii.gov.pk/,GOVT,Government,2019-09-12,Netalitica,Council of Islamic Ideology Website
https://www.girlsnotbrides.org/child-marriage/pakistan/,HUMR,Human Rights Issues,2019-09-12,Netalitica,Country specific page of Girls not Brides organizations (They work against child marriages and have a wide network present through local organizations in Pakistan)
https://www.hive.org.pk/,HUMR,Human Rights Issues,2019-09-12,Netalitica,Website of a community space for hosting events and projects in Pakistan related to counter extremism
https://stratagem.pk/,HUMR,Human Rights Issues,2019-09-12,Netalitica,Presents analyses on various human rights issues in Pakistan
http://pakistanmission-un.org/,IGO,Intergovernmental Organizations,2019-09-12,Netalitica,Website of  Mission of Pakistan to UN
https://timesofindia.indiatimes.com/,NEWS,News Media,2019-09-12,Netalitica,Indian News Website
https://www.ndtv.com/,NEWS,News Media,2019-09-12,Netalitica,Indian News Website (Not accessible currently in Pakistan)
https://www.timesnownews.com/,NEWS,News Media,2019-09-12,Netalitica,Indian News Website
https://www.pakistanism.com/,SRCH,Search Engines,2019-09-12,Netalitica,Search Engine from Pakistan