url,category_code,category_description,date_added,source,notes
http://aamagazine.blogspot.com/,REL,Religion,2017-10-15,citizenlab,Arab atheists
http://afteegypt.org/,NEWS,News Media,2017-10-15,citizenlab,
http://al-jana.org/,CULTR,Culture,2017-10-15,citizenlab,Art and literature
http://albrhan.org/,HUMR,Human Rights Issues,2014-04-15,citizenlab,
http://alhag.net/,HUMR,Human Rights Issues,2014-04-15,citizenlab,
http://alkhaleejonline.net/,NEWS,News Media,2017-10-15,citizenlab,
http://almayadeen.net/,NEWS,News Media,2017-10-15,citizenlab,
http://alsaha.com/,NEWS,News Media,2017-10-15,citizenlab,Regional chatting forum
http://anaahor.blogspot.com/,REL,Religion,2017-10-15,citizenlab,Arab atheists
http://anbia.tripod.com/,REL,Religion,2017-10-15,citizenlab,
http://angryarab.blogspot.com/,NEWS,News Media,2014-04-15,citizenlab,
http://answer-islam.com/,REL,Religion,2017-10-15,citizenlab,
http://answering-islam.org/,HUMR,Human Rights Issues,2014-04-15,citizenlab,
https://ar-ar.facebook.com/Il7ad,REL,Religion,2017-10-15,citizenlab,Arab atheists
http://ar.wikishia.net/view/%D8%A7%D9%84%D8%B5%D9%81%D8%AD%D8%A9_%D8%A7%D9%84%D8%B1%D8%A6%D9%8A%D8%B3%D9%8A%D8%A9,HUMR,Human Rights Issues,2017-10-15,citizenlab,Minority rights and ethnic content
https://ar.wikisource.org/,CULTR,Culture,2018-07-06,Wikimedia,URLs provided by wikipedia based on the most popular language domains per country
http://arabanticorruption.org/,POLR,Political Criticism,2017-10-15,citizenlab,
http://arabatheistbroadcasting.com/,REL,Religion,2017-10-15,citizenlab,Arab atheists
http://arabel7ad.blogspot.com/,REL,Religion,2017-10-15,citizenlab,Arab atheists
http://arabgaypride.blogspot.com/,LGBT,LGBT,2017-10-15,citizenlab,
http://arabi21.com/,NEWS,News Media,2017-10-15,citizenlab,
http://arabic.peopledaily.com.cn/,NEWS,News Media,2014-04-15,citizenlab,
https://arabic.rt.com/,NEWS,News Media,2017-10-15,citizenlab,Russian news website
http://arabic.sputniknews.com/,NEWS,News Media,2017-10-15,citizenlab,Russian news agency
http://arabiclgbt.blogspot.com/,LGBT,LGBT,2017-10-15,citizenlab,
https://arabwomenwork.wordpress.com/,HUMR,Human Rights Issues,2017-10-15,citizenlab,Women rights
http://asrararabiya.com/,NEWS,News Media,2017-10-15,citizenlab,
http://ayaanhirsiali.web-log.nl/,NEWS,News Media,2014-04-15,citizenlab,
http://bahai-books.org/,HUMR,Human Rights Issues,2017-10-15,citizenlab,Bahai faith group
http://bahai-devotions.org/,HUMR,Human Rights Issues,2017-10-15,citizenlab,Bahai faith group
http://bahai-internet-services.org/,HUMR,Human Rights Issues,2017-10-15,citizenlab,Bahai faith group
http://bahai-readings.org/,HUMR,Human Rights Issues,2017-10-15,citizenlab,Bahai faith group
http://bahai-writings.org/,HUMR,Human Rights Issues,2017-10-15,citizenlab,Bahai faith group
http://bbcarabic.com/,NEWS,News Media,2014-04-15,citizenlab,
http://carnegie-mec.org/,POLR,Political Criticism,2017-10-15,citizenlab,
http://chouf-minorities.org/?lang=en,HUMR,Human Rights Issues,2017-10-15,citizenlab,Women rights
http://christian-dogma.com/,HUMR,Human Rights Issues,2017-10-15,citizenlab,"religious conversion, commentary and criticism"
http://club4moslems.8m.com/,REL,Religion,2017-10-15,citizenlab,
http://denypagetests.netsweeper.com/,NEWS,News Media,2014-04-15,citizenlab,
http://denypagetests.netsweeper.com/category/catno/1,COMM,E-commerce,2014-04-15,citizenlab,
http://denypagetests.netsweeper.com/category/catno/10,COMM,E-commerce,2014-04-15,citizenlab,
http://denypagetests.netsweeper.com/category/catno/11,COMM,E-commerce,2014-04-15,citizenlab,
http://denypagetests.netsweeper.com/category/catno/12,COMM,E-commerce,2014-04-15,citizenlab,
http://denypagetests.netsweeper.com/category/catno/13,COMM,E-commerce,2014-04-15,citizenlab,
http://denypagetests.netsweeper.com/category/catno/14,COMM,E-commerce,2014-04-15,citizenlab,
http://denypagetests.netsweeper.com/category/catno/15,COMM,E-commerce,2014-04-15,citizenlab,
http://denypagetests.netsweeper.com/category/catno/16,COMM,E-commerce,2014-04-15,citizenlab,
http://denypagetests.netsweeper.com/category/catno/160,NEWS,News Media,2014-04-15,citizenlab,
http://denypagetests.netsweeper.com/category/catno/166,COMM,E-commerce,2014-04-15,citizenlab,
http://denypagetests.netsweeper.com/category/catno/17,COMM,E-commerce,2014-04-15,citizenlab,
http://denypagetests.netsweeper.com/category/catno/170,NEWS,News Media,2014-04-15,citizenlab,
http://denypagetests.netsweeper.com/category/catno/18,COMM,E-commerce,2014-04-15,citizenlab,
http://denypagetests.netsweeper.com/category/catno/19,COMM,E-commerce,2014-04-15,citizenlab,
http://denypagetests.netsweeper.com/category/catno/2,COMM,E-commerce,2014-04-15,citizenlab,
http://denypagetests.netsweeper.com/category/catno/20,COMM,E-commerce,2014-04-15,citizenlab,
http://denypagetests.netsweeper.com/category/catno/21,NEWS,News Media,2014-04-15,citizenlab,
http://denypagetests.netsweeper.com/category/catno/22,COMM,E-commerce,2014-04-15,citizenlab,
http://denypagetests.netsweeper.com/category/catno/23,NEWS,News Media,2014-04-15,citizenlab,
http://denypagetests.netsweeper.com/category/catno/230,COMM,E-commerce,2014-04-15,citizenlab,
http://denypagetests.netsweeper.com/category/catno/24,COMM,E-commerce,2014-04-15,citizenlab,
http://denypagetests.netsweeper.com/category/catno/243,COMM,E-commerce,2014-04-15,citizenlab,
http://denypagetests.netsweeper.com/category/catno/244,COMM,E-commerce,2014-04-15,citizenlab,
http://denypagetests.netsweeper.com/category/catno/245,COMM,E-commerce,2014-04-15,citizenlab,
http://denypagetests.netsweeper.com/category/catno/246,COMM,E-commerce,2014-04-15,citizenlab,
http://denypagetests.netsweeper.com/category/catno/247,COMM,E-commerce,2014-04-15,citizenlab,
http://denypagetests.netsweeper.com/category/catno/248,COMM,E-commerce,2014-04-15,citizenlab,
http://denypagetests.netsweeper.com/category/catno/249,COMM,E-commerce,2014-04-15,citizenlab,
http://denypagetests.netsweeper.com/category/catno/25,COMM,E-commerce,2014-04-15,citizenlab,
http://denypagetests.netsweeper.com/category/catno/250,COMM,E-commerce,2014-04-15,citizenlab,
http://denypagetests.netsweeper.com/category/catno/252,COMM,E-commerce,2014-04-15,citizenlab,
http://denypagetests.netsweeper.com/category/catno/253,COMM,E-commerce,2014-04-15,citizenlab,
http://denypagetests.netsweeper.com/category/catno/254,COMM,E-commerce,2014-04-15,citizenlab,
http://denypagetests.netsweeper.com/category/catno/26,NEWS,News Media,2014-04-15,citizenlab,
http://denypagetests.netsweeper.com/category/catno/27,NEWS,News Media,2014-04-15,citizenlab,
http://denypagetests.netsweeper.com/category/catno/28,COMM,E-commerce,2014-04-15,citizenlab,
http://denypagetests.netsweeper.com/category/catno/29,COMM,E-commerce,2014-04-15,citizenlab,
http://denypagetests.netsweeper.com/category/catno/3,COMM,E-commerce,2014-04-15,citizenlab,
http://denypagetests.netsweeper.com/category/catno/30,COMM,E-commerce,2014-04-15,citizenlab,
http://denypagetests.netsweeper.com/category/catno/31,COMM,E-commerce,2014-04-15,citizenlab,
http://denypagetests.netsweeper.com/category/catno/32,NEWS,News Media,2014-04-15,citizenlab,
http://denypagetests.netsweeper.com/category/catno/33,COMM,E-commerce,2014-04-15,citizenlab,
http://denypagetests.netsweeper.com/category/catno/34,COMM,E-commerce,2014-04-15,citizenlab,
http://denypagetests.netsweeper.com/category/catno/35,COMM,E-commerce,2014-04-15,citizenlab,
http://denypagetests.netsweeper.com/category/catno/36,COMM,E-commerce,2014-04-15,citizenlab,
http://denypagetests.netsweeper.com/category/catno/37,COMM,E-commerce,2014-04-15,citizenlab,
http://denypagetests.netsweeper.com/category/catno/39,COMM,E-commerce,2014-04-15,citizenlab,
http://denypagetests.netsweeper.com/category/catno/4,COMM,E-commerce,2014-04-15,citizenlab,
http://denypagetests.netsweeper.com/category/catno/40,COMM,E-commerce,2014-04-15,citizenlab,
http://denypagetests.netsweeper.com/category/catno/41,COMM,E-commerce,2014-04-15,citizenlab,
http://denypagetests.netsweeper.com/category/catno/42,COMM,E-commerce,2014-04-15,citizenlab,
http://denypagetests.netsweeper.com/category/catno/43,COMM,E-commerce,2014-04-15,citizenlab,
http://denypagetests.netsweeper.com/category/catno/44,COMM,E-commerce,2014-04-15,citizenlab,
http://denypagetests.netsweeper.com/category/catno/45,COMM,E-commerce,2014-04-15,citizenlab,
http://denypagetests.netsweeper.com/category/catno/47,COMM,E-commerce,2014-04-15,citizenlab,
http://denypagetests.netsweeper.com/category/catno/48,COMM,E-commerce,2014-04-15,citizenlab,
http://denypagetests.netsweeper.com/category/catno/49,COMM,E-commerce,2014-04-15,citizenlab,
http://denypagetests.netsweeper.com/category/catno/5,COMM,E-commerce,2014-04-15,citizenlab,
http://denypagetests.netsweeper.com/category/catno/50,COMM,E-commerce,2014-04-15,citizenlab,
http://denypagetests.netsweeper.com/category/catno/51,COMM,E-commerce,2014-04-15,citizenlab,
http://denypagetests.netsweeper.com/category/catno/53,COMM,E-commerce,2014-04-15,citizenlab,
http://denypagetests.netsweeper.com/category/catno/54,COMM,E-commerce,2014-04-15,citizenlab,
http://denypagetests.netsweeper.com/category/catno/6,COMM,E-commerce,2014-04-15,citizenlab,
http://denypagetests.netsweeper.com/category/catno/7,NEWS,News Media,2014-04-15,citizenlab,
http://denypagetests.netsweeper.com/category/catno/8,COMM,E-commerce,2014-04-15,citizenlab,
http://denypagetests.netsweeper.com/category/catno/9,COMM,E-commerce,2014-04-15,citizenlab,
http://doha.news/,NEWS,News Media,2016-12-02,citizenlab,Mirror of blocked Doha News website
http://dohanews.co/,NEWS,News Media,2016-12-02,citizenlab,English news website reported blocked
http://dohanews.co/skype-confirms-that-it-is-blocked-in-qatar/,NEWS,News Media,2017-11-02,citizenlab,
http://el7adarab.blogspot.com/,REL,Religion,2017-10-15,citizenlab,Arab atheists
http://elmarsad.org/ar/,HUMR,Human Rights Issues,2017-10-15,citizenlab,Arab human rights monitor
http://elyon1.court.gov.il/eng/siyur/index.html,GOVT,Government,2017-10-15,citizenlab,Israel Supreme Court
https://en.wiktionary.org/,CULTR,Culture,2018-07-06,Wikimedia,URLs provided by wikipedia based on the most popular language domains per country
http://english.freecopts.net/english/,NEWS,News Media,2014-04-15,citizenlab,
http://freecopts.net/,GOVT,Government,2017-10-15,citizenlab,
http://gay-uae.blogspot.com/,LGBT,LGBT,2017-10-15,citizenlab,
http://gayguide.net/,LGBT,LGBT,2014-04-15,citizenlab,
http://gayguide.net/Middle_East/Qatar/,LGBT,LGBT,2014-04-15,citizenlab,
http://gayswithoutborders.wordpress.com/,LGBT,LGBT,2017-10-15,citizenlab,
http://hrw.org/,NEWS,News Media,2014-04-15,citizenlab,
http://hrw.org/doc/?t=arabic_mena&c=qatar,HUMR,Human Rights Issues,2014-04-15,citizenlab,
http://humum.net/,HUMR,Human Rights Issues,2014-04-15,citizenlab,
http://hustler.com/,PORN,Pornography,2014-04-15,citizenlab,
http://ibloga.blogspot.com/,NEWS,News Media,2014-04-15,citizenlab,
http://iknowpolitics.org/,HUMR,Human Rights Issues,2017-10-15,citizenlab,Women rights
http://il7adarabic.blogspot.com/,REL,Religion,2017-10-15,citizenlab,Arab atheists
http://internet.tumblr.com/,NEWS,News Media,2014-04-15,citizenlab,
http://islamion.com/,NEWS,News Media,2017-10-15,citizenlab,
http://islammemo.cc/,NEWS,News Media,2017-10-15,citizenlab,
http://jeeran.com/,HOST,Hosting and Blogging Platforms,2014-04-15,citizenlab,
http://karamah.org/,HUMR,Human Rights Issues,2017-10-15,citizenlab,Women rights
http://kvinfo.org/,HUMR,Human Rights Issues,2017-10-15,citizenlab,Women rights
http://ladeenioon.blogspot.com/,REL,Religion,2017-10-15,citizenlab,Arab atheists
http://lcweb2.loc.gov/,GOVT,Government,2014-04-15,citizenlab,
http://library.sheba.co.il/,CTRL,Control content,2017-10-15,citizenlab,Miriam Gutwirth Medical Library
http://magazinegaymaroc.blogspot.com/,LGBT,LGBT,2017-10-15,citizenlab,
http://mecc.org/,HUMR,Human Rights Issues,2017-10-15,citizenlab,Minority rights and ethnic content
http://metransparent.net/,POLR,Political Criticism,2014-04-15,citizenlab,
http://middleeasttransparent.com/en/,HUMR,Human Rights Issues,2017-10-15,citizenlab,NGO promotes transparency in the middle east
http://minuf.co.il/,CTRL,Control content,2017-10-15,citizenlab,Minuf Group
https://ml.wikipedia.org/,CULTR,Culture,2018-07-06,Wikimedia,URLs provided by wikipedia based on the most popular language domains per country
http://mubasher.aljazeera.net/,NEWS,News Media,2017-10-15,citizenlab,
http://muhammadorjesus.googlepages.com/home,REL,Religion,2017-10-15,citizenlab,
http://neswangy.net/,PORN,Pornography,2017-10-15,citizenlab,
http://no-ip.org/,ANON,Anonymization and circumvention tools,2017-10-15,citizenlab,
http://omeldunya.com/,POLR,Political Criticism,2017-10-15,citizenlab,
http://opl-now.org/,NEWS,News Media,2017-10-15,citizenlab,
https://plus.google.com/communities/117457850617621671508,REL,Religion,2017-10-15,citizenlab,Arab atheists
http://religion.tumblr.com/,NEWS,News Media,2014-04-15,citizenlab,
http://rhr.org.il/eng/,HUMR,Human Rights Issues,2014-04-15,citizenlab,
https://richarddawkins.net/,REL,Religion,2017-10-15,citizenlab,Richard Dawkins
http://shiaweb.org/,HUMR,Human Rights Issues,2017-10-15,citizenlab,Shia Web. Shiite Web site
http://shuhood.org/,HUMR,Human Rights Issues,2014-04-15,citizenlab,
http://sports.tumblr.com/,NEWS,News Media,2014-04-15,citizenlab,
http://syrian-es.com/,NEWS,News Media,2014-04-15,citizenlab,
http://tabee3iil7ad.blogspot.com/,REL,Religion,2017-10-15,citizenlab,Arab atheists
http://thenewkhalij.org/,NEWS,News Media,2017-10-15,citizenlab,
http://thissitedoesnotexist.il/,CTRL,Control content,2017-10-15,citizenlab,
http://thiswebsitedoesnotexistyet.tumblr.com/,CTRL,Control content,2014-04-15,citizenlab,
http://twitter.com/#!/gamaleid,NEWS,News Media,2017-10-15,citizenlab,Regional activist
http://twitter.com/#!/ghonim,NEWS,News Media,2017-10-15,citizenlab,Regional activist
http://twitter.com/Mashi97,NEWS,News Media,2017-10-15,citizenlab,Regional activist
http://twitter.com/abualkhair,NEWS,News Media,2017-10-15,citizenlab,Regional activist
https://twitter.com/arabatheisttv,REL,Religion,2017-10-15,citizenlab,Arab atheists
http://twitter.com/gamaleid,NEWS,News Media,2017-10-15,citizenlab,Regional activist
http://twitter.com/ghonim,NEWS,News Media,2017-10-15,citizenlab,Regional activist
https://twitter.com/mol7d_arabi,REL,Religion,2017-10-15,citizenlab,Arab atheists
https://twitter.com/qatarrescue?lang=ar,POLR,Political Criticism,2017-10-15,citizenlab,
http://www.14masom.com/,HUMR,Human Rights Issues,2014-04-15,citizenlab,
http://www.888poker.com/,GMB,Gambling,2017-10-15,citizenlab,
http://www.aaci.org.il/,GOVT,Government,2017-10-15,citizenlab,Association of Americans and Canadians in Israel
https://www.againstqatar.com/,POLR,Political Criticism,2014-04-15,citizenlab,Anti-Qatar campaign
http://www.agr.state.il.us/,GOVT,Government,2017-10-15,citizenlab,Illinois Department of Agriculture
http://www.ahewar.org/,NEWS,News Media,2014-04-15,citizenlab,
http://www.ahmedandsalim.com/,POLR,Political Criticism,2017-10-15,citizenlab,Ahmed and Salim
http://www.ahrfund.org/csoon/index.html,HUMR,Human Rights Issues,2017-10-15,citizenlab,Human rights
http://www.al-akhbar.com/,NEWS,News Media,2017-10-15,citizenlab,Lebanese newspaper
http://www.al-bab.com/,NEWS,News Media,2017-10-15,citizenlab,Regional Arabic blog/portal
http://www.al-ketab.net/,REL,Religion,2017-10-15,citizenlab,
http://www.al-monitor.com/,NEWS,News Media,2017-10-15,citizenlab,
http://www.al-sharq.com/,NEWS,News Media,2014-04-15,citizenlab,
http://www.al-watan.com/,NEWS,News Media,2014-04-15,citizenlab,
http://www.alahednews.com.lb/,NEWS,News Media,2017-10-15,citizenlab,Lebanese news site
http://www.alalam.ir/,NEWS,News Media,2014-04-15,citizenlab,
http://www.alarab.co.uk/,NEWS,News Media,2017-10-15,citizenlab,
http://www.alarab.qa/,POLR,Political Criticism,2017-10-15,citizenlab,
http://www.alarabiya.net/,NEWS,News Media,2014-04-15,citizenlab,
http://www.alarabonline.org/,NEWS,News Media,2014-04-15,citizenlab,
http://www.alaraby.co.uk/,NEWS,News Media,2017-10-15,citizenlab,Pan-Arab newspaper
https://www.alaraby.co.uk/,NEWS,News Media,2017-10-15,citizenlab,
http://www.albasrah.net/,NEWS,News Media,2014-04-15,citizenlab,
http://www.albawaba.com/,NEWS,News Media,2014-04-15,citizenlab,
http://www.alfarhan.org/,HUMR,Human Rights Issues,2017-10-15,citizenlab,Human rights
http://www.alhayat.com/,NEWS,News Media,2017-10-15,citizenlab,Pan-Arab newspaper
http://www.alhesbah.org/,MILX,Terrorism and Militants,2017-10-15,citizenlab,
https://www.alhurra.com/,NEWS,News Media,2017-10-15,citizenlab,
http://www.alkarama.org/,HUMR,Human Rights Issues,2017-10-15,citizenlab,Human rights
http://www.almayadeen.net/,NEWS,News Media,2017-10-15,citizenlab,Mayadeen TV
http://www.almktaba.com/,MILX,Terrorism and Militants,2014-04-15,citizenlab,
http://www.alnour.com.lb/,NEWS,News Media,2017-10-15,citizenlab,al-Nour Radio is the official radio station of Hizbollah
http://www.alquds.co.uk/,NEWS,News Media,2014-04-15,citizenlab,
http://www.alsaheefa.net/,NEWS,News Media,2017-10-15,citizenlab,
http://www.althaqlain.com/,HUMR,Human Rights Issues,2017-10-15,citizenlab,Free expression and media freedom
https://www.amazigh24.com/,HUMR,Human Rights Issues,2017-10-15,citizenlab,Minority rights and ethnic content
https://www.amazighcity.com/,HUMR,Human Rights Issues,2017-10-15,citizenlab,Minority rights and ethnic content
https://www.amazighlove.com/,HUMR,Human Rights Issues,2017-10-15,citizenlab,Minority rights and ethnic content
http://www.amin.org/,NEWS,News Media,2014-04-15,citizenlab,
http://www.amnesty.org/ar,HUMR,Human Rights Issues,2017-10-15,citizenlab,Article about Moroccan abuses of W. Saharans
http://www.amnestyusa.org/,HUMR,Human Rights Issues,2014-04-15,citizenlab,
http://www.anhri.net/,HUMR,Human Rights Issues,2014-04-15,citizenlab,
http://www.annabaa.org/,HUMR,Human Rights Issues,2017-10-15,citizenlab,Annabaa. Shiite news portal.
http://www.annd.org/arabic/index.php,HUMR,Human Rights Issues,2017-10-15,citizenlab,Human rights
http://www.ansarh.com/,HUMR,Human Rights Issues,2017-10-15,citizenlab,Muslim Shia Web site
http://www.ansarweb.net/,HUMR,Human Rights Issues,2017-10-15,citizenlab,Muslim Shia Web site
http://www.anti-cair-net.org/,NEWS,News Media,2014-04-15,citizenlab,
http://www.antiquities.org.il/,GOVT,Government,2017-10-15,citizenlab,
http://www.apfw.org/,NEWS,News Media,2014-04-15,citizenlab,
http://www.arabatheist.humanists.net/,REL,Religion,2017-10-15,citizenlab,Arab atheists
http://www.arabchurch.com/,NEWS,News Media,2017-10-15,citizenlab,
http://www.arabfamilies.org/,HUMR,Human Rights Issues,2017-10-15,citizenlab,Women rights
http://www.arabhomosexual.com/SMF/index.php,LGBT,LGBT,2017-10-15,citizenlab,
http://www.arabhumanrights.org/,HUMR,Human Rights Issues,2014-04-15,citizenlab,
http://www.arabiadate.com/,DATE,Online Dating,2017-10-15,citizenlab,
http://www.arabianfest.com/,DATE,Online Dating,2014-04-15,citizenlab,
http://www.arabic-club.de/,REL,Religion,2017-10-15,citizenlab,
http://www.arabicbible.com/,REL,Religion,2014-04-15,citizenlab,
http://www.arabicpoems.com/,CULTR,Culture,2017-10-15,citizenlab,Arabic literature
http://www.arabruleoflaw.org/,HUMR,Human Rights Issues,2017-10-15,citizenlab,Human rights
http://www.arabstoday.net/,NEWS,News Media,2017-10-15,citizenlab,Arabic media
http://www.arabwomenorg.org/,HUMR,Human Rights Issues,2017-10-15,citizenlab,Women rights
http://www.asseer.com/,MILX,Terrorism and Militants,2017-10-15,citizenlab,Saudi separatist group
http://www.azzaman.com/,NEWS,News Media,2014-04-15,citizenlab,
http://www.baath-party.org/,POLR,Political Criticism,2014-04-15,citizenlab,
http://www.bahai-faith.org/,HUMR,Human Rights Issues,2014-04-15,citizenlab,
http://www.bahai.com/,HUMR,Human Rights Issues,2014-04-15,citizenlab,
http://www.basket.co.il/,GOVT,Government,2017-10-15,citizenlab,Israel Basketball League
http://www.bayynat.org/,POLR,Political Criticism,2017-10-15,citizenlab,Sayyid Muhammad Hussein Fadlallah's website (spiritual guide of Hizbollah's Secretary General)
http://www.bbc.co.uk/arabic/,NEWS,News Media,2017-10-15,citizenlab,BBC Arabic
http://www.behidden.com/,ANON,Anonymization and circumvention tools,2017-10-15,citizenlab,
http://www.bet365.com/en/,GMB,Gambling,2017-10-15,citizenlab,
https://www.biblegateway.com/,HUMR,Human Rights Issues,2017-10-15,citizenlab,Minority rights and ethnic content
http://www.biblequery.org/,REL,Religion,2017-10-15,citizenlab,
http://www.bintelnas.org/,LGBT,LGBT,2017-10-15,citizenlab,
http://www.blogjihad.com/,MILX,Terrorism and Militants,2017-10-15,citizenlab,Blog about politics and social issues in UAE
http://www.boi.org.il/,GOVT,Government,2017-10-15,citizenlab,Bank of Israel
https://www.boutique-berbere.com/,HUMR,Human Rights Issues,2017-10-15,citizenlab,Minority rights and ethnic content
http://www.business-humanrights.org/,HUMR,Human Rights Issues,2014-04-15,citizenlab,
https://www.bwin.com/,GMB,Gambling,2017-10-15,citizenlab,
http://www.caironewss.com/,NEWS,News Media,2017-10-15,citizenlab,
http://www.cawtar.org/,HUMR,Human Rights Issues,2017-10-15,citizenlab,Women rights
http://www.cbs.gov.il/,GOVT,Government,2017-10-15,citizenlab,Central Bureau of Statistics of Israel
http://www.cdl.com.lb/,GMB,Gambling,2014-04-15,citizenlab,
http://www.centerforinquiry.net/isis/,REL,Religion,2017-10-15,citizenlab,Center for secularing Islamic societies
http://www.cewla.org/,HUMR,Human Rights Issues,2017-10-15,citizenlab,Women rights
http://www.chatqatar.com/,NEWS,News Media,2014-04-15,citizenlab,
http://www.childsrights.org/,HUMR,Human Rights Issues,2014-04-15,citizenlab,
http://www.christianmuslimanswers.com/,REL,Religion,2017-10-15,citizenlab,
https://www.cia.gov/library/publications/the-world-factbook/geos/qa.html,GOVT,Government,2014-04-15,citizenlab,
http://www.cnnarabic.com/,NEWS,News Media,2014-04-15,citizenlab,
http://www.coepaonline.org/,HUMR,Human Rights Issues,2017-10-15,citizenlab,The Coptic Orthodox e-Publishing - Australia (COEPA)
http://www.coptic-church.org.uk/,HUMR,Human Rights Issues,2017-10-15,citizenlab,Minority rights and ethnic content
http://www.coptic.net/,HUMR,Human Rights Issues,2014-04-15,citizenlab,
http://www.cpj.org/attacks00/mideast00/Gulf.html,HUMR,Human Rights Issues,2017-10-15,citizenlab,Committee to Protect Journalists
http://www.crin.org/,HUMR,Human Rights Issues,2014-04-15,citizenlab,
http://www.danielpipes.org/,NEWS,News Media,2014-04-15,citizenlab,
http://www.debate.org.uk/,REL,Religion,2017-10-15,citizenlab,
http://www.defendingwomen-defendingrights.org/,HUMR,Human Rights Issues,2014-04-15,citizenlab,
http://www.detarabiskeinitiativ.dk/ar/,HUMR,Human Rights Issues,2017-10-15,citizenlab,Women rights
http://www.drahmadnofal.com/,POLR,Political Criticism,2017-10-15,citizenlab,
http://www.dubai-escort-list.com/,DATE,Online Dating,2017-10-15,citizenlab,
http://www.dw.com/ar,NEWS,News Media,2017-10-15,citizenlab,German news service
http://www.dwwen.com/,HOST,Hosting and Blogging Platforms,2017-10-15,citizenlab,
http://www.ehcconline.org/,HUMR,Human Rights Issues,2017-10-15,citizenlab,Regional women NGO
http://www.elaph.com/,NEWS,News Media,2014-04-15,citizenlab,
http://www.emasc-uae.com/,NEWS,News Media,2017-10-15,citizenlab,
http://www.emirates71.org/,POLR,Political Criticism,2017-10-15,citizenlab,
http://www.endvaw.org/,HUMR,Human Rights Issues,2017-10-15,citizenlab,International women NGO
http://www.equalitynow.org/,HUMR,Human Rights Issues,2014-04-15,citizenlab,
http://www.equalpowerlastingpeace.org/ar/,HUMR,Human Rights Issues,2017-10-15,citizenlab,Women rights
http://www.eremnews.com/,NEWS,News Media,2017-10-15,citizenlab,Arab news portal
http://www.euro4arab.com/,DATE,Online Dating,2017-10-15,citizenlab,
http://www.euromedrights.net/,HUMR,Human Rights Issues,2017-10-15,citizenlab,The Euro-Mediterranean Human Rights Network
http://www.evemodels.com/,DATE,Online Dating,2017-10-15,citizenlab,
http://www.extratorrent.com/,FILE,File-sharing,2017-10-15,citizenlab,
https://www.facebook.com/ArabAtheistBroadcasting/,REL,Religion,2017-10-15,citizenlab,Arab atheists
https://www.facebook.com/Dr.AhmadNofal/,POLR,Political Criticism,2017-10-15,citizenlab,
https://www.facebook.com/DrBakkar1/,POLR,Political Criticism,2017-10-15,citizenlab,
https://www.facebook.com/Egypt.President.Morsi/,POLR,Political Criticism,2017-10-15,citizenlab,
https://www.facebook.com/GayStarNews/,LGBT,LGBT,2017-10-15,citizenlab,
https://www.facebook.com/IkhwanWorld/,POLR,Political Criticism,2017-10-15,citizenlab,
https://www.facebook.com/Il7ad/,REL,Religion,2017-10-15,citizenlab,Arab atheists
https://www.facebook.com/TheEnlightenedMinds/,LGBT,LGBT,2017-10-15,citizenlab,
https://www.facebook.com/bostan.ikhwan/,POLR,Political Criticism,2017-10-15,citizenlab,
https://www.facebook.com/rwanyouns/,LGBT,LGBT,2017-10-15,citizenlab,
http://www.faithfreedom.org/,REL,Religion,2017-10-15,citizenlab,Faith Freedom International - grassroots movement of ex-Muslims
http://www.flcckuwait.com/,HUMR,Human Rights Issues,2017-10-15,citizenlab,Expat Christian group
http://www.flickr.com/photos/miskan/4581554/,LGBT,LGBT,2017-10-15,citizenlab,
http://www.france24.com/,NEWS,News Media,2017-10-15,citizenlab,France 24 news service
http://www.freearabvoice.org/,POLR,Political Criticism,2014-04-15,citizenlab,
http://www.freedomhouse.org/,HUMR,Human Rights Issues,2014-04-15,citizenlab,
http://www.freemuslim.org/,HUMR,Human Rights Issues,2014-04-15,citizenlab,
http://www.fulltiltpoker.com/,GMB,Gambling,2017-10-15,citizenlab,
http://www.galilcol.ac.il/,CTRL,Control content,2014-04-15,citizenlab,
http://www.gayalgerie.net/,LGBT,LGBT,2017-10-15,citizenlab,
http://www.gayarab.org/,LGBT,LGBT,2017-10-15,citizenlab,
http://www.gaymaroc.net/,LGBT,LGBT,2017-10-15,citizenlab,
http://www.gaystarnews.com/,LGBT,LGBT,2017-10-15,citizenlab,
http://www.ghaliboun.net/,MILX,Terrorism and Militants,2017-10-15,citizenlab,Pro-Hizbullah group
http://www.glas.org/,LGBT,LGBT,2017-10-15,citizenlab,
http://www.globalfundforwomen.org/,HUMR,Human Rights Issues,2017-10-15,citizenlab,Women rights
http://www.globalgayz.com/,LGBT,LGBT,2017-10-15,citizenlab,
https://www.google.co.il/,SRCH,Search Engines,2017-10-15,citizenlab,Google Israel
https://www.google.com/earth/,CTRL,Control content,2017-10-15,citizenlab,
http://www.greenbo.co.il/,CTRL,Control content,2017-10-15,citizenlab,
http://www.gulf-times.com/,NEWS,News Media,2014-04-15,citizenlab,
http://www.haaretz.co.il/,NEWS,News Media,2017-10-15,citizenlab,Israeli Web site
http://www.hadash.org.il/,POLR,Political Criticism,2017-10-15,citizenlab,Israeli Web site
http://www.haifawehbe.com/,NEWS,News Media,2014-04-15,citizenlab,
http://www.hajr.org/,HUMR,Human Rights Issues,2017-10-15,citizenlab,Muslim Shia Web site
http://www.hajr.org/forum/index.php,HUMR,Human Rights Issues,2017-10-15,citizenlab,Muslim Shia Web site
http://www.haya.org/,REL,Religion,2017-10-15,citizenlab,"Religious conversion, commentary and criticism"
http://www.historyofnations.net/,NEWS,News Media,2017-10-15,citizenlab,History of Nations
http://www.hizbollah.org/,NEWS,News Media,2014-04-15,citizenlab,
http://www.hri.ca/,HUMR,Human Rights Issues,2014-04-15,citizenlab,
http://www.hritc.net/,HUMR,Human Rights Issues,2017-10-15,citizenlab,Human Rights information and training center
http://www.hrw.org/ar,HUMR,Human Rights Issues,2017-10-15,citizenlab,human rights organization's arabic page
http://www.huffpostarabi.com/,NEWS,News Media,2017-10-15,citizenlab,Huff Post Arabic
http://www.humum.net/,HUMR,Human Rights Issues,2017-10-15,citizenlab,Arabic human rights web site
http://www.ibwgdubai.com/,HUMR,Human Rights Issues,2017-10-15,citizenlab,Women rights
http://www.icw-cif.org/,HUMR,Human Rights Issues,2017-10-15,citizenlab,Women rights
http://www.idf.il/,GOVT,Government,2017-10-15,citizenlab,Israeli Web site
http://www.ikhwan.net/,POLR,Political Criticism,2017-10-15,citizenlab,Opposition political party
http://www.ikhwan.net/forum/,POLR,Political Criticism,2017-10-15,citizenlab,Discussion forum sponsored by opposition political party
http://www.ikhwanonline.com/,NEWS,News Media,2017-10-15,citizenlab,
http://www.ikhwantube.com/,NEWS,News Media,2017-10-15,citizenlab,
http://www.ikhwanweb.com/,POLR,Political Criticism,2014-04-15,citizenlab,
http://www.il7ad.com/,REL,Religion,2017-10-15,citizenlab,Arab atheists
https://www.il7ad.org/vb/index.php,REL,Religion,2017-10-15,citizenlab,Arab atheists
http://www.independentdubaiescorts.com/,PORN,Pornography,2017-10-15,citizenlab,
http://www.internewsmena.org/,HUMR,Human Rights Issues,2017-10-15,citizenlab,Internews MENA
http://www.iraqiwomensleague.com/,HUMR,Human Rights Issues,2017-10-15,citizenlab,Women rights
http://www.irshadmanji.com/,REL,Religion,2014-04-15,citizenlab,
http://www.irshadmanji.com/arabic-edition,REL,Religion,2017-10-15,citizenlab,Critical of Islam
http://www.isa.gov.il/,GOVT,Government,2014-04-15,citizenlab,
http://www.islammemo.cc/,NEWS,News Media,2014-04-15,citizenlab,
http://www.islamonline.net/,NEWS,News Media,2017-10-15,citizenlab,Regional Arabic online news portal
http://www.islamreview.com/,REL,Religion,2017-10-15,citizenlab,
http://www.islamtoday.net/,NEWS,News Media,2017-10-15,citizenlab,Regional news portal from Islamist's point of view
http://www.islamway.com/,REL,Religion,2017-10-15,citizenlab,Islam Way
http://www.israel.com/,GOVT,Government,2017-10-15,citizenlab,Israeli Web site
http://www.ivillage.com/,HUMR,Human Rights Issues,2017-10-15,citizenlab,ivillage magazine
http://www.j-c-w.org/,HUMR,Human Rights Issues,2017-10-15,citizenlab,Women rights
http://www.jadal.org/,POLR,Political Criticism,2017-10-15,citizenlab,Research organization promotes political discussion
http://www.jasadmag.com/,HUMR,Human Rights Issues,2017-10-15,citizenlab,Jasad magazine
http://www.jihadwatch.org/,NEWS,News Media,2014-04-15,citizenlab,
http://www.justadultsites.com/,PORN,Pornography,2017-10-15,citizenlab,
http://www.kayan.org.il/ar/,HUMR,Human Rights Issues,2017-10-15,citizenlab,Women rights
http://www.khayma.com/,DATE,Online Dating,2017-10-15,citizenlab,
http://www.kickasstorrents.com/,FILE,File-sharing,2017-10-15,citizenlab,
http://www.kitabat.com/,NEWS,News Media,2017-10-15,citizenlab,Kitabat (writings)
http://www.knesset.gov.il/,GOVT,Government,2017-10-15,citizenlab,Israeli Web site
http://www.kurdtimes.com/,NEWS,News Media,2017-10-15,citizenlab,
http://www.ladeeni.net/,REL,Religion,2017-10-15,citizenlab,Arab atheists
http://www.lahamag.com/Global,HUMR,Human Rights Issues,2017-10-15,citizenlab,Women rights
http://www.lahaonline.com/,HUMR,Human Rights Issues,2017-10-15,citizenlab,Women rights
http://www.lavaplace.com/,DATE,Online Dating,2017-10-15,citizenlab,
http://www.learningpartnership.org/ar,HUMR,Human Rights Issues,2017-10-15,citizenlab,Women rights
http://www.lebraly.com/,POLR,Political Criticism,2017-10-15,citizenlab,Liberal Blog
http://www.light-of-life.com/,HUMR,Human Rights Issues,2014-04-15,citizenlab,
http://www.light-of-life.com/index.htm,REL,Religion,2017-10-15,citizenlab,
http://www.likud.org.il/,GOVT,Government,2017-10-15,citizenlab,Israeli Web site
http://www.luxuryjoy.com/,DATE,Online Dating,2017-10-15,citizenlab,
http://www.macmag-glip.org/,HUMR,Human Rights Issues,2017-10-15,citizenlab,International women NGO
http://www.mahdi-alumma.com/,REL,Religion,2017-10-15,citizenlab,Cntroversial religious content
http://www.mahjoob.com/,NEWS,News Media,2014-04-15,citizenlab,
http://www.marxy.com/,POLR,Political Criticism,2017-10-15,citizenlab,
http://www.mc-doualiya.com/,NEWS,News Media,2017-10-15,citizenlab,Monte Carlo radio
http://www.memoryatwork.org/,HUMR,Human Rights Issues,2017-10-15,citizenlab,Human rights
http://www.mepanorama.net/,NEWS,News Media,2017-10-15,citizenlab,
http://www.meretz.org.il/,GOVT,Government,2017-10-15,citizenlab,Israeli Web site
http://www.metransparent.com/,POLR,Political Criticism,2014-04-15,citizenlab,
https://www.metrodate.com/,DATE,Online Dating,2017-10-15,citizenlab,
http://www.mfa.gov.il/,GOVT,Government,2017-10-15,citizenlab,Israeli Web site
http://www.middle-east-online.com/,NEWS,News Media,2014-04-15,citizenlab,
http://www.middleeasttransparent.com/,POLR,Political Criticism,2017-10-15,citizenlab,NGO promotes transparency in the middle east
http://www.mod.gov.il/,GOVT,Government,2017-10-15,citizenlab,Ministry of Defense
http://www.modawanati.com/,HOST,Hosting and Blogging Platforms,2017-10-15,citizenlab,
http://www.moqawama.org/,NEWS,News Media,2014-04-15,citizenlab,
http://www.mossad.gov.il/default.aspx,GOVT,Government,2014-04-15,citizenlab,
http://www.mousematrix.com/,ANON,Anonymization and circumvention tools,2014-04-15,citizenlab,
http://www.multaqa.org/,POLR,Political Criticism,2014-04-15,citizenlab,
http://www.muslim-refusenik.com./,REL,Religion,2014-04-15,citizenlab,
http://www.nancyajram.com/,NEWS,News Media,2014-04-15,citizenlab,
http://www.nancyajramonline.com/,NEWS,News Media,2014-04-15,citizenlab,
http://www.naseej.com/,SRCH,Search Engines,2017-10-15,citizenlab,Arab research community
http://www.nbn.org.il/,HUMR,Human Rights Issues,2014-04-15,citizenlab,
http://www.ncwegypt.com/index.php/ar/,HUMR,Human Rights Issues,2017-10-15,citizenlab,Women rights
http://www.netanyahu.org.il/,GOVT,Government,2017-10-15,citizenlab,
http://www.nikahsearch.com/,DATE,Online Dating,2017-10-15,citizenlab,
http://www.noonpost.net/,NEWS,News Media,2017-10-15,citizenlab,Noot Post
http://www.noontidepress.com/,NEWS,News Media,2017-10-15,citizenlab,Institute for Historical Review's publishing arm
http://www.onlytorrents.com/,FILE,File-sharing,2017-10-15,citizenlab,
http://www.oswego.lib.il.us/,CTRL,Control content,2017-10-15,citizenlab,
http://www.palestine-info.info/,MILX,Terrorism and Militants,2014-04-15,citizenlab,
https://www.palinfo.com/,NEWS,News Media,2017-10-15,citizenlab,Palestinian news website
http://www.pureprivacy.com/,ANON,Anonymization and circumvention tools,2014-04-15,citizenlab,
http://www.qatarcrawler.com/,SRCH,Search Engines,2014-04-15,citizenlab,
http://www.qatarliving.com/,NEWS,News Media,2014-04-15,citizenlab,
http://www.qatarsucks.com/,NEWS,News Media,2014-04-15,citizenlab,
http://www.qatarw.com/,NEWS,News Media,2014-04-15,citizenlab,
http://www.qudspress.com/,NEWS,News Media,2017-10-15,citizenlab,
http://www.radiosawa.com/,NEWS,News Media,2014-04-15,citizenlab,
http://www.rafael.co.il/,GOVT,Government,2017-10-15,citizenlab,Rafael Advanced Defense Systems
http://www.rafed.net/,POLR,Political Criticism,2014-04-15,citizenlab,
http://www.ramla.muni.il/,GOVT,Government,2017-10-15,citizenlab,Ramla Municipality site
http://www.rasid.com/,HUMR,Human Rights Issues,2017-10-15,citizenlab,Rasid. Shiite Web site
http://www.rasid.net/,POLR,Political Criticism,2017-10-15,citizenlab,Saudi opposition publication
http://www.rassd.com/,NEWS,News Media,2017-10-15,citizenlab,Arab news portal
http://www.raya.com/,NEWS,News Media,2014-04-15,citizenlab,
http://www.rezgar.com/,NEWS,News Media,2014-04-15,citizenlab,
http://www.rightsobserver.org/,HUMR,Human Rights Issues,2017-10-15,citizenlab,Human rights
http://www.rubymania.com/,CULTR,Culture,2017-10-15,citizenlab,Celebrity Website
http://www.sasapost.com/,NEWS,News Media,2017-10-15,citizenlab,Sasa Post
http://www.science.co.il/,GOVT,Government,2017-10-15,citizenlab,Israel Science and Technology
http://www.secularislam.org/,REL,Religion,2014-04-15,citizenlab,
http://www.shaharah.net/,NEWS,News Media,2017-10-15,citizenlab,Shaharah news portal
http://www.shiaweb.org/,HUMR,Human Rights Issues,2014-04-15,citizenlab,
http://www.sistersunited.org/,HUMR,Human Rights Issues,2017-10-15,citizenlab,Women rights
http://www.skynewsarabia.com/web/home,NEWS,News Media,2017-10-15,citizenlab,Sky News Arabia
http://www.sqlserver.co.il/,CTRL,Control content,2017-10-15,citizenlab,
http://www.sumotorrent.com/,FILE,File-sharing,2017-10-15,citizenlab,
https://www.tacticaltech.org/,NEWS,News Media,2017-10-15,citizenlab,
http://www.tagged.com/,NEWS,News Media,2014-04-15,citizenlab,
http://www.taqadoumiya.net/,POLR,Political Criticism,2017-10-15,citizenlab,
http://www.taqrir.org/,NEWS,News Media,2014-04-15,citizenlab,
http://www.tarjem.com/,COMT,Communication Tools,2014-04-15,citizenlab,
http://www.tase.co.il/,COMM,E-commerce,2014-04-15,citizenlab,
http://www.tawhed.ws/,MILX,Terrorism and Militants,2017-10-15,citizenlab,Jihadi oriented group
http://www.the-good-way.com/,REL,Religion,2014-04-15,citizenlab,
http://www.theahafoundation.org/,HUMR,Human Rights Issues,2017-10-15,citizenlab,Women's right
http://www.thegrace.com/,REL,Religion,2014-04-15,citizenlab,
http://www.theguardian.com/tone/blog,NEWS,News Media,2017-10-15,citizenlab,Guardian blog
http://www.thekoran.com/,REL,Religion,2014-04-15,citizenlab,
http://www.thenewkhalij.net/,NEWS,News Media,2017-10-15,citizenlab,Political news and views
http://www.thepeninsulaqatar.com/,NEWS,News Media,2014-04-15,citizenlab,
http://www.thepiratebay.org/,FILE,File-sharing,2017-10-15,citizenlab,
http://www.thereligionofpeace.com/,REL,Religion,2017-10-15,citizenlab,
http://www.timesofisrael.com/,GOVT,Government,2017-10-15,citizenlab,Times of Israel
http://www.torrentcrazy.com/,FILE,File-sharing,2017-10-15,citizenlab,
http://www.torrentdownloads.net/,FILE,File-sharing,2017-10-15,citizenlab,
http://www.torrentreactor.net/,FILE,File-sharing,2017-10-15,citizenlab,
http://www.torrentz.com/,FILE,File-sharing,2017-10-15,citizenlab,
http://www.toystore.co.il/,GOVT,Government,2017-10-15,citizenlab,Israeli Web site
http://www.tumblr.com/,NEWS,News Media,2014-04-15,citizenlab,
https://www.un.org/ecosoc/fr/,HUMR,Human Rights Issues,2017-10-15,citizenlab,Women rights
http://www.undp-pogar.org/,POLR,Political Criticism,2014-04-15,citizenlab,
http://www.us-israel.org/,GOVT,Government,2017-10-15,citizenlab,Israeli Web site
http://www.watan.com/,NEWS,News Media,2017-10-15,citizenlab,News portal
http://www.watanserb.com/,NEWS,News Media,2017-10-15,citizenlab,
http://www.wavo.org/,HUMR,Human Rights Issues,2017-10-15,citizenlab,Women rights
http://www.wclac.org/,HUMR,Human Rights Issues,2017-10-15,citizenlab,Women rights
http://www.williamhill.com/,GMB,Gambling,2017-10-15,citizenlab,
http://www.wluml.org/ar,HUMR,Human Rights Issues,2017-10-15,citizenlab,Women rights
http://www.worldsexguide.com/,DATE,Online Dating,2014-04-15,citizenlab,
http://www.worldsexguide.com/guide/Middle_East/Qatar/index.htm,DATE,Online Dating,2014-04-15,citizenlab,
http://www.wtb.org.il/arabic/,HUMR,Human Rights Issues,2017-10-15,citizenlab,Women rights
http://www.xrdarabia.org/,GOVT,Government,2017-10-15,citizenlab,Web site dedicated to US-Saudi Relations
http://www.yahosein.com/,HUMR,Human Rights Issues,2014-04-15,citizenlab,
http://www.yemenipress.com/,NEWS,News Media,2017-10-15,citizenlab,Yemeni Press news portal
https://www.youtube.com/user/freedomforgays,LGBT,LGBT,2017-10-15,citizenlab,
http://www.youtube.com/verify_controversy?next_url=/watch%3fv%3dqmodvun16q4,REL,Religion,2017-10-15,citizenlab,Mohammed film
http://www.zawagislamy.com/,DATE,Online Dating,2017-10-15,citizenlab,"""Islamic"" dating service"
http://www.zawajfriends.com/,DATE,Online Dating,2017-10-15,citizenlab,
http://www.zawajfriends.com/fm/,DATE,Online Dating,2017-10-15,citizenlab,
