url,category_code,category_description,date_added,source,notes
http://abclider.com/,PORN,Pornography,2014-04-15,citizenlab,
http://betway.com/,GMB,Gambling,2014-04-15,citizenlab,
http://diplomaticsecondpassport.com/,COMM,E-commerce,2014-04-15,citizenlab,
http://fei.ru/,PORN,Pornography,2014-04-15,citizenlab,
http://go-krit.com/,ALDR,Alcohol & Drugs,2014-04-15,citizenlab,
http://ipvnews.org/,NEWS,News Media,2014-04-15,citizenlab,"blocked, critical of Putin"
https://jahforum.org/,ALDR,Alcohol & Drugs,2014-04-15,citizenlab,canabis focus
http://looo.ch/,CULTR,Culture,2014-04-15,citizenlab,
http://newsland.com/,NEWS,News Media,2014-04-15,citizenlab,
https://www.queerussia.info/,PUBH,Public Health,2014-04-15,citizenlab,original content changed to public health
http://redenginejeans.com/,COMM,E-commerce,2014-04-15,citizenlab,
https://rutor.org/,FILE,File-sharing,2014-04-15,citizenlab,
http://www.avtoazov.com.ua/,COMM,E-commerce,2014-04-15,citizenlab,site for cars
http://www.casinoking.com/,GMB,Gambling,2014-04-15,citizenlab,
http://www.dishisvobodno.ru/,ENV,Environment,2014-04-15,citizenlab,
http://www.hateit.ru/,HATE,Hate Speech,2014-04-15,citizenlab,
http://www.islamdin.com/,HATE,Hate Speech,2014-04-15,citizenlab,blocked
http://www.kasparov.ru/,NEWS,News Media,2014-04-15,citizenlab,site of Kremlin's political opponent
http://www.narkop.com/,ALDR,Alcohol & Drugs,2014-04-15,citizenlab,
http://www.ng.ru/,NEWS,News Media,2014-04-15,citizenlab,
http://www.seedjah.com/,ALDR,Alcohol & Drugs,2014-04-15,citizenlab,
http://www.weedy.be/,ALDR,Alcohol & Drugs,2014-04-15,citizenlab,
http://www.daymohk.org/,MILX,Terrorism and Militants,2014-04-15,citizenlab,"blocked, no NILX anylonger - now hosting platform, monitor"
http://haamash.wordpress.com/,MILX,Terrorism and Militants,2014-04-15,citizenlab,"outdated but blocked, monitor"
http://humanrights-ru.livejournal.com/,POLR,Political Criticism,2014-04-15,citizenlab,
http://limonka.nbp-info.com/,POLR,Political Criticism,2014-04-15,citizenlab,"blocked, redirects to dead site, monitor"
http://milli-mejlis.blogspot.com/,HUMR,Human Rights Issues,2014-04-15,citizenlab,
http://slon.ru/,NEWS,News Media,2014-04-15,citizenlab,"domain nredirects to another respurce, not blocked keep monitoring"
http://vk.com/minitrue/,NEWS,News Media,2014-04-15,citizenlab,"critical blog, outdated"
http://www.chechentimes.net/,COMM,E-commerce,2014-04-15,citizenlab,
http://www.gulag.ipvnews.org/,HUMR,Human Rights Issues,2014-04-15,citizenlab,"blocked, dead site, monitor"
http://www.islamdin.biz/,HATE,Hate Speech,2014-04-15,citizenlab,dead website but still blocked
http://www.mashina.org/,NEWS,News Media,2014-04-15,citizenlab,"projects temporarily stopped, keep monitoring"
http://www.minjust.net/,NEWS,News Media,2014-04-15,citizenlab,dead site but still blocked
http://www.national-socialist.tk/,HATE,Hate Speech,2014-04-15,citizenlab,"blocked, temporaly unavailable"
http://www.owl.ru/,HUMR,Human Rights Issues,2014-04-15,citizenlab,"outdated but generates some traffic, monitor"
http://www.resistance88.com/,HUMR,Human Rights Issues,2014-04-15,citizenlab,"blocked, temporarily closed for maintenance, monitor"
http://www.reuters.com/article/2010/03/21/russia-olympics-protest-iduslde62k02s20100321/,NEWS,News Media,2014-04-15,citizenlab,"2010 Sochi Olympics article, generates traffic, monitor"
https://www.shamilonline.org/,MILX,Terrorism and Militants,2014-04-15,citizenlab,"blocked, outdated, monitor"
http://www.kavkazcenter.com/,MILX,Terrorism and Militants,2014-04-15,citizenlab,"website under maintenance, monitor"
https://2ch.hk/,HOST,Hosting and Blogging Platforms,2014-04-15,citizenlab,
https://navalny.livejournal.com/,POLR,Political Criticism,2014-04-15,citizenlab,archive of 2015 and older posts
https://www.squarespace.com/,COMM,E-commerce,2014-04-15,citizenlab,
https://www.jw.org/en/,REL,Religion,2014-04-15,citizenlab,
https://www.mhg.ru/,HUMR,Human Rights Issues,2014-04-15,citizenlab,
https://www.putin-itogi.ru/,POLR,Political Criticism,2014-04-15,citizenlab,critical of Putin
http://pravdaoputine.ru/,POLR,Political Criticism,2014-04-15,citizenlab,
http://adengo.ru/,COMM,E-commerce,2014-04-15,citizenlab,like kijiji
http://fast-die.kiev.ua/,PUBH,Public Health,2014-04-15,citizenlab,
http://lib.rus.ec/,FILE,File-sharing,2014-04-15,citizenlab,books sharing platform
http://lurkmore.to/,HOST,Hosting and Blogging Platforms,2014-04-15,citizenlab,Russia version of Wikipedia
http://www.porjati.net/,NEWS,News Media,2014-04-15,citizenlab,
http://www.shram.kiev.ua/,NEWS,News Media,2014-04-15,citizenlab,
http://zhurnal.lib.ru/,CULTR,Culture,2014-04-15,citizenlab,samiizdat journal
https://adagamov.info/,NEWS,News Media,2014-04-15,citizenlab,ppersonal blog
https://genderandaids.unwomen.org/en/,IGO,Intergovernmental Organizations,2014-04-15,citizenlab,
https://lgbt-grani.livejournal.com/,LGBT,LGBT,2014-04-15,citizenlab,archive of LGBT project
http://rutracker.org/forum/index.php,FILE,File-sharing,2014-04-15,citizenlab,largest torrent sharing service
http://www.xgay.ru/,LGBT,LGBT,2014-04-15,citizenlab,
http://kazak-chita.ru/,COMM,E-commerce,2014-04-15,citizenlab,
https://yandex.ru/,SRCH,Search Engines,2014-04-15,citizenlab,and popular email service
https://6ott-mit-uns.livejournal.com/,CULTR,Culture,2014-04-15,citizenlab,
https://aplaycasino.com/en?get=1&r_visit=05aafbcd3a3b82d1967a38ea229def26&ref=azn1&vid=1523669896/,GMB,Gambling,2014-04-15,citizenlab,
http://flibusta.is/,MMED,Media sharing,2014-04-15,citizenlab,books sharing platform
https://v.growerz.club/,ALDR,Alcohol & Drugs,2014-04-15,citizenlab,online canabis store
https://kavkazcenter.com/,MILX,Terrorism and Militants,2014-04-15,citizenlab,
http://pornolab.net/forum/index.php/,PORN,Pornography,2014-04-15,citizenlab,
https://www.rbth.com/lgbt-in-russia/,LGBT,LGBT,2014-04-15,citizenlab,"sporadically updated, monitor"
https://roskomsvoboda.org/,HUMR,Human Rights Issues,2014-04-15,citizenlab,largest digital rights org in Russia
https://video-one.com/ca/videos/new/1/,PORN,Pornography,2014-04-15,citizenlab,
https://www.business-humanrights.org/en/major-sporting-events/russia-human-rights-abuses-related-to-2014-winter-olympic-games-in-sochi/,HUMR,Human Rights Issues,2014-04-15,citizenlab,
https://goldfishka66.com/,GMB,Gambling,2014-04-15,citizenlab,
https://www.hrw.org/report/2013/02/06/race-bottom/exploitation-migrant-workers-ahead-russias-2014-winter-olympic-games/,HUMR,Human Rights Issues,2014-04-15,citizenlab,Sochi Olympycs
https://www.hrw.org/video-photos/interactive/2013/02/01/people-and-power-2014-sochi-olympics/,HUMR,Human Rights Issues,2014-04-15,citizenlab,Sochi Olympycs
https://www.indiegogo.com/projects/know-sochi-olympics-on-the-land-of-genocide#/,HUMR,Human Rights Issues,2014-04-15,citizenlab,
https://ispovednik.org/,REL,Religion,2014-04-15,citizenlab,site of Russian Orthodox church
https://kavkazweb.net/,NEWS,News Media,2014-04-15,citizenlab,
https://lgbti-ep.eu/,LGBT,LGBT,2014-04-15,citizenlab,
https://putinbog.wordpress.com/,POLR,Political Criticism,2014-04-15,citizenlab,"blocked, outdated, keep monitoring"
https://eurasia.amnesty.org/,HUMR,Human Rights Issues,2014-04-15,citizenlab,
https://cannabisnature.com/,ALDR,Alcohol & Drugs,2014-04-15,citizenlab,about cannabis
https://echo.msk.ru/,NEWS,News Media,2014-04-15,citizenlab,popular Russian radio station
https://freedomhouse.org/russia-eve-sochi/,HUMR,Human Rights Issues,2014-04-15,citizenlab,
https://inosmi.ru/,NEWS,News Media,2014-04-15,citizenlab,
https://legalrc.com/,ALDR,Alcohol & Drugs,2014-04-15,citizenlab,
https://opervzakone.livejournal.com/,NEWS,News Media,2014-04-15,citizenlab,personal blog
https://passiya.com/,DATE,Online Dating,2014-04-15,citizenlab,
https://www.pictureview.com/,MMED,Media sharing,2014-04-15,citizenlab,
https://psyplants.info/,ALDR,Alcohol & Drugs,2014-04-15,citizenlab,
https://tvrain.ru/,NEWS,News Media,2014-04-15,citizenlab,critical TV station
https://www.gazeta.ru/,NEWS,News Media,2014-04-15,citizenlab,
https://hro.org/,HUMR,Human Rights Issues,2014-04-15,citizenlab,Since 2018 - archive of materials on human righhts issues
https://hunafa.com/,MILX,Terrorism and Militants,2014-04-15,citizenlab,blocked
https://ichkeria.info/,NEWS,News Media,2014-04-15,citizenlab,
https://lotoru.com/,GMB,Gambling,2014-04-15,citizenlab,
https://www.russiancasino.com/,GMB,Gambling,2014-04-15,citizenlab,
https://www.svoboda.org/,NEWS,News Media,2014-04-15,citizenlab,Radio Freedom service
https://www.yabloko.ru/,POLR,Political Criticism,2014-04-15,citizenlab,political party site
https://www.rferl.org/,NEWS,News Media,2017-09-17,igorv,Radio Freedom - English service
https://www.radiosvoboda.org/,NEWS,News Media,2017-09-17,igorv,Radio Freedom - Ukraine service
https://graniru.org/,NEWS,News Media,2017-09-28,igorv,critical medium
https://www.facebook.com/GraniRu/,NEWS,News Media,2017-09-28,igorv,for control purposes
https://vk.com/grani_ru/,NEWS,News Media,2017-09-28,igorv,
https://twitter.com/GraniTweet/,NEWS,News Media,2017-09-28,igorv,for control purposes
https://www.facebook.com/Kasparov.Ru/,NEWS,News Media,2017-09-28,igorv,
https://twitter.com/kasparovru,NEWS,News Media,2017-09-28,igorv,for control purposes
https://www.20khvylyn.com/,NEWS,News Media,2017-09-28,igorv,
http://obozrevatel.ru/,NEWS,News Media,2017-09-28,igorv,
http://uapolitics.com/,POLR,Political Criticism,2017-09-28,igorv,Ukrainina resource
https://ua.krymr.com/,NEWS,News Media,2017-09-28,igorv,RFE/RL Ukrainian service for Crimea
http://noblockme.ru/,ANON,Anonymization and circumvention tools,2017-09-28,igorv,
https://navalny.com/,POLR,Political Criticism,2017-09-28,igorv,
https://vk.com/navalny/,POLR,Political Criticism,2017-09-28,igorv,
http://kinozal.tv/,FILE,File-sharing,2017-09-28,igorv,
http://kinovolt.ru/,FILE,File-sharing,2017-09-28,igorv,
http://new-rutor.org/,FILE,File-sharing,2017-09-28,igorv,
http://tushkan.club/,FILE,File-sharing,2017-09-28,igorv,
http://www.sobytiya.info/,NEWS,News Media,2017-09-28,igorv,Blocked in Crimea
https://hromadske.ua/,NEWS,News Media,2017-09-28,igorv,Blocked in Crimea
http://hromadske.dn.ua/,NEWS,News Media,2017-09-28,igorv,Blocked in Crimea
https://www.segodnya.ua/,NEWS,News Media,2017-09-28,igorv,Blocked in Crimea
https://glavcom.ua/,NEWS,News Media,2017-09-28,igorv,Blocked in Crimea
https://censor.net.ua/,NEWS,News Media,2017-09-28,igorv,Blocked in Crimea
https://www.5.ua/,NEWS,News Media,2017-09-28,igorv,Blocked in Crimea
https://www.facebook.com/navalny/,POLR,Political Criticism,2017-09-28,igorv,Navalny's channel - for control purposes
https://www.youtube.com/channel/UCsAw3WynQJMm7tMy093y37A/,POLR,Political Criticism,2017-09-28,igorv,Navalny's channel
http://www.deti-404.com/,LGBT,LGBT,2017-09-28,igorv,monitor
http://www.ej.ru/,POLR,Political Criticism,2017-09-28,igorv,blocked critical resource
https://sprotyv.info/,NEWS,News Media,2017-09-28,igorv,old domain
http://bluesystem.ru/,LGBT,LGBT,2017-09-28,igorv,"blocked, monitor, redirects to porn site"
http://seedoff.zannn.top/,FILE,File-sharing,2017-09-28,igorv,
https://rutracker.org/forum/index.php/,FILE,File-sharing,2017-09-28,igorv,most popular torrent tracker
https://www.fergananews.com/,NEWS,News Media,2017-09-28,igorv,Archive of Fregana News
https://www.liga.net/,NEWS,News Media,2017-09-28,igorv,
https://uainfo.org/,NEWS,News Media,2017-09-28,igorv,
https://glavpost.com/,NEWS,News Media,2017-09-28,igorv,
https://24tv.ua/,NEWS,News Media,2017-09-28,igorv,Blocked in Crimea
https://maidan.org.ua/,NEWS,News Media,2017-09-28,igorv,Blocked in Crimea
https://glavnoe.ua/,NEWS,News Media,2017-09-28,igorv,Blocked in Crimea
https://www.blackseanews.net/,NEWS,News Media,2017-09-28,igorv,Blocked in Crimea
http://uacrisis.org/,NEWS,News Media,2017-10-15,igorv,
http://meydan.fm/ua,NEWS,News Media,2017-10-15,igorv,Blocked in Crimea
https://investigator.org.ua/,POLR,Political Criticism,2017-10-15,igorv,Blocked in Crimea
https://1plus1.ua/,NEWS,News Media,2017-10-15,igorv,Blocked in Crimea
https://www.facebook.com/atrchannel/,NEWS,News Media,2017-10-15,igorv,Blocked in Crimea - control purposes
https://twitter.com/ATR__Official/,NEWS,News Media,2017-10-15,igorv,targeted in Crimea
https://www.youtube.com/c/ATRChannel2015/,NEWS,News Media,2017-10-15,igorv,targeted in Crimea
https://twitter.com/15_minut/,NEWS,News Media,2017-10-15,igorv,targeted in Crimea
https://blackseatv.com/,NEWS,News Media,2017-10-15,igorv,Blocked in Crimea
https://qha.com.ua/,NEWS,News Media,2017-10-15,igorv,Blocked in Crimea
https://atr.ua/,NEWS,News Media,2017-10-15,igorv,Blocked in Crimea
https://nr2.com.ua/,NEWS,News Media,2017-10-15,igorv,Blocked in Crimea
https://www.doovi.com/video/poslednie-sobytiya-islyamov-o-krymskotatarskom-batalone-energeticheskoi-blokade/9siLUt8iuJE/,NEWS,News Media,2017-11-22,oonitarian,
http://video.mivzakon.co.il/9siLUt8iuJE/ÐŸÐžÐ¡Ð›Ð•Ð”ÐÐ˜Ð•_Ð¡ÐžÐ‘Ð«Ð¢Ð˜Ð¯_Ð˜ÑÐ»ÑÐ¼Ð¾Ð²_Ð¾_ÐºÑ€Ñ‹Ð¼ÑÐºÐ¾Ñ‚Ð°Ñ‚Ð°Ñ€ÑÐºÐ¾Ð¼_Ð±Ð°Ñ‚Ð°Ð»ÑŒÐ¾Ð½Ðµ_ÑÐ½ÐµÑ€Ð³ÐµÑ‚Ð¸Ñ‡ÐµÑÐºÐ¾Ð¹_Ð±Ð»Ð¾ÐºÐ°Ð´Ðµ_Ð¸_ÐºÐ¾Ð½Ñ‚Ñ€Ð°Ð±Ð°Ð½Ð´Ðµ.html/,NEWS,News Media,2017-11-22,oonitarian,
https://www.factograph.info/,POLR,Political Criticism,2017-12-03,minjust.ru,
https://team29.org/,HUMR,Human Rights Issues,2017-12-03,-,
https://ovdinfo.org/,HUMR,Human Rights Issues,2017-12-03,-,
https://www.currenttime.tv/,NEWS,News Media,2017-12-12,minjust.ru,RFE/RL program for Russia
https://www.azatliq.org/,NEWS,News Media,2017-12-12,minjust.ru,RFE/RL Tatar service
https://www.sibreal.org/,NEWS,News Media,2017-12-12,minjust.ru,Siberia Realii
https://www.idelreal.org/,NEWS,News Media,2017-12-12,minjust.ru,RFE/RL service Russia region
https://ru.krymr.com/,NEWS,News Media,2017-12-12,minjust.ru,RFE/RL radio service for Crimea (RU language)
https://www.kavkazr.com/,NEWS,News Media,2017-12-12,minjust.ru,Caucasus Realii
https://www.golos-ameriki.ru/,NEWS,News Media,2017-12-12,minjust.ru,
https://khodorkovsky.ru/,POLR,Political Criticism,2017-12-12,roskomsvoboda,blocked site of political opponent of Putin
https://openuni.io/,POLR,Political Criticism,2017-12-12,roskomsvoboda,Open University site - temporaly blocked in the past
https://imrussia.org/ru/,POLR,Political Criticism,2017-12-12,roskomsvoboda,
https://www.mdif.org/,NEWS,News Media,2017-12-12,roskomsvoboda,blocked
http://www.blackseango.org/,POLR,Political Criticism,2017-12-12,roskomsvoboda,
https://or.team/,POLR,Political Criticism,2017-12-12,roskomsvoboda,Open Russia movemnet terminated in 2019. Site inactive. Monitor
https://www.usrf.us/,POLR,Political Criticism,2017-12-12,roskomsvoboda,US foundation - blocked
https://play.google.com/store/apps/details?id=com.linkedin.android/,GRP,Social Networking,2017-12-14,OONI,LinkedIn app. Reportedly blocked
https://www.youtube.com/user/openrussia2014/,NEWS,News Media,2017-12-14,OONI,Open Russia channel. Ordered to get blocked
https://twitter.com/openrussia_org/,NEWS,News Media,2017-12-14,OONI,Ordered to get blocked
https://www.youtube.com/channel/UC5DWMy_XjL3v3VfLIZFZvpw/,CULTR,Culture,2017-12-14,OONI,Reportedly blocked
http://imrussia.org/en/,HUMR,Human Rights Issues,2017-12-16,oonitarian,foreign agent law
https://openrussia.org/,NEWS,News Media,2017-12-16,oonitarian,foreign agent law
https://ov.openrussia.org/,HUMR,Human Rights Issues,2017-12-16,oonitarian,"foreign agent law, project put on hold"
https://www.youtube.com/watch?time_continue=850&v=RQZr2NgKPiU/,POLR,Political Criticism,2018-02-10,igorv,corruption scandal video
https://ok.ru/,GRP,Social Networking,2018-02-23,igorv,one of most popular social networking platforms
http://www.kerch.com/,NEWS,News Media,2018-02-23,igorv,"Blocked in Crimea, page under construction"
https://ru.wiktionary.org/,CULTR,Culture,2018-07-06,Wikimedia,URLs provided by wikipedia based on the most popular language domains per country
https://tr.wikipedia.org/,CULTR,Culture,2018-07-06,Wikimedia,URLs provided by wikipedia based on the most popular language domains per country
https://uk.wikipedia.org/,CULTR,Culture,2018-07-06,Wikimedia,URLs provided by wikipedia based on the most popular language domains per country
http://ru.rfi.fr/,NEWS,News Media,2018-09-13,OONI,
https://www.bbc.com/russian/,NEWS,News Media,2018-09-13,OONI,
https://www.dw.com/ru/,NEWS,News Media,2018-09-13,OONI,
https://ru.m.wikipedia.org/,CULTR,Culture,2019-02-19,Wikimedia,URLs provided by wikipedia based on the most popular language domains per country
https://b.growerz.online/,ALDR,Alcohol & Drugs,2019-05-25,Netalitica,
http://cameleo.xyz/,ANON,Anonymization and circumvention tools,2019-05-25,Netalitica,
http://www.freeproxy.ru/,ANON,Anonymization and circumvention tools,2019-05-25,Netalitica,
http://www.mysites.ru/,ANON,Anonymization and circumvention tools,2019-05-25,Netalitica,
https://2ip.ru/anonim/,ANON,Anonymization and circumvention tools,2019-05-25,Netalitica,
https://browsec.com/,ANON,Anonymization and circumvention tools,2019-05-25,Netalitica,
https://deeprism.com/,ANON,Anonymization and circumvention tools,2019-05-25,Netalitica,
https://fri-gate.org/ru/,ANON,Anonymization and circumvention tools,2019-05-25,Netalitica,
https://hidemy.name/ru/,ANON,Anonymization and circumvention tools,2019-05-25,Netalitica,
https://jino.ru/,ANON,Anonymization and circumvention tools,2019-05-25,Netalitica,Domain registration service
https://leader.ru/secure/,ANON,Anonymization and circumvention tools,2019-05-25,Netalitica,reportedly blocked in KZ
https://netmap.su/proxy/,ANON,Anonymization and circumvention tools,2019-05-25,Netalitica,
https://www.anonymox.net/,ANON,Anonymization and circumvention tools,2019-05-25,Netalitica,
https://www.avast.ru/secureline-vpn#pc/,ANON,Anonymization and circumvention tools,2019-05-25,Netalitica,
https://passport.yandex.ru/,COMT,Communication Tools,2019-05-25,Netalitica,
http://samlib.ru/,CULTR,Culture,2019-05-25,Netalitica,Samizdat journal
http://zagony.ru/,CULTR,Culture,2019-05-25,Netalitica,blocked in KZ
https://distant.msu.ru/,CULTR,Culture,2019-05-25,Netalitica,
https://proza.ru/,CULTR,Culture,2019-05-25,Netalitica,
https://ru.wikiquote.org/,CULTR,Culture,2019-05-25,Netalitica,
http://mega-intell.ru/,COMM,E-commerce,2019-05-25,Netalitica,
http://gamsoft.ru/,GMB,Gambling,2019-05-25,Netalitica,
http://www.annacasino.ru/,GMB,Gambling,2019-05-25,Netalitica,
https://stoloto.ru/,GMB,Gambling,2019-05-25,Netalitica,Lotto Russia
http://www.fairhost.ru/,HOST,Hosting and Blogging Platforms,2019-05-25,Netalitica,
https://russia.googleblog.com/,HOST,Hosting and Blogging Platforms,2019-05-25,Netalitica,Google's official blog for Russia
https://www.liveinternet.ru/,HOST,Hosting and Blogging Platforms,2019-05-25,Netalitica,
https://www.livejournal.com/community/,HOST,Hosting and Blogging Platforms,2019-05-25,Netalitica,
https://amnesty.org.ru/,HUMR,Human Rights Issues,2019-05-25,Netalitica,Amnesty page for Eastern Europe and Central Asia
https://medianet.kz/,HUMR,Human Rights Issues,2019-05-25,Netalitica,focus on journalism and freedom of speech in Central Asia
http://gaia.ru/,LGBT,LGBT,2019-05-25,Netalitica,
http://gay.kz/,LGBT,LGBT,2019-05-25,Netalitica,
http://www.gayvideo.ru/,LGBT,LGBT,2019-05-25,Netalitica,
http://www.lesbi.ru/,LGBT,LGBT,2019-05-25,Netalitica,
http://xs.gay.ru/,LGBT,LGBT,2019-05-25,Netalitica,
https://gaycity.love/,LGBT,LGBT,2019-05-25,Netalitica,
http://www.filex.com/,MMED,Media sharing,2019-05-25,Netalitica,"problem loading page, blocked in TM"
http://ca-news.org/,NEWS,News Media,2019-05-25,Netalitica,Central Asia focus
http://donbass.ua/,NEWS,News Media,2019-05-25,Netalitica,Ukrainian news media
http://gazeta.ru/,NEWS,News Media,2019-05-25,Netalitica,Russian media outlet
http://www.aif.ru/,NEWS,News Media,2019-05-25,Netalitica,Russian media outlet
http://www.fresher.ru/,NEWS,News Media,2019-05-25,Netalitica,Daily summary of popular Runet content
http://www.radiomayak.ru/,NEWS,News Media,2019-05-25,Netalitica,Russian media outlet
https://blogs.voanews.com/,NEWS,News Media,2019-05-25,Netalitica,VOA blog
https://centrasia.org/,NEWS,News Media,2019-05-25,Netalitica,Central Asia regional news
https://centre1.com/,NEWS,News Media,2019-05-25,Netalitica,Central Asia focus
https://eurasianet.org/,NEWS,News Media,2019-05-25,Netalitica,
https://hronikatm.com/,NEWS,News Media,2019-05-25,Netalitica,Critical Turkmen medium
https://iz.ru/,NEWS,News Media,2019-05-25,Netalitica,Russian media outlet
https://www.apn.ru/,NEWS,News Media,2019-05-25,Netalitica,
https://www.novayagazeta.ru/,NEWS,News Media,2019-05-25,Netalitica,Russian media outlet
https://www.themoscowtimes.com/,NEWS,News Media,2019-05-25,Netalitica,Russian media outlet
http://bride.ru/,DATE,Online Dating,2019-05-25,Netalitica,
https://top.jdu.ru/,DATE,Online Dating,2019-05-25,Netalitica,
https://top.jdu.ru/en/search.phtml/,DATE,Online Dating,2019-05-25,Netalitica,
https://carnegie.ru/,POLR,Political Criticism,2019-05-25,Netalitica,
http://www.moviesarena.com/,PORN,Pornography,2019-05-25,Netalitica,
http://www.otbm.com/,PORN,Pornography,2019-05-25,Netalitica,
https://pornoelena.net/,PORN,Pornography,2019-05-25,Netalitica,
https://www.almatinki.com/,PROV,Provocative Attire,2019-05-25,Netalitica,
http://buddhist.ru/,REL,Religion,2019-05-25,Netalitica,
http://islam.plus/ru/,REL,Religion,2019-05-25,Netalitica,
http://islam.ru/,REL,Religion,2019-05-25,Netalitica,
http://www.islam.ru/,REL,Religion,2019-05-25,Netalitica,
https://www.jw.org/,REL,Religion,2019-05-25,Netalitica,
http://www.filesearch.ru/,SRCH,Search Engines,2019-05-25,Netalitica,
https://ca.yahoo.com/,SRCH,Search Engines,2019-05-25,Netalitica,
https://www.google.ru/,SRCH,Search Engines,2019-05-25,Netalitica,
https://spid.center/ru/,XED,Sex Education,2019-05-25,Netalitica,
http://www.nkr.am/,MILX,Terrorism and Militants,2019-05-25,Netalitica,
http://www.nkrusa.org/,MILX,Terrorism and Militants,2019-05-25,Netalitica,
http://www.pkkonline.org/,MILX,Terrorism and Militants,2019-05-25,Netalitica,
http://namba.kz/,FILE,File-sharing,2019-05-25,Netalitica,Kazakh torrent-tracker
http://rutracker.org/forum/index.php/,FILE,File-sharing,2019-05-25,Netalitica,largest Russian torrent sharing service
https://imrussia.org/,HUMR,Human Rights Issues,2019-05-25,Netalitica,blocked
https://mbk.news/,NEWS,News Media,2019-05-25,Netalitica,blocked
https://blackseango.org/,HUMR,Human Rights Issues,2019-05-25,Netalitica,Black Sea NGOs - blocked
http://pushkindol.ru/,HUMR,Human Rights Issues,2019-05-25,Netalitica,blocked page
http://www.artnet.com/artists/jock-sturges/,CULTR,Culture,2019-05-25,Netalitica,reportedly blocked article on US photographer
https://www.artsy.net/artist/jock-sturges,CULTR,Culture,2019-05-25,Netalitica,
https://kinogoo.cc/,FILE,File-sharing,2019-05-25,Netalitica,torrent tracker - blocked
https://kinokrad.co/,FILE,File-sharing,2019-05-25,Netalitica,torrent tracker - blocked
https://serialu.club/,FILE,File-sharing,2019-05-25,Netalitica,torrent tracker - blocked
https://bigcinema-hd.me/,FILE,File-sharing,2019-05-25,Netalitica,torrent tracker - blocked
http://baskino.me/,FILE,File-sharing,2019-05-25,Netalitica,torrent tracker - blocked
http://openinform.ru/,NEWS,News Media,2019-05-25,Netalitica,
https://agora.legal/,HUMR,Human Rights Issues,2019-05-25,Netalitica,critical of authorities
https://www.radiosvoboda.org/radio/schedule/86/,NEWS,News Media,2019-05-27,Netalitica,RFE/RL radion Ukrainian service
https://ua.krymr.com/radio/schedule/101/,NEWS,News Media,2019-05-29,Netalitica,RFE/RL radio service for Crimea (UA language)
https://ru.krymr.com/radio/schedule/103/,NEWS,News Media,2019-05-31,Netalitica,RFE/RL service for Russia
https://www.currenttime.tv/tv/schedule/92/,NEWS,News Media,2019-06-02,Netalitica,RFE/RL radio program for Russia
https://www.svoboda.org/radio/schedule/81/,NEWS,News Media,2019-06-04,Netalitica,Radio Freedom Russia
https://www.severreal.org/,NEWS,News Media,2019-06-04,Netalitica,Sever Realii
https://www.azadliq.org/,NEWS,News Media,2019-06-04,Netalitica,RFE/RL Azerbaijan (small Azerbaijani minority in RU)
https://www.azattyq.org/,NEWS,News Media,2019-06-04,Netalitica,RFE/RL Kazakhstan (small Kazakh minority in RU)
https://www.vesti.ru/,NEWS,News Media,2019-06-04,Netalitica,
https://smi2.ru/,NEWS,News Media,2019-06-04,Netalitica,
https://www.mk.ru/,NEWS,News Media,2019-06-04,Netalitica,
https://rusvesna.su/,NEWS,News Media,2019-06-04,Netalitica,focus on politics
https://ngs.ru/,NEWS,News Media,2019-06-04,Netalitica,
http://politikus.ru/,NEWS,News Media,2019-06-04,Netalitica,focus on politics
https://svpressa.ru/,NEWS,News Media,2019-06-04,Netalitica,
https://www.rosbalt.ru/,NEWS,News Media,2019-06-04,Netalitica,
https://rusplt.ru/,NEWS,News Media,2019-06-04,Netalitica,
https://www.m24.ru/,NEWS,News Media,2019-06-04,Netalitica,
https://www.vedomosti.ru/,NEWS,News Media,2019-06-04,Netalitica,
https://russian7.ru/,NEWS,News Media,2019-06-04,Netalitica,
https://ru.wikisource.org/,CULTR,Culture,2019-06-07,Wikimedia,URLs provided by wikipedia based on the most popular language domains per country
https://ru.m.wikisource.org/,CULTR,Culture,2019-06-07,Wikimedia,URLs provided by wikipedia based on the most popular language domains per country
http://fast-die.github.io/,COMM,E-commerce,2019-08-06,,Suicidal content. GitHub government takedown notice from 2015-07-22
https://raw.githubusercontent.com/bcnv001/cnfg/master/sources/sources_enc.json/,FILE,File-sharing,2019-08-06,,GitHub government takedown notice from 2017-08-18
https://github.com/donkaban/XShot/blob/master/suicide.txt/,PUBH,Public Health,2019-08-06,,Suicidal content. GitHub government takedown notice from 2019-07-25
https://gist.github.com/ojab/b6345333147279321f1d/,PUBH,Public Health,2019-08-06,,Suicidal content. GitHub government takedown notice from 2019-07-25
https://thesnipergodproxy.github.io/ru/anonymizer/,ANON,Anonymization and circumvention tools,2019-08-06,,GitHub government takedown notice from 2019-07-31
https://cherurg.github.io/investing-coins/,ECON,Economics,2019-08-06,,Cryptocurrency article. GitHub government takedown notice from 2019-08-05
http://mdz-rus.github.io/,PUBH,Public Health,2019-08-06,,Under construciton - moniitor. GitHub government takedown notice from 2018-10-24
https://leonaccess.github.io/,GMB,Gambling,2019-08-06,,Site not accessible. GitHub government takedown notice from 2017-04-13
http://censor.net.ua/,NEWS,News Media,2019-08-15,Netalitica,Ukrainian medium - blocked in Russia
http://utronews.org/,NEWS,News Media,2019-08-15,Netalitica,Liberal Russian media - blocked in Russia
https://15minut.org/,NEWS,News Media,2019-08-15,Netalitica,Tatar minority medium - blocked in Russia
https://fergana.news/,NEWS,News Media,2019-08-15,Netalitica,Central Asia regional medium
https://meduza.io/,NEWS,News Media,2019-08-15,Netalitica,Liberal Russian media - blocked in Kazakhstan
http://kasparov.ru/,POLR,Political Criticism,2019-08-15,Netalitica,Russian opposition leader - blocked in Russia.
http://khodorkovsky.ru/,POLR,Political Criticism,2019-08-15,Netalitica,Russian opposition leader - blocked in Russia.
http://vozrojdenie.crimea.ua/index.php/,MILX,Terrorism and Militants,2019-08-15,Netalitica,
https://moscow.craigslist.org/,COMM,E-commerce,2019-11-15,Netalitica,classifieds Moscow
https://stpetersburg.craigslist.org/,COMM,E-commerce,2019-11-15,Netalitica,classifieds Peterburg
https://gde.ru/,COMM,E-commerce,2019-11-15,Netalitica,classifieds
https://www.doski.ru/,COMM,E-commerce,2019-11-15,Netalitica,classifieds
http://chezasite.com/,NEWS,News Media,2019-11-15,Netalitica,technology news
https://www.1tv.ru/,NEWS,News Media,2019-11-15,Netalitica,popular Russian TV channel
https://www.ntv.ru/,NEWS,News Media,2019-11-15,Netalitica,popular Russian TV channel
http://tnt-online.ru/,NEWS,News Media,2019-11-15,Netalitica,popular Russian TV channel
http://www.tvc.ru/,NEWS,News Media,2019-11-15,Netalitica,popular Russian TV channel
https://ntvplus.ru/,NEWS,News Media,2019-11-15,Netalitica,popular Russian TV channel
https://ctc.ru/,NEWS,News Media,2019-11-15,Netalitica,Russian TV channel
https://friday.ru/,NEWS,News Media,2019-11-15,Netalitica,Russian TV channel
https://piter.tv/,NEWS,News Media,2019-11-15,Netalitica,Russian TV channel
https://www.5-tv.ru/,NEWS,News Media,2019-11-15,Netalitica,Russian TV channel
https://www.pravda-tv.ru/,NEWS,News Media,2019-11-15,Netalitica,Russian TV channel
https://www.etvnet.com/,NEWS,News Media,2019-11-15,Netalitica,online TV and Radio channels agregator
http://www.woman.ru/,NEWS,News Media,2019-11-15,Netalitica,Russian joournal for women
https://www.wonderzine.com/,NEWS,News Media,2019-11-15,Netalitica,Russian joournal for women
https://tochka.net/,NEWS,News Media,2019-11-15,Netalitica,Russian joournal for women
https://womanadvice.ru/,NEWS,News Media,2019-11-15,Netalitica,Russian joournal for women
https://www.cosmo.ru/,NEWS,News Media,2019-11-15,Netalitica,Cosmopolitan in Russian
https://www.elle.ru/,NEWS,News Media,2019-11-15,Netalitica,Elle in Russian
https://www.kleo.ru/,NEWS,News Media,2019-11-15,Netalitica,Russian joournal for women
https://esquire.ru/,NEWS,News Media,2019-11-15,Netalitica,Russian joournal for men
https://www.gq.ru/,NEWS,News Media,2019-11-15,Netalitica,Russian joournal for men
https://www.maximonline.ru/,NEWS,News Media,2019-11-15,Netalitica,Russian joournal for men
https://mhealth.ru/,NEWS,News Media,2019-11-15,Netalitica,Russian joournal for men
https://politobzor.net/,NEWS,News Media,2019-11-15,Netalitica,focus on politics
http://www.politnavigator.net/,NEWS,News Media,2019-11-15,Netalitica,focus on politics
https://novorosinform.org/,NEWS,News Media,2019-11-15,Netalitica,focus on politics
https://sputnikipogrom.com/,NEWS,News Media,2019-11-15,Netalitica,focus on politics
http://voicesevas.ru/,NEWS,News Media,2019-11-15,Netalitica,focus on politics
https://www.stopfake.org/ru/glavnaya-2/,NEWS,News Media,2019-11-15,Netalitica,Stop fake Russia
https://cont.ws/,NEWS,News Media,2019-11-15,Netalitica,focus on politics
https://www.babyplan.ru/,XED,Sex Education,2019-11-15,Netalitica,
http://nomer-org.website/,COMT,Communication Tools,2019-11-17,Netalitica,phone book for different cities
https://2gis.ru/moscow,CTRL,Control content,2019-11-17,Netalitica,online map of Moscow
http://www.europaplus.ru/,CULTR,Culture,2019-11-17,Netalitica,Russian online music
http://piter.fm/,CULTR,Culture,2019-11-17,Netalitica,Russian radio station playing songs
https://www.multitran.com/,CULTR,Culture,2019-11-17,Netalitica,online dictionaries
https://dic.academic.ru/,CULTR,Culture,2019-11-17,Netalitica,academic online dictionaries
http://bibliotekar.ru/,CULTR,Culture,2019-11-17,Netalitica,on Russian history
https://www.peoples.ru/,CULTR,Culture,2019-11-17,Netalitica,bios of influential people
https://www.nkj.ru/,CULTR,Culture,2019-11-17,Netalitica,science journal
http://naked-science.ru/,CULTR,Culture,2019-11-17,Netalitica,science journal
https://www.spr.ru/,COMM,E-commerce,2019-11-17,Netalitica,catalogue of various businesses
https://life.ru/,NEWS,News Media,2019-11-17,Netalitica,
http://101.ru/,NEWS,News Media,2019-11-17,Netalitica,aggregator of Russian radio stations
http://radiovesti.ru/,NEWS,News Media,2019-11-17,Netalitica,Russian radio station
http://moskva.fm/,NEWS,News Media,2019-11-17,Netalitica,Russian radio station
https://radiopotok.ru/,NEWS,News Media,2019-11-17,Netalitica,aggregator of Russian radio stations
https://radiomayak.ru/,NEWS,News Media,2019-11-17,Netalitica,popular Russian radio station
https://radiosputnik.ria.ru/,NEWS,News Media,2019-11-17,Netalitica,Radio Sputnik
http://sprashivai.ru/,GRP,Social Networking,2019-11-17,Netalitica,
http://www.narkotiki.ru/,ALDR,Alcohol & Drugs,2019-12-09,Netalitica,
http://www.nodrugs.ru/,ALDR,Alcohol & Drugs,2019-12-09,Netalitica,
http://forum.lingvolive.com/,COMT,Communication Tools,2019-12-09,Netalitica,forum for linguists
http://mamadu.ru/transl.htm/,COMT,Communication Tools,2019-12-09,Netalitica,online dictionaries
http://www.netman.ru/,COMT,Communication Tools,2019-12-09,Netalitica,
http://www.nextmail.ru/,COMT,Communication Tools,2019-12-09,Netalitica,email service
https://accounts.google.com/signup/,COMT,Communication Tools,2019-12-09,Netalitica,
https://mail.km.ru/,COMT,Communication Tools,2019-12-09,Netalitica,email service
https://perevedem.ru/,COMT,Communication Tools,2019-12-09,Netalitica,online translation service
https://www.pochta.ru/,COMT,Communication Tools,2019-12-09,Netalitica,Russian Post site
http://www.scepsis.ru/,CULTR,Culture,2019-12-09,Netalitica,
https://www.aport.ru/,COMM,E-commerce,2019-12-09,Netalitica,online store
http://mamadu.ru/,COMM,E-commerce,2019-12-09,Netalitica,real estate in Russia
https://araxgroup.ru/,COMM,E-commerce,2019-12-09,Netalitica,business software
https://www.1c-bitrix.ru/,COMM,E-commerce,2019-12-09,Netalitica,Software developers
http://www.forest.ru/,ENV,Environment,2019-12-09,Netalitica,focus on forestry in Russia
http://www.iucn.ru/,ENV,Environment,2019-12-09,Netalitica,
https://ecodefense.ru/,ENV,Environment,2019-12-09,Netalitica,green organization
https://greenpeace.ru/,ENV,Environment,2019-12-09,Netalitica,Greenpeace Russia
http://ru.onlinecasinos5.ru/,GMB,Gambling,2019-12-09,Netalitica,
https://goldfishka68.com/,GMB,Gambling,2019-12-09,Netalitica,
https://grand-casino0.com/grand/,GMB,Gambling,2019-12-09,Netalitica,
https://www.goldfishka.ru/,GMB,Gambling,2019-12-09,Netalitica,
https://iz.ru/blog/,HOST,Hosting and Blogging Platforms,2019-12-09,Netalitica,Izvestia blogs
https://ria.ru/blogs/,HOST,Hosting and Blogging Platforms,2019-12-09,Netalitica,RIA News blogs
http://www.blogdir.ru/,HOST,Hosting and Blogging Platforms,2019-12-09,Netalitica,blogging platform
http://www.diary.ru/,HOST,Hosting and Blogging Platforms,2019-12-09,Netalitica,blogs
http://www.trud.org/,HOST,Hosting and Blogging Platforms,2019-12-09,Netalitica,domain registration
https://elhosting.ru/,HOST,Hosting and Blogging Platforms,2019-12-09,Netalitica,Hosting and domain registration
https://hc.ru/,HOST,Hosting and Blogging Platforms,2019-12-09,Netalitica,Hosting services
https://itblogs.ru/,HOST,Hosting and Blogging Platforms,2019-12-09,Netalitica,hosting
https://livemy.info/,HOST,Hosting and Blogging Platforms,2019-12-09,Netalitica,hosting
https://mchost.ru/,HOST,Hosting and Blogging Platforms,2019-12-09,Netalitica,hosting
https://my.mail.ru/,HOST,Hosting and Blogging Platforms,2019-12-09,Netalitica,email service
https://www.alexhost.ru/,HOST,Hosting and Blogging Platforms,2019-12-09,Netalitica,hosting
https://www.blogger.com/about/?hl=ru/,HOST,Hosting and Blogging Platforms,2019-12-09,Netalitica,blogging platform
https://www.reg.ru/,HOST,Hosting and Blogging Platforms,2019-12-09,Netalitica,hosting
https://yandex.ru/blogs/,HOST,Hosting and Blogging Platforms,2019-12-09,Netalitica,
http://okpz.freeservers.com/,HUMR,Human Rights Issues,2019-12-09,Netalitica,focus on prisinors rights in Russia
http://www.publicverdict.org/,HUMR,Human Rights Issues,2019-12-09,Netalitica,
http://www.unrussia.ru/,HUMR,Human Rights Issues,2019-12-09,Netalitica,UN in Russia
http://www.ravenstvo.org/,HUMR,Human Rights Issues,2019-12-09,Netalitica,protection of rights of workers
http://www.yhrm.org/,HUMR,Human Rights Issues,2019-12-09,Netalitica,youth humen rights movement
https://www.zaprava.ru/,HUMR,Human Rights Issues,2019-12-09,Netalitica,
http://www.hrpublishers.org/,HUMR,Human Rights Issues,2019-12-09,Netalitica,
https://migrant.ru/,HUMR,Human Rights Issues,2019-12-09,Netalitica,refugee orgs forum
https://refugee.ru/,HUMR,Human Rights Issues,2019-12-09,Netalitica,refugee focus
https://www.memo.ru/,HUMR,Human Rights Issues,2019-12-09,Netalitica,
https://www.sova-center.ru/,HUMR,Human Rights Issues,2019-12-09,Netalitica,critical of authorities
http://bluesystem.info/,LGBT,LGBT,2019-12-09,Netalitica,
http://www.softilla.ru/,MMED,Media sharing,2019-12-09,Netalitica,
https://download.ru/about/,MMED,Media sharing,2019-12-09,Netalitica,
https://republic.ru/,NEWS,News Media,2019-12-09,Netalitica,
https://fergana.agency/,NEWS,News Media,2019-12-09,Netalitica,"based in Russia, covers Central Asia states"
https://www.passion.ru/,NEWS,News Media,2019-12-09,Netalitica,fashion focus
http://compromat.ru/,NEWS,News Media,2019-12-09,Netalitica,
http://polithexogen.ru/,NEWS,News Media,2019-12-09,Netalitica,Russian medium
http://www.akm.ru/,NEWS,News Media,2019-12-09,Netalitica,
http://www.compromat.ru/,NEWS,News Media,2019-12-09,Netalitica,
http://www.flb.ru/,NEWS,News Media,2019-12-09,Netalitica,
https://www.inopressa.ru/,NEWS,News Media,2019-12-09,Netalitica,foreign media on Russia
http://www.molgvardia.ru/,NEWS,News Media,2019-12-09,Netalitica,
https://www.obozrevatel.com/,NEWS,News Media,2019-12-09,Netalitica,Russian medium
http://www.pravdabeslana.ru/,NEWS,News Media,2019-12-09,Netalitica,"Beslan tragedy - outdated, monitor"
http://www.strana.ru/,NEWS,News Media,2019-12-09,Netalitica,
https://glazev.ru/,NEWS,News Media,2019-12-09,Netalitica,
http://www.pravda.info/,NEWS,News Media,2019-12-09,Netalitica,
http://www.ortho-rus.ru/,NEWS,News Media,2019-12-09,Netalitica,forcus on south regions of Russia
https://regnum.ru/,NEWS,News Media,2019-12-09,Netalitica,
https://dni.ru/,NEWS,News Media,2019-12-09,Netalitica,
https://www.newsru.com/,NEWS,News Media,2019-12-09,Netalitica,Russian medium
https://polit.ru/,NEWS,News Media,2019-12-09,Netalitica,
https://russiajournal.com/,NEWS,News Media,2019-12-09,Netalitica,Russian journal - archives
http://eurasia.org.ru/,NEWS,News Media,2019-12-09,Netalitica,Eurasia focus
http://fca.narod.ru/,NEWS,News Media,2019-12-09,Netalitica,Caucasus information portal
http://irex.ru/,NEWS,News Media,2019-12-09,Netalitica,international business news
http://www.mideast.ru/,NEWS,News Media,2019-12-09,Netalitica,news and email service
https://aif.ru/,NEWS,News Media,2019-12-09,Netalitica,Russian medium
https://lenta.ru/,NEWS,News Media,2019-12-09,Netalitica,Russian medium
https://novayagazeta.ru/,NEWS,News Media,2019-12-09,Netalitica,Russian medium
https://provokator.com.ua/,NEWS,News Media,2019-12-09,Netalitica,
https://rg.ru/,NEWS,News Media,2019-12-09,Netalitica,Russian medium
https://ria.ru/,NEWS,News Media,2019-12-09,Netalitica,RIA news
https://tass.ru/,NEWS,News Media,2019-12-09,Netalitica,Russian information agency TASS
https://www.interfax.ru/,NEWS,News Media,2019-12-09,Netalitica,Russian medium
https://www.kommersant.ru/,NEWS,News Media,2019-12-09,Netalitica,Russian medium
https://www.kp.ru/,NEWS,News Media,2019-12-09,Netalitica,Russian medium
http://dating.ru/,DATE,Online Dating,2019-12-09,Netalitica,
http://www.holiday.ru/,DATE,Online Dating,2019-12-09,Netalitica,
http://www.lubovy.ru/,DATE,Online Dating,2019-12-09,Netalitica,
http://www.mydarling.ru/,DATE,Online Dating,2019-12-09,Netalitica,
https://damochka.ru/,DATE,Online Dating,2019-12-09,Netalitica,
https://love.mail.ru/,DATE,Online Dating,2019-12-09,Netalitica,
https://loveplanet.ru/,DATE,Online Dating,2019-12-09,Netalitica,
https://omen.ru/,DATE,Online Dating,2019-12-09,Netalitica,
https://www.mamba.ru/,DATE,Online Dating,2019-12-09,Netalitica,
http://www.rodina.ru/,POLR,Political Criticism,2019-12-09,Netalitica,Russian political party
http://www.rufront.ru/,POLR,Political Criticism,2019-12-09,Netalitica,
http://www.democracy.ru/,POLR,Political Criticism,2019-12-09,Netalitica,
http://www.hrights.ru/,POLR,Political Criticism,2019-12-09,Netalitica,
http://www.liberal.ru/,POLR,Political Criticism,2019-12-09,Netalitica,
http://www.namarsh.ru/,POLR,Political Criticism,2019-12-09,Netalitica,demonstrations in Russia coverage
http://www.prison.org/,POLR,Political Criticism,2019-12-09,Netalitica,rights of prisinors
http://kasyanov.ru/,POLR,Political Criticism,2019-12-09,Netalitica,Russian politician
http://namarsh.ru/,POLR,Political Criticism,2019-12-09,Netalitica,about protest movements in Russia
http://www.agitclub.ru/,POLR,Political Criticism,2019-12-09,Netalitica,Russia focus only
http://www.aglob.ru/,POLR,Political Criticism,2019-12-09,Netalitica,
http://www.alternativy.ru/,POLR,Political Criticism,2019-12-09,Netalitica,outdated but generates some traffic - monitor
http://www.agentura.ru/,POLR,Political Criticism,2019-12-09,Netalitica,investigative journalism - Russia focus
https://transparency.org.ru/,POLR,Political Criticism,2019-12-09,Netalitica,Transperancy Russia
http://a-sadov.livejournal.com/,POLR,Political Criticism,2019-12-09,Netalitica,
http://stalinism.ru/,POLR,Political Criticism,2019-12-09,Netalitica,on Stalin
http://www.libertarium.ru/libertarium/sorm/,POLR,Political Criticism,2019-12-09,Netalitica,
https://civitas.ru/,POLR,Political Criticism,2019-12-09,Netalitica,civil society resource
https://holmogor.livejournal.com/,POLR,Political Criticism,2019-12-09,Netalitica,Russia focus
https://www.khodorkovsky.ru/,POLR,Political Criticism,2019-12-09,Netalitica,political dissident
http://www.wsws.org/ru/1999/dez1999/heal-d03.shtml/,PUBH,Public Health,2019-12-09,Netalitica,outdated but generates traffic - article on the Russian health system
http://www.medinkur.ru/,PUBH,Public Health,2019-12-09,Netalitica,illegal sale of medical documentation
https://mosclinic.ru/,PUBH,Public Health,2019-12-09,Netalitica,repository of Russian doctors and hospitals
https://www.znopr.ru/,PUBH,Public Health,2019-12-09,Netalitica,Russia Helath Ministry
https://ligazn.ru/,PUBH,Public Health,2019-12-09,Netalitica,
http://afew.org/ru/,PUBH,Public Health,2019-12-09,Netalitica,
http://doctorvic.ru/,PUBH,Public Health,2019-12-09,Netalitica,
http://www.bitnet.ru/,PUBH,Public Health,2019-12-09,Netalitica,psychological development focus
http://www.euro.who.int/ru/home/,PUBH,Public Health,2019-12-09,Netalitica,World Health Organiztion - Russian page
http://www.who.int/topics/family_planning/ru/,PUBH,Public Health,2019-12-09,Netalitica,WHO - Russian language
https://www.7ya.ru/,PUBH,Public Health,2019-12-09,Netalitica,
http://buddhism.org.ru/,REL,Religion,2019-12-09,Netalitica,
http://geo.orthodoxy.ru/,REL,Religion,2019-12-09,Netalitica,Georgia Orthodox Church
http://shaman.aha.ru/,REL,Religion,2019-12-09,Netalitica,
http://www.patriarchia.ru/,REL,Religion,2019-12-09,Netalitica,Russian Orthodox Church
http://www.russianorthodoxchurch.ws/,REL,Religion,2019-12-09,Netalitica,Russian church - aborad
http://www.satanistsite.narod.ru/,REL,Religion,2019-12-09,Netalitica,
https://mospat.ru/ru/,REL,Religion,2019-12-09,Netalitica,Russian Orthodox Church
https://www.buddhism.ru/,REL,Religion,2019-12-09,Netalitica,
https://ru.yahoo.com/,SRCH,Search Engines,2019-12-09,Netalitica,
https://yandex.ru/soft/punto/,SRCH,Search Engines,2019-12-09,Netalitica,keyboard layout app
http://wwwoman.ru/,XED,Sex Education,2019-12-09,Netalitica,
http://wwwoman.ru/bezopasnyi-seks-razlichnye-sredstva-kontratsetsii-755.htm/,XED,Sex Education,2019-12-09,Netalitica,
https://www.7ya.ru/pub/contr/,XED,Sex Education,2019-12-09,Netalitica,
https://www.med2000.ru/,XED,Sex Education,2019-12-09,Netalitica,
https://www.ucoz.ru/,GRP,Social Networking,2019-12-09,Netalitica,website building service
http://kavkaz.tv/,MILX,Terrorism and Militants,2019-12-09,Netalitica,
http://kinobolt.ru/,FILE,File-sharing,2019-12-09,Netalitica,Russian torrent-tracker
http://tushkan.net/,FILE,File-sharing,2019-12-09,Netalitica,Russian torrent-tracker
https://rutracker.org/forum/index.php,FILE,File-sharing,2019-12-09,Netalitica,Russian torrent-tracker
https://torrents3d.ru/,FILE,File-sharing,2019-12-09,Netalitica,Russian torrent-tracker
http://alein.org/,FILE,File-sharing,2019-12-09,Netalitica,Russian torrent-tracker
http://www.lostfilm.tv/,FILE,File-sharing,2019-12-09,Netalitica,Russian torrent-tracker
https://nnmclub.to/forum/search.php?search_author=psycrow17,FILE,File-sharing,2019-12-09,Netalitica,Russian torrent-tracker
http://nnmclub.to/,FILE,File-sharing,2019-12-09,Netalitica,Russian torrent-tracker
https://tapochek.net/index.php,FILE,File-sharing,2019-12-09,Netalitica,Russian torrent-tracker
http://megatfile.cc/,FILE,File-sharing,2019-12-09,Netalitica,Russian torrent-tracker
http://www.uniongang.net/,FILE,File-sharing,2019-12-09,Netalitica,Russian torrent-tracker
https://habr.com/ru/,NEWS,News Media,2019-12-10,Netalitica,technology news
https://www.ixbt.com/,NEWS,News Media,2019-12-10,Netalitica,technology news
https://cnews.ru/,NEWS,News Media,2019-12-10,Netalitica,technology news
https://www.popmech.ru/,NEWS,News Media,2019-12-10,Netalitica,technology news
https://xakep.ru/,NEWS,News Media,2019-12-10,Netalitica,technology news
https://gagadget.com/,NEWS,News Media,2019-12-10,Netalitica,technology news
https://hi-news.ru/,NEWS,News Media,2019-12-10,Netalitica,medical and science news
https://www.iguides.ru/,NEWS,News Media,2019-12-10,Netalitica,technology news
https://mail.rambler.ru/,COMT,Communication Tools,2019-12-18,Netalitica,popular email service
https://www.msn.com/ru-ru,COMT,Communication Tools,2019-12-18,Netalitica,MSN service for Russia
https://www.ulmart.ru/,COMM,E-commerce,2019-12-18,Netalitica,online shopping
https://www.rbc.ru/,NEWS,News Media,2019-12-18,Netalitica,Business news
https://vz.ru/,NEWS,News Media,2019-12-18,Netalitica,Business news
https://www.banki.ru/,NEWS,News Media,2019-12-18,Netalitica,Business news
https://www.forbes.ru/,NEWS,News Media,2019-12-18,Netalitica,Business news
https://www.finam.ru/,NEWS,News Media,2019-12-18,Netalitica,Business news
https://www.vestifinance.ru/,NEWS,News Media,2019-12-18,Netalitica,Business news
https://www.bfm.ru/,NEWS,News Media,2019-12-18,Netalitica,Business news
https://1prime.ru/,NEWS,News Media,2019-12-18,Netalitica,Business news
https://rb.ru/,NEWS,News Media,2019-12-18,Netalitica,Business news
https://www.dp.ru/,NEWS,News Media,2019-12-18,Netalitica,Business news
http://bankir.ru/,NEWS,News Media,2019-12-18,Netalitica,Business news
https://www.sostav.ru/,NEWS,News Media,2019-12-18,Netalitica,Business news
https://ekb.dk.ru/,NEWS,News Media,2019-12-18,Netalitica,Business news
http://www.finmarket.ru/,NEWS,News Media,2019-12-18,Netalitica,Business news
https://realty.ria.ru/,NEWS,News Media,2019-12-18,Netalitica,Business news
https://www.rbc.ru/newspaper/,NEWS,News Media,2019-12-18,Netalitica,Business news
https://adindex.ru/,NEWS,News Media,2019-12-18,Netalitica,Business news
http://finam.info/,NEWS,News Media,2019-12-18,Netalitica,Business news
https://mirtesen.ru/,NEWS,News Media,2019-12-18,Netalitica,
https://golbis.com/,NEWS,News Media,2019-12-18,Netalitica,infotainment
https://na-svyazi.ru/,NEWS,News Media,2019-12-18,Netalitica,regional news and infrmation portal for Chuvashia
https://mylove.ru/,DATE,Online Dating,2019-12-18,Netalitica,
https://24open.ru/,DATE,Online Dating,2019-12-18,Netalitica,
https://en.kismia.com/,DATE,Online Dating,2019-12-18,Netalitica,
https://www.meendo.net/,DATE,Online Dating,2019-12-18,Netalitica,
https://beboo.ru/,DATE,Online Dating,2019-12-18,Netalitica,
https://teamo.ru/,DATE,Online Dating,2019-12-18,Netalitica,
https://www.edarling.ru/,DATE,Online Dating,2019-12-18,Netalitica,
http://chpoking.ru/,DATE,Online Dating,2019-12-18,Netalitica,
http://match.privet.ru/,DATE,Online Dating,2019-12-18,Netalitica,
https://znakomstva.ru/,DATE,Online Dating,2019-12-18,Netalitica,
http://flirchi.ru/,DATE,Online Dating,2019-12-18,Netalitica,
https://www.rlsnet.ru/,PUBH,Public Health,2019-12-18,Netalitica,
https://vrachirf.ru/,PUBH,Public Health,2019-12-18,Netalitica,
https://medportal.ru/,PUBH,Public Health,2019-12-18,Netalitica,
http://www.calorizator.ru/,PUBH,Public Health,2019-12-18,Netalitica,
http://rusmedserv.com/,PUBH,Public Health,2019-12-18,Netalitica,
https://www.tiensmed.ru/,PUBH,Public Health,2019-12-18,Netalitica,
http://meddaily.ru/,PUBH,Public Health,2019-12-18,Netalitica,
http://www.medlinks.ru/,PUBH,Public Health,2019-12-18,Netalitica,
https://www.doktornarabote.ru/,PUBH,Public Health,2019-12-18,Netalitica,
https://003ms.ru/,PUBH,Public Health,2019-12-18,Netalitica,
https://www.medikforum.ru/,PUBH,Public Health,2019-12-18,Netalitica,
https://prodoctorov.ru/,PUBH,Public Health,2019-12-18,Netalitica,doctors feedback
http://www.medkrug.ru/,PUBH,Public Health,2019-12-18,Netalitica,
https://www.medsovet.info/,PUBH,Public Health,2019-12-18,Netalitica,
https://www.consmed.ru/,PUBH,Public Health,2019-12-18,Netalitica,
https://www.webapteka.ru/,PUBH,Public Health,2019-12-18,Netalitica,drugs order online
https://medi.ru/,PUBH,Public Health,2019-12-18,Netalitica,drugs information repository
http://medicalj.ru/,PUBH,Public Health,2019-12-18,Netalitica,articles on mediical topics
https://vitaportal.ru/,PUBH,Public Health,2019-12-18,Netalitica,healthy lifestyle and diet
https://www.03.ru/,PUBH,Public Health,2019-12-18,Netalitica,medical consultaitons online
https://health.mail.ru/,PUBH,Public Health,2019-12-18,Netalitica,
http://pravoslavie.ru/,REL,Religion,2019-12-18,Netalitica,Orthodox Church
https://www.pravmir.ru/category/cerkov/,REL,Religion,2019-12-18,Netalitica,Orthodox Church
https://azbyka.ru/,REL,Religion,2019-12-18,Netalitica,Orthodox Church
https://islam-today.ru/,REL,Religion,2019-12-18,Netalitica,Orthodox Church
http://ruskline.ru/,REL,Religion,2019-12-18,Netalitica,Orthodox Church
https://go.mail.ru/,SRCH,Search Engines,2019-12-18,Netalitica,
https://www.sputnik.ru/,SRCH,Search Engines,2019-12-18,Netalitica,search engine and news platform
http://webalta.ru/,SRCH,Search Engines,2019-12-18,Netalitica,search engine and news platform
https://fotostrana.ru/,GRP,Social Networking,2019-12-18,Netalitica,
https://qip.ru/,GRP,Social Networking,2019-12-18,Netalitica,news and email service
https://professionali.ru/,GRP,Social Networking,2019-12-18,Netalitica,connects proffesionals
http://vkrugudruzei.ru/reg/,GRP,Social Networking,2019-12-18,Netalitica,
https://career.habr.com/,GRP,Social Networking,2019-12-18,Netalitica,career search site
https://molodost.bz/,GRP,Social Networking,2019-12-18,Netalitica,focus on business relations
https://postila.ru/,GRP,Social Networking,2019-12-18,Netalitica,
https://www.pinme.ru/,GRP,Social Networking,2019-12-18,Netalitica,
https://www.ozon.ru/,COMM,E-commerce,2019-12-19,Netalitica,online shopping
https://www.wildberries.ru/,COMM,E-commerce,2019-12-20,Netalitica,online shopping
https://www.citilink.ru/,COMM,E-commerce,2019-12-21,Netalitica,online shopping
https://www.lamoda.ru/,COMM,E-commerce,2019-12-22,Netalitica,online shopping
https://www.eldorado.ru/,COMM,E-commerce,2019-12-23,Netalitica,online shopping
https://www.svyaznoy.ru/,COMM,E-commerce,2019-12-24,Netalitica,online shopping
https://www.dns-shop.ru/,COMM,E-commerce,2019-12-25,Netalitica,online shopping
https://www.labirint.ru/,COMM,E-commerce,2019-12-26,Netalitica,online book store
https://www.litres.ru/,COMM,E-commerce,2019-12-27,Netalitica,online book store
https://www.biglion.ru/,COMM,E-commerce,2019-12-27,Netalitica,online shopping
https://www.sportmaster.ru/,COMM,E-commerce,2019-12-28,Netalitica,online shopping
https://www.kupivip.ru/,COMM,E-commerce,2019-12-29,Netalitica,online shopping
https://www.bonprix.ru/,COMM,E-commerce,2019-12-29,Netalitica,online shopping
https://www.onlinetrade.ru/,COMM,E-commerce,2019-12-29,Netalitica,online shopping
https://sotmarket.ru/,COMM,E-commerce,2019-12-30,Netalitica,hardware online store
http://www.thg.ru/,COMM,E-commerce,2019-12-30,Netalitica,hardware online store
http://www.1gay.ru/,LGBT,LGBT,2019-11-22,citizenlab,
https://charitum.com/deti-kak-deti-sem-rasskazov-ukrainskix-lgbt-podrostkov/,LGBT,LGBT,2019-11-22,citizenlab,
https://parniplus.com/,LGBT,LGBT,2019-11-22,citizenlab,
http://mv.ecuo.org/,PUBH,Public Health,2019-11-22,citizenlab,
https://upogau.org/,LGBT,LGBT,2019-11-22,citizenlab,Gay Alliance Ukraine
http://www.xgay.ru/together/,LGBT,LGBT,2019-11-22,citizenlab,
https://queerfest.ru/ru/,LGBT,LGBT,2019-11-22,citizenlab,
http://www.bok-o-bok.ru/,LGBT,LGBT,2019-11-22,citizenlab,
https://www.equaldex.com/region/russia,LGBT,LGBT,2019-11-22,citizenlab,
https://www.lgbt.org.ua/,LGBT,LGBT,2019-11-22,citizenlab,
https://mcclgbt.com/,LGBT,LGBT,2019-11-22,citizenlab,Moscow Community kavkazcenter
http://dodmayak.ru/,LGBT,LGBT,2019-11-22,citizenlab,
https://reverslgbt.org/,LGBT,LGBT,2019-11-22,citizenlab,
http://krilija.sp.ru/,LGBT,LGBT,2019-11-22,citizenlab,
http://www.gay-sport.ru/,LGBT,LGBT,2019-11-22,citizenlab,
https://www.msk-stimul.eu/,LGBT,LGBT,2019-11-22,citizenlab,
https://www.shutterstock.com/,MMED,Media sharing,2019-12-14,magma,https://reestr.rublacklist.net/record/1923489/
http://xn--80aaifmgl1achx.xn--p1ai/,GMB,Gambling,2014-04-15,citizenlab,
https://o-zine.ru/,LGBT,LGBT,2020-01-20,OONI,Reportedly blocked by some ISPs in Russia
