url,category_code,category_description,date_added,source,notes
http://www.nancyajram.com/,CULTR,Culture,2014-04-15,citizenlab,
https://www.moqawama.org/,MILX,Terrorism and Militants,2014-04-15,citizenlab,
http://angryarab.blogspot.com/,POLR,Political Criticism,2014-04-15,citizenlab,
http://www.ahewar.org/,POLR,Political Criticism,2014-04-15,citizenlab,
http://www.ansarh.com/,REL,Religion,2014-04-15,citizenlab,
http://www.ansarweb.net/,REL,Religion,2014-04-15,citizenlab,
http://www.bahai-faith.org/,REL,Religion,2014-04-15,citizenlab,
http://www.bahai.com/,REL,Religion,2014-04-15,citizenlab,
http://www.coptic.net/,REL,Religion,2014-04-15,citizenlab,
http://www.light-of-life.com/,REL,Religion,2014-04-15,citizenlab,
https://www.yahosein.com/,REL,Religion,2014-04-15,citizenlab,
https://www.anti-cair-net.org/,HUMR,Human Rights Issues,2014-04-15,citizenlab,
https://annabaa.org/,NEWS,News Media,2014-04-15,citizenlab,
https://answering-islam.org/,REL,Religion,2014-04-15,citizenlab,
https://www.rafed.net/ar/,REL,Religion,2014-04-15,citizenlab,
https://www.mashrobi.com/,ALDR,Alcohol & Drugs,2019-05-05,Netalitica,
https://www.africanandeastern.com/,ALDR,Alcohol & Drugs,2019-05-02,Netalitica,
https://www.leclos.net/,ALDR,Alcohol & Drugs,2019-05-02,Netalitica,
https://centaurusint.net/,ALDR,Alcohol & Drugs,2019-05-02,Netalitica,
http://www.mmidubai.com/,ALDR,Alcohol & Drugs,2019-05-02,Netalitica,
https://www.spinneysauh.com/,ALDR,Alcohol & Drugs,2019-05-02,Netalitica,
https://www.selfridges.com/,ALDR,Alcohol & Drugs,2019-05-02,Netalitica,
https://www.drinkies.net/,ALDR,Alcohol & Drugs,2019-05-02,Netalitica,
https://gulfbrandsinternational.com/,ALDR,Alcohol & Drugs,2019-05-02,Netalitica,
https://ar.drinkedin.net/,ALDR,Alcohol & Drugs,2019-05-02,Netalitica,
https://www.cyber-arabs.com/,ANON,Anonymization and circumvention tools,2019-05-02,Netalitica,
https://mahjooob.com/,ANON,Anonymization and circumvention tools,2019-05-02,Netalitica,
https://www.arabichotspotshield.com/,ANON,Anonymization and circumvention tools,2019-05-02,Netalitica,
http://www.arabprogs.com/,ANON,Anonymization and circumvention tools,2019-05-02,Netalitica,
https://www.toopenblockedsites.com/,ANON,Anonymization and circumvention tools,2019-05-02,Netalitica,
https://www.newtactics.org/ar,ANON,Anonymization and circumvention tools,2019-05-02,Netalitica,
https://www.openingblockedsite.com/,ANON,Anonymization and circumvention tools,2019-05-02,Netalitica,
https://nottrees.com/,ANON,Anonymization and circumvention tools,2019-05-02,Netalitica,
https://salamatechwiki.org/,ANON,Anonymization and circumvention tools,2019-05-02,Netalitica,
https://beheard.salamatech.org/ar,ANON,Anonymization and circumvention tools,2019-05-02,Netalitica,
https://www.salamatech.org/,ANON,Anonymization and circumvention tools,2019-05-02,Netalitica,
https://ar.vpnmentor.com/,ANON,Anonymization and circumvention tools,2019-05-02,Netalitica,
https://ara.privateinternetaccess.com/,ANON,Anonymization and circumvention tools,2019-05-02,Netalitica,
https://weneedprivacy.com/,ANON,Anonymization and circumvention tools,2019-05-02,Netalitica,
https://kaserproxy.net/,ANON,Anonymization and circumvention tools,2019-05-02,Netalitica,
https://xn--ngbsg7dyao.xyz/,ANON,Anonymization and circumvention tools,2019-05-02,Netalitica,
http://www.proxyarab.com/,ANON,Anonymization and circumvention tools,2019-05-02,Netalitica,
https://www.proteachin.com/,ANON,Anonymization and circumvention tools,2019-05-02,Netalitica,
https://www.sodas.sa/,CTRL,Control content,2019-05-02,Netalitica,
https://www.elm.sa/ar/Pages/default.aspx,CTRL,Control content,2019-05-02,Netalitica,
https://www.doroob.sa/ar/,CTRL,Control content,2019-05-02,Netalitica,
https://www.mcit.gov.sa/,CTRL,Control content,2019-05-02,Netalitica,
https://www.swa.gov.sa/ar/,CTRL,Control content,2019-05-02,Netalitica,
https://sajjel.me/,CTRL,Control content,2019-05-02,Netalitica,
http://www.sportksa.net/main/,CTRL,Control content,2019-05-02,Netalitica,
https://www.alkebar.com/,CTRL,Control content,2019-05-02,Netalitica,
https://www.shoot-sa.com/,CTRL,Control content,2019-05-02,Netalitica,
https://www.othaimmarkets.com/splash,CTRL,Control content,2019-05-02,Netalitica,
https://www.jarir.com/sa-en/,CTRL,Control content,2019-05-02,Netalitica,
https://www.saudia.com/,CTRL,Control content,2019-05-02,Netalitica,
http://www.othaimmalls.com/Default.aspx?lang=ar,CTRL,Control content,2019-05-02,Netalitica,
https://saudi.vezeeta.com/ar,CTRL,Control content,2019-05-02,Netalitica,
http://www.saudigulfairlines.com/ar/home,CTRL,Control content,2019-05-02,Netalitica,
https://www.sa.zain.com/,CTRL,Control content,2019-05-02,Netalitica,
https://www.prayer-times.info/,CTRL,Control content,2019-05-02,Netalitica,
https://kora.com/saudi-arabia/,CTRL,Control content,2019-05-02,Netalitica,
http://www.awttar.com/,CULTR,Culture,2019-05-02,Netalitica,
https://www.aljasraculture.com/,CULTR,Culture,2019-05-02,Netalitica,
http://www.adab.com/,CULTR,Culture,2019-05-02,Netalitica,
https://www.diwanalarab.com/,CULTR,Culture,2019-05-02,Netalitica,
https://www.aldiwan.net/,CULTR,Culture,2019-05-02,Netalitica,
http://www.alapn.co/ar/,CULTR,Culture,2019-05-02,Netalitica,
http://arabca.net/,CULTR,Culture,2019-05-02,Netalitica,
https://www.hiamag.com/,CULTR,Culture,2019-05-02,Netalitica,
https://www.alukah.net/,CULTR,Culture,2019-05-02,Netalitica,
https://www.zahratalkhaleej.ae/,CULTR,Culture,2019-05-02,Netalitica,
https://www.sayidaty.net/,CULTR,Culture,2019-05-02,Netalitica,
https://arb.majalla.com/,CULTR,Culture,2019-05-02,Netalitica,
http://www.xn--mgbai3a1bycq.net/,DATE,Online Dating,2019-05-02,Netalitica,
https://www.betrallyelarab.com/,DATE,Online Dating,2019-05-02,Netalitica,
https://www.buzzarab.com/,DATE,Online Dating,2019-05-02,Netalitica,
https://www.zohradating.com/,DATE,Online Dating,2019-05-02,Netalitica,
https://badoo.com/ar/dating/,DATE,Online Dating,2019-05-02,Netalitica,
https://www.nisfo.com/,DATE,Online Dating,2019-05-02,Netalitica,
https://ar.dateforeal.com/,DATE,Online Dating,2019-05-02,Netalitica,
https://www.gulf-dating.com/,DATE,Online Dating,2019-05-02,Netalitica,
https://ahlam.net/,DATE,Online Dating,2019-05-02,Netalitica,
https://msyaronline.com/,DATE,Online Dating,2019-05-02,Netalitica,
http://syria-dating.com/,DATE,Online Dating,2019-05-02,Netalitica,
http://www.ekhetba.com/home.ar,DATE,Online Dating,2019-05-02,Netalitica,
https://zaoag.net/,DATE,Online Dating,2019-05-02,Netalitica,
http://www.asawer.net/,DATE,Online Dating,2019-05-02,Netalitica,
https://www.inkeedo.com/,DATE,Online Dating,2019-05-02,Netalitica,
http://www.ekhotoba.com/home.ar,DATE,Online Dating,2019-05-02,Netalitica,
https://www.tunisia-dating.com/,DATE,Online Dating,2019-05-02,Netalitica,
https://www.soudfa.com/,DATE,Online Dating,2019-05-02,Netalitica,
https://www.meet-lebanese.com/ar/,DATE,Online Dating,2019-05-02,Netalitica,
https://hotornot.com/ar/,DATE,Online Dating,2019-05-02,Netalitica,
https://www.muslima.com/ar,DATE,Online Dating,2019-05-02,Netalitica,
http://zwaj-palestine.com/,DATE,Online Dating,2019-05-02,Netalitica,
http://eg.daleel.waseet.net/,DATE,Online Dating,2019-05-02,Netalitica,
http://www.klmnyy.com/,DATE,Online Dating,2019-05-02,Netalitica,
https://zawgaty.com/,DATE,Online Dating,2019-05-02,Netalitica,
https://www.zawaj.com/,DATE,Online Dating,2019-05-02,Netalitica,
http://www.yazawaj.com/,DATE,Online Dating,2019-05-02,Netalitica,
https://www.umnea.net/,DATE,Online Dating,2019-05-02,Netalitica,
http://zawaghalal.com/,DATE,Online Dating,2019-05-02,Netalitica,
http://talaki.com/,DATE,Online Dating,2019-05-02,Netalitica,
https://www.sharekomry.com/,DATE,Online Dating,2019-05-02,Netalitica,
https://www.qiran.com/,DATE,Online Dating,2019-05-02,Netalitica,
https://www.maaal.com/,ECON,Economics,2019-05-02,Netalitica,
https://aliqtisadi.com/,ECON,Economics,2019-05-02,Netalitica,
https://www.arabianbusiness.com/,ECON,Economics,2019-05-02,Netalitica,
https://www.argaam.com/,ECON,Economics,2019-05-02,Netalitica,
https://www.zawya.com/,ECON,Economics,2019-05-02,Netalitica,
https://www.forbesmiddleeast.com/,ECON,Economics,2019-05-02,Netalitica,
https://www.alborsanews.com/,ECON,Economics,2019-05-02,Netalitica,
http://www.aleqt.com/,ECON,Economics,2019-05-02,Netalitica,
https://www.cnbcarabia.com/,ECON,Economics,2019-05-02,Netalitica,
https://www.al-iqtisad.net/,ECON,Economics,2019-05-02,Netalitica,
https://hawamer.com/,ECON,Economics,2019-05-02,Netalitica,
https://menafn.com/,ECON,Economics,2019-05-02,Netalitica,
https://zid.sa/,ECON,Economics,2019-05-02,Netalitica,
https://mtgryonline.com/,ECON,Economics,2019-05-02,Netalitica,
https://www.shopgo.me/ar/,ECON,Economics,2019-05-02,Netalitica,
https://www.rowadalaamal.com/,ECON,Economics,2019-05-02,Netalitica,
https://amwal-mag.com/,ECON,Economics,2019-05-02,Netalitica,
https://rowadbusiness.com/,ECON,Economics,2019-05-02,Netalitica,
https://www.babsaudi.com/ar/index,ECON,Economics,2019-05-02,Netalitica,
https://e-tejara.com/,ECON,Economics,2019-05-02,Netalitica,
https://www.esimsar.com/,ECON,Economics,2019-05-02,Netalitica,
http://www.aqarsaudi.com/,ECON,Economics,2019-05-02,Netalitica,
https://olx.sa.com/,ECON,Economics,2019-05-02,Netalitica,
https://sa.opensooq.com/ar,ECON,Economics,2019-05-02,Netalitica,
https://aqarati.com/,ECON,Economics,2019-05-02,Netalitica,
https://haraj.com.sa/,ECON,Economics,2019-05-02,Netalitica,
https://www.essamalzamel.com/,ECON,Economics,2019-05-02,Netalitica,
https://naturemena.com/,ENV,Environment,2019-05-02,Netalitica,
http://natural-snc.org/,ENV,Environment,2019-05-02,Netalitica,
http://www.greens-sa.org/,ENV,Environment,2019-05-02,Netalitica,
http://www.persga.org/,ENV,Environment,2019-05-02,Netalitica,
https://www.iucnredlist.org/,ENV,Environment,2019-05-02,Netalitica,
https://acwua.org/,ENV,Environment,2019-05-02,Netalitica,
http://www.arabwatercouncil.org/,ENV,Environment,2019-05-02,Netalitica,
https://www.cepf.net/,ENV,Environment,2019-05-02,Netalitica,
https://beieyksa.com/,ENV,Environment,2019-05-02,Netalitica,
http://www.nfdhr.org/,ENV,Environment,2019-05-02,Netalitica,
http://www.sens.org.sa/,ENV,Environment,2019-05-02,Netalitica,
http://efs.org.sa/index.php/ar/,ENV,Environment,2019-05-02,Netalitica,
https://ar4up.com/,FILE,File-sharing,2019-05-02,Netalitica,
http://www.th3download.com/,FILE,File-sharing,2019-05-02,Netalitica,
https://www.downloadxdriver.com/,FILE,File-sharing,2019-05-02,Netalitica,
http://www.arabyarea.com/,FILE,File-sharing,2019-05-02,Netalitica,
https://www.bramjfreee.com/,FILE,File-sharing,2019-05-02,Netalitica,
https://www.arbprograms.com/,FILE,File-sharing,2019-05-02,Netalitica,
http://www.5-yal.com/,FILE,File-sharing,2019-05-02,Netalitica,
http://multkasoft.com/,FILE,File-sharing,2019-05-02,Netalitica,
https://www.androidapps-ar.com/,FILE,File-sharing,2019-05-02,Netalitica,
https://technoarabi.com/,FILE,File-sharing,2019-05-02,Netalitica,
https://www.alarabydownloads.com/,FILE,File-sharing,2019-05-02,Netalitica,
https://www.mo7pro.com/,FILE,File-sharing,2019-05-02,Netalitica,
http://shamela.ws/index.php,FILE,File-sharing,2019-05-02,Netalitica,
https://www.esm3.com/,FILE,File-sharing,2019-05-02,Netalitica,
https://www.bramjzone.com/,FILE,File-sharing,2019-05-02,Netalitica,
https://www.downloadprogramsline.com/,FILE,File-sharing,2019-05-02,Netalitica,
https://www.mohmal.com/,FILE,File-sharing,2019-05-02,Netalitica,
https://bramjmyegy.co/,FILE,File-sharing,2019-05-02,Netalitica,
http://www.doniacomputer.com/,FILE,File-sharing,2019-05-02,Netalitica,
http://www.ar.obfog.com/,GAME,Gaming,2019-05-02,Netalitica,
http://game-game.ma/,GAME,Gaming,2019-05-02,Netalitica,
http://www.337.com/ar/minigame,GAME,Gaming,2019-05-02,Netalitica,
https://www.alsindibad.com/,GAME,Gaming,2019-05-02,Netalitica,
https://viptarneeb.com/,GAME,Gaming,2019-05-02,Netalitica,
https://www.jawaker.com/,GAME,Gaming,2019-05-02,Netalitica,
https://www.gamku.com/,GAME,Gaming,2019-05-02,Netalitica,
https://chessduo.com/ar,GAME,Gaming,2019-05-02,Netalitica,
https://www.gamessakhr.com/,GAME,Gaming,2019-05-02,Netalitica,
https://www.gmajid.com/,GAME,Gaming,2019-05-02,Netalitica,
https://www.casinoelarab.com/,GMB,Gambling,2019-05-02,Netalitica,
https://casinoarabian.com/,GMB,Gambling,2019-05-02,Netalitica,
https://www.saudicasinos.com/,GMB,Gambling,2019-05-02,Netalitica,
https://www.toparabcasinos.com/,GMB,Gambling,2019-05-02,Netalitica,
https://www.elarabcasino.com/,GMB,Gambling,2019-05-02,Netalitica,
https://www.finalarab.com/,GMB,Gambling,2019-05-02,Netalitica,
https://arabcasino.co/,GMB,Gambling,2019-05-02,Netalitica,
https://www.arabiccasinochoice.com/,GMB,Gambling,2019-05-02,Netalitica,
https://www.topkuwaitcasinos.com/,GMB,Gambling,2019-05-02,Netalitica,
https://www.casinoarbi.com/,GMB,Gambling,2019-05-02,Netalitica,
https://sports.betway.com/en/sports,GMB,Gambling,2019-05-02,Netalitica,
https://arab-casino.org/,GMB,Gambling,2019-05-02,Netalitica,
https://www.casinoaraby.com/,GMB,Gambling,2019-05-02,Netalitica,
https://www.a7lacasino.com/,GMB,Gambling,2019-05-02,Netalitica,
https://www.7alalcasino.com/,GMB,Gambling,2019-05-02,Netalitica,
https://arabcasinohex.com/,GMB,Gambling,2019-05-02,Netalitica,
https://arabian-roulette.com/,GMB,Gambling,2019-05-02,Netalitica,
http://xn--mgbaad5cxb7deyuu.com/,GMB,Gambling,2019-05-02,Netalitica,
http://arabian-slotsx.com/,GMB,Gambling,2019-05-02,Netalitica,
https://online-casino-arabic.com/,GMB,Gambling,2019-05-02,Netalitica,
http://arabianbetting.com/,GMB,Gambling,2019-05-02,Netalitica,
https://www.bestqatarcasinos.com/,GMB,Gambling,2019-05-02,Netalitica,
http://www.reefclubcasino.com/,GMB,Gambling,2019-05-02,Netalitica,
https://www.kuwait-casino.net/,GMB,Gambling,2019-05-02,Netalitica,
http://www.onlinearabiccasino.com/,GMB,Gambling,2019-05-02,Netalitica,
https://www.casinotunisia.com/,GMB,Gambling,2019-05-02,Netalitica,
https://www.casino-bahrain.com/,GMB,Gambling,2019-05-02,Netalitica,
https://www.casinosenarabe.com.ar/,GMB,Gambling,2019-05-02,Netalitica,
https://arabian-live-casino.com/,GMB,Gambling,2019-05-02,Netalitica,
https://www.viparabcasinos.com/,GMB,Gambling,2019-05-02,Netalitica,
https://www.andubai.com/,GMB,Gambling,2019-05-02,Netalitica,
https://xn--888-nze9cufxaqq.com/,GMB,Gambling,2019-05-02,Netalitica,
https://www.sheikhcasinos.com/,GMB,Gambling,2019-05-02,Netalitica,
https://www.casinoar.com/,GMB,Gambling,2019-05-02,Netalitica,
https://casinocairo.com/,GMB,Gambling,2019-05-02,Netalitica,
http://www.aljyyosh.com/vb/,HACK,Hacking Tools,2019-05-02,Netalitica,
http://www.hack-int.com/cc/,HACK,Hacking Tools,2019-05-02,Netalitica,
https://www.alkrsan.net/forum/,HACK,Hacking Tools,2019-05-02,Netalitica,
http://hackerz.ahlamontada.net/,HACK,Hacking Tools,2019-05-02,Netalitica,
http://hackers.banouta.net/,HACK,Hacking Tools,2019-05-02,Netalitica,
http://hackerr.hooxs.com/forum,HACK,Hacking Tools,2019-05-02,Netalitica,
http://abtalealdjazaire.ahlamontada.net/,HACK,Hacking Tools,2019-05-02,Netalitica,
http://hakers.arabepro.com/,HACK,Hacking Tools,2019-05-02,Netalitica,
http://egypt4hack.ahlamontada.com/,HACK,Hacking Tools,2019-05-02,Netalitica,
http://alhacker.mam9.com/,HACK,Hacking Tools,2019-05-02,Netalitica,
http://www.v4-team.com/cc/index.php,HACK,Hacking Tools,2019-05-02,Netalitica,
http://dev-hack.ahlamontada.net/,HACK,Hacking Tools,2019-05-02,Netalitica,
http://bl4ck-ghost.hooxs.com/,HACK,Hacking Tools,2019-05-02,Netalitica,
http://school-kings-hacker.7olm.org/,HACK,Hacking Tools,2019-05-02,Netalitica,
https://www.arabhost.com/,HOST,Hosting and Blogging Platforms,2019-05-02,Netalitica,
https://the-arabs.com/,HOST,Hosting and Blogging Platforms,2019-05-02,Netalitica,
http://webarabi.com/,HOST,Hosting and Blogging Platforms,2019-05-02,Netalitica,
https://hostkda.com/ar/,HOST,Hosting and Blogging Platforms,2019-05-02,Netalitica,
https://www.estedafah.com/,HOST,Hosting and Blogging Platforms,2019-05-02,Netalitica,
https://nas.net.sa/,HOST,Hosting and Blogging Platforms,2019-05-02,Netalitica,
https://naja7host.com/,HOST,Hosting and Blogging Platforms,2019-05-02,Netalitica,
https://www.badrnet.net/,HOST,Hosting and Blogging Platforms,2019-05-02,Netalitica,
https://sahaba.io/reseller-hosting/,HOST,Hosting and Blogging Platforms,2019-05-02,Netalitica,
https://www.saudiahosting.com/,HOST,Hosting and Blogging Platforms,2019-05-02,Netalitica,
https://www.saudiahost.com/,HOST,Hosting and Blogging Platforms,2019-05-02,Netalitica,
https://www.lookserv.com/,HOST,Hosting and Blogging Platforms,2019-05-02,Netalitica,
https://dubaiexpo2020.co/,HUMR,Human Rights Issues,2019-05-02,Netalitica,
https://www.raifbadawi.org/,HUMR,Human Rights Issues,2019-05-02,Netalitica,A campaign to release Saudi human rights activist
https://www.amnesty.be/infos/actualites/article/amnesty-poursuit-son-action-pour?lang=fr,HUMR,Human Rights Issues,2019-05-02,Netalitica,A campaign to release Saudi human rights activist
https://amnesty.no/aksjon/saudi-arabia-loslat-raif-badawi,HUMR,Human Rights Issues,2019-05-02,Netalitica,A campaign to release Saudi human rights activist
https://www.pen-international.org/news/saudi-arabia-imprisoned-editor-raif-badawi-may-face-death-penalty,HUMR,Human Rights Issues,2019-05-02,Netalitica,A campaign to release Saudi human rights activist
https://pen.org/rapid-action/saudi-arabia-imprisoned-blogger-raif-badawi-may-face-death-penalty/,HUMR,Human Rights Issues,2019-05-02,Netalitica,A campaign to release Saudi human rights activist
https://www.change.org/p/mr-rob-nicholson-protect-raif-badawi-from-further-whippings-and-do-everything-you-can-to-secure-his-freedom,HUMR,Human Rights Issues,2019-05-02,Netalitica,A campaign to release Saudi human rights activist
https://freeraifbadawi.wordpress.com/call-to-president-hollande/,HUMR,Human Rights Issues,2019-05-02,Netalitica,A campaign to release Saudi human rights activist
https://www.thepetitionsite.com/takeaction/468/812/764/,HUMR,Human Rights Issues,2019-05-02,Netalitica,A campaign to release Saudi human rights activist
http://abubelal1951.blogspot.com/,HUMR,Human Rights Issues,2019-05-02,Netalitica,A campaign to release Saudi human rights activist
https://www.manal-alsharif.com/,HUMR,Human Rights Issues,2019-05-02,Netalitica,
https://alqst.org/,HUMR,Human Rights Issues,2019-05-02,Netalitica,
https://saudiwoman.me/,HUMR,Human Rights Issues,2019-05-02,Netalitica,
http://www.loujainhathloul.com/,HUMR,Human Rights Issues,2019-05-02,Netalitica,
https://waleedabulkhairar.wordpress.com/,HUMR,Human Rights Issues,2019-05-02,Netalitica,
https://www.esohr.org/,HUMR,Human Rights Issues,2019-05-02,Netalitica,
https://omaimanajjar.wordpress.com/,HUMR,Human Rights Issues,2019-05-02,Netalitica,
https://www.gc4hr.org/,HUMR,Human Rights Issues,2019-05-02,Netalitica,
http://cdhr-ap.com/,HUMR,Human Rights Issues,2019-05-02,Netalitica,
http://karamah.org/,HUMR,Human Rights Issues,2019-05-02,Netalitica,
http://www.alkarama.org/en,HUMR,Human Rights Issues,2019-05-02,Netalitica,
https://kwirmedia.com/,LGBT,LGBT,2019-05-02,Netalitica,
http://www.dubaihotties.org/,LGBT,LGBT,2019-05-02,Netalitica,
https://www.homochat.org/ar/,LGBT,LGBT,2019-05-02,Netalitica,
https://www.lgbtarabic.com/,LGBT,LGBT,2019-05-02,Netalitica,
https://majal.org/ahwaa,LGBT,LGBT,2019-05-02,Netalitica,
https://ahwaa.org/?lang=ar,LGBT,LGBT,2019-05-02,Netalitica,
https://www.buzzarab.com/chat/gay-arabs/,LGBT,LGBT,2019-05-02,Netalitica,
https://www.mykalimag.com/,LGBT,LGBT,2019-05-02,Netalitica,
http://www.aswatmag.com/,LGBT,LGBT,2019-05-02,Netalitica,
https://www.queer-refugees.hamburg/,LGBT,LGBT,2019-05-02,Netalitica,
http://gaymorocco.yoo7.com/,LGBT,LGBT,2019-05-02,Netalitica,
http://hakr-man.yoo7.com/,LGBT,LGBT,2019-05-02,Netalitica,
http://saudislgbt.tumblr.com/,LGBT,LGBT,2019-05-02,Netalitica,
https://www.beirutpride.org/,LGBT,LGBT,2019-05-02,Netalitica,
http://www.helem.net/,LGBT,LGBT,2019-05-02,Netalitica,
https://thequeerarabs.com/,LGBT,LGBT,2019-05-02,Netalitica,
https://www.hidayahlgbt.co.uk/,LGBT,LGBT,2019-05-02,Netalitica,
https://www.salaamcanada.info/,LGBT,LGBT,2019-05-02,Netalitica,
https://imaanlondon.wordpress.com/,LGBT,LGBT,2019-05-02,Netalitica,
http://www.lgbtmuslimretreat.com/,LGBT,LGBT,2019-05-02,Netalitica,
https://londonqueermuslims.com/,LGBT,LGBT,2019-05-02,Netalitica,
http://sabaah.dk/,LGBT,LGBT,2019-05-02,Netalitica,
https://mutsaween.wordpress.com/,LGBT,LGBT,2019-05-02,Netalitica,
http://www.alnour.com.lb/,MILX,Terrorism and Militants,2019-05-02,Netalitica,"Hizbullah affiliated, designed by several Arab countries as terror group"
https://rmdan.tv/,MMED,Media sharing,2019-05-02,Netalitica,
https://arabseed.me/,MMED,Media sharing,2019-05-02,Netalitica,
https://instaview.me/ar,MMED,Media sharing,2019-05-02,Netalitica,
http://cima4u.tv/,MMED,Media sharing,2019-05-02,Netalitica,
https://www.dardarkom.tv/,MMED,Media sharing,2019-05-02,Netalitica,
https://arabseed.tv/,MMED,Media sharing,2019-05-02,Netalitica,
http://www.nsaem.net/videos/,MMED,Media sharing,2019-05-02,Netalitica,
http://cima4up.co/,MMED,Media sharing,2019-05-02,Netalitica,
https://yomlek.com/,MMED,Media sharing,2019-05-02,Netalitica,
http://movizland.online/,MMED,Media sharing,2019-05-02,Netalitica,
https://video.mzarita.tv/,MMED,Media sharing,2019-05-02,Netalitica,
http://anakbnet.co/,MMED,Media sharing,2019-05-02,Netalitica,
https://www.series4watch.online/,MMED,Media sharing,2019-05-02,Netalitica,
https://www.farfeshplus.com/,MMED,Media sharing,2019-05-02,Netalitica,
https://arabtigers.com/,MMED,Media sharing,2019-05-02,Netalitica,
https://www.4helal.tv/,MMED,Media sharing,2019-05-02,Netalitica,
http://3arbt.com/,MMED,Media sharing,2019-05-02,Netalitica,
http://melody4arab.com/,MMED,Media sharing,2019-05-02,Netalitica,
https://mp3songs.alarab.com/,MMED,Media sharing,2019-05-02,Netalitica,
https://www.nghmaty.com/,MMED,Media sharing,2019-05-02,Netalitica,
https://arab.phonezik.net/,MMED,Media sharing,2019-05-02,Netalitica,
http://arabsong.top/index.php,MMED,Media sharing,2019-05-02,Netalitica,
https://nogomistars.com/,MMED,Media sharing,2019-05-02,Netalitica,
http://arabic.farsnews.com/,NEWS,News Media,2019-05-02,Netalitica,Iran-aligned
http://kayhan.ir/,NEWS,News Media,2019-05-02,Netalitica,Iran-aligned
http://www.farsnews.com/,NEWS,News Media,2019-05-02,Netalitica,Iran-aligned
http://www.tabnak.ir/,NEWS,News Media,2019-05-02,Netalitica,Iran-aligned
http://www.khamenei.ir/,NEWS,News Media,2019-05-02,Netalitica,Iran-aligned
http://www.asriran.com/,NEWS,News Media,2019-05-02,Netalitica,Iran-aligned
http://alef.ir/,NEWS,News Media,2019-05-02,Netalitica,Iran-aligned
http://aftabnews.ir/,NEWS,News Media,2019-05-02,Netalitica,Iran-aligned
http://www.irinn.ir/,NEWS,News Media,2019-05-02,Netalitica,Iran-aligned
http://www.ghanoondaily.ir/fa,NEWS,News Media,2019-05-02,Netalitica,Iran-aligned
http://www.khabaronline.ir/,NEWS,News Media,2019-05-02,Netalitica,Iran-aligned
http://www.irannuc.ir/,NEWS,News Media,2019-05-02,Netalitica,Iran-aligned
http://omidnameh.com/,NEWS,News Media,2019-05-02,Netalitica,Iran-aligned
http://www.tasnimnews.com/,NEWS,News Media,2019-05-02,Netalitica,Iran-aligned
http://www.alalam.ir/,NEWS,News Media,2019-05-02,Netalitica,Iran-aligned
http://javanonline.ir/,NEWS,News Media,2019-05-02,Netalitica,Iran-aligned
http://siasatrooz.ir/ar/,NEWS,News Media,2019-05-02,Netalitica,Iran-aligned
http://www.hamshahrionline.ir/,NEWS,News Media,2019-05-02,Netalitica,Iran-aligned
http://alarabiya24.com/,NEWS,News Media,2019-05-02,Netalitica,Iran-aligned
http://aden-post.com/,NEWS,News Media,2019-05-02,Netalitica,Yemen-aligned
http://alhakk.net/,NEWS,News Media,2019-05-02,Netalitica,Yemen-aligned
http://almotamar.net/news/,NEWS,News Media,2019-05-02,Netalitica,Yemen-aligned
http://www.awraqpress.net/portal/,NEWS,News Media,2019-05-02,Netalitica,Yemen-aligned
http://hournews.net/,NEWS,News Media,2019-05-02,Netalitica,Yemen-aligned
http://lahjnews.net/news/,NEWS,News Media,2019-05-02,Netalitica,Yemen-aligned
https://marebpress.net/,NEWS,News Media,2019-05-02,Netalitica,Yemen-aligned
https://www.almasdaronline.com/,NEWS,News Media,2019-05-02,Netalitica,Yemen-aligned
http://saadahpress.net/news/,NEWS,News Media,2019-05-02,Netalitica,Yemen-aligned
http://www.26sep.net/,NEWS,News Media,2019-05-02,Netalitica,Yemen-aligned
http://www.almasirah.net/,NEWS,News Media,2019-05-02,Netalitica,Yemen-aligned
http://www.ansarollah.com/,NEWS,News Media,2019-05-02,Netalitica,Yemen-aligned
http://althawrah.ye/,NEWS,News Media,2019-05-02,Netalitica,Yemen-aligned
http://www.saadahpress.net/news/,NEWS,News Media,2019-05-02,Netalitica,Yemen-aligned
http://www.yemen-24.com/,NEWS,News Media,2019-05-02,Netalitica,Yemen-aligned
http://www.yemenat.net/,NEWS,News Media,2019-05-02,Netalitica,Yemen-aligned
http://adenalyoum.com/,NEWS,News Media,2019-05-02,Netalitica,Yemen-aligned
https://www.alsulta-alrabea.com/index.php,NEWS,News Media,2019-05-02,Netalitica,Yemen-aligned
http://ibb-press.net/index.php,NEWS,News Media,2019-05-02,Netalitica,Yemen-aligned
https://mandabpress.com/,NEWS,News Media,2019-05-02,Netalitica,Yemen-aligned
http://mokawamah.net/portal/,NEWS,News Media,2019-05-02,Netalitica,Yemen-aligned
http://nabdalsharea.com/,NEWS,News Media,2019-05-02,Netalitica,Syrian-aligned
http://www.dampress.net/,NEWS,News Media,2019-05-02,Netalitica,Syrian-aligned
http://www.champress.net/,NEWS,News Media,2019-05-02,Netalitica,Syrian-aligned
https://syria.news/,NEWS,News Media,2019-05-02,Netalitica,Syrian-aligned
https://syria.press/,NEWS,News Media,2019-05-02,Netalitica,Syrian-aligned
http://www.ortas.gov.sy/,NEWS,News Media,2019-05-02,Netalitica,Syrian-aligned
http://syriahomenews.com/,NEWS,News Media,2019-05-02,Netalitica,Syrian-aligned
http://jamahir.alwehda.gov.sy/,NEWS,News Media,2019-05-02,Netalitica,Syrian-aligned
http://moia.gov.sy/portal/site/arabic/,NEWS,News Media,2019-05-02,Netalitica,Syrian-aligned
http://thawra.sy/,NEWS,News Media,2019-05-02,Netalitica,Syrian-aligned
http://fedaa.alwehda.gov.sy/,NEWS,News Media,2019-05-02,Netalitica,Syrian-aligned
http://syrianownews.com/,NEWS,News Media,2019-05-02,Netalitica,Syrian-aligned
http://www.syria-scope.com/,NEWS,News Media,2019-05-02,Netalitica,Syrian-aligned
https://www.al-sharq.com/,NEWS,News Media,2019-05-02,Netalitica,Qatar-aligned
http://www.al-watan.com/,NEWS,News Media,2019-05-02,Netalitica,Qatar-aligned
https://www.alarab.qa/,NEWS,News Media,2019-05-02,Netalitica,Qatar-aligned
https://www.gulf-times.com/,NEWS,News Media,2019-05-02,Netalitica,Qatar-aligned
https://thepeninsulaqatar.com/,NEWS,News Media,2019-05-02,Netalitica,Qatar-aligned
https://www.mofa.gov.qa/,NEWS,News Media,2019-05-02,Netalitica,Qatar-aligned
http://doc.aljazeera.net/,NEWS,News Media,2019-05-02,Netalitica,Qatar-aligned
https://www.qatarairways.com/,NEWS,News Media,2019-05-02,Netalitica,Qatar-aligned
http://www.qu.edu.qa/,NEWS,News Media,2019-05-02,Netalitica,Qatar-aligned
http://www.qtv.qa/,NEWS,News Media,2019-05-02,Netalitica,Qatar-aligned
https://www.beinsports.com/en/,NEWS,News Media,2019-05-02,Netalitica,Qatar-aligned
https://portal.www.gov.qa/wps/portal,NEWS,News Media,2019-05-02,Netalitica,Qatar-aligned
http://www.mcs.gov.qa/,NEWS,News Media,2019-05-02,Netalitica,Qatar-aligned
http://www.cb.gov.qa/English/Pages/default.aspx,NEWS,News Media,2019-05-02,Netalitica,Qatar-aligned
https://www.binzaid.gov.qa/,NEWS,News Media,2019-05-02,Netalitica,Qatar-aligned
https://www.singlewindow.gov.qa/BookServ/,NEWS,News Media,2019-05-02,Netalitica,Qatar-aligned
https://www.diwan.gov.qa/,NEWS,News Media,2019-05-02,Netalitica,Qatar-aligned
http://www.edu.gov.qa/Ar/Pages/Home.aspx,NEWS,News Media,2019-05-02,Netalitica,Qatar-aligned
http://www.namlc.gov.qa/,NEWS,News Media,2019-05-02,Netalitica,Qatar-aligned
http://www.qatar-tribune.com/,NEWS,News Media,2019-05-02,Netalitica,Qatar-aligned
https://www.aa.com.tr/ar,NEWS,News Media,2019-05-02,Netalitica,Turkey-aligned
https://www.turk-now.com/,NEWS,News Media,2019-05-02,Netalitica,Turkey-aligned
http://www.turkey-post.net/,NEWS,News Media,2019-05-02,Netalitica,Turkey-aligned
https://arabturkey.com/,NEWS,News Media,2019-05-02,Netalitica,Turkey-aligned
https://www.turkeytoday.net/,NEWS,News Media,2019-05-02,Netalitica,Turkey-aligned
https://www.zamanarabic.com/,NEWS,News Media,2019-05-02,Netalitica,Turkey-aligned
http://www.turkpress.co/,NEWS,News Media,2019-05-02,Netalitica,Turkey-aligned
http://www.akhbarturkiya.com/,NEWS,News Media,2019-05-02,Netalitica,Turkey-aligned
https://www.trtarabi.com/,NEWS,News Media,2019-05-02,Netalitica,Turkey-aligned
http://www.turkishpress.com/,NEWS,News Media,2019-05-02,Netalitica,Turkey-aligned
http://www.hurriyetdailynews.com/,NEWS,News Media,2019-05-02,Netalitica,Turkey-aligned
https://www.turk.life/,NEWS,News Media,2019-05-02,Netalitica,Turkey-aligned
https://www.dailysabah.com/,NEWS,News Media,2019-05-02,Netalitica,Turkey-aligned
http://www.mepanorama.net/,NEWS,News Media,2019-05-02,Netalitica,Hezbollah-aligned
http://aletejahtv.com/,NEWS,News Media,2019-05-02,Netalitica,Hezbollah-aligned
https://www.alahednews.com.lb/,NEWS,News Media,2019-05-02,Netalitica,Hezbollah-aligned
http://alwelayah.net/,NEWS,News Media,2019-05-02,Netalitica,Hezbollah-aligned
https://www.islamtimes.org/,NEWS,News Media,2019-05-02,Netalitica,Hezbollah-aligned
http://www.almayadeen.net/,NEWS,News Media,2019-05-02,Netalitica,Hezbollah-aligned
http://sabq.org/,NEWS,News Media,2019-05-02,Netalitica,
http://www.almowaten.net/,NEWS,News Media,2019-05-02,Netalitica,
http://www.almokhtsar.com/,NEWS,News Media,2019-05-02,Netalitica,
http://www.jazannews.org/,NEWS,News Media,2019-05-02,Netalitica,
http://www.amelnews.com/,NEWS,News Media,2019-05-02,Netalitica,
http://www.alazd.net/,NEWS,News Media,2019-05-02,Netalitica,
http://www.alolaa.net/,NEWS,News Media,2019-05-02,Netalitica,
http://www.al-madina.com/,NEWS,News Media,2019-05-02,Netalitica,
http://www.alyaum.com/,NEWS,News Media,2019-05-02,Netalitica,
http://www.al-jazirah.com/,NEWS,News Media,2019-05-02,Netalitica,
http://www.twasul.info/,NEWS,News Media,2019-05-02,Netalitica,
http://www.faifaonline.net/portal/,NEWS,News Media,2019-05-02,Netalitica,
http://www.e-mailaat.com/,NEWS,News Media,2019-05-02,Netalitica,
http://www.makkahgate.net/,NEWS,News Media,2019-05-02,Netalitica,
http://www.slaati.com/,NEWS,News Media,2019-05-02,Netalitica,
http://www.kolalwatn.net/,NEWS,News Media,2019-05-02,Netalitica,
http://www.1asir.com/news/,NEWS,News Media,2019-05-02,Netalitica,
http://riyadhpost.live/,NEWS,News Media,2019-05-02,Netalitica,
http://www.argaam.com/,NEWS,News Media,2019-05-02,Netalitica,
http://www.news-sa.com/,NEWS,News Media,2019-05-02,Netalitica,
http://news-ksa.com/,NEWS,News Media,2019-05-02,Netalitica,
http://www.k1b1.com/,NEWS,News Media,2019-05-02,Netalitica,
http://www.arabicmagazine.com/arabic/,NEWS,News Media,2019-05-02,Netalitica,
http://www.almdarnews.net/,NEWS,News Media,2019-05-02,Netalitica,
https://www.alhadathonline.org/,NEWS,News Media,2019-05-02,Netalitica,
http://www.al-jazirahonline.com/news/,NEWS,News Media,2019-05-02,Netalitica,
https://www.rsssd.com/,NEWS,News Media,2019-05-02,Netalitica,
https://makkahnewspaper.com/,NEWS,News Media,2019-05-02,Netalitica,
http://www.daralakhbar.com/,NEWS,News Media,2019-05-02,Netalitica,
https://www.taha.news/,NEWS,News Media,2019-05-02,Netalitica,
https://alwatanpress.com/,NEWS,News Media,2019-05-02,Netalitica,
https://thelenspost.com/,NEWS,News Media,2019-05-02,Netalitica,
https://arabicpost.net/,NEWS,News Media,2019-05-02,Netalitica,
https://rassd.com/,NEWS,News Media,2019-05-02,Netalitica,
https://alkhaleejonline.net/,NEWS,News Media,2019-05-02,Netalitica,
https://www.raialyoum.com/,NEWS,News Media,2019-05-02,Netalitica,
http://www.noonpost.com/,NEWS,News Media,2019-05-02,Netalitica,
http://www.almaaref.org/,NEWS,News Media,2019-05-02,Netalitica,
https://www.alwatanvoice.com/,NEWS,News Media,2019-05-02,Netalitica,
http://alwaght.com/,NEWS,News Media,2019-05-02,Netalitica,
http://islamion.com/,NEWS,News Media,2019-05-02,Netalitica,
https://www.middleeastmonitor.com/,NEWS,News Media,2019-05-02,Netalitica,
http://assabeel.net/,NEWS,News Media,2019-05-02,Netalitica,
http://www.saadalfagih.com/,POLR,Political Criticism,2019-05-02,Netalitica,
http://tajdeed.org.uk/,POLR,Political Criticism,2019-05-02,Netalitica,
https://thenewkhalij.news/,POLR,Political Criticism,2019-05-02,Netalitica,
https://arabi21.com/,POLR,Political Criticism,2019-05-02,Netalitica,
https://www.watanserb.com/,POLR,Political Criticism,2019-05-02,Netalitica,
https://www.sasapost.com/,POLR,Political Criticism,2019-05-02,Netalitica,
http://islah.org.uk/arabic/,POLR,Political Criticism,2019-05-02,Netalitica,
http://hizb-ut-tahrir.info/,POLR,Political Criticism,2019-05-02,Netalitica,
http://asrararabiya.com/,POLR,Political Criticism,2019-05-02,Netalitica,
http://www.ssrcaw.org/,POLR,Political Criticism,2019-05-02,Netalitica,
http://al-herak.com/,POLR,Political Criticism,2019-05-02,Netalitica,
http://www.mirataljazeera.org/,POLR,Political Criticism,2019-05-02,Netalitica,
http://khabir.net/,POLR,Political Criticism,2019-05-02,Netalitica,
http://wahabia.com/ar/,POLR,Political Criticism,2019-05-02,Netalitica,
http://www.hourriya-tagheer.org/,POLR,Political Criticism,2019-05-02,Netalitica,
https://nabaa.tv/,POLR,Political Criticism,2019-05-02,Netalitica,
https://www.altamkeen.net/,POLR,Political Criticism,2019-05-02,Netalitica,
https://emiratesleaks.com/,POLR,Political Criticism,2019-05-02,Netalitica,
http://www.ikhwanonline.com/,POLR,Political Criticism,2019-05-02,Netalitica,
http://www.ikhwantube.com/,POLR,Political Criticism,2019-05-02,Netalitica,
https://ikhwanonline.info/,POLR,Political Criticism,2019-05-02,Netalitica,
http://www.ikhwanwiki.com/,POLR,Political Criticism,2019-05-02,Netalitica,
https://ikhwansyria.com/,POLR,Political Criticism,2019-05-02,Netalitica,
http://fj-p.com/,POLR,Political Criticism,2019-05-02,Netalitica,
http://www.al-jamaa.org/,POLR,Political Criticism,2019-05-02,Netalitica,
http://www.ikhwan.sd/,POLR,Political Criticism,2019-05-02,Netalitica,
http://www.alqassam.ps/arabic/index.php,POLR,Political Criticism,2019-05-02,Netalitica,
http://www.ikhwanpress.com/,POLR,Political Criticism,2019-05-02,Netalitica,
https://www.middleeasteye.net/,POLR,Political Criticism,2019-05-02,Netalitica,
https://mbsmetoo.org/,POLR,Political Criticism,2019-05-02,Netalitica,
https://www.raya.com/,POLR,Political Criticism,2019-05-02,Netalitica,
https://www.tubev.sex/,PORN,Pornography,2019-05-02,Netalitica,
https://bzazi.com/,PORN,Pornography,2019-05-02,Netalitica,
https://xxxnxx.me/,PORN,Pornography,2019-05-02,Netalitica,
https://sexsaoy.com/,PORN,Pornography,2019-05-02,Netalitica,
https://www.xnxx.com/,PORN,Pornography,2019-05-02,Netalitica,
https://sexjk.com/,PORN,Pornography,2019-05-02,Netalitica,
https://mitnaka.com/,PORN,Pornography,2019-05-02,Netalitica,
https://xnxxx.cc/,PORN,Pornography,2019-05-02,Netalitica,
https://www.youporn.com/,PORN,Pornography,2019-05-02,Netalitica,
https://sexalarab.com/,PORN,Pornography,2019-05-02,Netalitica,
https://zobry.site/,PORN,Pornography,2019-05-02,Netalitica,
http://3arabporn.com/,PORN,Pornography,2019-05-02,Netalitica,
https://www.aflamsexhd.com/,PORN,Pornography,2019-05-02,Netalitica,
https://b3bos.com/,PORN,Pornography,2019-05-02,Netalitica,
https://www.arabianchicks.com/,PORN,Pornography,2019-05-02,Netalitica,
https://www.youporngay.com/,PORN,Pornography,2019-05-02,Netalitica,
https://www.hdpornvideo.xxx/,PORN,Pornography,2019-05-02,Netalitica,
https://xxxvogue.net/,PORN,Pornography,2019-05-02,Netalitica,
https://www.porn300.com/,PORN,Pornography,2019-05-02,Netalitica,
https://www.xlovecam.com/,PORN,Pornography,2019-05-02,Netalitica,
http://www.xvidzz.com/,PORN,Pornography,2019-05-02,Netalitica,
https://zbporn.com/,PORN,Pornography,2019-05-02,Netalitica,
https://tiaz.site/,PORN,Pornography,2019-05-02,Netalitica,
https://www.hot-arab-films.com/,PORN,Pornography,2019-05-02,Netalitica,
https://sa.made-in-china.com/co_cnjmint/,PROV,Provocative Attire,2019-05-02,Netalitica,
https://www.tradefairdates.com/,PROV,Provocative Attire,2019-05-02,Netalitica,
http://www.kyivfashion.kiev.ua/en,PROV,Provocative Attire,2019-05-02,Netalitica,
http://www.fantasiawear.com/,PROV,Provocative Attire,2019-05-02,Netalitica,
https://www.lovehoney.de/,PROV,Provocative Attire,2019-05-02,Netalitica,
https://www.yandy.com/,PROV,Provocative Attire,2019-05-02,Netalitica,
https://www.modcloth.com/,PROV,Provocative Attire,2019-05-02,Netalitica,
https://www.nayomi.com/,PROV,Provocative Attire,2019-05-02,Netalitica,
https://ar.aliexpress.com/,PROV,Provocative Attire,2019-05-02,Netalitica,
https://www.victoriassecret.ae/en,PROV,Provocative Attire,2019-05-02,Netalitica,
https://www.daloah.com/,PROV,Provocative Attire,2019-05-02,Netalitica,
https://www.miraclelingerie.ae/,PROV,Provocative Attire,2019-05-02,Netalitica,
https://en-ae.namshi.com/,PROV,Provocative Attire,2019-05-02,Netalitica,
https://www.agentprovocateur.com/,PROV,Provocative Attire,2019-05-02,Netalitica,
https://www.spicylingerie.com/,PROV,Provocative Attire,2019-05-02,Netalitica,
https://www.klynn.com/,PROV,Provocative Attire,2019-05-02,Netalitica,
https://www.kiabi.ae/,PROV,Provocative Attire,2019-05-02,Netalitica,
https://brayola.com/,PROV,Provocative Attire,2019-05-02,Netalitica,
https://www.splashfashions.com/,PROV,Provocative Attire,2019-05-02,Netalitica,
https://www.journelle.com/,PROV,Provocative Attire,2019-05-02,Netalitica,
https://www.soma.com/store/,PROV,Provocative Attire,2019-05-02,Netalitica,
https://www.splashfashions.com/ae/en/,PROV,Provocative Attire,2019-05-02,Netalitica,
https://www.soma.com/,PROV,Provocative Attire,2019-05-02,Netalitica,
https://www.fredericks.com/,PROV,Provocative Attire,2019-05-02,Netalitica,
https://www.webteb.com/,PUBH,Public Health,2019-05-02,Netalitica,"Also XED, Sex Education"
https://ehealthsa.com/,PUBH,Public Health,2019-05-02,Netalitica,
http://www.sehha.com/index.shtml,PUBH,Public Health,2019-05-02,Netalitica,
https://www.altibbi.com/,PUBH,Public Health,2019-05-02,Netalitica,
http://www.ssfcm.org/public/,PUBH,Public Health,2019-05-02,Netalitica,
http://epilepsyinarabic.com/site/,PUBH,Public Health,2019-05-02,Netalitica,
http://saudicancer.org/,PUBH,Public Health,2019-05-02,Netalitica,
http://www.dca.org.sa/Pages/default.aspx,PUBH,Public Health,2019-05-02,Netalitica,
http://saautism.org/autism/,PUBH,Public Health,2019-05-02,Netalitica,
http://sdea.org.sa/,PUBH,Public Health,2019-05-02,Netalitica,
http://www.alsolb.com/,PUBH,Public Health,2019-05-02,Netalitica,
https://www.dailymedicalinfo.com/,PUBH,Public Health,2019-05-02,Netalitica,
https://www.doctoori.net/,PUBH,Public Health,2019-05-02,Netalitica,
https://www.sehaama.com/,PUBH,Public Health,2019-05-02,Netalitica,
https://a3chabe.com/public-health,PUBH,Public Health,2019-05-02,Netalitica,
https://www.se7a4evryone.com/,PUBH,Public Health,2019-05-02,Netalitica,
https://www.seha-tok.com/,PUBH,Public Health,2019-05-02,Netalitica,
http://www.hi-mama.com/,PUBH,Public Health,2019-05-02,Netalitica,
https://www.3rbdr.net/,PUBH,Public Health,2019-05-02,Netalitica,
http://www.mediall1.com/,PUBH,Public Health,2019-05-02,Netalitica,
https://arabic.al-shia.org/,REL,Religion,2019-05-02,Netalitica,
http://www.almoslim.net/,REL,Religion,2019-05-02,Netalitica,
https://www.christian-dogma.com/,REL,Religion,2019-05-02,Netalitica,
http://www.aqaed.com/,REL,Religion,2019-05-02,Netalitica,
http://alkhoei.org/,REL,Religion,2019-05-02,Netalitica,
http://al-shia.org/,REL,Religion,2019-05-02,Netalitica,
http://www.aqaedalshia.com/,REL,Religion,2019-05-02,Netalitica,
https://shiavoice.com/,REL,Religion,2019-05-02,Netalitica,
http://shiarightswatch.org/,REL,Religion,2019-05-02,Netalitica,
http://www.shiadownload.com/,REL,Religion,2019-05-02,Netalitica,
http://pressshia.com/,REL,Religion,2019-05-02,Netalitica,
https://imhussain.com/,REL,Religion,2019-05-02,Netalitica,
http://shiaonlinelibrary.com/,REL,Religion,2019-05-02,Netalitica,
http://darhikma.net/,REL,Religion,2019-05-02,Netalitica,
http://maahadalmahdi.net/,REL,Religion,2019-05-02,Netalitica,
https://dorar.net/,REL,Religion,2019-05-02,Netalitica,
https://islamqa.info/ar,REL,Religion,2019-05-02,Netalitica,
http://www.sunna.info/,REL,Religion,2019-05-02,Netalitica,
https://www.rabtasunna.com/,REL,Religion,2019-05-02,Netalitica,
http://www.zaidiah.com/,REL,Religion,2019-05-02,Netalitica,
https://islamweb.net/ar/,REL,Religion,2019-05-02,Netalitica,
http://alalbayt.com/,REL,Religion,2019-05-02,Netalitica,
http://www.almeshkat.net/,REL,Religion,2019-05-02,Netalitica,
https://www.bahai.org/ar/,REL,Religion,2019-05-02,Netalitica,
https://ar.islamway.net/,REL,Religion,2019-05-02,Netalitica,
https://bahaieg.org/,REL,Religion,2019-05-02,Netalitica,
https://www.bahaibh.org/,REL,Religion,2019-05-02,Netalitica,
http://www.bahaiye.org/,REL,Religion,2019-05-02,Netalitica,
http://www.bahaileb.org/,REL,Religion,2019-05-02,Netalitica,
http://www.bahaitn.org/,REL,Religion,2019-05-02,Netalitica,
http://bahaikw.org/,REL,Religion,2019-05-02,Netalitica,
https://www.defendingbahairights.org/,REL,Religion,2019-05-02,Netalitica,
https://bahainafeza.wordpress.com/,REL,Religion,2019-05-02,Netalitica,
https://www.alhayat.tv/,REL,Religion,2019-05-02,Netalitica,
http://www.ahl-alquran.com/,REL,Religion,2019-05-02,Netalitica,
https://maktoob.yahoo.com/,SRCH,Search Engines,2019-05-02,Netalitica,
https://lableb.com/,SRCH,Search Engines,2019-05-02,Netalitica,
https://mawdoo3.com/,SRCH,Search Engines,2019-05-02,Netalitica,
https://www.marefa.org/,SRCH,Search Engines,2019-05-02,Netalitica,
http://www.raddadi.com/,SRCH,Search Engines,2019-05-02,Netalitica,
http://yaarabi.com/,SRCH,Search Engines,2019-05-02,Netalitica,
https://www.yamli.com/ar/,SRCH,Search Engines,2019-05-02,Netalitica,
http://www.arabo.com/,SRCH,Search Engines,2019-05-02,Netalitica,
https://www.sahafah24.net/index.php,SRCH,Search Engines,2019-05-02,Netalitica,
http://www.feedo.net/Default.htm,XED,Sex Education,2019-05-02,Netalitica,
http://hayatouki.com/,XED,Sex Education,2019-05-02,Netalitica,
https://aljens.info/,XED,Sex Education,2019-05-02,Netalitica,
https://www.e7kky.com/,XED,Sex Education,2019-05-02,Netalitica,
http://alsayeda.net/,XED,Sex Education,2019-05-02,Netalitica,
http://www.kalam.co.il/,XED,Sex Education,2019-05-02,Netalitica,
http://m3loma.com/,XED,Sex Education,2019-05-02,Netalitica,
https://jensaneya.org/,XED,Sex Education,2019-05-02,Netalitica,
https://lmarabic.com/,XED,Sex Education,2019-05-02,Netalitica,
https://www.zanzu.de/ar/,XED,Sex Education,2019-05-02,Netalitica,
https://twitter.com/salman_alodah,POLR,Political Criticism,2019-05-02,Netalitica,
https://twitter.com/jkhashoggi,POLR,Political Criticism,2019-05-02,Netalitica,
https://twitter.com/m3takl,POLR,Political Criticism,2019-05-02,Netalitica,
https://twitter.com/TurkiShalhoub,POLR,Political Criticism,2019-05-02,Netalitica,
https://www.youtube.com/channel/UCqWXKz36T1V-M5mI87NEybg,POLR,Political Criticism,2019-05-02,Netalitica,
https://www.youtube.com/user/aljazeerachannel,POLR,Political Criticism,2019-05-02,Netalitica,
https://www.youtube.com/channel/UC_fNP2ettM5ius4BZ6G7MOg,POLR,Political Criticism,2019-05-02,Netalitica,
https://ar-ar.facebook.com/alqst.org/,POLR,Political Criticism,2019-05-02,Netalitica,
https://ar-ar.facebook.com/The.Danger.of.Wahhabism/,POLR,Political Criticism,2019-05-02,Netalitica,
https://ar-ar.facebook.com/Scandalsofalsaud/,POLR,Political Criticism,2019-05-02,Netalitica,
https://www.tase.co.il/en,COMM,E-commerce,2014-04-15,citizenlab,
https://www.tarjem.com/,COMT,Communication Tools,2014-04-15,citizenlab,
https://www.nikahsearch.com/,DATE,Online Dating,2014-04-15,citizenlab,
https://www.idf.il/,GOVT,Government,2014-04-15,citizenlab,
https://main.knesset.gov.il/,GOVT,Government,2014-04-15,citizenlab,
https://mfa.gov.il/MFA/Pages/default.aspx,GOVT,Government,2014-04-15,citizenlab,
https://www.mossad.gov.il/default.aspx,GOVT,Government,2014-04-15,citizenlab,
https://euromedrights.org/,HUMR,Human Rights Issues,2014-04-15,citizenlab,
https://rhr.org.il/eng/,HUMR,Human Rights Issues,2014-04-15,citizenlab,
https://www.business-humanrights.org/,HUMR,Human Rights Issues,2014-04-15,citizenlab,
https://www.childsrights.org/en/,HUMR,Human Rights Issues,2014-04-15,citizenlab,
https://www.nbn.org.il/,HUMR,Human Rights Issues,2014-04-15,citizenlab,
https://gayguide.net/,LGBT,LGBT,2014-04-15,citizenlab,
https://gayswithoutborders.wordpress.com/,LGBT,LGBT,2014-04-15,citizenlab,
https://www.lavaplace.com/,LGBT,LGBT,2014-04-15,citizenlab,
https://www.galilcol.ac.il/,CTRL,Control content,2014-04-15,citizenlab,
https://ammartalk.com/,NEWS,News Media,2014-04-15,citizenlab,
https://saudijeans.org/,NEWS,News Media,2014-04-15,citizenlab,
https://www.alalamtv.net/,NEWS,News Media,2014-04-15,citizenlab,
https://www.albawaba.com/,NEWS,News Media,2014-04-15,citizenlab,
https://www.alquds.co.uk/,NEWS,News Media,2014-04-15,citizenlab,
https://arabic.cnn.com/,NEWS,News Media,2014-04-15,citizenlab,
https://elaph.com/,NEWS,News Media,2014-04-15,citizenlab,
https://www.islamonline.net/,NEWS,News Media,2014-04-15,citizenlab,
https://middle-east-online.com/,NEWS,News Media,2014-04-15,citizenlab,
https://www.radiosawa.com/,NEWS,News Media,2014-04-15,citizenlab,
https://www.azzaman.com/,NEWS,News Media,2014-04-15,citizenlab,
https://www.haaretz.co.il/,NEWS,News Media,2014-04-15,citizenlab,
https://www.watan.com/,NEWS,News Media,2014-04-15,citizenlab,
https://alaraby.tv/,NEWS,News Media,2018-06-14,frekeeh,
https://middleeasttransparent.com/en/,POLR,Political Criticism,2014-04-15,citizenlab,
https://www.ikhwanweb.com/,POLR,Political Criticism,2014-04-15,citizenlab,
https://www.likud.org.il/,POLR,Political Criticism,2014-04-15,citizenlab,
https://meretz.org.il/,POLR,Political Criticism,2014-04-15,citizenlab,
https://centerforinquiry.org/blog/category/secular-islam/,REL,Religion,2014-04-15,citizenlab,
https://irshadmanji.com/,REL,Religion,2014-04-15,citizenlab,
https://www.arabicbible.com/,REL,Religion,2014-04-15,citizenlab,
https://www.thegrace.com/,REL,Religion,2014-04-15,citizenlab,
https://www.raddadi.com/,SRCH,Search Engines,2014-04-15,citizenlab,
http://www.behidden.com/,ANON,Anonymization and circumvention tools,2014-04-15,citizenlab,
http://www.almisbar.com/,COMT,Communication Tools,2014-04-15,citizenlab,
http://www.arabicpoems.com/,CULTR,Culture,2014-04-15,citizenlab,
http://www.evemodels.com/,DATE,Online Dating,2014-04-15,citizenlab,
https://www.metrodate.com/,DATE,Online Dating,2014-04-15,citizenlab,
http://www.worldsexguide.com/,DATE,Online Dating,2014-04-15,citizenlab,
http://www.cdl.com.lb/,GMB,Gambling,2014-04-15,citizenlab,
http://www.israel.com/,GOVT,Government,2014-04-15,citizenlab,
http://www.mod.gov.il/,GOVT,Government,2014-04-15,citizenlab,
http://www.thissitedoesnotexist.co.il/,GOVT,Government,2014-04-15,citizenlab,
http://www.anhri.net/ifex/alerts/saudi/,HUMR,Human Rights Issues,2014-04-15,citizenlab,
http://www.defendingwomen-defendingrights.org/,HUMR,Human Rights Issues,2014-04-15,citizenlab,
http://www.freemuslim.org/,HUMR,Human Rights Issues,2014-04-15,citizenlab,
http://www.humum.net/,HUMR,Human Rights Issues,2014-04-15,citizenlab,
http://www.isa.gov.il/,CTRL,Control content,2014-04-15,citizenlab,
http://arabic.peopledaily.com.cn/,NEWS,News Media,2014-04-15,citizenlab,
http://bbcarabic.com/,NEWS,News Media,2014-04-15,citizenlab,
http://khabaragency.net/,NEWS,News Media,2016-04-19,citizenlab,
http://sabanews.net/ar/,NEWS,News Media,2016-04-19,citizenlab,
https://www.alaraby.co.uk/,NEWS,News Media,2016-10-23,OONI,
http://www.alnournews.net/,NEWS,News Media,2014-04-15,citizenlab,
http://www.althawranews.net/,NEWS,News Media,2016-04-19,citizenlab,
http://www.ansarallah.net/,NEWS,News Media,2016-04-19,citizenlab,
http://www.arabmail.de/,NEWS,News Media,2014-04-15,citizenlab,
http://www.bbc.co.uk/arabic/,NEWS,News Media,2014-04-15,citizenlab,
http://www.danielpipes.org/,NEWS,News Media,2014-04-15,citizenlab,
http://www.islamtoday.net/,NEWS,News Media,2014-04-15,citizenlab,
http://www.whatreallyhappened.com/,NEWS,News Media,2014-04-15,citizenlab,
https://www.alaraby.co.uk/portal,NEWS,News Media,2018-06-14,frekeeh,
http://www.alhramain.com/,POLR,Political Criticism,2014-04-15,citizenlab,
http://www.baath-party.org/,POLR,Political Criticism,2014-04-15,citizenlab,
http://www.freearabvoice.org/,POLR,Political Criticism,2014-04-15,citizenlab,
http://www.hadash.org.il/,POLR,Political Criticism,2014-04-15,citizenlab,
http://www.saudiaffairs.net/,POLR,Political Criticism,2014-04-15,citizenlab,
http://www.dubai-escort-list.com/,PORN,Pornography,2014-04-15,citizenlab,
http://www.the-good-way.com/,REL,Religion,2014-04-15,citizenlab,
http://www.thekoran.com/,REL,Religion,2014-04-15,citizenlab,
