url,category_code,category_description,date_added,source,notes
http://www.thissitedoesnotexist.co.il/,CTRL,Control content,2014-04-15,citizenlab,
http://www.nancyajram.com/,CULTR,Culture,2014-04-15,citizenlab,
https://www.anti-cair-net.org/,HUMR,Human Rights Issues,2014-04-15,citizenlab,
http://www.evemodels.com/,PORN,Pornography,2014-04-15,citizenlab,Escort services
http://www.ansarweb.net/,REL,Religion,2014-04-15,citizenlab,
http://www.bahai-faith.org/,REL,Religion,2014-04-15,citizenlab,
http://freemuslim.org/,REL,Religion,2014-04-15,citizenlab,
http://www.light-of-life.com/,REL,Religion,2014-04-15,citizenlab,
http://www.yahosein.com/,REL,Religion,2014-04-15,citizenlab,
https://maktoob.yahoo.com/,COMT,Communication Tools,2014-04-15,citizenlab,
http://www.casinoduliban.com.lb/,GMB,Gambling,2014-04-15,citizenlab,
https://euromedrights.org/,HUMR,Human Rights Issues,2014-04-15,citizenlab,The Euro-Mediterranean Human Rights Network
https://www.alalamtv.net/,NEWS,News Media,2014-04-15,citizenlab,
https://arabic.cnn.com/,NEWS,News Media,2014-04-15,citizenlab,
http://nckhr.com/dimo/,POLR,Political Criticism,2014-04-15,citizenlab,
http://www.southsudanesefriends.org/,POLR,Political Criticism,2014-04-15,citizenlab,
http://www.thequran.com/,REL,Religion,2014-04-15,citizenlab,
http://www.coptic.net/EncyclopediaCoptica/,REL,Religion,2014-04-15,citizenlab,
https://www.tarjem.com/,COMT,Communication Tools,2014-04-15,citizenlab,Translation services
https://www.lavaplace.com/,DATE,Online Dating,2014-04-15,citizenlab,Gay content
https://www.nikahsearch.com/,DATE,Online Dating,2014-04-15,citizenlab,Match-making and dating Web site
https://www.idf.il/,GOVT,Government,2014-04-15,citizenlab,Israeli Web site
https://mfa.gov.il/MFA/Pages/default.aspx/,GOVT,Government,2014-04-15,citizenlab,
https://sudanwatch.blogspot.com/,HUMR,Human Rights Issues,2014-04-15,citizenlab,
https://www.equalitynow.org/,HUMR,Human Rights Issues,2014-04-15,citizenlab,International women NGO
https://www.globalgayz.com/,LGBT,LGBT,2014-04-15,citizenlab,Gay content
https://al-bab.com/,NEWS,News Media,2014-04-15,citizenlab,
https://www.albawaba.com/,NEWS,News Media,2014-04-15,citizenlab,
https://www.alnilin.com/,NEWS,News Media,2014-04-15,citizenlab,
https://www.alquds.co.uk/,NEWS,News Media,2014-04-15,citizenlab,Pan-Arab newspaper
https://www.azzaman.com/,NEWS,News Media,2014-04-15,citizenlab,
https://elaph.com/,NEWS,News Media,2014-04-15,citizenlab,Liberal news portal
https://www.haaretz.co.il/,NEWS,News Media,2014-04-15,citizenlab,Israeli Web site
https://middle-east-online.com/,NEWS,News Media,2014-04-15,citizenlab,
https://www.radiosawa.com/,NEWS,News Media,2014-04-15,citizenlab,
https://www.ikhwanweb.com/,POLR,Political Criticism,2014-04-15,citizenlab,
https://www.yandy.com/,PROV,Provocative Attire,2014-04-15,citizenlab,
https://answering-islam.org/,REL,Religion,2014-04-15,citizenlab,
https://www.arabicbible.com/,REL,Religion,2014-04-15,citizenlab,
https://irshadmanji.com/,REL,Religion,2014-04-15,citizenlab,
https://the-good-way.com/eng/,REL,Religion,2014-04-15,citizenlab,
https://www.thegrace.com/,REL,Religion,2014-04-15,citizenlab,
https://meretz.org.il/,CTRL,Control content,2014-04-15,citizenlab,
https://toystore.co.il/,CTRL,Control content,2014-04-15,citizenlab,
https://www.likud.org.il/,GOVT,Government,2014-04-15,citizenlab,
https://www.rafed.net/ar/,REL,Religion,2014-04-15,citizenlab,
http://www.behidden.com/,ANON,Anonymization and circumvention tools,2014-04-15,citizenlab,Anonymizers & circumvention
http://www.arabicpoems.com/,CULTR,Culture,2014-04-15,citizenlab,
http://www.sudan-forall.org/,CULTR,Culture,2014-04-15,citizenlab,
http://www.avoda.org.il/,GOVT,Government,2014-04-15,citizenlab,
http://www.knesset.gov.il/,GOVT,Government,2014-04-15,citizenlab,
http://www.heretical.com/,HATE,Hate Speech,2014-04-15,citizenlab,Previously found blocked in Sudan
http://www.defendingwomen-defendingrights.org/,HUMR,Human Rights Issues,2014-04-15,citizenlab,
http://www.hajr.org/forum/index.php/,HUMR,Human Rights Issues,2014-04-15,citizenlab,Muslim Shia Web site
http://www.protectdarfur.org/,HUMR,Human Rights Issues,2014-04-15,citizenlab,
http://www.savedarfur.org/,HUMR,Human Rights Issues,2014-04-15,citizenlab,
http://arabic.peopledaily.com.cn/,NEWS,News Media,2014-04-15,citizenlab,Chinese Arabic newspaper
http://sudanyat.org/vb/,NEWS,News Media,2014-04-15,citizenlab,
http://www.afrol.com/,NEWS,News Media,2014-04-15,citizenlab,
http://www.afrol.com/countries/sudan/,NEWS,News Media,2014-04-15,citizenlab,
http://www.danielpipes.org/,NEWS,News Media,2014-04-15,citizenlab,
http://www.darfurinfo.org/,NEWS,News Media,2014-04-15,citizenlab,
http://www.hadash.org.il/,NEWS,News Media,2014-04-15,citizenlab,Israeli Web site
http://www.sudanile.com/,NEWS,News Media,2014-04-15,citizenlab,
http://www.sudantribune.com/,NEWS,News Media,2014-04-15,citizenlab,
http://angryarab.blogspot.com/,POLR,Political Criticism,2014-04-15,citizenlab,Angery Arab blog
http://www.albaathalarbi.org/,POLR,Political Criticism,2014-04-15,citizenlab,
https://www.alfikra.org/,POLR,Political Criticism,2014-04-15,citizenlab,
http://www.baath-party.org/,POLR,Political Criticism,2014-04-15,citizenlab,
http://www.d-a.org.uk/,POLR,Political Criticism,2014-04-15,citizenlab,
http://www.espac.org/,POLR,Political Criticism,2014-04-15,citizenlab,
http://www.freearabvoice.org/,POLR,Political Criticism,2014-04-15,citizenlab,
http://www.middleeasttransparent.com/,POLR,Political Criticism,2014-04-15,citizenlab,
https://sudanjem.com/,POLR,Political Criticism,2014-04-15,citizenlab,
http://umma.org/,POLR,Political Criticism,2014-04-15,citizenlab,
http://www.alkalema.net/,REL,Religion,2014-04-15,citizenlab,
http://www.secularislam.org/,REL,Religion,2014-04-15,citizenlab,Website for the Institute for the Seculariztion of Islamic Society.  The ISIS has been formed to promote the ideas of rationalism secularism democracy and human rights within Islamic society.
http://www.aaci.org.il/,CTRL,Control content,2017-10-20,citizenlab,Association of Americans and Canadians in Israel
http://www.emasc-uae.com/,POLR,Political Criticism,2017-10-20,citizenlab,"UAE, but covers Sudan"
http://www.ikhwantube.com/,POLR,Political Criticism,2017-10-20,citizenlab,
http://www.dubai-escort-list.com/,PORN,Pornography,2017-10-20,citizenlab,Escort services
http://bahai-books.org/,REL,Religion,2017-10-20,citizenlab,Bahai faith group
http://bahai-devotions.org/,REL,Religion,2017-10-20,citizenlab,Bahai faith group
http://bahai-internet-services.org/,REL,Religion,2017-10-20,citizenlab,Bahai faith group
http://bahai-readings.org/,REL,Religion,2017-10-20,citizenlab,Bahai faith group
http://www.ansarh.com/,REL,Religion,2017-10-20,citizenlab,Muslim Shia Web site
http://www.arabchurch.com/,REL,Religion,2017-10-20,citizenlab,
https://www.biblegateway.com/,REL,Religion,2017-10-20,citizenlab,Minority rights and ethnic content
http://www.coptic-church.org.uk/,REL,Religion,2017-10-20,citizenlab,Minority rights and ethnic content
http://www.sumotorrent.sx/,FILE,File-sharing,2017-10-20,citizenlab,Peer-to-peer computing
https://www.torrentdownloads.me/,FILE,File-sharing,2017-10-20,citizenlab,Peer-to-peer computing
http://www.torrentz.com/,FILE,File-sharing,2017-10-20,citizenlab,Peer-to-peer computing
https://www.cbs.gov.il/he/pages/default.aspx/,GOVT,Government,2017-10-20,citizenlab,Central Bureau of Statistics of Israel
https://kvinfo.dk/,HUMR,Human Rights Issues,2017-10-20,citizenlab,Women's rights
http://www.ahrfund.org/,HUMR,Human Rights Issues,2017-10-20,citizenlab,
https://www.dapp.dk/ar/,HUMR,Human Rights Issues,2017-10-20,citizenlab,Women's rights
http://www.bbc.com/arabic/,NEWS,News Media,2017-10-20,citizenlab,BBC Arabic
https://thenewkhalij.news/,NEWS,News Media,2017-10-20,citizenlab,
http://www.noonpost.com/,NEWS,News Media,2017-10-20,citizenlab,Noot Post
https://www.sbn-sd.net/,POLR,Political Criticism,2017-10-20,citizenlab,
http://www.uae71.com/,POLR,Political Criticism,2017-10-20,citizenlab,"UAE, added to check if UAE-own ISP in Sudan blocks it"
https://centerforinquiry.org/blog/category/secular-islam/,REL,Religion,2017-10-20,citizenlab,Center for secularing Islamic societies
http://www.ibnzura.com/,REL,Religion,2017-10-20,citizenlab,
https://ar.islamway.net/,REL,Religion,2017-10-20,citizenlab,Islam Way
http://arabic.bayynat.org.lb/,REL,Religion,2017-10-20,citizenlab,Sayyid Muhammad Hussein Fadlallah's website (spiritual guide of Hizbollah's Secretary General)
https://internet.tumblr.com/,CTRL,Control content,2017-10-20,citizenlab,To test of certain blogs on tumblr are blocked
https://library.sheba.co.il/,CTRL,Control content,2017-10-20,citizenlab,Miriam Gutwirth Medical Library
https://minuf.co.il/,CTRL,Control content,2017-10-20,citizenlab,Israeli source
https://religion.tumblr.com/,CTRL,Control content,2017-10-20,citizenlab,To test of certain blogs on tumblr are blocked
https://sports.tumblr.com/,CTRL,Control content,2017-10-20,citizenlab,to test of certain blogs on tumblr are blocked
https://www.greenbo.co.il/,CTRL,Control content,2017-10-20,citizenlab,Greenbo Gardening Store
https://www.oswego.lib.il.us/,CTRL,Control content,2017-10-20,citizenlab,"Illinois Library page, to test if it gets blocked because of .il in domain"
https://www.sqlserver.co.il/,CTRL,Control content,2017-10-20,citizenlab,SQL Server.il
https://elyon1.court.gov.il/eng/home/index.html/,GOVT,Government,2017-10-20,citizenlab,Israel Supreme Court
https://www.mossad.gov.il/,GOVT,Government,2017-10-20,citizenlab,MOSSAD
https://www.nbn.org.il/,GOVT,Government,2017-10-20,citizenlab,Testing of .il tld
https://www.netanyahu.org.il/,GOVT,Government,2017-10-20,citizenlab,
https://middleeasttransparent.com/en/,HUMR,Human Rights Issues,2017-10-20,citizenlab,NGO promotes transparency in the middle east
https://rhr.org.il/eng/,HUMR,Human Rights Issues,2017-10-20,citizenlab,Rabbis for Human Rights
https://learningpartnership.org/,HUMR,Human Rights Issues,2017-10-20,citizenlab,Women's rights
https://www.theahafoundation.org/,HUMR,Human Rights Issues,2017-10-20,citizenlab,Women's right
https://www.moqawama.org/,MILX,Terrorism and Militants,2017-10-20,citizenlab,Hizballah news  website
https://alkhaleejonline.net/,NEWS,News Media,2017-10-20,citizenlab,Political news and views
https://alsudanalyoum.com/,NEWS,News Media,2017-10-20,citizenlab,
https://arabi21.com/,NEWS,News Media,2017-10-20,citizenlab,
https://arabic.arabianbusiness.com/,NEWS,News Media,2017-10-20,citizenlab,
https://arabic.sputniknews.com/,NEWS,News Media,2017-10-20,citizenlab,Russian news agency
https://sudaneseonline.com/,NEWS,News Media,2017-10-20,citizenlab,
https://www.al-akhbar.com/,NEWS,News Media,2017-10-20,citizenlab,Lebanese newspaper
https://www.al-monitor.com/pulse/home.html/,NEWS,News Media,2017-10-20,citizenlab,
https://www.al-sharq.com/,NEWS,News Media,2017-10-20,citizenlab,
https://www.alahednews.com.lb/,NEWS,News Media,2017-10-20,citizenlab,Lebanese news site
https://alarab.co.uk/,NEWS,News Media,2017-10-20,citizenlab,
https://www.alaraby.co.uk/portal/,NEWS,News Media,2017-10-20,citizenlab,Pan-Arab newspaper
https://www.dw.com/,NEWS,News Media,2017-10-20,citizenlab,German news service
https://www.eremnews.com/,NEWS,News Media,2017-10-20,citizenlab,Arab news portal
https://www.france24.com/en/,NEWS,News Media,2017-10-20,citizenlab,France 24 news service
https://www.mc-doualiya.com/,NEWS,News Media,2017-10-20,citizenlab,Monte Carlo radio
https://rassd.com/,NEWS,News Media,2017-10-20,citizenlab,Arab news portal
https://www.raya.com:443/portal/,NEWS,News Media,2017-10-20,citizenlab,
https://www.sasapost.com/,NEWS,News Media,2017-10-20,citizenlab,Sasa Post
https://www.skynewsarabia.com/,NEWS,News Media,2017-10-20,citizenlab,Sky News Arabia
https://sudafax.com/,NEWS,News Media,2017-10-20,citizenlab,
https://www.sudaress.com/,NEWS,News Media,2017-10-20,citizenlab,
https://www.watan.com/,NEWS,News Media,2017-10-20,citizenlab,News portal
https://www.watanserb.com/,NEWS,News Media,2017-10-20,citizenlab,
https://carnegie-mec.org/,POLR,Political Criticism,2017-10-20,citizenlab,
https://neswangy.net/,PORN,Pornography,2017-10-20,citizenlab,Arabic sex site
https://anaahor.blogspot.com/,REL,Religion,2017-10-20,citizenlab,Arab atheists
https://www.christian-dogma.com/,REL,Religion,2017-10-20,citizenlab,
https://ladeenioon.blogspot.com/,REL,Religion,2017-10-20,citizenlab,Arab atheists
https://www.thereligionofpeace.com/,REL,Religion,2017-10-20,citizenlab,
https://www.boi.org.il/heb/Pages/HomePage.aspx/,CTRL,Control content,2017-10-20,citizenlab,Bank of Israel
https://www.galilcol.ac.il/,CTRL,Control content,2017-10-20,citizenlab,International Management Institute
https://www.science.co.il/,CTRL,Control content,2017-10-20,citizenlab,Israel Science and Technology
https://www.lahamag.com/,CULTR,Culture,2017-10-20,citizenlab,
http://www.lahaonline.com/,CULTR,Culture,2017-10-20,citizenlab,
https://annabaa.org/,NEWS,News Media,2017-10-20,citizenlab,Annabaa. Shiite news portal.
https://www.ikhwanonline.com/,POLR,Political Criticism,2017-10-20,citizenlab,
https://mecc.org/,REL,Religion,2017-10-20,citizenlab,Minority rights and ethnic content
http://thissitedoesnotexist.il/,CTRL,Control content,2017-10-20,citizenlab,This is a fake site
http://thiswebsitedoesnotexistyet.tumblr.com/,CTRL,Control content,2017-10-20,citizenlab,to test of certain blogs on tumblr are blocked
http://www.antiquities.org.il/,CTRL,Control content,2017-10-20,citizenlab,Israel Antiquities Authority
http://www.basket.co.il/,CTRL,Control content,2017-10-20,citizenlab,Israel Basketball League
https://www.metrodate.com/,DATE,Online Dating,2017-10-20,citizenlab,Match-making and dating Web site
http://www.zawagislamy.com/,DATE,Online Dating,2017-10-20,citizenlab,"""Islamic"" dating service"
http://www.torrentdownloads.net/,FILE,File-sharing,2017-10-20,citizenlab,Peer-to-peer computing
http://www.bet365.com/en/,GMB,Gambling,2017-10-20,citizenlab,
http://www.isa.gov.il/Pages/default.aspx/,GOVT,Government,2017-10-20,citizenlab,Israeli Securities Authority
http://www.mod.gov.il/,GOVT,Government,2017-10-20,citizenlab,Ministry of Defense
http://www.rafael.co.il/,GOVT,Government,2017-10-20,citizenlab,Rafael Advanced Defense Systems
http://www.ramla.muni.il/,GOVT,Government,2017-10-20,citizenlab,Ramla Municipality site
http://ar.wikishia.net/view/%D8%A7%D9%84%D8%B5%D9%81%D8%AD%D8%A9_%D8%A7%D9%84%D8%B1%D8%A6%D9%8A%D8%B3%D9%8A%D8%A9/,HUMR,Human Rights Issues,2017-10-20,citizenlab,Minority rights and ethnic content
http://bahai-writings.org/,HUMR,Human Rights Issues,2017-10-20,citizenlab,Bahai faith group
http://karamah.org/,HUMR,Human Rights Issues,2017-10-20,citizenlab,Women's rights
http://www.alkarama.org/,HUMR,Human Rights Issues,2017-10-20,citizenlab,
http://anhri.net/,HUMR,Human Rights Issues,2017-10-20,citizenlab,Human rights information network
http://www.annd.org/arabic/index.php/,HUMR,Human Rights Issues,2017-10-20,citizenlab,
http://www.arabruleoflaw.org/,HUMR,Human Rights Issues,2017-10-20,citizenlab,
http://www.arabwomenorg.org/,HUMR,Human Rights Issues,2017-10-20,citizenlab,Women's rights
https://www.business-humanrights.org/,HUMR,Human Rights Issues,2017-10-20,citizenlab,Human Rights portal
http://www.cawtar.org/,HUMR,Human Rights Issues,2017-10-20,citizenlab,Women's rights
http://www.equalpowerlastingpeace.org/ar/,HUMR,Human Rights Issues,2017-10-20,citizenlab,Women's rights
http://www.hritc.net/,HUMR,Human Rights Issues,2017-10-20,citizenlab,Human Rights information and training center
http://www.humum.net/,HUMR,Human Rights Issues,2017-10-20,citizenlab,Arabic human rights web site
http://www.ibwgdubai.com/,HUMR,Human Rights Issues,2017-10-20,citizenlab,Women's rights
http://www.rightsobserver.org/,HUMR,Human Rights Issues,2017-10-20,citizenlab,
http://www.sistersunited.org/,HUMR,Human Rights Issues,2017-10-20,citizenlab,Women's rights
http://www.wavo.org/,HUMR,Human Rights Issues,2017-10-20,citizenlab,Women's rights
http://www.wluml.org/ar/,HUMR,Human Rights Issues,2017-10-20,citizenlab,Women's rights
http://arabgaypride.blogspot.com/,LGBT,LGBT,2017-10-20,citizenlab,Gay-Lesbian
http://arabiclgbt.blogspot.com/,LGBT,LGBT,2017-10-20,citizenlab,Gay-Lesbian
http://www.bintelnas.org/,LGBT,LGBT,2017-10-20,citizenlab,Gay-Lesbian
https://www.facebook.com/GayStarNews/,LGBT,LGBT,2017-10-20,citizenlab,"Gay-Lesbian, keep for control purposes"
https://www.facebook.com/TheEnlightenedMinds/,LGBT,LGBT,2017-10-20,citizenlab,"Gay-Lesbian, keep for control purposes"
https://www.youtube.com/user/freedomforgays/,LGBT,LGBT,2017-10-20,citizenlab,Gay-lesbian
http://alintibaha.net/,NEWS,News Media,2017-10-20,citizenlab,
http://almayadeen.net/,NEWS,News Media,2017-10-20,citizenlab,
https://arabic.rt.com/,NEWS,News Media,2017-10-20,citizenlab,Russian news website
http://asrararabiya.com/,NEWS,News Media,2017-10-20,citizenlab,
http://islamion.com/,NEWS,News Media,2017-10-20,citizenlab,
http://mubasher.aljazeera.net/,NEWS,News Media,2017-10-20,citizenlab,
http://newsudan.7olm.org/,NEWS,News Media,2017-10-20,citizenlab,
https://raseef22.com/,NEWS,News Media,2017-10-20,citizenlab,
http://sudacenter.org/,NEWS,News Media,2017-10-20,citizenlab,
http://sudanmotion.com/home/,NEWS,News Media,2017-10-20,citizenlab,
https://thawrah2day.com/,NEWS,News Media,2017-10-20,citizenlab,
https://www.alaraby.co.uk/,NEWS,News Media,2017-10-20,citizenlab,
http://www.alhayat.com/,NEWS,News Media,2017-10-20,citizenlab,Pan-Arab newspaper
http://www.alhowsh.com/,NEWS,News Media,2017-10-20,citizenlab,
https://www.alhurra.com/,NEWS,News Media,2017-10-20,citizenlab,
http://www.almayadeen.net/,NEWS,News Media,2017-10-20,citizenlab,Mayadeen TV
http://www.almeghar.com/,NEWS,News Media,2017-10-20,citizenlab,
http://www.alnour.com.lb/,NEWS,News Media,2017-10-20,citizenlab,al-Nour Radio is the official radio station of Hizbollah
https://www.altaghyeer.info/,NEWS,News Media,2017-10-20,citizenlab,
https://www.altareeq.info/ar/,NEWS,News Media,2017-10-20,citizenlab,
http://www.alwandaily.com/,NEWS,News Media,2017-10-20,citizenlab,
http://www.arabstoday.net/,NEWS,News Media,2017-10-20,citizenlab,Arabic media
https://www.assayha.net/,NEWS,News Media,2017-10-20,citizenlab,
http://www.blue-nil.net/vb/,NEWS,News Media,2017-10-20,citizenlab,
http://www.caironewss.com/,NEWS,News Media,2017-10-20,citizenlab,
https://www.dabangasudan.org/ar/,NEWS,News Media,2017-10-20,citizenlab,
http://www.islamtoday.net/,NEWS,News Media,2017-10-20,citizenlab,Regional news portal from Islamist's point of view
http://www.mepanorama.net/,NEWS,News Media,2017-10-20,citizenlab,
http://www.noontidepress.com/,NEWS,News Media,2017-10-20,citizenlab,Institute for Historical Review's publishing arm
https://www.palinfo.com/,NEWS,News Media,2017-10-20,citizenlab,Palestinian news website
http://www.qudspress.com/,NEWS,News Media,2017-10-20,citizenlab,
http://www.sadaalahdas.com/index.php/,NEWS,News Media,2017-10-20,citizenlab,
https://www.sudanakhbar.com/,NEWS,News Media,2017-10-20,citizenlab,
http://www.sudanelite.com/,NEWS,News Media,2017-10-20,citizenlab,
http://www.sudantribune.net/,NEWS,News Media,2017-10-20,citizenlab,
http://www.suna-sd.net/,NEWS,News Media,2017-10-20,citizenlab,
https://www.tacticaltech.org/,NEWS,News Media,2017-10-20,citizenlab,
http://www.theniles.org/ar/,NEWS,News Media,2017-10-20,citizenlab,
http://www.timesofisrael.com/,NEWS,News Media,2017-10-20,citizenlab,Times of Israel
https://alwatn.webs.com/,POLR,Political Criticism,2017-10-20,citizenlab,
http://arabanticorruption.org/,POLR,Political Criticism,2017-10-20,citizenlab,
http://omeldunya.com/,POLR,Political Criticism,2017-10-20,citizenlab,
https://radiotamazuj.org/ar/,POLR,Political Criticism,2017-10-20,citizenlab,
http://www.ahewar.org/,POLR,Political Criticism,2017-10-20,citizenlab,Arabic secular news and views
http://www.almshaheer.com/,POLR,Political Criticism,2017-10-20,citizenlab,
http://www.drahmadnofal.com/,POLR,Political Criticism,2017-10-20,citizenlab,
https://www.facebook.com/bostan.ikhwan/,POLR,Political Criticism,2017-10-20,citizenlab,keep for control purposes
http://www.marxy.com/,POLR,Political Criticism,2017-10-20,citizenlab,
http://www.independentdubaiescorts.com/,PORN,Pornography,2017-10-20,citizenlab,Escort services
http://aamagazine.blogspot.com/,REL,Religion,2017-10-20,citizenlab,Arab atheists
http://anbia.tripod.com/,REL,Religion,2017-10-20,citizenlab,
http://answer-islam.com/,REL,Religion,2017-10-20,citizenlab,
https://ar-ar.facebook.com/Il7ad/,REL,Religion,2017-10-20,citizenlab,"Arab atheists, keep for control purposes"
http://arabatheistbroadcasting.com/,REL,Religion,2017-10-20,citizenlab,Arab atheists
http://arabel7ad.blogspot.com/,REL,Religion,2017-10-20,citizenlab,Arab atheists
http://el7adarab.blogspot.com/,REL,Religion,2017-10-20,citizenlab,Arab atheists
https://richarddawkins.net/,REL,Religion,2017-10-20,citizenlab,Richard Dawkins
http://tabee3iil7ad.blogspot.com/,REL,Religion,2017-10-20,citizenlab,Arab atheists
http://www.al-ketab.net/,REL,Religion,2017-10-20,citizenlab,
http://www.biblequery.org/,REL,Religion,2017-10-20,citizenlab,
http://www.debate.org.uk/,REL,Religion,2017-10-20,citizenlab,
https://www.facebook.com/ArabAtheistBroadcasting/,REL,Religion,2017-10-20,citizenlab,"Arab atheists, keep for control purposes"
https://www.facebook.com/Il7ad/,REL,Religion,2017-10-20,citizenlab,"Arab atheists, keep for control purposes"
http://www.faithfreedom.org/,REL,Religion,2017-10-20,citizenlab,Faith Freedom International - grassroots movement of ex-Muslims
https://www.il7ad.org/vb/index.php/,REL,Religion,2017-10-20,citizenlab,Arab atheists
http://www.islamreview.com/,REL,Religion,2017-10-20,citizenlab,
http://www.mahdi-alumma.com/,REL,Religion,2017-10-20,citizenlab,Cntroversial religious content
http://www.youtube.com/verify_controversy?next_url=/watch%3fv%3dqmodvun16q4/,REL,Religion,2017-10-20,citizenlab,Mohammed film
https://www.google.co.il/,SRCH,Search Engines,2017-10-20,citizenlab,Google Israel
https://www.mashrobi.com/,ALDR,Alcohol & Drugs,2019-06-20,Netalitica,
https://www.africanandeastern.com/,ALDR,Alcohol & Drugs,2019-06-20,Netalitica,
https://www.leclos.net/,ALDR,Alcohol & Drugs,2019-06-20,Netalitica,
https://centaurusint.net/,ALDR,Alcohol & Drugs,2019-06-20,Netalitica,
http://www.mmidubai.com/,ALDR,Alcohol & Drugs,2019-06-20,Netalitica,
https://www.spinneysauh.com/,ALDR,Alcohol & Drugs,2019-06-20,Netalitica,
https://www.selfridges.com/,ALDR,Alcohol & Drugs,2019-06-20,Netalitica,
https://www.drinkies.net/,ALDR,Alcohol & Drugs,2019-06-20,Netalitica,
https://gulfbrandsinternational.com/,ALDR,Alcohol & Drugs,2019-06-20,Netalitica,
https://ar.drinkedin.net/,ALDR,Alcohol & Drugs,2019-06-20,Netalitica,
https://www.cyber-arabs.com/,ANON,Anonymization and circumvention tools,2019-06-20,Netalitica,
https://mahjooob.com/,ANON,Anonymization and circumvention tools,2019-06-20,Netalitica,
https://www.arabichotspotshield.com/,ANON,Anonymization and circumvention tools,2019-06-20,Netalitica,
http://www.arabprogs.com/,ANON,Anonymization and circumvention tools,2019-06-20,Netalitica,
https://www.toopenblockedsites.com/,ANON,Anonymization and circumvention tools,2019-06-20,Netalitica,
https://www.newtactics.org/ar/,ANON,Anonymization and circumvention tools,2019-06-20,Netalitica,
https://www.openingblockedsite.com/,ANON,Anonymization and circumvention tools,2019-06-20,Netalitica,
https://nottrees.com/,ANON,Anonymization and circumvention tools,2019-06-20,Netalitica,
https://salamatechwiki.org/,ANON,Anonymization and circumvention tools,2019-06-20,Netalitica,
https://beheard.salamatech.org/ar/,ANON,Anonymization and circumvention tools,2019-06-20,Netalitica,
https://www.salamatech.org/,ANON,Anonymization and circumvention tools,2019-06-20,Netalitica,
https://ar.vpnmentor.com/,ANON,Anonymization and circumvention tools,2019-06-20,Netalitica,
https://ara.privateinternetaccess.com/,ANON,Anonymization and circumvention tools,2019-06-20,Netalitica,
https://weneedprivacy.com/,ANON,Anonymization and circumvention tools,2019-06-20,Netalitica,
https://kaserproxy.net/,ANON,Anonymization and circumvention tools,2019-06-20,Netalitica,
https://xn--ngbsg7dyao.xyz/,ANON,Anonymization and circumvention tools,2019-06-20,Netalitica,
http://www.proxyarab.com/,ANON,Anonymization and circumvention tools,2019-06-20,Netalitica,
https://www.proteachin.com/,ANON,Anonymization and circumvention tools,2019-06-20,Netalitica,
https://www.alsoug.com/,COMM,E-commerce,2019-06-20,Netalitica,
https://alrowadco.com/,COMM,E-commerce,2019-06-20,Netalitica,
http://www.sudanjob.net/,CTRL,Control content,2019-06-20,Netalitica,
http://www.minv.gov.sd/,GOVT,Government,2019-06-20,Netalitica,
http://www.diu.gov.sd/ar/,GOVT,Government,2019-06-20,Netalitica,
http://www.eastdarfur.gov.sd/index.php/ar/,GOVT,Government,2019-06-20,Netalitica,
https://koorasudan.net/,CULTR,Culture,2019-06-20,Netalitica,
http://merrikhabonline.net/news/,CULTR,Culture,2019-06-20,Netalitica,
http://www.sudanas.com/,CULTR,Culture,2019-06-20,Netalitica,
http://www.alzaeemsd.com/,CULTR,Culture,2019-06-20,Netalitica,
http://sudapedia.sd/ar/,CULTR,Culture,2019-06-20,Netalitica,
http://www.a97aby.com/,DATE,Online Dating,2019-06-20,Netalitica,
http://www.xn--mgbai3a1bycq.net/,DATE,Online Dating,2019-06-20,Netalitica,
https://www.betrallyelarab.com/,DATE,Online Dating,2019-06-20,Netalitica,
https://www.buzzarab.com/,DATE,Online Dating,2019-06-20,Netalitica,
https://www.zohradating.com/,DATE,Online Dating,2019-06-20,Netalitica,
https://badoo.com/ar/dating/,DATE,Online Dating,2019-06-20,Netalitica,
https://www.nisfo.com/,DATE,Online Dating,2019-06-20,Netalitica,
https://ar.dateforeal.com/,DATE,Online Dating,2019-06-20,Netalitica,
https://www.gulf-dating.com/,DATE,Online Dating,2019-06-20,Netalitica,
https://ahlam.net/,DATE,Online Dating,2019-06-20,Netalitica,
https://msyaronline.com/,DATE,Online Dating,2019-06-20,Netalitica,
http://www.ekhetba.com/home.ar/,DATE,Online Dating,2019-06-20,Netalitica,
https://zaoag.net/,DATE,Online Dating,2019-06-20,Netalitica,
http://www.asawer.net/,DATE,Online Dating,2019-06-20,Netalitica,
https://www.inkeedo.com/,DATE,Online Dating,2019-06-20,Netalitica,
http://www.ekhotoba.com/home.ar/,DATE,Online Dating,2019-06-20,Netalitica,
https://www.soudfa.com/,DATE,Online Dating,2019-06-20,Netalitica,
https://hotornot.com/ar/,DATE,Online Dating,2019-06-20,Netalitica,
https://www.muslima.com/ar/,DATE,Online Dating,2019-06-20,Netalitica,
http://eg.daleel.waseet.net/,DATE,Online Dating,2019-06-20,Netalitica,
http://www.klmnyy.com/,DATE,Online Dating,2019-06-20,Netalitica,
https://zawgaty.com/,DATE,Online Dating,2019-06-20,Netalitica,
https://www.zawaj.com/,DATE,Online Dating,2019-06-20,Netalitica,
http://www.yazawaj.com/,DATE,Online Dating,2019-06-20,Netalitica,
https://www.umnea.net/,DATE,Online Dating,2019-06-20,Netalitica,
http://zawaghalal.com/,DATE,Online Dating,2019-06-20,Netalitica,
http://talaki.com/,DATE,Online Dating,2019-06-20,Netalitica,
https://www.sharekomry.com/,DATE,Online Dating,2019-06-20,Netalitica,
https://www.qiran.com/,DATE,Online Dating,2019-06-20,Netalitica,
https://zawaj.sudanas.com/,DATE,Online Dating,2019-06-20,Netalitica,
http://www.zwaj-sudan.com/,DATE,Online Dating,2019-06-20,Netalitica,
https://sudan.arab.dating/,DATE,Online Dating,2019-06-20,Netalitica,
https://sudan.singlesaroundme.com/,DATE,Online Dating,2019-06-20,Netalitica,
http://www.sudacon.net/,ECON,Economics,2019-06-20,Netalitica,
https://sudan.tanqeeb.com/ar/,ECON,Economics,2019-06-20,Netalitica,
https://www.arabianbusiness.com/,ECON,Economics,2019-06-20,Netalitica,
https://www.forbesmiddleeast.com/,ECON,Economics,2019-06-20,Netalitica,
https://www.cnbcarabia.com/,ECON,Economics,2019-06-20,Netalitica,
https://menafn.com/,ECON,Economics,2019-06-20,Netalitica,
https://www.sudaneseeconomist.com/,ECON,Economics,2019-06-20,Netalitica,
https://naturemena.com/,ENV,Environment,2019-06-20,Netalitica,
https://acwua.org/,ENV,Environment,2019-06-20,Netalitica,
http://secs.org.sd/,ENV,Environment,2019-06-20,Netalitica,
http://www.arabwatercouncil.org/index.php?lang=en/,ENV,Environment,2019-06-20,Netalitica,
http://www.sepcosudan.com/,ENV,Environment,2019-06-20,Netalitica,
https://ar4up.com/,FILE,File-sharing,2019-06-20,Netalitica,
http://www.th3download.com/,FILE,File-sharing,2019-06-20,Netalitica,
https://www.downloadxdriver.com/,FILE,File-sharing,2019-06-20,Netalitica,
http://www.arabyarea.com/,FILE,File-sharing,2019-06-20,Netalitica,
https://www.bramjfreee.com/,FILE,File-sharing,2019-06-20,Netalitica,
https://www.arbprograms.com/,FILE,File-sharing,2019-06-20,Netalitica,
http://www.5-yal.com/,FILE,File-sharing,2019-06-20,Netalitica,
http://multkasoft.com/,FILE,File-sharing,2019-06-20,Netalitica,
https://www.androidapps-ar.com/,FILE,File-sharing,2019-06-20,Netalitica,
https://technoarabi.com/,FILE,File-sharing,2019-06-20,Netalitica,
https://www.alarabydownloads.com/,FILE,File-sharing,2019-06-20,Netalitica,
https://www.mo7pro.com/,FILE,File-sharing,2019-06-20,Netalitica,
http://shamela.ws/index.php/,FILE,File-sharing,2019-06-20,Netalitica,
https://www.esm3.com/,FILE,File-sharing,2019-06-20,Netalitica,
https://www.bramjzone.com/,FILE,File-sharing,2019-06-20,Netalitica,
https://www.downloadprogramsline.com/,FILE,File-sharing,2019-06-20,Netalitica,
https://www.mohmal.com/,FILE,File-sharing,2019-06-20,Netalitica,
https://bramjmyegy.co/,FILE,File-sharing,2019-06-20,Netalitica,
http://www.doniacomputer.com/,FILE,File-sharing,2019-06-20,Netalitica,
http://www.ar.obfog.com/,GAME,Gaming,2019-06-20,Netalitica,
http://game-game.ma/,GAME,Gaming,2019-06-20,Netalitica,
http://www.337.com/ar/minigame,GAME,Gaming,2019-06-20,Netalitica,
https://www.alsindibad.com/,GAME,Gaming,2019-06-20,Netalitica,
https://viptarneeb.com/,GAME,Gaming,2019-06-20,Netalitica,
https://www.jawaker.com/,GAME,Gaming,2019-06-20,Netalitica,
https://www.gamku.com/,GAME,Gaming,2019-06-20,Netalitica,
https://chessduo.com/ar/,GAME,Gaming,2019-06-20,Netalitica,
https://www.gamessakhr.com/,GAME,Gaming,2019-06-20,Netalitica,
https://www.gmajid.com/,GAME,Gaming,2019-06-20,Netalitica,
https://www.casinoelarab.com/,GMB,Gambling,2019-06-20,Netalitica,
https://casinoarabian.com/,GMB,Gambling,2019-06-20,Netalitica,
https://www.toparabcasinos.com/,GMB,Gambling,2019-06-20,Netalitica,
https://www.elarabcasino.com/,GMB,Gambling,2019-06-20,Netalitica,
https://www.finalarab.com/,GMB,Gambling,2019-06-20,Netalitica,
https://arabcasino.co/,GMB,Gambling,2019-06-20,Netalitica,
https://www.arabiccasinochoice.com/,GMB,Gambling,2019-06-20,Netalitica,
https://www.topkuwaitcasinos.com/,GMB,Gambling,2019-06-20,Netalitica,
https://www.casinoarbi.com/,GMB,Gambling,2019-06-20,Netalitica,
https://arab-casino.org/,GMB,Gambling,2019-06-20,Netalitica,
https://www.casinoaraby.com/,GMB,Gambling,2019-06-20,Netalitica,
https://www.a7lacasino.com/,GMB,Gambling,2019-06-20,Netalitica,
https://www.7alalcasino.com/,GMB,Gambling,2019-06-20,Netalitica,
https://arabcasinohex.com/,GMB,Gambling,2019-06-20,Netalitica,
https://arabian-roulette.com/,GMB,Gambling,2019-06-20,Netalitica,
http://xn--mgbaad5cxb7deyuu.com/,GMB,Gambling,2019-06-20,Netalitica,
http://arabian-slotsx.com/,GMB,Gambling,2019-06-20,Netalitica,
https://online-casino-arabic.com/,GMB,Gambling,2019-06-20,Netalitica,
http://arabianbetting.com/,GMB,Gambling,2019-06-20,Netalitica,
http://www.reefclubcasino.com/,GMB,Gambling,2019-06-20,Netalitica,
http://www.onlinearabiccasino.com/,GMB,Gambling,2019-06-20,Netalitica,
https://www.casinosenarabe.com.ar/,GMB,Gambling,2019-06-20,Netalitica,
https://arabian-live-casino.com/,GMB,Gambling,2019-06-20,Netalitica,
https://www.viparabcasinos.com/,GMB,Gambling,2019-06-20,Netalitica,
https://xn--888-nze9cufxaqq.com/,GMB,Gambling,2019-06-20,Netalitica,
https://www.sheikhcasinos.com/,GMB,Gambling,2019-06-20,Netalitica,
https://www.casinoar.com/,GMB,Gambling,2019-06-20,Netalitica,
https://casinocairo.com/,GMB,Gambling,2019-06-20,Netalitica,
https://sudan-bonusesfinder.com/,GMB,Gambling,2019-06-20,Netalitica,
http://www.casinosonline.africa/go/sudan-ar/,GMB,Gambling,2019-06-20,Netalitica,
http://www.aljyyosh.com/vb/,HACK,Hacking Tools,2019-06-20,Netalitica,
http://www.hack-int.com/cc/,HACK,Hacking Tools,2019-06-20,Netalitica,
https://www.alkrsan.net/forum/,HACK,Hacking Tools,2019-06-20,Netalitica,
http://hackerz.ahlamontada.net/,HACK,Hacking Tools,2019-06-20,Netalitica,
http://hackers.banouta.net/,HACK,Hacking Tools,2019-06-20,Netalitica,
http://hackerr.hooxs.com/forum/,HACK,Hacking Tools,2019-06-20,Netalitica,
http://abtalealdjazaire.ahlamontada.net/,HACK,Hacking Tools,2019-06-20,Netalitica,
http://hakers.arabepro.com/,HACK,Hacking Tools,2019-06-20,Netalitica,
http://egypt4hack.ahlamontada.com/,HACK,Hacking Tools,2019-06-20,Netalitica,
http://alhacker.mam9.com/,HACK,Hacking Tools,2019-06-20,Netalitica,
http://212.129.24.11/,HACK,Hacking Tools,2019-06-20,Netalitica,
http://www.v4-team.com/cc/index.php/,HACK,Hacking Tools,2019-06-20,Netalitica,
http://dev-hack.ahlamontada.net/,HACK,Hacking Tools,2019-06-20,Netalitica,
http://bl4ck-ghost.hooxs.com/,HACK,Hacking Tools,2019-06-20,Netalitica,
http://school-kings-hacker.7olm.org/,HACK,Hacking Tools,2019-06-20,Netalitica,
https://www.arabhost.com/,HOST,Hosting and Blogging Platforms,2019-06-20,Netalitica,
https://the-arabs.com/,HOST,Hosting and Blogging Platforms,2019-06-20,Netalitica,
http://webarabi.com/,HOST,Hosting and Blogging Platforms,2019-06-20,Netalitica,
https://hostkda.com/ar/,HOST,Hosting and Blogging Platforms,2019-06-20,Netalitica,
https://www.estedafah.com/,HOST,Hosting and Blogging Platforms,2019-06-20,Netalitica,
https://naja7host.com/,HOST,Hosting and Blogging Platforms,2019-06-20,Netalitica,
https://www.badrnet.net/,HOST,Hosting and Blogging Platforms,2019-06-20,Netalitica,
https://sahaba.io/reseller-hosting/,HOST,Hosting and Blogging Platforms,2019-06-20,Netalitica,
https://www.lookserv.com/,HOST,Hosting and Blogging Platforms,2019-06-20,Netalitica,
http://www.design.sd/,HOST,Hosting and Blogging Platforms,2019-06-20,Netalitica,
http://click.sd/,HOST,Hosting and Blogging Platforms,2019-06-20,Netalitica,
http://www.smallarmssurveysudan.org/,HUMR,Human Rights Issues,2019-06-20,Netalitica,
http://www.achpr.org/,HUMR,Human Rights Issues,2019-06-20,Netalitica,
https://www.girlsnotbrides.org/,HUMR,Human Rights Issues,2019-06-20,Netalitica,
http://societystudies.org/,HUMR,Human Rights Issues,2019-06-20,Netalitica,
https://www.sudouk.org/,HUMR,Human Rights Issues,2019-06-20,Netalitica,
http://sudanhr.org/,HUMR,Human Rights Issues,2019-06-20,Netalitica,
https://hudocentre.org/,HUMR,Human Rights Issues,2019-06-20,Netalitica,
http://justiceafrica.org/,HUMR,Human Rights Issues,2019-06-20,Netalitica,
http://www.claiminghumanrights.org/,HUMR,Human Rights Issues,2019-06-20,Netalitica,
http://www.claiminghumanrights.org/sudan.html/,HUMR,Human Rights Issues,2019-06-20,Netalitica,
https://nubareports.org/,HUMR,Human Rights Issues,2019-06-20,Netalitica,
http://sudanreeves.org/,HUMR,Human Rights Issues,2019-06-20,Netalitica,
https://www.suddinstitute.org/,HUMR,Human Rights Issues,2019-06-20,Netalitica,
https://phr.org/,HUMR,Human Rights Issues,2019-06-20,Netalitica,
http://www.24hoursfordarfur.org/,HUMR,Human Rights Issues,2019-06-20,Netalitica,
https://internallydisplaced.wordpress.com/,HUMR,Human Rights Issues,2019-06-20,Netalitica,
http://www.gurtong.net/,HUMR,Human Rights Issues,2019-06-20,Netalitica,
http://www.smallarmssurvey.org/,HUMR,Human Rights Issues,2019-06-20,Netalitica,
https://www.thenewhumanitarian.org/,HUMR,Human Rights Issues,2019-06-20,Netalitica,
http://riftvalley.net/,HUMR,Human Rights Issues,2019-06-20,Netalitica,
http://www.compromisingwithevil.org/,HUMR,Human Rights Issues,2019-06-20,Netalitica,
http://www.sudanbombing.org/,HUMR,Human Rights Issues,2019-06-20,Netalitica,"High profile site that is currently offline, but need to test if domain is blocked."
http://www.darfurrehab.org/,HUMR,Human Rights Issues,2019-06-20,Netalitica,"High profile site that is currently offline, but need to test if domain is blocked."
https://wagingpeace.info/,HUMR,Human Rights Issues,2019-06-20,Netalitica,
http://tjwgsouthsudan.org/,HUMR,Human Rights Issues,2019-06-20,Netalitica,South Sudan sites like this are added becase they overlap with politics in Sudan
https://www.sudanhumanrights.org/,HUMR,Human Rights Issues,2019-06-20,Netalitica,
https://invisiblechildren.com/,HUMR,Human Rights Issues,2019-06-20,Netalitica,
http://www.kacesudan.org/,HUMR,Human Rights Issues,2019-06-20,Netalitica,
https://www.standup4humanrights.org/ar/index.html/,HUMR,Human Rights Issues,2019-06-20,Netalitica,
https://www.fes-sudan.org/,HUMR,Human Rights Issues,2019-06-20,Netalitica,
https://euromedmonitor.org/ar/,HUMR,Human Rights Issues,2019-06-20,Netalitica,
https://menarights.org/ar/,HUMR,Human Rights Issues,2019-06-20,Netalitica,
https://khartoumcenter.com/,HUMR,Human Rights Issues,2019-06-20,Netalitica,
https://khartoum.sites.unicnetwork.org/,HUMR,Human Rights Issues,2019-06-20,Netalitica,
https://enoughproject.org/,HUMR,Human Rights Issues,2019-06-20,Netalitica,
http://srcs.sd/,HUMR,Human Rights Issues,2019-06-20,Netalitica,
http://www.sudaneseyha.net/,HUMR,Human Rights Issues,2019-06-20,Netalitica,
http://www.sdf-kh.com/,HUMR,Human Rights Issues,2019-06-20,Netalitica,
https://www.zenab.org/,HUMR,Human Rights Issues,2019-06-20,Netalitica,
https://www.sudadreams.com/,HUMR,Human Rights Issues,2019-06-20,Netalitica,
http://www.epilab-sd.org/,HUMR,Human Rights Issues,2019-06-20,Netalitica,
https://www.sudanknowledge.org/,HUMR,Human Rights Issues,2019-06-20,Netalitica,
http://www.ucwr-sd.org/,HUMR,Human Rights Issues,2019-06-20,Netalitica,
http://www.mascenter.sd/,HUMR,Human Rights Issues,2019-06-20,Netalitica,
https://mena-monitor.org/,HUMR,Human Rights Issues,2019-06-20,Netalitica,
https://www.nctr.sd/ar/,HUMR,Human Rights Issues,2019-06-20,Netalitica,
https://www.goethe.de/ins/su/ar/index.html/,HUMR,Human Rights Issues,2019-06-20,Netalitica,
https://www.johndaufoundation.org/,HUMR,Human Rights Issues,2019-06-20,Netalitica,South Sudan but overlaps with politics in Sudan
http://www.ryanspencerreed.com/,HUMR,Human Rights Issues,2019-06-20,Netalitica,
https://www.sshursa.org/,HUMR,Human Rights Issues,2019-06-20,Netalitica,South Sudan but overlaps with politics in Sudan
https://fanack.com/,HUMR,Human Rights Issues,2019-06-20,Netalitica,
https://rainbowsudan.wordpress.com/,LGBT,LGBT,2019-06-20,Netalitica,
https://www.facebook.com/Freedom-Sudan-the-sudanese-LGBT-association-111198078982850/,LGBT,LGBT,2019-06-20,Netalitica,keep for control purposes
http://www.lgbtnet.dk/countries/africa/sudan/,LGBT,LGBT,2019-06-20,Netalitica,
https://ilga.org/homophobia-in-sudan/,LGBT,LGBT,2019-06-20,Netalitica,
https://twitter.com/sudanlgbt/,LGBT,LGBT,2019-06-20,Netalitica,keep for control purposes
http://rainbowwarriors.blogspot.com/,LGBT,LGBT,2019-06-20,Netalitica,
https://kwirmedia.com/,LGBT,LGBT,2019-06-20,Netalitica,
http://www.dubaihotties.org/,LGBT,LGBT,2019-06-20,Netalitica,
https://www.homochat.org/ar/,LGBT,LGBT,2019-06-20,Netalitica,
https://www.lgbtarabic.com/,LGBT,LGBT,2019-06-20,Netalitica,
https://majal.org/ahwaa/,LGBT,LGBT,2019-06-20,Netalitica,
https://ahwaa.org/?lang=ar/,LGBT,LGBT,2019-06-20,Netalitica,
https://www.buzzarab.com/chat/gay-arabs/,LGBT,LGBT,2019-06-20,Netalitica,
https://www.mykalimag.com/,LGBT,LGBT,2019-06-20,Netalitica,
http://www.aswatmag.com/,LGBT,LGBT,2019-06-20,Netalitica,
https://www.queer-refugees.hamburg/,LGBT,LGBT,2019-06-20,Netalitica,
http://gaymorocco.yoo7.com/,LGBT,LGBT,2019-06-20,Netalitica,
http://hakr-man.yoo7.com/,LGBT,LGBT,2019-06-20,Netalitica,
https://www.beirutpride.org/,LGBT,LGBT,2019-06-20,Netalitica,
http://www.helem.net/,LGBT,LGBT,2019-06-20,Netalitica,
https://thequeerarabs.com/,LGBT,LGBT,2019-06-20,Netalitica,
https://www.hidayahlgbt.co.uk/,LGBT,LGBT,2019-06-20,Netalitica,
https://www.salaamcanada.info/,LGBT,LGBT,2019-06-20,Netalitica,
https://imaanlondon.wordpress.com/,LGBT,LGBT,2019-06-20,Netalitica,
http://www.lgbtmuslimretreat.com/,LGBT,LGBT,2019-06-20,Netalitica,
https://londonqueermuslims.com/,LGBT,LGBT,2019-06-20,Netalitica,
http://sabaah.dk/,LGBT,LGBT,2019-06-20,Netalitica,
https://mutsaween.wordpress.com/,LGBT,LGBT,2019-06-20,Netalitica,
https://rmdan.tv/,MMED,Media sharing,2019-06-20,Netalitica,
https://arabseed.me/,MMED,Media sharing,2019-06-20,Netalitica,
https://instaview.me/ar/,MMED,Media sharing,2019-06-20,Netalitica,
http://cima4u.tv/,MMED,Media sharing,2019-06-20,Netalitica,
https://www.dardarkom.tv/,MMED,Media sharing,2019-06-20,Netalitica,
https://arabseed.tv/,MMED,Media sharing,2019-06-20,Netalitica,
http://www.nsaem.net/videos/,MMED,Media sharing,2019-06-20,Netalitica,
http://cima4up.co/,MMED,Media sharing,2019-06-20,Netalitica,
https://yomlek.com/,MMED,Media sharing,2019-06-20,Netalitica,
http://movizland.online/,MMED,Media sharing,2019-06-20,Netalitica,
https://video.mzarita.tv/,MMED,Media sharing,2019-06-20,Netalitica,
http://anakbnet.co/,MMED,Media sharing,2019-06-20,Netalitica,
https://www.series4watch.online/,MMED,Media sharing,2019-06-20,Netalitica,
https://www.farfeshplus.com/,MMED,Media sharing,2019-06-20,Netalitica,
https://arabtigers.com/,MMED,Media sharing,2019-06-20,Netalitica,
https://www.4helal.tv/,MMED,Media sharing,2019-06-20,Netalitica,
http://3arbt.com/,MMED,Media sharing,2019-06-20,Netalitica,
http://melody4arab.com/,MMED,Media sharing,2019-06-20,Netalitica,
https://mp3songs.alarab.com/,MMED,Media sharing,2019-06-20,Netalitica,
https://www.nghmaty.com/,MMED,Media sharing,2019-06-20,Netalitica,
https://arab.phonezik.net/,MMED,Media sharing,2019-06-20,Netalitica,
http://arabsong.top/index.php,MMED,Media sharing,2019-06-20,Netalitica,
https://nogomistars.com/,MMED,Media sharing,2019-06-20,Netalitica,
https://www.youtubeto.com/ar/,MMED,Media sharing,2019-06-20,Netalitica,
https://arabicpost.net/,NEWS,News Media,2019-06-20,Netalitica,
https://kushnews.net/,NEWS,News Media,2019-06-20,Netalitica,
https://alhadag.com/,NEWS,News Media,2019-06-20,Netalitica,
https://www.snn-news.net/,NEWS,News Media,2019-06-20,Netalitica,
https://bajnews.net/,NEWS,News Media,2019-06-20,Netalitica,
https://rakobanews.com/,NEWS,News Media,2019-06-20,Netalitica,
http://www.alsudaniya-sd.com/,NEWS,News Media,2019-06-20,Netalitica,
https://aljareeda-sd.net/,NEWS,News Media,2019-06-20,Netalitica,
http://assudan.net/,NEWS,News Media,2019-06-20,Netalitica,
http://www.akhbarelyoum.net/,NEWS,News Media,2019-06-20,Netalitica,
https://almashhadalsudani.com/,NEWS,News Media,2019-06-20,Netalitica,
http://smc.sd/,NEWS,News Media,2019-06-20,Netalitica,
http://www.ashorooq.net/,NEWS,News Media,2019-06-20,Netalitica,
http://southsudannewsagency.org/,NEWS,News Media,2019-06-20,Netalitica,
https://www.cover-sd.com/,NEWS,News Media,2019-06-20,Netalitica,
https://sudanafoogonline.net/,NEWS,News Media,2019-06-20,Netalitica,
https://sudanview.com/,NEWS,News Media,2019-06-20,Netalitica,
http://www.sudanradio.info/arabic/,NEWS,News Media,2019-06-20,Netalitica,
https://www.mugrn.net/ar/,NEWS,News Media,2019-06-20,Netalitica,
http://akhirlahza-sd.com/,NEWS,News Media,2019-06-20,Netalitica,
http://sudantimes.net/,NEWS,News Media,2019-06-20,Netalitica,
http://www.alsudaninews.com/,NEWS,News Media,2019-06-20,Netalitica,
http://khartoumtoday.sd/home/,NEWS,News Media,2019-06-20,Netalitica,
http://www.khartoumpost.net/,NEWS,News Media,2019-06-20,Netalitica,
https://elmarsad.net/news/index.php/,NEWS,News Media,2019-06-20,Netalitica,
http://www.sudansafari24.com/index.php/ar/,NEWS,News Media,2019-06-20,Netalitica,
https://www.alttahrer.com/,NEWS,News Media,2019-06-20,Netalitica,
https://sudandaily.org/,NEWS,News Media,2019-06-20,Netalitica,
https://sudannews365.org/,NEWS,News Media,2019-06-20,Netalitica,
http://alahdathnews.com/,NEWS,News Media,2019-06-20,Netalitica,
http://www.alsudani.sd/,NEWS,News Media,2019-06-20,Netalitica,
http://www.sudania24.tv/,NEWS,News Media,2019-06-20,Netalitica,
http://nubatimes.com/,NEWS,News Media,2019-06-20,Netalitica,
https://www.sudanews.net/,NEWS,News Media,2019-06-20,Netalitica,
https://www.africa-confidential.com/news/,NEWS,News Media,2019-06-20,Netalitica,
https://africanarguments.org/,NEWS,News Media,2019-06-20,Netalitica,
http://www.sudanpost.info/,NEWS,News Media,2019-06-20,Netalitica,
http://www.sudan.net/,NEWS,News Media,2019-06-20,Netalitica,
http://sudanprotests.com/,NEWS,News Media,2019-06-20,Netalitica,
https://khartoumstar.com/,NEWS,News Media,2019-06-20,Netalitica,
https://sudancp.com/,POLR,Political Criticism,2019-06-20,Netalitica,
http://splmnorth.com/,POLR,Political Criticism,2019-06-20,Netalitica,
https://www.sudaneseprofessionals.org/en/,POLR,Political Criticism,2019-06-20,Netalitica,
https://www.sudan-revolution-voice.com/,POLR,Political Criticism,2019-06-20,Netalitica,
http://arabic.democracyfirstgroup.org/,POLR,Political Criticism,2019-06-20,Netalitica,
http://kassioun.org/,POLR,Political Criticism,2019-06-20,Netalitica,
http://www.ncp-sd.org/mnn/,POLR,Political Criticism,2019-06-20,Netalitica,
http://www.binaa-sudan.org/,POLR,Political Criticism,2019-06-20,Netalitica,
http://sudancon.org/,POLR,Political Criticism,2019-06-20,Netalitica,
https://sudanshadow.org/,POLR,Political Criticism,2019-06-20,Netalitica,
http://www.omompartysudan.org/,POLR,Political Criticism,2019-06-20,Netalitica,
http://sudanforum.net/,POLR,Political Criticism,2019-06-20,Netalitica,
https://www.tubev.sex/,PORN,Pornography,2019-06-20,Netalitica,
https://bzazi.com/,PORN,Pornography,2019-06-20,Netalitica,
https://xxxnxx.me/,PORN,Pornography,2019-06-20,Netalitica,
https://sexsaoy.com/,PORN,Pornography,2019-06-20,Netalitica,
https://www.xnxx.com/,PORN,Pornography,2019-06-20,Netalitica,
https://sexjk.com/,PORN,Pornography,2019-06-20,Netalitica,
https://sex4arabxxx.com/,PORN,Pornography,2019-06-20,Netalitica,
https://mitnaka.com/,PORN,Pornography,2019-06-20,Netalitica,
https://xnxxx.cc/,PORN,Pornography,2019-06-20,Netalitica,
https://www.youporn.com/,PORN,Pornography,2019-06-20,Netalitica,
https://sexalarab.com/,PORN,Pornography,2019-06-20,Netalitica,
https://zobry.site/,PORN,Pornography,2019-06-20,Netalitica,
http://3arabporn.com/,PORN,Pornography,2019-06-20,Netalitica,
https://www.aflamsexhd.com/,PORN,Pornography,2019-06-20,Netalitica,
https://b3bos.com/,PORN,Pornography,2019-06-20,Netalitica,
https://www.youporngay.com/,PORN,Pornography,2019-06-20,Netalitica,
https://www.hdpornvideo.xxx/,PORN,Pornography,2019-06-20,Netalitica,
https://xxxvogue.net/,PORN,Pornography,2019-06-20,Netalitica,
https://www.porn300.com/,PORN,Pornography,2019-06-20,Netalitica,
https://www.xlovecam.com/,PORN,Pornography,2019-06-20,Netalitica,
http://www.xvidzz.com/,PORN,Pornography,2019-06-20,Netalitica,
https://zbporn.com/,PORN,Pornography,2019-06-20,Netalitica,
https://tiaz.site/,PORN,Pornography,2019-06-20,Netalitica,
https://www.hot-arab-films.com/,PORN,Pornography,2019-06-20,Netalitica,
https://sa.made-in-china.com/co_cnjmint/,PROV,Provocative Attire,2019-06-20,Netalitica,
https://www.tradefairdates.com/,PROV,Provocative Attire,2019-06-20,Netalitica,
http://www.kyivfashion.kiev.ua/en/,PROV,Provocative Attire,2019-06-20,Netalitica,
http://www.fantasiawear.com/,PROV,Provocative Attire,2019-06-20,Netalitica,
https://www.lovehoney.de/,PROV,Provocative Attire,2019-06-20,Netalitica,
https://www.modcloth.com/,PROV,Provocative Attire,2019-06-20,Netalitica,
https://www.nayomi.com/,PROV,Provocative Attire,2019-06-20,Netalitica,
https://ar.aliexpress.com/,PROV,Provocative Attire,2019-06-20,Netalitica,
https://www.victoriassecret.ae/en/,PROV,Provocative Attire,2019-06-20,Netalitica,
https://www.daloah.com/,PROV,Provocative Attire,2019-06-20,Netalitica,
https://www.miraclelingerie.ae/,PROV,Provocative Attire,2019-06-20,Netalitica,
https://en-ae.namshi.com/,PROV,Provocative Attire,2019-06-20,Netalitica,
https://www.spicylingerie.com/,PROV,Provocative Attire,2019-06-20,Netalitica,
https://www.klynn.com/,PROV,Provocative Attire,2019-06-20,Netalitica,
https://www.kiabi.ae/,PROV,Provocative Attire,2019-06-20,Netalitica,
https://brayola.com/,PROV,Provocative Attire,2019-06-20,Netalitica,
https://www.splashfashions.com/,PROV,Provocative Attire,2019-06-20,Netalitica,
https://www.journelle.com/,PROV,Provocative Attire,2019-06-20,Netalitica,
https://www.soma.com/store/,PROV,Provocative Attire,2019-06-20,Netalitica,
https://www.splashfashions.com/ae/en/,PROV,Provocative Attire,2019-06-20,Netalitica,
https://www.soma.com/,PROV,Provocative Attire,2019-06-20,Netalitica,
https://www.fredericks.com/,PROV,Provocative Attire,2019-06-20,Netalitica,
https://www.webteb.com/,PUBH,Public Health,2019-06-20,Netalitica,
http://www.sehha.com/index.shtml,PUBH,Public Health,2019-06-20,Netalitica,
https://www.altibbi.com/,PUBH,Public Health,2019-06-20,Netalitica,
https://www.dailymedicalinfo.com/,PUBH,Public Health,2019-06-20,Netalitica,
https://www.doctoori.net/,PUBH,Public Health,2019-06-20,Netalitica,
https://www.sehaama.com/,PUBH,Public Health,2019-06-20,Netalitica,
https://a3chabe.com/public-health,PUBH,Public Health,2019-06-20,Netalitica,
https://www.se7a4evryone.com/,PUBH,Public Health,2019-06-20,Netalitica,
https://www.seha-tok.com/,PUBH,Public Health,2019-06-20,Netalitica,
http://www.hi-mama.com/,PUBH,Public Health,2019-06-20,Netalitica,
https://www.3rbdr.net/,PUBH,Public Health,2019-06-20,Netalitica,
http://www.mediall1.com/,PUBH,Public Health,2019-06-20,Netalitica,
http://www.justaskislam.com/,REL,Religion,2019-06-20,Netalitica,
http://meshkat.net/,REL,Religion,2019-06-20,Netalitica,
http://www.almoslim.net/,REL,Religion,2019-06-20,Netalitica,
https://arabic.al-shia.org/,REL,Religion,2019-06-20,Netalitica,
http://www.aqaed.com/,REL,Religion,2019-06-20,Netalitica,
https://shiavoice.com/,REL,Religion,2019-06-20,Netalitica,
http://shiarightswatch.org/,REL,Religion,2019-06-20,Netalitica,
http://www.shiadownload.com/,REL,Religion,2019-06-20,Netalitica,
https://sudanway.com/,SRCH,Search Engines,2019-06-20,Netalitica,
https://lableb.com/,SRCH,Search Engines,2019-06-20,Netalitica,
https://mawdoo3.com/,SRCH,Search Engines,2019-06-20,Netalitica,
https://www.marefa.org/,SRCH,Search Engines,2019-06-20,Netalitica,
http://www.raddadi.com/,SRCH,Search Engines,2019-06-20,Netalitica,
http://yaarabi.com/,SRCH,Search Engines,2019-06-20,Netalitica,
https://www.yamli.com/ar/,SRCH,Search Engines,2019-06-20,Netalitica,
http://www.arabo.com/,SRCH,Search Engines,2019-06-20,Netalitica,
https://www.sahafah24.net/index.php/,SRCH,Search Engines,2019-06-20,Netalitica,
https://www.google.com/search?rlz=1C5CHFA_enEG718EG718&biw=1260&bih=661&ei=epEMXbuyCMLRwQLcgqGgBQ&q=pornography&oq=pornography&gs_l=psy-ab.3..0.5471.10194..10462...0.0..0.155.1615.0j11......0....1..gws-wiz.......35i39j0i131j0i67.tIicFeWXDuw/,SRCH,Search Engines,2019-06-20,Netalitica,Search string contains sexually explicit term
https://www.google.com/search?rlz=1C5CHFA_enEG718EG718&biw=1260&bih=661&ei=hZEMXdzqJMrLwALNhbnoAQ&q=fuck&oq=fuck&gs_l=psy-ab.3...16176.16556..16884...0.0..0.173.627.0j4......0....1..gws-wiz.......0i71j35i39j0i131j0i67j0.-X0zlk_Thmw/,SRCH,Search Engines,2019-06-20,Netalitica,Search string contains sexually explicit term
https://www.google.com/search?rlz=1C5CHFA_enEG718EG718&biw=1260&bih=661&ei=l5EMXa2DJ8PCwALdhofABA&q=%D8%B3%D9%83%D8%B3&oq=%D8%B3%D9%83%D8%B3&gs_l=psy-ab.3...19800.20091..20454...0.0..0.160.470.0j3......0....1..gws-wiz.......35i39j0i131j0j0i3.kiIc-IbulsY/,SRCH,Search Engines,2019-06-20,Netalitica,Search string contains sexually explicit term
https://maktoob.search.yahoo.com/search?p=%D8%B3%D9%83%D8%B3&fr=yfp-t&fp=1&toggle=1&cop=mss&ei=UTF-8/,SRCH,Search Engines,2019-06-20,Netalitica,Search string contains sexually explicit term
https://maktoob.search.yahoo.com/search;_ylt=AwrJQ6BMkgxdVX8AVS3TlQx.?p=porn&fr2=sb-top&fr=yfp-t&fp=1/,SRCH,Search Engines,2019-06-20,Netalitica,Search string contains sexually explicit term
http://www.feedo.net/Default.htm/,XED,Sex Education,2019-06-20,Netalitica,
http://hayatouki.com/,XED,Sex Education,2019-06-20,Netalitica,
https://aljens.info/,XED,Sex Education,2019-06-20,Netalitica,
https://www.e7kky.com/,XED,Sex Education,2019-06-20,Netalitica,
http://alsayeda.net/,XED,Sex Education,2019-06-20,Netalitica,
http://www.kalam.co.il/,XED,Sex Education,2019-06-20,Netalitica,
http://m3loma.com/,XED,Sex Education,2019-06-20,Netalitica,
https://jensaneya.org/,XED,Sex Education,2019-06-20,Netalitica,
https://lmarabic.com/,XED,Sex Education,2019-06-20,Netalitica,
https://www.zanzu.de/ar/,XED,Sex Education,2019-06-20,Netalitica,
