url,category_code,category_description,date_added,source,notes
http://babelfish.altavista.com/,COMT,Communication Tools,2014-04-15,citizenlab,
http://bluehoney.org/,ALDR,Alcohol & Drugs,2014-04-15,citizenlab,
http://crazaa.com/,HACK,Hacking Tools,2014-04-15,citizenlab,
http://datefactory.com/,DATE,Online Dating,2014-04-15,citizenlab,
http://doctissimo.fr/,PUBH,Public Health,2014-04-15,citizenlab,
http://dopplr.com/,GRP,Social Networking,2014-04-15,citizenlab,
http://english.sakhr.com/,COMT,Communication Tools,2014-04-15,citizenlab,
http://famous-nudes.com/,PORN,Pornography,2014-04-15,citizenlab,
http://fark.com/,GRP,Social Networking,2014-04-15,citizenlab,
http://friendfinder.com/,DATE,Online Dating,2014-04-15,citizenlab,
http://gayromeo.com/,LGBT,LGBT,2014-04-15,citizenlab,
http://groups.msn.com/,GRP,Social Networking,2014-04-15,citizenlab,
http://herdict.org/,NEWS,News Media,2014-04-15,citizenlab,
http://hometown.aol.com/,HOST,Hosting and Blogging Platforms,2014-04-15,citizenlab,
http://iase.disa.mil/,GOVT,Government,2014-04-15,citizenlab,
http://icewarez.net/,HACK,Hacking Tools,2014-04-15,citizenlab,
http://intertran.tranexp.com/,COMT,Communication Tools,2014-04-15,citizenlab,
http://intertran.tranexp.com/Translate/result.shtml,COMT,Communication Tools,2014-04-15,citizenlab,
http://jdl.org/,MILX,Terrorism and Militants,2014-04-15,citizenlab,
http://kickasspodcast.com/,MMED,Media sharing,2014-04-15,citizenlab,
http://kickme.to/,FILE,File-sharing,2014-04-15,citizenlab,
http://last.fm/,MMED,Media sharing,2014-04-15,citizenlab,
http://lesboerotica.net/,PORN,Pornography,2014-04-15,citizenlab,
http://mail.voila.fr/,COMT,Communication Tools,2014-04-15,citizenlab,
http://members.tripod.com/,HOST,Hosting and Blogging Platforms,2014-04-15,citizenlab,
http://my.myway.com/email_redir.jsp,COMT,Communication Tools,2014-04-15,citizenlab,
http://mybloglog.com/,GRP,Social Networking,2014-04-15,citizenlab,
http://mywebpage.netscape.com/,HOST,Hosting and Blogging Platforms,2014-04-15,citizenlab,
http://nature.org/,ENV,Environment,2014-04-15,citizenlab,
http://news.google.com/,NEWS,News Media,2014-04-15,citizenlab,
http://ning.com/,GRP,Social Networking,2014-04-15,citizenlab,
http://online.wsj.com/,NEWS,News Media,2014-04-15,citizenlab,
http://pcp.miarroba.com/,MILX,Terrorism and Militants,2014-04-15,citizenlab,
http://proxify.com/,ANON,Anonymization and circumvention tools,2014-04-15,citizenlab,
http://psiphon.civisec.org/,ANON,Anonymization and circumvention tools,2014-04-15,citizenlab,
http://rferl.com/,NEWS,News Media,2014-04-15,citizenlab,
http://sarah.150m.com/,HOST,Hosting and Blogging Platforms,2014-04-15,citizenlab,
http://spaces.msn.com/,HOST,Hosting and Blogging Platforms,2014-04-15,citizenlab,
http://tarjim.ajeeb.com/,COMT,Communication Tools,2014-04-15,citizenlab,
https://thecoverage.my/,NEWS,News Media,2018-12-03,sinarproject,Malaysian online news website
http://tor.eff.org/,ANON,Anonymization and circumvention tools,2014-04-15,citizenlab,
http://translate.sakhr.com/,COMT,Communication Tools,2014-04-15,citizenlab,
http://video.google.com/,MMED,Media sharing,2014-04-15,citizenlab,
http://voice.yahoo.com/,COMT,Communication Tools,2014-04-15,citizenlab,
http://webbox.com/,COMT,Communication Tools,2014-04-15,citizenlab,
http://world.altavista.com/,COMT,Communication Tools,2014-04-15,citizenlab,
http://ww.blogspot.com/,HOST,Hosting and Blogging Platforms,2014-04-15,citizenlab,
http://www-cgsc.army.mil/,GOVT,Government,2014-04-15,citizenlab,
http://www.3com.com/,COMT,Communication Tools,2014-04-15,citizenlab,
http://www.afpc.randolph.af.mil/,GOVT,Government,2014-04-15,citizenlab,
http://www.americandefenseleague.com/,HATE,Hate Speech,2014-04-15,citizenlab,
http://www.angelfire.com/,HOST,Hosting and Blogging Platforms,2014-04-15,citizenlab,
http://www.army.mil/,GOVT,Government,2014-04-15,citizenlab,
http://www.aro.army.mil/,GOVT,Government,2014-04-15,citizenlab,
http://www.attrition.org/,HACK,Hacking Tools,2014-04-15,citizenlab,
http://www.bbcworld.com/,NEWS,News Media,2014-04-15,citizenlab,
http://www.bild.t-online.de/,NEWS,News Media,2014-04-15,citizenlab,
http://www.bmezine.com/,MISC,Miscelaneous content,2014-04-15,citizenlab,
http://www.bn.com/,COMM,E-commerce,2014-04-15,citizenlab,
http://www.brook.edu/,NEWS,News Media,2014-04-15,citizenlab,
http://www.ccr-ny.org/,HUMR,Human Rights Issues,2014-04-15,citizenlab,
http://www.center4civilrights.org/,LGBT,LGBT,2014-04-15,citizenlab,
http://www.chinatimes.com.tw/,NEWS,News Media,2014-04-15,citizenlab,
http://www.crlp.org/,HUMR,Human Rights Issues,2014-04-15,citizenlab,
http://www.dea.gov/,ALDR,Alcohol & Drugs,2014-04-15,citizenlab,
http://www.defcon.org/,HACK,Hacking Tools,2014-04-15,citizenlab,
http://www.defenselink.mil/,GOVT,Government,2014-04-15,citizenlab,
http://www.dialpad.com/,COMT,Communication Tools,2014-04-15,citizenlab,
http://www.dictionary.com/,MISC,Miscelaneous content,2014-04-15,citizenlab,
http://www.digg.com/,GRP,Social Networking,2014-04-15,citizenlab,
http://www.doom3.com/,GAME,Gaming,2014-04-15,citizenlab,
http://www.eea.eu.int/,ENV,Environment,2014-04-15,citizenlab,
http://www.eglin.af.mil/,GOVT,Government,2014-04-15,citizenlab,
http://www.environmentaldefense.org/,ENV,Environment,2014-04-15,citizenlab,
http://www.epic.org/,NEWS,News Media,2014-04-15,citizenlab,
http://www.fantasies-in-lace-lingerie.com/,PROV,Provocative Attire,2014-04-15,citizenlab,
http://www.fdf.org/,POLR,Political Criticism,2014-04-15,citizenlab,
http://www.femalestars.com/,PORN,Pornography,2014-04-15,citizenlab,
http://www.feminista.com/,HUMR,Human Rights Issues,2014-04-15,citizenlab,
http://www.gayromeo.com/,DATE,Online Dating,2014-04-15,citizenlab,
http://www.gaywired.com/,LGBT,LGBT,2014-04-15,citizenlab,
http://www.globalfundforwomen.org/,HUMR,Human Rights Issues,2014-04-15,citizenlab,
http://www.globalvoicesonline.org/,NEWS,News Media,2014-04-15,citizenlab,
http://www.gmail.com/,COMT,Communication Tools,2014-04-15,citizenlab,
http://www.gopostal.com/,GAME,Gaming,2014-04-15,citizenlab,
http://www.guildwars.com/,GAME,Gaming,2014-04-15,citizenlab,
http://www.hereistheporn.com/,PORN,Pornography,2014-04-15,citizenlab,
http://www.hightimes.com/,ALDR,Alcohol & Drugs,2014-04-15,citizenlab,
http://www.iccwomen.org/,HUMR,Human Rights Issues,2014-04-15,citizenlab,
http://www.ifad.org/,ECON,Economics,2014-04-15,citizenlab,
http://www.ignmail.com/,COMM,E-commerce,2014-04-15,citizenlab,
http://www.iht.com/,NEWS,News Media,2014-04-15,citizenlab,
http://www.imesh.com/,FILE,File-sharing,2014-04-15,citizenlab,
http://www.insecure.org/,HACK,Hacking Tools,2014-04-15,citizenlab,
http://www.irn.org/,ENV,Environment,2014-04-15,citizenlab,
http://www.islamworld.net/,REL,Religion,2014-04-15,citizenlab,
http://www.jdate.com/,DATE,Online Dating,2014-04-15,citizenlab,
http://www.kataebabuali.com/,MILX,Terrorism and Militants,2014-04-15,citizenlab,
http://www.kidshealth.org/,XED,Sex Education,2014-04-15,citizenlab,
http://www.krishna.com/,HUMR,Human Rights Issues,2014-04-15,citizenlab,
http://www.lgbt.com/,LGBT,LGBT,2014-04-15,citizenlab,
http://www.ltteps.org/,MILX,Terrorism and Militants,2014-04-15,citizenlab,
http://www.macfound.org/,ECON,Economics,2014-04-15,citizenlab,
http://www.mail.com/,COMT,Communication Tools,2014-04-15,citizenlab,
http://www.matchnet.co.uk/,DATE,Online Dating,2014-04-15,citizenlab,
http://www.mormon.org/,HUMR,Human Rights Issues,2014-04-15,citizenlab,
http://www.muslimmatrimonial.com/,DATE,Online Dating,2014-04-15,citizenlab,
http://www.mutemail.com/,COMT,Communication Tools,2014-04-15,citizenlab,
http://www.myspace.com/,MMED,Media sharing,2014-04-15,citizenlab,
http://www.naturalbra.com/,PROV,Provocative Attire,2014-04-15,citizenlab,
http://www.naughty.com/,PORN,Pornography,2014-04-15,citizenlab,
http://www.nedosug.com/,MISC,Miscelaneous content,2014-04-15,citizenlab,
http://www.nga.mil/,GOVT,Government,2014-04-15,citizenlab,
http://www.nic.mil/,GOVT,Government,2014-04-15,citizenlab,
http://www.northcom.mil/,GOVT,Government,2014-04-15,citizenlab,
http://www.nps.navy.mil/,GOVT,Government,2014-04-15,citizenlab,
http://www.nsa.gov/,GOVT,Government,2014-04-15,citizenlab,
http://www.online-translator.com/text.asp#tr_form,COMT,Communication Tools,2014-04-15,citizenlab,
http://www.opecfund.org/,ECON,Economics,2014-04-15,citizenlab,
http://www.opennet.net/,NEWS,News Media,2014-04-15,citizenlab,
http://www.opennetinitiative.org/,NEWS,News Media,2014-04-15,citizenlab,
http://www.packet8.net/,COMT,Communication Tools,2014-04-15,citizenlab,
http://www.partido-pirata.org/,POLR,Political Criticism,2014-04-15,citizenlab,
http://www.passado.com/,GRP,Social Networking,2014-04-15,citizenlab,
http://www.penis-enhancement.info/,MISC,Miscelaneous content,2014-04-15,citizenlab,
http://www.pentagon.mil/,GOVT,Government,2014-04-15,citizenlab,
http://www.penthouse.com/,PORN,Pornography,2014-04-15,citizenlab,
http://www.peoplesproxy.com/,ANON,Anonymization and circumvention tools,2014-04-15,citizenlab,
http://www.persiankitty.com/,PORN,Pornography,2014-04-15,citizenlab,
http://www.person.com/,DATE,Online Dating,2014-04-15,citizenlab,
http://www.phrusa.org/,PUBH,Public Health,2014-04-15,citizenlab,
http://www.publicproxyservers.com/,ANON,Anonymization and circumvention tools,2014-04-15,citizenlab,
http://www.reddit.com/,NEWS,News Media,2014-04-15,citizenlab,
http://www.rightsmedia.org/,HUMR,Human Rights Issues,2014-04-15,citizenlab,
http://www.secondlife.com/,GRP,Social Networking,2014-04-15,citizenlab,
http://www.serials.ws/,FILE,File-sharing,2014-04-15,citizenlab,
http://www.sfsi.org/,XED,Sex Education,2014-04-15,citizenlab,
http://www.shroomery.com/,ALDR,Alcohol & Drugs,2014-04-15,citizenlab,
https://www.singapore-herald.com/,NEWS,News Media,2018-12-16,sinarproject,Independent news site with author based in Toronto
http://www.singapore-window.org/,NEWS,News Media,2014-04-15,citizenlab,
http://www.sjlabs.com/,COMT,Communication Tools,2014-04-15,citizenlab,
http://www.skype.com/,COMT,Communication Tools,2014-04-15,citizenlab,
http://www.slashdot.org/,NEWS,News Media,2014-04-15,citizenlab,
http://www.soros.org/,POLR,Political Criticism,2014-04-15,citizenlab,
http://www.sourceforge.net/,MISC,Miscelaneous content,2014-04-15,citizenlab,
http://www.stsc.hill.af.mil/,GOVT,Government,2014-04-15,citizenlab,
http://www.sxetc.org/,XED,Sex Education,2014-04-15,citizenlab,
http://www.technorati.com/,HOST,Hosting and Blogging Platforms,2014-04-15,citizenlab,
http://www.teenadvice.about.com/,XED,Sex Education,2014-04-15,citizenlab,
http://www.thc.org/,HACK,Hacking Tools,2014-04-15,citizenlab,
http://www.the-cloak.com/,ANON,Anonymization and circumvention tools,2014-04-15,citizenlab,
http://www.threewisheslingerie.com/,PROV,Provocative Attire,2014-04-15,citizenlab,
http://www.tranexp.com/,COMT,Communication Tools,2014-04-15,citizenlab,
http://www.tranexp.com/win/NeuroTra.htm,COMT,Communication Tools,2014-04-15,citizenlab,
http://www.tranexp.de/,COMT,Communication Tools,2014-04-15,citizenlab,
http://www.tranexp.de/NeuroTran.htm,COMT,Communication Tools,2014-04-15,citizenlab,
http://www.translate.ru/text.asp#tr_form,COMT,Communication Tools,2014-04-15,citizenlab,
http://www.tricare.osd.mil/,GOVT,Government,2014-04-15,citizenlab,
http://www.tripod.lycos.co.uk/,HOST,Hosting and Blogging Platforms,2014-04-15,citizenlab,
http://www.ussconstitution.navy.mil/,GOVT,Government,2014-04-15,citizenlab,
http://www.venusswimwear.com/,PROV,Provocative Attire,2014-04-15,citizenlab,
http://www.walla.com/,COMT,Communication Tools,2014-04-15,citizenlab,
http://www.wcc-coe.org/,REL,Religion,2014-04-15,citizenlab,
http://www.webhostme.com/,HOST,Hosting and Blogging Platforms,2014-04-15,citizenlab,
http://www.weedtalk.com/,ALDR,Alcohol & Drugs,2014-04-15,citizenlab,
http://www.weforum.org/,ECON,Economics,2014-04-15,citizenlab,
http://www.worldsex.com/,PORN,Pornography,2014-04-15,citizenlab,
http://www.xanga.com/,HOST,Hosting and Blogging Platforms,2014-04-15,citizenlab,
http://www.xten.com/,COMT,Communication Tools,2014-04-15,citizenlab,
http://www.xxx.mrcool.org/,MISC,Miscelaneous content,2014-04-15,citizenlab,
http://www.yahoo.com/,SRCH,Search Engines,2014-04-15,citizenlab,
http://www.yokota.af.mil/,GOVT,Government,2014-04-15,citizenlab,
http://www.youtube.com/,NEWS,News Media,2014-04-15,citizenlab,
https://www22.verizon.com/,COMT,Communication Tools,2014-04-15,citizenlab,
http://yelp.com/,GRP,Social Networking,2014-04-15,citizenlab,
http://youporn.com/,PORN,Pornography,2014-04-15,citizenlab,
https://id.wikipedia.org/,CULTR,Culture,2018-07-06,Wikimedia,URLs provided by wikipedia based on the most popular language domains per country
https://en.wiktionary.org/,CULTR,Culture,2018-07-06,Wikimedia,URLs provided by wikipedia based on the most popular language domains per country
https://ms.wikipedia.org/,CULTR,Culture,2018-07-06,Wikimedia,URLs provided by wikipedia based on the most popular language domains per country
https://www.sayoni.com/,LGBT,LGBT,2019-11-18,OutRight International,
