url,category_code,category_description,date_added,source,notes
http://awoko.org/,NEWS,News Media,2017-11-30,OONI partner,
http://slconcordtimes.com/,NEWS,News Media,2017-11-30,OONI partner,
http://standardtimespress.org/,NEWS,News Media,2017-11-30,OONI partner,
http://www.globaltimes-sl.com/,NEWS,News Media,2017-11-30,OONI partner,
http://www.news.sl/,NEWS,News Media,2017-11-30,OONI partner,
http://www.apctimes.com/,NEWS,News Media,2017-11-30,OONI,
http://cocorioko.net/,NEWS,News Media,2017-11-30,OONI,
http://allafrica.com/sierraleone/,NEWS,News Media,2017-11-30,OONI,
http://canvassnews.com/,NEWS,News Media,2017-11-30,OONI,
http://www.cottontreenews.org/,NEWS,News Media,2017-11-30,OONI,
http://www.expotimesonline.net/%20,NEWS,News Media,2017-11-30,OONI,
http://www.irinnews.org/Africa-Country.aspx?Country=SL,NEWS,News Media,2017-11-30,OONI,
http://www.mjournalsl.org/,NEWS,News Media,2017-11-30,OONI,
http://www.newctzen.com/,NEWS,News Media,2017-11-30,OONI,
http://thenewrisingsun.net/,NEWS,News Media,2017-11-30,OONI,
http://www.palmtreereports.com/index.php?lang=en,NEWS,News Media,2017-11-30,OONI,
http://www.thepatrioticvanguard.com/,NEWS,News Media,2017-11-30,OONI,
http://www.peepsierraleone.com/,NEWS,News Media,2017-11-30,OONI,Independent satirical newspaper
http://salonepost.com/,NEWS,News Media,2017-11-30,OONI,
http://www.sierraexpressmedia.com/,NEWS,News Media,2017-11-30,OONI,
http://www.sierraherald.com/,NEWS,News Media,2017-11-30,OONI,Newspaper focusing on human rights and political issues
http://www.sierraleonedailymail.com/,NEWS,News Media,2017-11-30,OONI,Government-owned newspaper
http://www.thesierraleonetelegraph.com/,NEWS,News Media,2017-11-30,OONI,"Covering social, political, and environmental issues"
http://www.sierraleonetimes.com/,NEWS,News Media,2017-11-30,OONI,
http://www.sierraleoneview.net/,NEWS,News Media,2017-11-30,OONI,
http://sierraleone365.com/,NEWS,News Media,2017-11-30,OONI,
http://www.thisissierraleone.com/,NEWS,News Media,2017-11-30,OONI,
http://www.voice-of-binkongoh.info/,NEWS,News Media,2017-11-30,OONI,
https://www.amnesty.org/en/countries/africa/sierra-leone/report-sierra-leone/,HUMR,Human Rights Issues,2017-11-30,OONI,
https://www.hrw.org/africa/sierra-leone,HUMR,Human Rights Issues,2017-11-30,OONI,
https://www.state.gov/documents/organization/265510.pdf,HUMR,Human Rights Issues,2017-11-30,OONI,
http://www.hrcsl.org/,HUMR,Human Rights Issues,2017-11-30,OONI,
http://www.ohchr.org/EN/Countries/AfricaRegion/Pages/SLIndex.aspx,HUMR,Human Rights Issues,2017-11-30,OONI,
https://www.facebook.com/sierraleonepeoplesparty/,POLR,Political Criticism,2018-03-23,OONI,
https://electiondata.io/,POLR,Political Criticism,2018-03-23,OONI,
http://www.africanews.com/2018/03/23/sierra-leone-election-body-alleges-police-intimidation/,POLR,Political Criticism,2018-03-23,OONI,
http://apcparty.org/,POLR,Political Criticism,2018-03-23,OONI,
http://www.juliusmaadabio.net/,POLR,Political Criticism,2018-03-23,OONI,
https://www.facebook.com/Julius-Maada-Bio-263404117059657/,POLR,Political Criticism,2018-03-23,OONI,
http://www.thesierraleonetelegraph.com/shameful-confession-of-samura-kamara-shows-he-is-unfit-to-rule/,POLR,Political Criticism,2018-03-23,OONI,
http://standardtimespress.org/?p=3117,POLR,Political Criticism,2018-03-23,OONI,
http://www.thesierraleonetelegraph.com/open-letter-to-dr-samura-kamara-apc-presidential-candidate-2018/,POLR,Political Criticism,2018-03-23,OONI,
http://www.nytimes.com/1999/02/14/magazine/sierra-leone-is-no-place-to-be-young.html,HUMR,Human Rights Issues,2018-03-23,OONI,
http://necsl2018.org/wp-content/uploads/2018/03/FINAL.pdf,POLR,Political Criticism,2018-03-23,OONI,
http://necsl2018.org/parliamentary-election-progressive-results/,POLR,Political Criticism,2018-03-23,OONI,
http://www.ifes.org/sites/default/files/2018_ifes_sierra_leone_general_elections_faqs_final.pdf,POLR,Political Criticism,2018-03-23,OONI,
https://www.theguardian.com/world/2018/mar/21/sierra-leone-political-violence-tribal-rhetoric-rival-parties-face-runoff,POLR,Political Criticism,2018-03-23,OONI,
http://awoko.org/2017/03/14/sierra-leone-news-i-will-put-premium-on-health-and-education-femi-cole/,POLR,Political Criticism,2018-03-23,OONI,
http://slconcordtimes.com/lone-female-presidential-candidate-urges-issues-based-voting/,POLR,Political Criticism,2018-03-23,OONI,
http://awoko.org/2017/10/27/sierra-leone-news-unity-party-at-last/,POLR,Political Criticism,2018-03-23,OONI,
http://ayvnews.com/AYVNews/index.php/opinion/item/4426-and-they-can-make-her-the-next-president,POLR,Political Criticism,2018-03-23,OONI,
https://electiondata.io/resources/candidates/presidential/up/2018/olufemi-claudius-cole,POLR,Political Criticism,2018-03-23,OONI,
https://snradio.net/tag/election-2018/,POLR,Political Criticism,2018-03-23,OONI,
https://snradio.net/ooni-probe-mobile-app-ooni-chrdi/,POLR,Political Criticism,2018-03-23,OONI,
http://www.africanews.com/2018/03/07/sierra-leone-elections-police-raid-offices-of-main-opposition-candidate/,POLR,Political Criticism,2018-03-23,OONI,
https://www.theguardian.com/global-development/2017/nov/21/sierra-leone-mudslide-survivors-eviction-emergency-shelters-aid,ENV,Environment,2018-03-23,OONI,
https://www.washingtonpost.com/world/africa/photos-of-a-deadly-mudslide-in-sierra-leone/2017/08/15/7acb1260-81f0-11e7-ab27-1a21a8e006ab_gallery.html,ENV,Environment,2018-03-23,OONI,
https://www.aljazeera.com/news/2017/08/sierra-leone-mudslides-kill-1000-170827205358504.html,ENV,Environment,2018-03-23,OONI,
https://news.nationalgeographic.com/2017/08/sierra-leone-mudslide-deadly-video-spd/,ENV,Environment,2018-03-23,OONI,
http://www.who.int/features/2012/cholera_sierra_leone/en/,PUBH,Public Health,2018-03-23,OONI,
http://www.who.int/mediacentre/news/releases/2017/sierra-leone-cholera-vaccination/en/,PUBH,Public Health,2018-03-23,OONI,
https://www.indexmundi.com/sierra_leone/environment_current_issues.html,ENV,Environment,2018-03-23,OONI,
https://thewaterproject.org/water-crisis/water-in-crisis-sierra-leone,ENV,Environment,2018-03-23,OONI,
http://www.unaids.org/en/regionscountries/countries/sierraleone,PUBH,Public Health,2018-03-23,OONI,
http://www.msf.org/en/article/sierra-leone-malaria-other-epidemic,PUBH,Public Health,2018-03-23,OONI,
http://www.bbc.com/news/world-africa-29673633,PUBH,Public Health,2018-03-23,OONI,
https://www.malariaconsortium.org/where-we-work/sierraleone-mainpage.htm,PUBH,Public Health,2018-03-23,OONI,
http://www.thesierraleonetelegraph.com/restricting-movements-and-the-dangers-for-sierra-leones-elections-a-personal-view/,POLR,Political Criticism,2018-03-23,OONI,
https://freemuse.org/news/sierra-leone-musician-allegedly-censored-due-to-political-song/,CULTR,Culture,2018-03-23,OONI,
https://www.aljazeera.com/indepth/features/2015/11/case-sierra-leone-missing-ambulances-151116115001872.html,PUBH,Public Health,2018-03-23,OONI,
http://www.bbc.com/news/world-africa-41861552,POLR,Political Criticism,2018-03-23,OONI,
http://www.bbc.com/news/world-africa-38718196,POLR,Political Criticism,2018-03-23,OONI,
https://www.reuters.com/article/us-health-ebola-leone/ebola-victims-sue-sierra-leone-government-over-mismanaged-funds-idUSKBN1E92NE,POLR,Political Criticism,2018-03-23,OONI,
http://www.switsalone.com/21070_9-million-unaccounted-for-from-sierra-leones-ebola-funds/,POLR,Political Criticism,2018-03-23,OONI,
https://www.facebook.com/people/Emmerson-Bockarie/100008456520553,CULTR,Culture,2018-03-23,OONI,
https://www.musicinafrica.net/directory/emmerson,CULTR,Culture,2018-03-23,OONI,
https://www.facebook.com/C4CSalone/,POLR,Political Criticism,2018-03-23,OONI,
https://ninadevries.wordpress.com/,POLR,Political Criticism,2018-03-23,OONI,
http://www.slcgg.org/,HUMR,Human Rights Issues,2018-03-23,OONI,
https://www.christianaid.org.uk/about-us/programmes/enciss,HUMR,Human Rights Issues,2018-03-23,OONI,
http://www.globalmidwives.org/,HUMR,Human Rights Issues,2018-03-23,OONI,
http://onevillagepartners.org/,ECON,Economics,2018-03-23,OONI,
http://minorityrights.org/country/sierra-leone/,HUMR,Human Rights Issues,2018-03-23,OONI,
http://tbinternet.ohchr.org/Treaties/CCPR/Shared%20Documents/SLE/INT_CCPR_CSS_SLE_16487_E.pdf,HUMR,Human Rights Issues,2018-03-23,OONI,
https://www.amnesty.org/en/countries/africa/sierra-leone/,HUMR,Human Rights Issues,2018-03-23,OONI,
https://rsf.org/en/sierra-leone,HUMR,Human Rights Issues,2018-03-23,OONI,
http://www.slaj.sl/,POLR,Political Criticism,2018-03-23,OONI,
https://www.slaes.org/,PUBH,Public Health,2018-03-23,OONI,
https://www.facebook.com/National-Grand-Coalition-961893897283117/,POLR,Political Criticism,2018-03-23,OONI,
http://www.africanews.com/2018/03/08/opposition-parties-cry-foul-in-sierra-leone-ecowas-releases-preliminary-report/,POLR,Political Criticism,2018-03-23,OONI,
https://www.u4.no/publications/overview-of-corruption-and-anti-corruption-in-sierra-leone/,POLR,Political Criticism,2018-03-23,OONI,
https://www.transparency.org/country/SLE,POLR,Political Criticism,2018-03-23,OONI,
http://sierraleoneforum.blogspot.com/,POLR,Political Criticism,2018-03-23,OONI,
https://pjhap.wordpress.com/,CULTR,Culture,2018-03-23,OONI,
http://freetownfashpack.com/,CULTR,Culture,2018-03-23,OONI,
http://sandralako.blogspot.com/,POLR,Political Criticism,2018-03-23,OONI,
http://www.my-sierra-leone-life.com/,CULTR,Culture,2018-03-23,OONI,
http://sierraexpressmedia.com/,NEWS,News Media,2018-03-23,OONI,
http://www.bbc.com/news/world-africa-14094419,CULTR,Culture,2018-03-23,OONI,
