url,category_code,category_description,date_added,source,notes
http://www.seneweb.com/,NEWS,News Media,2019-01-07,OONI,
https://senego.com/,NEWS,News Media,2019-01-07,OONI,
https://www.leral.net/,NEWS,News Media,2019-01-07,OONI,
https://www.dakaractu.com/,NEWS,News Media,2019-01-07,OONI,
https://www.senenews.com/,NEWS,News Media,2019-01-07,OONI,
http://xalimasn.com/,NEWS,News Media,2019-01-07,OONI,
https://www.xibar.net/,NEWS,News Media,2019-01-07,OONI,
http://www.rewmi.com/,NEWS,News Media,2019-01-07,OONI,
https://www.pressafrik.com/,NEWS,News Media,2019-01-07,OONI,
https://www.ndarinfo.com/,NEWS,News Media,2019-01-07,OONI,
http://www.planete-senegal.com/,NEWS,News Media,2019-01-07,OONI,
http://www.walf-groupe.com/,NEWS,News Media,2019-01-07,OONI,
https://www.senxibar.com/,NEWS,News Media,2019-01-07,OONI,
http://www.ledakarois.net/,NEWS,News Media,2019-01-07,OONI,
http://lesoleil.sn/,NEWS,News Media,2019-01-07,OONI,
https://www.setal.net/,NEWS,News Media,2019-01-07,OONI,
https://www.lequotidien.sn/,NEWS,News Media,2019-01-07,OONI,
http://www.sudonline.sn/,NEWS,News Media,2019-01-07,OONI,
https://www.koldanews.com/,NEWS,News Media,2019-01-07,OONI,
http://www.rts.sn/,NEWS,News Media,2019-01-07,OONI,
http://www.lasenegalaise.com/,NEWS,News Media,2019-01-07,OONI,
http://sudfmsenradio.com/,NEWS,News Media,2019-01-07,OONI,
https://www.asfiyahi.org/,REL,Religion,2019-01-07,OONI,
https://www.au-senegal.com/?lang=fr,CULTR,Culture,2019-01-07,OONI,
https://www.marodi.tv/,CULTR,Culture,2019-01-07,OONI,
http://www.dakarmatin.com/,NEWS,News Media,2019-01-07,OONI,
http://nouvelhorizon.sn/,NEWS,News Media,2019-01-07,OONI,
http://www.nouvelhorizon-senegal.com/,NEWS,News Media,2019-01-07,OONI,
https://allafrica.com/senegal/,NEWS,News Media,2019-01-07,OONI,
http://www.adakar.com/,NEWS,News Media,2019-01-07,OONI,
https://www.arenebi.com/,NEWS,News Media,2019-01-07,OONI,
http://www.devoircitoyen.fr/,POLR,Political Criticism,2019-01-07,OONI,
http://homeviewsenegal.com/,NEWS,News Media,2019-01-07,OONI,
https://www.igfm.sn/,NEWS,News Media,2019-01-07,OONI,
http://www.leuksenegal.com/,CULTR,Culture,2019-01-07,OONI,
http://www.sen24heures.com/,NEWS,News Media,2019-01-07,OONI,
http://www.seneplus.com/,NEWS,News Media,2019-01-07,OONI,
https://news.sen360.sn/,NEWS,News Media,2019-01-07,OONI,
http://www.aps.sn/,NEWS,News Media,2019-01-07,OONI,
http://www.enqueteplus.com/,NEWS,News Media,2019-01-07,OONI,
http://www.nouvelobs.com/tag/senegal,NEWS,News Media,2019-01-07,OONI,
http://www.excaf.com/tv.php?idtv=1,NEWS,News Media,2019-01-07,OONI,
https://2stv.net/,NEWS,News Media,2019-01-07,OONI,
http://www.panapress.com/,NEWS,News Media,2019-01-07,OONI,
https://rsf.org/en/senegal,HUMR,Human Rights Issues,2019-01-07,OONI,
https://www.hrw.org/africa/senegal,HUMR,Human Rights Issues,2019-01-07,OONI,
https://www.amnesty.org/en/countries/africa/senegal/,HUMR,Human Rights Issues,2019-01-07,OONI,
https://www.asutic.org/,HUMR,Human Rights Issues,2019-01-07,OONI,
https://www.tostan.org/programs/where-we-work/senegal/,HUMR,Human Rights Issues,2019-01-07,OONI,
https://www.senegel.org/,POLR,Political Criticism,2019-01-07,OONI,
http://www.socialnetlink.org/,NEWS,News Media,2019-01-07,OONI,
https://senegad.wordpress.com/,HUMR,Human Rights Issues,2019-01-07,OONI,
https://www.transparency.org/country/SEN,POLR,Political Criticism,2019-01-07,OONI,
http://p-a-i-sn.tripod.com/,POLR,Political Criticism,2019-01-07,OONI,Political party site
http://www.apr.sn/,POLR,Political Criticism,2019-01-07,OONI,Site currently under construction
https://freedomhouse.org/report/freedom-world/2018/senegal,HUMR,Human Rights Issues,2019-01-07,OONI,
https://www.createaction.org/,ENV,Environment,2019-01-07,OONI,
https://www.unenvironment.org/explore-topics/green-economy/what-we-do/advisory-services/africa-green-economy-project/senegal,ENV,Environment,2019-01-07,OONI,
https://www.greenpeace.org/africa/fr/tag/senegal/,ENV,Environment,2019-01-07,OONI,
http://lesgourmandisesdekarelle.com/,CULTR,Culture,2019-01-07,OONI,
http://www.makaila.fr/,NEWS,News Media,2019-01-07,OONI,Independent news site run by Chadian blogger expelled from Senegal
https://unfcs.org/,HUMR,Human Rights Issues,2019-01-07,OONI,
https://senegaldaily.wordpress.com/,CULTR,Culture,2019-01-08,OONI,
https://gams.be/,HUMR,Human Rights Issues,2019-01-08,OONI,
https://www.thegirlgeneration.org/regions/senegal,HUMR,Human Rights Issues,2019-01-08,OONI,
https://orchidproject.org/country/senegal/,HUMR,Human Rights Issues,2019-01-08,OONI,
https://plan-international.org/senegal,HUMR,Human Rights Issues,2019-01-08,OONI,
https://www.alima-ngo.org/fr/,PUBH,Public Health,2019-01-08,OONI,
https://www.intrahealth.org/countries/senegal,PUBH,Public Health,2019-01-08,OONI,
http://www.safeabortionwomensright.org/category/region/africa/senegal/,XED,Sex Education,2019-01-08,OONI,
http://www.unaids.org/en/regionscountries/countries/senegal,PUBH,Public Health,2019-01-08,OONI,
http://endatiersmonde.org/instit/,HUMR,Human Rights Issues,2019-01-08,OONI,
http://interculturaldimensions.org/Home.html,CULTR,Culture,2019-01-08,OONI,
http://prometra.org/,PUBH,Public Health,2019-01-08,OONI,
http://baabamaal.com/,CULTR,Culture,2019-01-08,OONI,
https://www.warime.com/callmoney/checking.zul,COMM,E-commerce,2019-01-08,OONI,
https://www.jumia.sn/,HACK,Hacking Tools,2019-01-08,OONI,
http://www.seneporno.com/,PORN,Pornography,2019-01-08,OONI,
https://www.commentcamarche.net/,HACK,Hacking Tools,2019-01-08,OONI,
https://www.01net.com/,HACK,Hacking Tools,2019-01-08,OONI,
https://www.canalplus-afrique.com/,CULTR,Culture,2019-01-08,OONI,
http://www.playvod-sn.com/,MMED,Media sharing,2019-01-08,OONI,
http://www.wadr.org/,POLR,Political Criticism,2019-01-08,OONI,
http://tekkisenegal.org/,POLR,Political Criticism,2019-02-20,ASUTIC,
https://www.pasteflespatriotes.com/,POLR,Political Criticism,2019-02-20,ASUTIC,
http://madicke2019.com/,POLR,Political Criticism,2019-02-20,ASUTIC,
http://issapresident.com/,POLR,Political Criticism,2019-02-20,ASUTIC,
http://idrissa-seck.com/,POLR,Political Criticism,2019-02-20,ASUTIC,
https://republiquedesvaleurs.com/,POLR,Political Criticism,2019-02-20,ASUTIC,
http://act-senegal.com/,POLR,Political Criticism,2019-02-20,ASUTIC,
https://abdoul2019.org/,POLR,Political Criticism,2019-02-20,ASUTIC,
http://macky-2019.com/,POLR,Political Criticism,2019-02-20,ASUTIC,
http://www.grandparti.com/,POLR,Political Criticism,2019-02-20,ASUTIC,
http://pur2019.org/,POLR,Political Criticism,2019-02-20,ASUTIC,
http://www.senegalboubess.sn/,POLR,Political Criticism,2019-02-20,ASUTIC,
http://www.gueumsabopp.com/,POLR,Political Criticism,2019-02-20,ASUTIC,
https://caravablogspot.blogspot.com/,POLR,Political Criticism,2019-02-20,ASUTIC,
http://apr.sn/,POLR,Political Criticism,2019-02-20,ASUTIC,
https://www.guirassy.com/,POLR,Political Criticism,2019-02-20,ASUTIC,
https://s-u-d.com/,POLR,Political Criticism,2019-02-20,ASUTIC,
http://parti-rewmi.com/,POLR,Political Criticism,2019-02-20,ASUTIC,
https://www.jengusenegal.com/,POLR,Political Criticism,2019-02-20,ASUTIC,
https://hadjibou2019.com/,POLR,Political Criticism,2019-02-20,ASUTIC,
https://president2019.com/,POLR,Political Criticism,2019-02-20,ASUTIC,
http://dakartimesnews.com/,NEWS,News Media,2019-02-20,ASUTIC,
https://sunubuzzsn.com/,NEWS,News Media,2019-02-20,ASUTIC,
https://www.metrodakar.net/,NEWS,News Media,2019-02-20,ASUTIC,
https://limametti.com/,NEWS,News Media,2019-02-20,ASUTIC,
https://sunuelection.com/,NEWS,News Media,2019-02-20,ASUTIC,
https://thieydakar.net/,NEWS,News Media,2019-02-20,ASUTIC,
https://sanslimitesn.com/,NEWS,News Media,2019-02-20,ASUTIC,
https://galsen221.com/,NEWS,News Media,2019-02-20,ASUTIC,
https://emedia.sn/,NEWS,News Media,2019-02-20,ASUTIC,
https://senegal-news.net/,NEWS,News Media,2019-02-20,ASUTIC,
http://leparcellois.com/,NEWS,News Media,2019-02-20,ASUTIC,
https://www.senorama.com/,NEWS,News Media,2019-02-20,ASUTIC,
https://www.vipeoples.net/,NEWS,News Media,2019-02-20,ASUTIC,
https://www.sunuafrik.com/,NEWS,News Media,2019-02-20,ASUTIC,
http://sn2019.org/,NEWS,News Media,2019-02-20,ASUTIC,
http://toutinfo.net/,NEWS,News Media,2019-02-20,ASUTIC,
http://letemoin.sn/,NEWS,News Media,2019-02-20,ASUTIC,
http://infosansfrontieres.com/,NEWS,News Media,2019-02-20,ASUTIC,
https://senexalaat.com/,NEWS,News Media,2019-02-20,ASUTIC,
https://www.cena.sn/,GOVT,Government,2019-02-20,ASUTIC, 
http://lsdh.org/,HUMR,Human Rights Issues,2019-02-20,ASUTIC,
http://raddho.com/,HUMR,Human Rights Issues,2019-02-20,ASUTIC,
http://amnesty.sn/,HUMR,Human Rights Issues,2019-02-20,ASUTIC,
http://www.congad.org/,HUMR,Human Rights Issues,2019-02-20,ASUTIC,
http://www.gradec.org/,HUMR,Human Rights Issues,2019-02-20,ASUTIC,
http://www.ongpacte.org/,HUMR,Human Rights Issues,2019-02-20,ASUTIC,
http://www.ong3d.org/,HUMR,Human Rights Issues,2019-02-20,ASUTIC,
https://www.samacarte.org/,HUMR,Human Rights Issues,2019-02-20,ASUTIC,
https://sunuvote.com/,HUMR,Human Rights Issues,2019-02-20,ASUTIC, 
http://goreeinstitut.org/,HUMR,Human Rights Issues,2019-02-20,ASUTIC,
https://senegalvote.org/,HUMR,Human Rights Issues,2019-02-20,ASUTIC,
