url,category_code,category_description,date_added,source,notes
http://afteegypt.org/,NEWS,News Media,2017-10-15,citizenlab,
http://al-jana.org/,CULTR,Culture,2017-10-15,citizenlab,
http://albrhan.org/,HUMR,Human Rights Issues,2017-10-15,citizenlab,Muslim Shia Web site
http://alkhaleejonline.net/,NEWS,News Media,2017-10-15,citizenlab,Political news and views
http://allafrica.com/,NEWS,News Media,2017-10-15,citizenlab,
http://allbanaadir.com/,NEWS,News Media,2017-10-15,citizenlab,
http://allgalgaduud.com/,NEWS,News Media,2017-10-15,citizenlab,
http://allnabadqaad.com/,NEWS,News Media,2016-03-14,citizenlab,On leaked blocked list
http://allssc.com/,POLR,Political Criticism,2014-04-15,citizenlab,
http://almayadeen.net/,NEWS,News Media,2017-10-15,citizenlab,
http://alsaha.com/,NEWS,News Media,2017-10-15,citizenlab,Regional chatting forum
http://alsomal.net/,NEWS,News Media,2017-10-15,citizenlab,
http://aminarts.com/,NEWS,News Media,2017-10-15,citizenlab,
http://anaahor.blogspot.com/,REL,Religion,2017-10-15,citizenlab,Arab atheists
http://anbia.tripod.com/,REL,Religion,2017-10-15,citizenlab,
http://angryarab.blogspot.com/,POLR,Political Criticism,2017-10-15,citizenlab,Angery Arab blog
http://answer-islam.com/,REL,Religion,2017-10-15,citizenlab,
http://answering-islam.org/,REL,Religion,2017-10-15,citizenlab,Religious conversion commentary and criticism
https://ar-ar.facebook.com/Il7ad,REL,Religion,2017-10-15,citizenlab,
http://ar.wikishia.net/view/%D8%A7%D9%84%D8%B5%D9%81%D8%AD%D8%A9_%D8%A7%D9%84%D8%B1%D8%A6%D9%8A%D8%B3%D9%8A%D8%A9,HUMR,Human Rights Issues,2017-10-15,citizenlab,
http://arabanticorruption.org/,POLR,Political Criticism,2017-10-15,citizenlab,
http://arabatheistbroadcasting.com/,REL,Religion,2017-10-15,citizenlab,Arab atheists
http://arabel7ad.blogspot.com/,REL,Religion,2017-10-15,citizenlab,Arab atheists
http://arabgaypride.blogspot.com/,LGBT,LGBT,2017-10-15,citizenlab,
http://arabi21.com/,NEWS,News Media,2017-10-15,citizenlab,
http://arabic.arabianbusiness.com/,NEWS,News Media,2017-10-15,citizenlab,
http://arabic.peopledaily.com.cn/,NEWS,News Media,2017-10-15,citizenlab,Chinese Arabic newspaper
https://arabic.rt.com/,NEWS,News Media,2017-10-15,citizenlab,
http://arabic.sputniknews.com/,NEWS,News Media,2017-10-15,citizenlab,Russian news agency
http://arabiclgbt.blogspot.com/,LGBT,LGBT,2017-10-15,citizenlab,
https://arabwomenwork.wordpress.com/,HUMR,Human Rights Issues,2017-10-15,citizenlab,
http://asrararabiya.com/,NEWS,News Media,2017-10-15,citizenlab,
http://awdal.so/,POLR,Political Criticism,2014-04-15,citizenlab,
http://ayaamonews.com/,POLR,Political Criticism,2017-10-15,citizenlab,
http://badweyntimes.com/,NEWS,News Media,2016-03-14,citizenlab,On leaked blocked list
http://bahai-books.org/,HUMR,Human Rights Issues,2017-10-15,citizenlab,Bahai faith group
http://bahai-devotions.org/,HUMR,Human Rights Issues,2017-10-15,citizenlab,Bahai faith group
http://bahai-internet-services.org/,HUMR,Human Rights Issues,2017-10-15,citizenlab,Bahai faith group
http://bahai-readings.org/,HUMR,Human Rights Issues,2017-10-15,citizenlab,Bahai faith group
http://bahai-writings.org/,HUMR,Human Rights Issues,2017-10-15,citizenlab,Bahai faith group
http://baligubadlemedia.com/,POLR,Political Criticism,2014-04-15,citizenlab,
http://barwaaqo.org/,HUMR,Human Rights Issues,2017-10-15,citizenlab,
http://bbcarabic.com/,NEWS,News Media,2017-10-15,citizenlab,BBC Arabic
https://beerdhiga.com/,NEWS,News Media,2017-10-15,citizenlab,
http://boramanews.com/,NEWS,News Media,2017-10-15,citizenlab,
http://buhodle.net/,POLR,Political Criticism,2014-04-15,citizenlab,
http://burcoonline.com/,NEWS,News Media,2017-10-15,citizenlab,
http://cahdiparty.com/,POLR,Political Criticism,2017-10-15,citizenlab,
http://cakaaranews.com/,NEWS,News Media,2017-10-15,citizenlab,
http://calankamedia.com/,NEWS,News Media,2017-10-15,citizenlab,
http://carnegie-mec.org/,POLR,Political Criticism,2017-10-15,citizenlab,
http://caynabanews.com/,NEWS,News Media,2017-10-15,citizenlab,
http://chouf-minorities.org/?lang=en,HUMR,Human Rights Issues,2017-10-15,citizenlab,Women rights
http://christian-dogma.com/,HUMR,Human Rights Issues,2017-10-15,citizenlab,
http://club4moslems.8m.com/,REL,Religion,2017-10-15,citizenlab,
http://coomaad.com/,POLR,Political Criticism,2017-10-15,citizenlab,
http://curubo.com/,NEWS,News Media,2016-03-14,citizenlab,On leaked blocked list
http://dhacdo.com/,NEWS,News Media,2017-10-15,citizenlab,
https://diplomat.so/,NEWS,News Media,2017-10-15,citizenlab,
http://efasom.org/,HUMR,Human Rights Issues,2017-10-15,citizenlab,
http://el7adarab.blogspot.com/,REL,Religion,2017-10-15,citizenlab,Arab atheists
http://elmarsad.org/ar/,HUMR,Human Rights Issues,2017-10-15,citizenlab,Arab human rights monitor
http://elyon1.court.gov.il/eng/siyur/index.html,GOVT,Government,2017-10-15,citizenlab,Israel Supreme Court
http://freecopts.net/,GOVT,Government,2017-10-15,citizenlab,
http://fuck.com/,PORN,Pornography,2014-04-15,citizenlab,
http://gaarhaye.com/,POLR,Political Criticism,2017-10-15,citizenlab,
http://gabiley.net/,NEWS,News Media,2017-10-15,citizenlab,
http://garoweonline.com/,NEWS,News Media,2015-01-20,citizenlab,
http://gay-uae.blogspot.com/,LGBT,LGBT,2017-10-15,citizenlab,
http://gayguide.net/,LGBT,LGBT,2017-10-15,citizenlab,
http://gayswithoutborders.wordpress.com/,LGBT,LGBT,2017-10-15,citizenlab,
http://goobjoog.com/,HUMR,Human Rights Issues,2017-10-15,citizenlab,
http://halbeegnews.com/,POLR,Political Criticism,2014-04-15,citizenlab,
http://harowo.com/,POLR,Political Criticism,2014-04-15,citizenlab,
http://harvard.xxx/,PORN,Pornography,2014-04-15,citizenlab,
http://heemaalnews.com/,POLR,Political Criticism,2014-04-15,citizenlab,
https://horseedmedia.net/,NEWS,News Media,2017-10-15,citizenlab,
http://horufadhi.com/,POLR,Political Criticism,2014-04-15,citizenlab,
http://horumar.com/,NEWS,News Media,2017-10-15,citizenlab,
http://idalenews.com/,NEWS,News Media,2017-10-15,citizenlab,
http://iknowpolitics.org/,HUMR,Human Rights Issues,2017-10-15,citizenlab,Women rights
http://il7adarabic.blogspot.com/,REL,Religion,2017-10-15,citizenlab,Arab atheists
http://internet.tumblr.com/,CTRL,Control content,2017-10-15,citizenlab,To test of certain blogs on tumblr are blocked
http://islamion.com/,NEWS,News Media,2017-10-15,citizenlab,
http://islammemo.cc/,NEWS,News Media,2017-10-15,citizenlab,
http://karamah.org/,HUMR,Human Rights Issues,2017-10-15,citizenlab,Women rights
http://khaatumo.com/,POLR,Political Criticism,2014-04-15,citizenlab,
http://kismaayonews.com/,NEWS,News Media,2017-10-15,citizenlab,
http://kvinfo.org/,HUMR,Human Rights Issues,2017-10-15,citizenlab,
http://ladeenioon.blogspot.com/,REL,Religion,2017-10-15,citizenlab,Arab atheists
http://library.sheba.co.il/,CTRL,Control content,2017-10-15,citizenlab,Miriam Gutwirth Medical Library
http://magazinegaymaroc.blogspot.com/,LGBT,LGBT,2017-10-15,citizenlab,
http://mecc.org/,HUMR,Human Rights Issues,2017-10-15,citizenlab,
http://middleeasttransparent.com/en/,HUMR,Human Rights Issues,2017-10-15,citizenlab,NGO promotes transparency in the middle east
http://midnimo.com/,NEWS,News Media,2017-10-15,citizenlab,
http://minuf.co.il/,CTRL,Control content,2017-10-15,citizenlab,Minuf Group
http://mogadishucenter.com/,HUMR,Human Rights Issues,2017-10-15,citizenlab,
http://mubasher.aljazeera.net/,NEWS,News Media,2017-10-15,citizenlab,
http://muhammadorjesus.googlepages.com/home,REL,Religion,2017-10-15,citizenlab,
http://neswangy.net/,PORN,Pornography,2017-10-15,citizenlab,Arabic sex site
http://no-ip.org/,ANON,Anonymization and circumvention tools,2017-10-15,citizenlab,
http://omeldunya.com/,POLR,Political Criticism,2017-10-15,citizenlab,
http://opl-now.org/,NEWS,News Media,2017-10-15,citizenlab,Free expression and media freedom
http://pdp.so/,POLR,Political Criticism,2017-10-15,citizenlab,
https://plus.google.com/communities/117457850617621671508,REL,Religion,2017-10-15,citizenlab,
http://porn.com/,PORN,Pornography,2014-04-15,citizenlab,
http://puntlandi.com/,NEWS,News Media,2017-10-15,citizenlab,
http://puntlandpost.net/,NEWS,News Media,2017-10-15,citizenlab,
http://qubanaha.com/,POLR,Political Criticism,2017-10-15,citizenlab,
http://radioshabelle.com/,NEWS,News Media,2017-10-15,citizenlab,
https://rajoqaran.com/,POLR,Political Criticism,2017-10-15,citizenlab,
http://ramaasnews.com/,NEWS,News Media,2017-10-15,citizenlab,
https://raseef22.com/,NEWS,News Media,2017-10-15,citizenlab,
http://realtaleex.com/,POLR,Political Criticism,2014-04-15,citizenlab,
http://religion.tumblr.com/,CTRL,Control content,2017-10-15,citizenlab,To test of certain blogs on tumblr are blocked
http://rhr.org.il/eng/,HUMR,Human Rights Issues,2017-10-15,citizenlab,Rabbis for Human Rights
https://richarddawkins.net/,REL,Religion,2017-10-15,citizenlab,
http://saymar.org/,NEWS,News Media,2017-10-15,citizenlab,
http://shacabkamedia.com/,NEWS,News Media,2017-10-15,citizenlab,
http://shiaweb.org/,HUMR,Human Rights Issues,2017-10-15,citizenlab,Shia Web. Shiite Web site
http://shuhood.org/,HUMR,Human Rights Issues,2017-10-15,citizenlab,The International Organization to Confront Extremism
http://somaliangoconsortium.org/,HUMR,Human Rights Issues,2017-10-15,citizenlab,
https://somaliaone.net/,NEWS,News Media,2017-10-15,citizenlab,
http://somaliatoday.net/,NEWS,News Media,2017-10-15,citizenlab,
https://somalilandtoday.org/,NEWS,News Media,2017-10-15,citizenlab,
http://somalimemo.net/,NEWS,News Media,2017-10-15,citizenlab,
http://somalitalkradio.com/,HUMR,Human Rights Issues,2017-10-15,citizenlab,
http://sonna.so/ar/,NEWS,News Media,2017-10-15,citizenlab,
http://sonyo.blogspot.co.uk/,HUMR,Human Rights Issues,2017-10-15,citizenlab,
http://sowtalsomal.com/,NEWS,News Media,2017-10-15,citizenlab,
http://soydavo.org/,HUMR,Human Rights Issues,2017-10-15,citizenlab,
http://sports.tumblr.com/,CTRL,Control content,2017-10-15,citizenlab,to test of certain blogs on tumblr are blocked
http://sunatimes.com/,POLR,Political Criticism,2014-04-15,citizenlab,
http://tabee3iil7ad.blogspot.com/,REL,Religion,2017-10-15,citizenlab,Arab atheists
https://thawrah2day.com/,NEWS,News Media,2017-10-15,citizenlab,
http://thenewkhalij.org/,NEWS,News Media,2017-10-15,citizenlab,
http://thissitedoesnotexist.il/,CTRL,Control content,2017-10-15,citizenlab,This is a fake site
http://thiswebsitedoesnotexistyet.tumblr.com/,CTRL,Control content,2017-10-15,citizenlab,to test of certain blogs on tumblr are blocked
http://torproject.org/,ANON,Anonymization and circumvention tools,2014-04-15,citizenlab,
http://twitter.com/#!/gamaleid,NEWS,News Media,2017-10-15,citizenlab,Regional activist
http://twitter.com/#!/ghonim,NEWS,News Media,2017-10-15,citizenlab,Regional activist
http://twitter.com/Mashi97,NEWS,News Media,2017-10-15,citizenlab,Regional activist
http://twitter.com/abualkhair,NEWS,News Media,2017-10-15,citizenlab,Regional activist
https://twitter.com/arabatheisttv,REL,Religion,2017-10-15,citizenlab,
http://twitter.com/gamaleid,NEWS,News Media,2017-10-15,citizenlab,Regional activist
http://twitter.com/ghonim,NEWS,News Media,2017-10-15,citizenlab,Regional activist
https://twitter.com/mol7d_arabi,REL,Religion,2017-10-15,citizenlab,
http://waagacusub.com/,POLR,Political Criticism,2014-04-15,citizenlab,
http://waagacusub.info/,POLR,Political Criticism,2017-10-15,citizenlab,
http://wadankanews.net/,NEWS,News Media,2016-03-14,citizenlab,On leaked blocked list
https://waddani-party.org/,POLR,Political Criticism,2017-10-15,citizenlab,
http://www.888poker.com/,GMB,Gambling,2017-10-15,citizenlab,
http://www.aaci.org.il/,GOVT,Government,2017-10-15,citizenlab,Association of Americans and Canadians in Israel
http://www.agr.state.il.us/,GOVT,Government,2017-10-15,citizenlab,Illinois Department of Agriculture
http://www.ahewar.org/,POLR,Political Criticism,2017-10-15,citizenlab,Arabic secular news and views
http://www.ahmedandsalim.com/,POLR,Political Criticism,2017-10-15,citizenlab,Ahmed and Salim
http://www.ahrfund.org/csoon/index.html,HUMR,Human Rights Issues,2017-10-15,citizenlab,
http://www.al-akhbar.com/,NEWS,News Media,2017-10-15,citizenlab,Lebanese newspaper
http://www.al-bab.com/,NEWS,News Media,2017-10-15,citizenlab,Regional Arabic blog/portal
http://www.al-ketab.net/,REL,Religion,2017-10-15,citizenlab,
http://www.al-monitor.com/,NEWS,News Media,2017-10-15,citizenlab,
http://www.alahednews.com.lb/,NEWS,News Media,2017-10-15,citizenlab,Lebanese news site
http://www.alalam.ir/,NEWS,News Media,2017-10-15,citizenlab,Iran TV
http://www.alarab.co.uk/,NEWS,News Media,2017-10-15,citizenlab,
http://www.alarabiya.net/,NEWS,News Media,2014-04-15,citizenlab,
http://www.alaraby.co.uk/,NEWS,News Media,2017-10-15,citizenlab,Pan-Arab newspaper
https://www.alaraby.co.uk/,NEWS,News Media,2017-10-15,citizenlab,
http://www.albawaba.com/,NEWS,News Media,2017-10-15,citizenlab,News portal
http://www.alfarhan.org/,HUMR,Human Rights Issues,2017-10-15,citizenlab,
http://www.alhayat.com/,NEWS,News Media,2017-10-15,citizenlab,Pan-Arab newspaper
http://www.alhesbah.org/,MILX,Terrorism and Militants,2017-10-15,citizenlab,
https://www.alhurra.com/,NEWS,News Media,2017-10-15,citizenlab,
http://www.aljazeera.net/portal,NEWS,News Media,2014-04-15,citizenlab,
http://www.alkarama.org/,HUMR,Human Rights Issues,2017-10-15,citizenlab,
http://www.alleastafrica.com/,NEWS,News Media,2017-10-15,citizenlab,
http://www.almayadeen.net/,NEWS,News Media,2017-10-15,citizenlab,Mayadeen TV
http://www.alnour.com.lb/,NEWS,News Media,2017-10-15,citizenlab,al-Nour Radio is the official radio station of Hizbollah
http://www.alquds.co.uk/,NEWS,News Media,2017-10-15,citizenlab,Pan-Arab newspaper
http://www.alsaheefa.net/,NEWS,News Media,2017-10-15,citizenlab,
http://www.althaqlain.com/,HUMR,Human Rights Issues,2017-10-15,citizenlab,
https://www.amazigh24.com/,HUMR,Human Rights Issues,2017-10-15,citizenlab,
https://www.amazighcity.com/,HUMR,Human Rights Issues,2017-10-15,citizenlab,
https://www.amazighlove.com/,HUMR,Human Rights Issues,2017-10-15,citizenlab,
http://www.amin.org/,NEWS,News Media,2017-10-15,citizenlab,Regional Arabic online news portal
http://www.amnesty.org/ar,HUMR,Human Rights Issues,2017-10-15,citizenlab,Article about Moroccan abuses of W. Saharans
http://www.anhri.net/,HUMR,Human Rights Issues,2017-10-15,citizenlab,Human rights information network
http://www.annabaa.org/,HUMR,Human Rights Issues,2017-10-15,citizenlab,Annabaa. Shiite news portal.
http://www.annd.org/arabic/index.php,HUMR,Human Rights Issues,2017-10-15,citizenlab,
http://www.ansarh.com/,HUMR,Human Rights Issues,2017-10-15,citizenlab,Muslim Shia Web site
http://www.ansarweb.net/,HUMR,Human Rights Issues,2017-10-15,citizenlab,Muslim Shia Web site
http://www.anti-cair-net.org/,HUMR,Human Rights Issues,2017-10-15,citizenlab,Anti CAIR movement. Critical of Islamic group activities in US
http://www.antiquities.org.il/,GOVT,Government,2017-10-15,citizenlab,Israel Antiquities Authority
http://www.arabatheist.humanists.net/,REL,Religion,2017-10-15,citizenlab,Arab atheists
http://www.arabchurch.com/,NEWS,News Media,2017-10-15,citizenlab,
http://www.arabfamilies.org/,HUMR,Human Rights Issues,2017-10-15,citizenlab,
http://www.arabhomosexual.com/SMF/index.php,LGBT,LGBT,2017-10-15,citizenlab,
http://www.arabhumanrights.org/,REL,Religion,2017-10-15,citizenlab,Arab Human Rights Index
http://www.arabiadate.com/,DATE,Online Dating,2017-10-15,citizenlab,
http://www.arabic-club.de/,REL,Religion,2017-10-15,citizenlab,
http://www.arabicbible.com/,REL,Religion,2017-10-15,citizenlab,"Religious conversion, commentary and criticism"
http://www.arabicpoems.com/,CULTR,Culture,2017-10-15,citizenlab,Arabic literature
http://www.arabruleoflaw.org/,HUMR,Human Rights Issues,2017-10-15,citizenlab,
http://www.arabstoday.net/,NEWS,News Media,2017-10-15,citizenlab,Arabic media
http://www.arabwomenorg.org/,HUMR,Human Rights Issues,2017-10-15,citizenlab,Women rights
http://www.asoj.org/,NEWS,News Media,2016-03-14,citizenlab,On leaked blocked list
http://www.asseer.com/,MILX,Terrorism and Militants,2017-10-15,citizenlab,Saudi separatist group
http://www.awdalnation.com/,POLR,Political Criticism,2014-04-15,citizenlab,
http://www.azzaman.com/,NEWS,News Media,2017-10-15,citizenlab,Regional Arabic online news portal
http://www.baath-party.org/,POLR,Political Criticism,2017-10-15,citizenlab,Pan-Arab opposition political party
http://www.bahai-faith.org/,HUMR,Human Rights Issues,2017-10-15,citizenlab,Bahai faith group
http://www.bahai.com/,HUMR,Human Rights Issues,2017-10-15,citizenlab,Bahai faith group
http://www.baniadamorg.net/,HUMR,Human Rights Issues,2017-10-15,citizenlab,
http://www.barbaariye.com/,NEWS,News Media,2016-03-14,citizenlab,On leaked blocked list
http://www.basket.co.il/,GOVT,Government,2017-10-15,citizenlab,Israel Basketball League
http://www.bayynat.org/,POLR,Political Criticism,2017-10-15,citizenlab,Sayyid Muhammad Hussein Fadlallah's website (spiritual guide of Hizbollah's Secretary General)
http://www.bbc.co.uk/arabic/,NEWS,News Media,2017-10-15,citizenlab,BBC Arabic
http://www.bbc.com/somali/,NEWS,News Media,2017-07-19,anonymous,
http://www.bbc.com/swahili/,NEWS,News Media,2017-07-19,anonymous,
http://www.bbcsomali.com/,NEWS,News Media,2017-07-19,anonymous,
http://www.bbcswahili.com/,NEWS,News Media,2017-07-19,anonymous,
http://www.behidden.com/,ANON,Anonymization and circumvention tools,2017-10-15,citizenlab,
http://www.bet365.com/en/,GMB,Gambling,2017-10-15,citizenlab,
https://www.biblegateway.com/,HUMR,Human Rights Issues,2017-10-15,citizenlab,
http://www.biblequery.org/,REL,Religion,2017-10-15,citizenlab,
http://www.bintelnas.org/,LGBT,LGBT,2017-10-15,citizenlab,
http://www.blogjihad.com/,MILX,Terrorism and Militants,2017-10-15,citizenlab,Blog about politics and social issues in UAE
http://www.boi.org.il/,GOVT,Government,2017-10-15,citizenlab,Bank of Israel
http://www.boocameonline.com/,POLR,Political Criticism,2014-04-15,citizenlab,
https://www.boutique-berbere.com/,HUMR,Human Rights Issues,2017-10-15,citizenlab,
http://www.business-humanrights.org/,HUMR,Human Rights Issues,2017-10-15,citizenlab,Human Rights portal
https://www.bwin.com/,GMB,Gambling,2017-10-15,citizenlab,
http://www.cahdiparty.org/,POLR,Political Criticism,2017-10-15,citizenlab,
http://www.caironewss.com/,NEWS,News Media,2017-10-15,citizenlab,
http://www.candlelightsomal.org/,HUMR,Human Rights Issues,2017-10-15,citizenlab,
http://www.cawtar.org/,HUMR,Human Rights Issues,2017-10-15,citizenlab,Women rights
http://www.cbs.gov.il/,GOVT,Government,2017-10-15,citizenlab,Central Bureau of Statistics of Israel
http://www.cdl.com.lb/,GMB,Gambling,2017-10-15,citizenlab,
http://www.centerforinquiry.net/isis/,REL,Religion,2017-10-15,citizenlab,Center for secularing Islamic societies
http://www.cewla.org/,HUMR,Human Rights Issues,2017-10-15,citizenlab,Women rights
http://www.childsrights.org/,HUMR,Human Rights Issues,2017-10-15,citizenlab,Child Rights
http://www.christianmuslimanswers.com/,REL,Religion,2017-10-15,citizenlab,
http://www.cnnarabic.com/,NEWS,News Media,2017-10-15,citizenlab,CNN Arabic
http://www.coepaonline.org/,HUMR,Human Rights Issues,2017-10-15,citizenlab,The Coptic Orthodox e-Publishing - Australia (COEPA)
http://www.coptic-church.org.uk/,HUMR,Human Rights Issues,2017-10-15,citizenlab,
http://www.coptic.net/,HUMR,Human Rights Issues,2017-10-15,citizenlab,Religious conversion commentary and criticism
http://www.cpj.org/attacks00/mideast00/Gulf.html,HUMR,Human Rights Issues,2017-10-15,citizenlab,Committee to Protect Journalists
http://www.crin.org/,HUMR,Human Rights Issues,2017-10-15,citizenlab,The Child Rights Information Network
https://www.crs.org/,HUMR,Human Rights Issues,2017-10-15,citizenlab,
http://www.cunaabi.com/,NEWS,News Media,2016-03-14,citizenlab,On leaked blocked list
http://www.dahiralasow.com/,NEWS,News Media,2016-03-14,citizenlab,On leaked blocked list
http://www.dalmaax.com/,NEWS,News Media,2016-03-14,citizenlab,On leaked blocked list
http://www.danielpipes.org/,POLR,Political Criticism,2017-10-15,citizenlab,Danial Pipes' blog
http://www.dansomaliland.org/,HUMR,Human Rights Issues,2017-10-15,citizenlab,
http://www.dayniiile.com/,NEWS,News Media,2017-10-15,citizenlab,
http://www.debate.org.uk/,REL,Religion,2017-10-15,citizenlab,
http://www.defendingwomen-defendingrights.org/,HUMR,Human Rights Issues,2017-10-15,citizenlab,International women NGO
http://www.detarabiskeinitiativ.dk/ar/,HUMR,Human Rights Issues,2017-10-15,citizenlab,Women rights
http://www.drahmadnofal.com/,POLR,Political Criticism,2017-10-15,citizenlab,
http://www.dubai-escort-list.com/,DATE,Online Dating,2017-10-15,citizenlab,
http://www.dw.com/ar,NEWS,News Media,2017-10-15,citizenlab,German news service
http://www.dwwen.com/,HOST,Hosting and Blogging Platforms,2017-10-15,citizenlab,
http://www.ehcconline.org/,HUMR,Human Rights Issues,2017-10-15,citizenlab,Regional women NGO
http://www.elaph.com/,NEWS,News Media,2017-10-15,citizenlab,Liberal news portal
http://www.emasc-uae.com/,NEWS,News Media,2017-10-15,citizenlab,
http://www.emirates71.org/,POLR,Political Criticism,2017-10-15,citizenlab,
http://www.endvaw.org/,HUMR,Human Rights Issues,2017-10-15,citizenlab,International women NGO
http://www.equalitynow.org/,HUMR,Human Rights Issues,2017-10-15,citizenlab,International women NGO
http://www.equalpowerlastingpeace.org/ar/,HUMR,Human Rights Issues,2017-10-15,citizenlab,Women rights
http://www.eremnews.com/,NEWS,News Media,2017-10-15,citizenlab,Arab news portal
http://www.euro4arab.com/,DATE,Online Dating,2017-10-15,citizenlab,
http://www.euromedrights.net/,HUMR,Human Rights Issues,2017-10-15,citizenlab,The Euro-Mediterranean Human Rights Network
http://www.evemodels.com/,DATE,Online Dating,2017-10-15,citizenlab,
http://www.extratorrent.com/,FILE,File-sharing,2017-10-15,citizenlab,
http://www.faanoole.com/,NEWS,News Media,2017-10-15,citizenlab,
https://www.facebook.com/ArabAtheistBroadcasting/,REL,Religion,2017-10-15,citizenlab,
https://www.facebook.com/Democratic-Party-of-Somalia-111417572264688/,POLR,Political Criticism,2017-10-15,citizenlab,
https://www.facebook.com/Dr.AhmadNofal/,POLR,Political Criticism,2017-10-15,citizenlab,
https://www.facebook.com/DrBakkar1/,POLR,Political Criticism,2017-10-15,citizenlab,
https://www.facebook.com/Egypt.President.Morsi/,POLR,Political Criticism,2017-10-15,citizenlab,
https://www.facebook.com/GayStarNews/,LGBT,LGBT,2017-10-15,citizenlab,
https://www.facebook.com/IkhwanWorld/,POLR,Political Criticism,2017-10-15,citizenlab,
https://www.facebook.com/Il7ad/,REL,Religion,2017-10-15,citizenlab,
https://www.facebook.com/TheEnlightenedMinds/,LGBT,LGBT,2017-10-15,citizenlab,
https://www.facebook.com/bostan.ikhwan/,POLR,Political Criticism,2017-10-15,citizenlab,
https://www.facebook.com/rwanyouns/,LGBT,LGBT,2017-10-15,citizenlab,
http://www.faithfreedom.org/,REL,Religion,2017-10-15,citizenlab,Faith Freedom International - grassroots movement of ex-Muslims
http://www.flcckuwait.com/,HUMR,Human Rights Issues,2017-10-15,citizenlab,Expat Christian group
http://www.flickr.com/photos/miskan/4581554/,LGBT,LGBT,2017-10-15,citizenlab,
http://www.france24.com/,NEWS,News Media,2017-10-15,citizenlab,France 24 news service
http://www.freearabvoice.org/,POLR,Political Criticism,2017-10-15,citizenlab,Promotes political reform
http://www.freemuslim.org/,HUMR,Human Rights Issues,2017-10-15,citizenlab,Muslim Shia Web site
http://www.fsnau.org/,HUMR,Human Rights Issues,2017-10-15,citizenlab,
http://www.fulltiltpoker.com/,GMB,Gambling,2017-10-15,citizenlab,
http://www.gaaloos.com/,NEWS,News Media,2016-03-14,citizenlab,On leaked blocked list
http://www.gaarhaye.com/,NEWS,News Media,2016-03-14,citizenlab,On leaked blocked list
http://www.gabileymedia.com/,POLR,Political Criticism,2017-10-15,citizenlab,
http://www.galilcol.ac.il/,GOVT,Government,2017-10-15,citizenlab,International Management Institute
http://www.garoweonline.com/en,POLR,Political Criticism,2017-10-15,citizenlab,
http://www.gayalgerie.net/,LGBT,LGBT,2017-10-15,citizenlab,
http://www.gayarab.org/,LGBT,LGBT,2017-10-15,citizenlab,Arab gay Web site
http://www.gaymaroc.net/,LGBT,LGBT,2017-10-15,citizenlab,
http://www.gaystarnews.com/,LGBT,LGBT,2017-10-15,citizenlab,
http://www.ghaliboun.net/,MILX,Terrorism and Militants,2017-10-15,citizenlab,Pro-Hizbullah group
http://www.glas.org/,LGBT,LGBT,2017-10-15,citizenlab,Arab gay Web site
http://www.globalfundforwomen.org/,HUMR,Human Rights Issues,2017-10-15,citizenlab,Women rights
http://www.globalgayz.com/,LGBT,LGBT,2017-10-15,citizenlab,
https://www.google.co.il/,SRCH,Search Engines,2017-10-15,citizenlab,
https://www.google.com/earth/,MISC,Miscelaneous content,2017-10-15,citizenlab,
http://www.greenbo.co.il/,CTRL,Control content,2017-10-15,citizenlab,Greenbo Gardening Store
http://www.haaretz.co.il/,NEWS,News Media,2017-10-15,citizenlab,Israeli Web site
http://www.hadash.org.il/,POLR,Political Criticism,2017-10-15,citizenlab,Israeli Web site
http://www.haifawehbe.com/,CULTR,Culture,2017-10-15,citizenlab,Celebrity Website
http://www.hajr.org/,HUMR,Human Rights Issues,2017-10-15,citizenlab,Muslim Shia Web site
http://www.hajr.org/forum/index.php,HUMR,Human Rights Issues,2017-10-15,citizenlab,Muslim Shia Web site
http://www.harowo.com/,NEWS,News Media,2016-03-14,citizenlab,On leaked blocked list
http://www.harvard.edu/,NEWS,News Media,2014-04-15,citizenlab,
https://www.havoyoco.org/,HUMR,Human Rights Issues,2017-10-15,citizenlab,
http://www.haya.org/,REL,Religion,2017-10-15,citizenlab,"Religious conversion, commentary and criticism"
https://www.hiiraan.ca/,HUMR,Human Rights Issues,2017-10-15,citizenlab,
https://www.hiiraan.com/,NEWS,News Media,2017-10-15,citizenlab,
http://www.hirda.org/en/home/,HUMR,Human Rights Issues,2017-10-15,citizenlab,
http://www.historyofnations.net/,NEWS,News Media,2017-10-15,citizenlab,History of Nations
http://www.hizbollah.org/,MILX,Terrorism and Militants,2017-10-15,citizenlab,Official press office website of Hizbollah
http://www.hri.ca/,HUMR,Human Rights Issues,2017-10-15,citizenlab,Human Rights Internet
http://www.hritc.net/,HUMR,Human Rights Issues,2017-10-15,citizenlab,Human Rights information and training center
http://www.hrw.org/ar,HUMR,Human Rights Issues,2017-10-15,citizenlab,human rights organization's arabic page
http://www.huffpostarabi.com/,NEWS,News Media,2017-10-15,citizenlab,Huff Post Arabic
http://www.humum.net/,HUMR,Human Rights Issues,2017-10-15,citizenlab,Arabic human rights web site
http://www.ibwgdubai.com/,HUMR,Human Rights Issues,2017-10-15,citizenlab,Women rights
http://www.icw-cif.org/,HUMR,Human Rights Issues,2017-10-15,citizenlab,Women rights
http://www.idf.il/,GOVT,Government,2017-10-15,citizenlab,Israeli Web site
http://www.ikhwan.net/,POLR,Political Criticism,2017-10-15,citizenlab,Opposition political party
http://www.ikhwan.net/forum/,POLR,Political Criticism,2017-10-15,citizenlab,Discussion forum sponsored by opposition political party
http://www.ikhwanonline.com/,NEWS,News Media,2017-10-15,citizenlab,
http://www.ikhwantube.com/,NEWS,News Media,2017-10-15,citizenlab,
http://www.ikhwanweb.com/,POLR,Political Criticism,2017-10-15,citizenlab,Opposition political party
http://www.il7ad.com/,REL,Religion,2017-10-15,citizenlab,Arab atheists
https://www.il7ad.org/vb/index.php,REL,Religion,2017-10-15,citizenlab,
http://www.independentdubaiescorts.com/,PORN,Pornography,2017-10-15,citizenlab,Escort services
http://www.internewsmena.org/,HUMR,Human Rights Issues,2017-10-15,citizenlab,Internews MENA
http://www.iraqiwomensleague.com/,HUMR,Human Rights Issues,2017-10-15,citizenlab,Women rights
http://www.irshadmanji.com/,REL,Religion,2017-10-15,citizenlab,Critical of Islam
http://www.irshadmanji.com/arabic-edition,REL,Religion,2017-10-15,citizenlab,Critical of Islam
http://www.isa.gov.il/,GOVT,Government,2017-10-15,citizenlab,Israeli Securities Authority
http://www.islammemo.cc/,NEWS,News Media,2017-10-15,citizenlab,Regional Arabic online news portal
http://www.islamonline.net/,NEWS,News Media,2017-10-15,citizenlab,Regional Arabic online news portal
http://www.islamreview.com/,REL,Religion,2017-10-15,citizenlab,
http://www.islamtoday.net/,NEWS,News Media,2017-10-15,citizenlab,Regional news portal from Islamist's point of view
http://www.islamway.com/,REL,Religion,2017-10-15,citizenlab,
http://www.israel.com/,GOVT,Government,2017-10-15,citizenlab,Israeli Web site
http://www.ivillage.com/,HUMR,Human Rights Issues,2017-10-15,citizenlab,ivillage magazine
http://www.j-c-w.org/,HUMR,Human Rights Issues,2017-10-15,citizenlab,Women rights
http://www.jadal.org/,POLR,Political Criticism,2017-10-15,citizenlab,Research organization promotes political discussion
http://www.jasadmag.com/,HUMR,Human Rights Issues,2017-10-15,citizenlab,Jasad magazine
http://www.jowhar.com/,NEWS,News Media,2017-10-15,citizenlab,
http://www.justadultsites.com/,PORN,Pornography,2017-10-15,citizenlab,Arabic porn Web site
http://www.kaalmosom.org/,HUMR,Human Rights Issues,2017-10-15,citizenlab,
http://www.kacaan.com/,NEWS,News Media,2016-03-14,citizenlab,On leaked blocked list
http://www.kampalanews.com/,NEWS,News Media,2016-03-14,citizenlab,On leaked blocked list
http://www.kayan.org.il/ar/,HUMR,Human Rights Issues,2017-10-15,citizenlab,Women rights
http://www.khayma.com/,DATE,Online Dating,2017-10-15,citizenlab,
http://www.kickasstorrents.com/,FILE,File-sharing,2017-10-15,citizenlab,
http://www.kismaayo24.com/,NEWS,News Media,2017-10-15,citizenlab,
http://www.kitabat.com/,NEWS,News Media,2017-10-15,citizenlab,Kitabat (writings)
http://www.knesset.gov.il/,GOVT,Government,2017-10-15,citizenlab,Israeli Web site
http://www.kobciye.net/,NEWS,News Media,2017-10-15,citizenlab,
http://www.kulmiye.com/,POLR,Political Criticism,2017-10-15,citizenlab,
http://www.kurdtimes.com/,NEWS,News Media,2017-10-15,citizenlab,
http://www.ladeeni.net/,REL,Religion,2017-10-15,citizenlab,
http://www.lahamag.com/Global,HUMR,Human Rights Issues,2017-10-15,citizenlab,Women rights
http://www.lahaonline.com/,HUMR,Human Rights Issues,2017-10-15,citizenlab,Women rights
http://www.lavaplace.com/,DATE,Online Dating,2017-10-15,citizenlab,
http://www.learningpartnership.org/ar,HUMR,Human Rights Issues,2017-10-15,citizenlab,
http://www.lebraly.com/,POLR,Political Criticism,2017-10-15,citizenlab,Liberal Blog
http://www.light-of-life.com/,REL,Religion,2017-10-15,citizenlab,"Religious conversion, commentary and criticism"
http://www.light-of-life.com/index.htm,REL,Religion,2017-10-15,citizenlab,
http://www.likud.org.il/,GOVT,Government,2017-10-15,citizenlab,Israeli Web site
http://www.luxuryjoy.com/,DATE,Online Dating,2017-10-15,citizenlab,
http://www.macmag-glip.org/,HUMR,Human Rights Issues,2017-10-15,citizenlab,International women NGO
http://www.mahdi-alumma.com/,REL,Religion,2017-10-15,citizenlab,Cntroversial religious content
http://www.mahjoob.com/,NEWS,News Media,2017-10-15,citizenlab,Political cartoonist
http://www.marxy.com/,POLR,Political Criticism,2017-10-15,citizenlab,
http://www.mc-doualiya.com/,NEWS,News Media,2017-10-15,citizenlab,Monte Carlo radio
http://www.memoryatwork.org/,HUMR,Human Rights Issues,2017-10-15,citizenlab,
http://www.mepanorama.net/,NEWS,News Media,2017-10-15,citizenlab,
http://www.meretz.org.il/,GOVT,Government,2017-10-15,citizenlab,Israeli Web site
https://www.metrodate.com/,DATE,Online Dating,2017-10-15,citizenlab,
http://www.mfa.gov.il/,GOVT,Government,2017-10-15,citizenlab,Israeli Web site
http://www.middle-east-online.com/,NEWS,News Media,2017-10-15,citizenlab,Regional Arabic online news portal
http://www.middleeasttransparent.com/,POLR,Political Criticism,2017-10-15,citizenlab,NGO promotes transparency in the middle east
http://www.mod.gov.il/,GOVT,Government,2017-10-15,citizenlab,Ministry of Defense
http://www.modawanati.com/,HOST,Hosting and Blogging Platforms,2017-10-15,citizenlab,Arabic blogging service provider
http://www.moqawama.org/,MILX,Terrorism and Militants,2017-10-15,citizenlab,Hizballah news  website
http://www.mossad.gov.il/default.aspx,GOVT,Government,2017-10-15,citizenlab,MOSSAD
http://www.nancyajram.com/,CULTR,Culture,2017-10-15,citizenlab,Celebrity Website
http://www.nancyajramonline.com/,CULTR,Culture,2017-10-15,citizenlab,Celebrity Website
http://www.naseej.com/,SRCH,Search Engines,2017-10-15,citizenlab,Arab research community
http://www.nbn.org.il/,GOVT,Government,2017-10-15,citizenlab,Testing of .il tld
http://www.ncwegypt.com/index.php/ar/,HUMR,Human Rights Issues,2017-10-15,citizenlab,Women rights
http://www.netanyahu.org.il/,GOVT,Government,2017-10-15,citizenlab,
http://www.nikahsearch.com/,DATE,Online Dating,2017-10-15,citizenlab,
http://www.noonpost.net/,NEWS,News Media,2017-10-15,citizenlab,Noot Post
http://www.noontidepress.com/,NEWS,News Media,2017-10-15,citizenlab,Institute for Historical Review's publishing arm
http://www.nourallah.com/,HUMR,Human Rights Issues,2017-10-15,citizenlab,
http://www.nusoj.org/,HUMR,Human Rights Issues,2017-10-15,citizenlab,
http://www.onlytorrents.com/,FILE,File-sharing,2017-10-15,citizenlab,
http://www.oswego.lib.il.us/,CTRL,Control content,2017-10-15,citizenlab,Illinois Library page
https://www.palinfo.com/,NEWS,News Media,2017-10-15,citizenlab,
http://www.proxy4free.com/list/webproxy1.html,ANON,Anonymization and circumvention tools,2014-04-15,citizenlab,
http://www.puntlander.com/,POLR,Political Criticism,2017-10-15,citizenlab,
http://www.puntlandtoday.com/,NEWS,News Media,2015-01-20,citizenlab,
http://www.qorahay.com/,NEWS,News Media,2017-10-15,citizenlab,
http://www.qubanaha.com/,NEWS,News Media,2016-03-14,citizenlab,On leaked blocked list
http://www.qudspress.com/,NEWS,News Media,2017-10-15,citizenlab,
http://www.qurbejoog.com/,POLR,Political Criticism,2014-04-15,citizenlab,
http://www.radiodalsan.com/,POLR,Political Criticism,2017-10-15,citizenlab,
http://www.radiosawa.com/,NEWS,News Media,2017-10-15,citizenlab,U.S. Radio broadcast in Arabic
http://www.rafael.co.il/,GOVT,Government,2017-10-15,citizenlab,Rafael Advanced Defense Systems
http://www.rafed.net/,HUMR,Human Rights Issues,2017-10-15,citizenlab,Muslim Shia Web site
http://www.ramla.muni.il/,GOVT,Government,2017-10-15,citizenlab,Ramla Municipality site
http://www.rasid.com/,HUMR,Human Rights Issues,2017-10-15,citizenlab,Rasid. Shiite Web site
http://www.rasid.net/,POLR,Political Criticism,2017-10-15,citizenlab,Saudi opposition publication
http://www.rassd.com/,NEWS,News Media,2017-10-15,citizenlab,Arab news portal
http://www.raya.com/,NEWS,News Media,2017-10-15,citizenlab,
http://www.rezgar.com/,POLR,Political Criticism,2017-10-15,citizenlab,
http://www.rightsobserver.org/,HUMR,Human Rights Issues,2017-10-15,citizenlab,
http://www.rubymania.com/,CULTR,Culture,2017-10-15,citizenlab,Celebrity Website
http://www.sasapost.com/,NEWS,News Media,2017-10-15,citizenlab,Sasa Post
http://www.science.co.il/,GOVT,Government,2017-10-15,citizenlab,Israel Science and Technology
http://www.secularislam.org/,REL,Religion,2017-10-15,citizenlab,
http://www.shaaciye.org/,NEWS,News Media,2017-10-15,citizenlab,
http://www.shaharah.net/,NEWS,News Media,2017-10-15,citizenlab,Shaharah news portal
http://www.shiaweb.org/,HUMR,Human Rights Issues,2017-10-15,citizenlab,
http://www.simbanews.net/,NEWS,News Media,2017-10-15,citizenlab,
http://www.sistersunited.org/,HUMR,Human Rights Issues,2017-10-15,citizenlab,
http://www.skynewsarabia.com/web/home,NEWS,News Media,2017-10-15,citizenlab,
http://www.somaliaonline.com/,NEWS,News Media,2017-10-15,citizenlab,
http://www.somaliatodaynews.com/port/,NEWS,News Media,2017-10-15,citizenlab,
http://www.somalicanadian.com/,HUMR,Human Rights Issues,2017-10-15,citizenlab,
http://www.somalilandchamber.com/,HUMR,Human Rights Issues,2017-10-15,citizenlab,
http://www.somalilandsun.com/,NEWS,News Media,2017-10-15,citizenlab,
https://www.somalinet.com/,NEWS,News Media,2017-10-15,citizenlab,
http://www.somalipress.com/,NEWS,News Media,2017-10-15,citizenlab,
http://www.somaliska.com/,NEWS,News Media,2017-10-15,citizenlab,
http://www.somalitimes.net/,NEWS,News Media,2017-10-15,citizenlab,
http://www.sqlserver.co.il/,CTRL,Control content,2017-10-15,citizenlab,
http://www.sswc-som.com/,HUMR,Human Rights Issues,2017-10-15,citizenlab,
http://www.sumotorrent.com/,FILE,File-sharing,2017-10-15,citizenlab,
http://www.sunatimes.com/,NEWS,News Media,2016-03-14,citizenlab,On leaked blocked list
https://www.tacticaltech.org/,NEWS,News Media,2017-10-15,citizenlab,
http://www.taqadoumiya.net/,POLR,Political Criticism,2017-10-15,citizenlab,
http://www.taqrir.org/,NEWS,News Media,2017-10-15,citizenlab,
http://www.tarjem.com/,COMT,Communication Tools,2017-10-15,citizenlab,
http://www.tawhed.ws/,MILX,Terrorism and Militants,2017-10-15,citizenlab,
http://www.the-good-way.com/,REL,Religion,2017-10-15,citizenlab,
http://www.theahafoundation.org/,HUMR,Human Rights Issues,2017-10-15,citizenlab,
http://www.thegrace.com/,REL,Religion,2017-10-15,citizenlab,
http://www.theguardian.com/tone/blog,NEWS,News Media,2017-10-15,citizenlab,
http://www.thekoran.com/,REL,Religion,2017-10-15,citizenlab,
http://www.thenewkhalij.net/,NEWS,News Media,2017-10-15,citizenlab,
http://www.thereligionofpeace.com/,REL,Religion,2017-10-15,citizenlab,
http://www.timesofisrael.com/,NEWS,News Media,2017-10-15,citizenlab,
http://www.torrentcrazy.com/,FILE,File-sharing,2017-10-15,citizenlab,
http://www.torrentdownloads.net/,FILE,File-sharing,2017-10-15,citizenlab,
http://www.torrentreactor.net/,FILE,File-sharing,2017-10-15,citizenlab,
http://www.torrentz.com/,FILE,File-sharing,2017-10-15,citizenlab,
http://www.toystore.co.il/,CTRL,Control content,2017-10-15,citizenlab,
http://www.tube8.com/,PORN,Pornography,2014-04-15,citizenlab,
http://www.tumblr.com/,NEWS,News Media,2017-10-15,citizenlab,
https://www.un.org/ecosoc/fr/,HUMR,Human Rights Issues,2017-10-15,citizenlab,
http://www.us-israel.org/,GOVT,Government,2017-10-15,citizenlab,
http://www.waagacusub.info/,NEWS,News Media,2016-03-14,citizenlab,On leaked blocked list
http://www.waagacusub.net/,NEWS,News Media,2016-03-14,citizenlab,On leaked blocked list
http://www.warqaad.info/,NEWS,News Media,2017-10-15,citizenlab,
http://www.watan.com/,NEWS,News Media,2017-10-15,citizenlab,
http://www.watanserb.com/,NEWS,News Media,2017-10-15,citizenlab,
http://www.wavo.org/,HUMR,Human Rights Issues,2017-10-15,citizenlab,
http://www.wclac.org/,HUMR,Human Rights Issues,2017-10-15,citizenlab,
http://www.welthungerhilfe.de/home.html,HUMR,Human Rights Issues,2017-10-15,citizenlab,
http://www.williamhill.com/,GMB,Gambling,2017-10-15,citizenlab,
http://www.wluml.org/ar,HUMR,Human Rights Issues,2017-10-15,citizenlab,
http://www.worldsexguide.com/,DATE,Online Dating,2017-10-15,citizenlab,
http://www.wtb.org.il/arabic/,HUMR,Human Rights Issues,2017-10-15,citizenlab,
http://www.xrdarabia.org/,GOVT,Government,2017-10-15,citizenlab,
http://www.yemenipress.com/,NEWS,News Media,2017-10-15,citizenlab,
https://www.youtube.com/user/freedomforgays,LGBT,LGBT,2017-10-15,citizenlab,
http://www.youtube.com/verify_controversy?next_url=/watch%3fv%3dqmodvun16q4,REL,Religion,2017-10-15,citizenlab,
http://www.zawagislamy.com/,DATE,Online Dating,2017-10-15,citizenlab,
http://www.zawajfriends.com/,DATE,Online Dating,2017-10-15,citizenlab,
http://www.zawajfriends.com/fm/,DATE,Online Dating,2017-10-15,citizenlab,
http://xaysimo.com/,NEWS,News Media,2015-01-20,citizenlab,
http://xhamster.com/,PORN,Pornography,2014-04-15,citizenlab,
http://xisbigadaljir.so/,POLR,Political Criticism,2017-10-15,citizenlab,
