url,category_code,category_description,date_added,source,notes
https://www.tarjem.com/,COMT,Communication Tools,2014-04-15,citizenlab,
https://www.syriadating.com/,DATE,Online Dating,2014-04-15,citizenlab,
https://www.tayyar.org/,GOVT,Government,2014-04-15,citizenlab,
https://www.syria-report.com/,NEWS,News Media,2014-04-15,citizenlab,
https://www.the-good-way.com/,REL,Religion,2014-04-15,citizenlab,
https://www.thegrace.com/,REL,Religion,2014-04-15,citizenlab,
https://gayguide.net/,LGBT,LGBT,2014-04-15,citizenlab,
https://gayguide.net/Middle_East/Syria/,LGBT,LGBT,2014-04-15,citizenlab,
https://gayswithoutborders.wordpress.com/,LGBT,LGBT,2014-04-15,citizenlab,
https://answering-islam.org/arabic.html,REL,Religion,2014-04-15,citizenlab,
https://www.amnestyusa.org/,HUMR,Human Rights Issues,2014-04-15,citizenlab,
https://al-bab.com/,NEWS,News Media,2014-04-15,citizenlab,
https://www.albawaba.com/,NEWS,News Media,2014-04-15,citizenlab,
https://www.albawaba.com/ar/Syria,NEWS,News Media,2014-04-15,citizenlab,
https://www.aljadid.com/,NEWS,News Media,2014-04-15,citizenlab,
https://www.alquds.co.uk/,NEWS,News Media,2014-04-15,citizenlab,
https://www.annahar.com/,NEWS,News Media,2014-04-15,citizenlab,
https://www.alnour.com/,REL,Religion,2014-04-15,citizenlab,
https://www.arabicbible.com/,REL,Religion,2014-04-15,citizenlab,
https://www.friendfinder.com/,DATE,Online Dating,2014-04-15,citizenlab,
https://www.ead.ae/,ENV,Environment,2014-04-15,citizenlab,
https://crackshome.com/,FILE,File-sharing,2014-04-15,citizenlab,
https://www.g9g.com/,GAME,Gaming,2014-04-15,citizenlab,
https://www.is-sw.net/,HACK,Hacking Tools,2014-04-15,citizenlab,
https://www.business-humanrights.org/,HUMR,Human Rights Issues,2014-04-15,citizenlab,
https://www.equalitynow.org/,HUMR,Human Rights Issues,2014-04-15,citizenlab,
https://www.hri.ca/,HUMR,Human Rights Issues,2014-04-15,citizenlab,
https://www.globalgayz.com/,LGBT,LGBT,2014-04-15,citizenlab,
https://www.azzaman.com/,NEWS,News Media,2014-04-15,citizenlab,
https://elaph.com/,NEWS,News Media,2014-04-15,citizenlab,
https://www.joshualandis.com/blog/,NEWS,News Media,2014-04-15,citizenlab,
https://ikhwansyria.com/,POLR,Political Criticism,2014-04-15,citizenlab,
https://irshadmanji.com/,REL,Religion,2014-04-15,citizenlab,
https://www.jesusfilm.org/,REL,Religion,2014-04-15,citizenlab,
https://www.eyoon.com/,SRCH,Search Engines,2014-04-15,citizenlab,
https://www.proxify.com/,ANON,Anonymization and circumvention tools,2014-04-15,citizenlab,
https://www.lavaplace.com/Personals/Syrian-Arab-Republic/SY/,DATE,Online Dating,2014-04-15,citizenlab,
https://www.metrodate.com/,DATE,Online Dating,2014-04-15,citizenlab,
https://www.metrodate.com/cairo/,DATE,Online Dating,2014-04-15,citizenlab,
https://www.metrodate.com/sy/,DATE,Online Dating,2014-04-15,citizenlab,
https://www.nikahsearch.com/,DATE,Online Dating,2014-04-15,citizenlab,
https://www.shrc.org/,HUMR,Human Rights Issues,2014-04-15,citizenlab,
https://middle-east-online.com/,NEWS,News Media,2014-04-15,citizenlab,
https://middle-east-online.com/syria,NEWS,News Media,2014-04-15,citizenlab,
https://www.radiosawa.com/,NEWS,News Media,2014-04-15,citizenlab,
https://www.sana.sy/,NEWS,News Media,2014-04-15,citizenlab,
https://sat7.org/,REL,Religion,2014-04-15,citizenlab,
https://www.raddadi.com/,SRCH,Search Engines,2014-04-15,citizenlab,
https://www.globalgayz.com/middle-east/syria/,ENV,Environment,2014-04-15,citizenlab,tourism site
https://en.unesco.org/,ENV,Environment,2014-04-15,citizenlab,
https://news.vip4soft.com/,FILE,File-sharing,2014-04-15,citizenlab,
https://syria.news/,NEWS,News Media,2014-04-15,citizenlab,
http://www.welateme.net/erebi/,NEWS,News Media,2014-04-15,citizenlab,
https://stopcensure.org/,POLR,Political Criticism,2014-04-15,citizenlab,
https://anon.inf.tu-dresden.de/develop/anondroidvpn.html,ANON,Anonymization and circumvention tools,2014-04-15,citizenlab,
https://blog.jeeran.com/,HOST,Hosting and Blogging Platforms,2014-04-15,citizenlab,
http://arabic.peopledaily.com.cn/,NEWS,News Media,2014-04-15,citizenlab,News about china
http://burhanghalioun.net/,POLR,Political Criticism,2014-04-15,citizenlab,
http://amplusnet.com/invisible-browsing/,ANON,Anonymization and circumvention tools,2014-04-15,citizenlab,
http://adabislami.org/index.php,CULTR,Culture,2014-04-15,citizenlab,
http://www.alsakher.com/forum.php,CULTR,Culture,2014-04-15,citizenlab,
https://memory.loc.gov/ammem/browse/updatedList.html,GOVT,Government,2014-04-15,citizenlab,
https://ku.wikipedia.org/wiki/Destp%C3%AAk,HUMR,Human Rights Issues,2014-04-15,citizenlab,
http://fiacat.org/,HUMR,Human Rights Issues,2014-04-15,citizenlab,
https://www.afp.com/ar/,NEWS,News Media,2014-04-15,citizenlab,
https://www.alalamtv.net/,NEWS,News Media,2014-04-15,citizenlab,
https://www.aleppousblog.com/,NEWS,News Media,2014-04-15,citizenlab,
http://ixiria.alsafahat.net/,NEWS,News Media,2014-04-15,citizenlab,
https://login.aol.com/,POLR,Political Criticism,2014-04-15,citizenlab,
http://arabatheistbroadcasting.com/,REL,Religion,2014-04-15,citizenlab,
http://www.power-2-change.com/,REL,Religion,2014-04-15,citizenlab,
http://www.icarda.org/,ENV,Environment,2014-04-15,citizenlab,
http://www.programscomputers.com/,FILE,File-sharing,2014-04-15,citizenlab,
http://www.casinoduliban.com.lb/,GMB,Gambling,2014-04-15,citizenlab,
https://www.childsrights.org/en/,HUMR,Human Rights Issues,2014-04-15,citizenlab,
https://home.crin.org/,HUMR,Human Rights Issues,2014-04-15,citizenlab,
https://euromedrights.org/,HUMR,Human Rights Issues,2014-04-15,citizenlab,
http://www.kdp.info/,HUMR,Human Rights Issues,2014-04-15,citizenlab,
https://aawsat.com/,NEWS,News Media,2014-04-15,citizenlab,
https://arabic.cnn.com/,NEWS,News Media,2014-04-15,citizenlab,
http://www.dctcrs.com/,POLR,Political Criticism,2014-04-15,citizenlab,
http://www.ettihad-sy.com/,POLR,Political Criticism,2014-04-15,citizenlab,
https://docs.s9y.org/,HOST,Hosting and Blogging Platforms,2014-04-15,citizenlab,
https://www.shepelakurda.net/,HUMR,Human Rights Issues,2014-04-15,citizenlab,
http://consumeraffairs.org.uk/index.php,HUMR,Human Rights Issues,2014-04-15,citizenlab,
http://www.pdk-bakur.com/index.php,MILX,Terrorism and Militants,2014-04-15,citizenlab,
https://www.palinfo.com/,NEWS,News Media,2014-04-15,citizenlab,
http://www.radiofreesyria.com/,NEWS,News Media,2014-04-15,citizenlab,
https://middleeasttransparent.com/en/,POLR,Political Criticism,2014-04-15,citizenlab,
https://www.rafed.net/ar/,POLR,Political Criticism,2014-04-15,citizenlab,
http://ar.achr.eu/,HUMR,Human Rights Issues,2014-04-15,citizenlab,
http://www.coptic.net/EncyclopediaCoptica/,REL,Religion,2014-04-15,citizenlab,
https://islamonline.net/,REL,Religion,2014-04-15,citizenlab,
https://archive.islamonline.net/arabic/index.shtml/,REL,Religion,2014-04-15,citizenlab,
https://ar.islamway.net/,REL,Religion,2014-04-15,citizenlab,
https://anbaaonline.com/,NEWS,News Media,2014-04-15,citizenlab,
http://www.ahewar.org/debat/nr.asp,NEWS,News Media,2014-04-15,citizenlab,
http://www.arabdl.com/,FILE,File-sharing,2014-04-15,citizenlab,the website didn’t updated since 2014
http://hras-syria.tripod.com/,HUMR,Human Rights Issues,2014-04-15,citizenlab,
http://beurgay.free.fr/,LGBT,LGBT,2014-04-15,citizenlab,seems not updated for long time
http://ikhwanonline.org/,POLR,Political Criticism,2014-04-15,citizenlab,
http://alhiwaradimocraty.free.fr/,POLR,Political Criticism,2014-04-15,citizenlab,the website didn’t updated since 2015
http://www.arabicpoems.com/,CULTR,Culture,2014-04-15,citizenlab,
http://shuhood.org/,HUMR,Human Rights Issues,2014-04-15,citizenlab,
http://www.aohr.org/,HUMR,Human Rights Issues,2014-04-15,citizenlab,Human rights NGO. Blocked in SY
http://www.aohrs.org/,HUMR,Human Rights Issues,2014-04-15,citizenlab,Human rights NGO. Blocked in SY
http://www.gaytelaviv.com/,LGBT,LGBT,2014-04-15,citizenlab,
http://www.24proxy.com/,ANON,Anonymization and circumvention tools,2019-04-27,netaltica,
http://www.boredatschool.net/,ANON,Anonymization and circumvention tools,2019-04-27,netaltica,
https://unblocker.online/,ANON,Anonymization and circumvention tools,2019-04-27,netaltica,
http://www.eproxy.pl/,ANON,Anonymization and circumvention tools,2019-04-27,netaltica,
https://www.freeproxy.ca/,ANON,Anonymization and circumvention tools,2019-04-27,netaltica,
http://www.geekproxy.com/,ANON,Anonymization and circumvention tools,2019-04-27,netaltica,
http://www.guardster.com/,ANON,Anonymization and circumvention tools,2019-04-27,netaltica,
http://www.httptunnelclient.com/html/,ANON,Anonymization and circumvention tools,2019-04-28,netaltica,
http://www.kproxy.com/,ANON,Anonymization and circumvention tools,2019-04-28,netaltica,
http://www.mig020.wap.sh/,ANON,Anonymization and circumvention tools,2019-04-28,netaltica,
https://www.zophar.net/proxy,ANON,Anonymization and circumvention tools,2019-04-28,netaltica,
http://www.peekatwork.com/,ANON,Anonymization and circumvention tools,2019-04-28,netaltica,
http://www.proxyanon.com/,ANON,Anonymization and circumvention tools,2019-04-28,netaltica,
http://www.proxybrowsing.com/,ANON,Anonymization and circumvention tools,2019-04-28,netaltica,
https://www.proxy-listen.de/,ANON,Anonymization and circumvention tools,2019-04-28,netaltica,
http://www.iprivatevpn.com/,ANON,Anonymization and circumvention tools,2019-04-28,netaltica,
https://www.libertyshield.com/,ANON,Anonymization and circumvention tools,2019-04-28,netaltica,
https://zend2.com/,ANON,Anonymization and circumvention tools,2019-04-28,netaltica,
http://forum.zyzoom.net/,ANON,Anonymization and circumvention tools,2019-04-28,netaltica,
http://foorsa.net/,COMM,E-commerce,2019-04-27,netaltica,
http://www.all2chat.com/,COMT,Communication Tools,2019-04-27,netaltica,
http://www.almajdsms.com/,COMT,Communication Tools,2019-04-27,netaltica,
https://www.bulksms.com/,COMT,Communication Tools,2019-04-27,netaltica,
https://www.freecall.com/,COMT,Communication Tools,2019-04-27,netaltica,
http://www.internetsms.com/index.php,COMT,Communication Tools,2019-04-28,netaltica,
https://www.jumblo.com/dashboard,COMT,Communication Tools,2019-04-28,netaltica,
https://www.lightc.com/,COMT,Communication Tools,2019-04-28,netaltica,
http://www.m2all.iwarp.com/,COMT,Communication Tools,2019-04-28,netaltica,
https://www.pointofmail.com/,COMT,Communication Tools,2019-04-28,netaltica,
http://www.readingsms.com/,COMT,Communication Tools,2019-04-28,netaltica,
https://sms-bahrain.com/,COMT,Communication Tools,2019-04-28,netaltica,
http://www.smsfree4all.com/,COMT,Communication Tools,2019-04-28,netaltica,
http://www.syriaroom.net/index.php,COMT,Communication Tools,2019-04-28,netaltica,
https://www.textforfree.net/,COMT,Communication Tools,2019-04-28,netaltica,
https://mawdoo3.com/,CULTR,Culture,2019-04-28,netaltica,
https://www.ansab-online.com/,CULTR,Culture,2019-04-27,netaltica,
http://www.gilgamish.org/,CULTR,Culture,2019-04-27,netaltica,
https://www.yabeyrouth.com/,CULTR,Culture,2019-04-28,netaltica,
https://www.yasa-online.org/,CULTR,Culture,2019-04-28,netaltica,
https://www.2shared.com/,FILE,File-sharing,2019-04-27,netaltica,
https://www.cartoonstock.com/,FILE,File-sharing,2019-04-27,netaltica,
https://www.mutaz.net/free-programs/,FILE,File-sharing,2019-04-28,netaltica,
https://www.gmk.one/vb/,GAME,Gaming,2019-04-28,netaltica,
http://www.lojainiat.com/,GMB,Gambling,2019-04-28,netaltica,
http://www.altawasul.com/MFAAR/pages/default.aspx,GOVT,Government,2019-04-27,netaltica,
https://www.canadainternational.gc.ca/,GOVT,Government,2019-04-27,netaltica,
https://www.whitehouse.gov/,GOVT,Government,2019-04-28,netaltica,
https://www.causes.com/,GRP,Social Networking,2019-04-27,netaltica,
http://www.communitywalk.com/,GRP,Social Networking,2019-04-27,netaltica,
https://www.couchsurfing.com/,GRP,Social Networking,2019-04-27,netaltica,
http://www.fatherzakaria.net/,HATE,Hate Speech,2019-04-27,netaltica,
http://www.fnoor.com/main/,HATE,Hate Speech,2019-04-27,netaltica,
https://www.000webhost.com/,HOST,Hosting and Blogging Platforms,2019-04-27,netaltica,
http://www.katib.org/,HOST,Hosting and Blogging Platforms,2019-04-28,netaltica,
https://www.sotsyria.com/,HOST,Hosting and Blogging Platforms,2019-04-28,netaltica,
https://www.syriaforums.net/,HOST,Hosting and Blogging Platforms,2019-04-28,netaltica,
https://www.bravenet.com/,HOST,Hosting and Blogging Platforms,2019-04-28,netaltica,
https://www.yoo7.com/,HOST,Hosting and Blogging Platforms,2019-04-28,netaltica,
https://www.fidh.org/ar,HUMR,Human Rights Issues,2019-04-23,netaltica,
https://thesyriacampaign.org/,HUMR,Human Rights Issues,2019-04-23,netaltica,
https://www.syja.org/ar/%D8%A7%D9%84%D8%B1%D8%A6%D9%8A%D8%B3%D9%8A%D8%A9,HUMR,Human Rights Issues,2019-04-23,netaltica,
https://syriacivildefense.org/,HUMR,Human Rights Issues,2019-04-23,netaltica,
http://swasia-syria.org/,HUMR,Human Rights Issues,2019-04-25,netaltica,
http://www.hro-maf.org/,HUMR,Human Rights Issues,2019-04-25,netaltica,
http://sn4hr.org/,HUMR,Human Rights Issues,2019-04-25,netaltica,
http://sn4hr.org/arabic/,HUMR,Human Rights Issues,2019-04-25,netaltica,
https://vdc-sy.net/ar/,HUMR,Human Rights Issues,2019-04-25,netaltica,
https://syrianarchive.org/en,HUMR,Human Rights Issues,2019-04-25,netaltica,
https://www.syrianldp.com/,HUMR,Human Rights Issues,2019-04-25,netaltica,
https://syriacivildefense.org/ar,HUMR,Human Rights Issues,2019-04-25,netaltica,
https://www.whitehelmets.org/en/,HUMR,Human Rights Issues,2019-04-25,netaltica,
https://www.whitehelmets.org/ar/,HUMR,Human Rights Issues,2019-04-25,netaltica,
https://scm.bz/,HUMR,Human Rights Issues,2019-04-25,netaltica,
https://csr-sy.org/,HUMR,Human Rights Issues,2019-04-25,netaltica,
http://kurdchr.net/,HUMR,Human Rights Issues,2019-04-25,netaltica,
https://jfl.ngo/,HUMR,Human Rights Issues,2019-04-25,netaltica,
http://sl4c.org/ar/,HUMR,Human Rights Issues,2019-04-25,netaltica,
https://golan-marsad.org/ar/,HUMR,Human Rights Issues,2019-04-25,netaltica,
https://women-now.org/ar/,HUMR,Human Rights Issues,2019-04-25,netaltica,
http://shamlcoalition.org/en/,HUMR,Human Rights Issues,2019-04-25,netaltica,
https://detaineesvoice.org/,HUMR,Human Rights Issues,2019-04-25,netaltica,
https://www.doz.international/ar/,HUMR,Human Rights Issues,2019-04-25,netaltica,
https://www.spaceofhope.org/,HUMR,Human Rights Issues,2019-04-25,netaltica,
https://www.basmeh-zeitooneh.org/,HUMR,Human Rights Issues,2019-04-25,netaltica,
https://www.keshmalek.org/,HUMR,Human Rights Issues,2019-04-25,netaltica,
https://www.ccsd.ngo/,HUMR,Human Rights Issues,2019-04-25,netaltica,
https://www.ictj.org/ar,HUMR,Human Rights Issues,2019-04-25,netaltica,
https://www.gc4hr.org/,HUMR,Human Rights Issues,2019-04-25,netaltica,
http://www.actionpal.org.uk/ar/,HUMR,Human Rights Issues,2019-04-25,netaltica,
https://www.home-revival.org/index.php/ar/,HUMR,Human Rights Issues,2019-04-25,netaltica,
https://www.syrialegalnetwork.nl/,HUMR,Human Rights Issues,2019-04-25,netaltica,
https://www.syrialegalnetwork.nl/ar/,HUMR,Human Rights Issues,2019-04-25,netaltica,
http://swnsyria.org/,HUMR,Human Rights Issues,2019-04-25,netaltica,
https://www.rrsoc.org/,HUMR,Human Rights Issues,2019-04-25,netaltica,
https://www.alkarama.org/en,HUMR,Human Rights Issues,2019-04-25,netaltica,
https://www.alkarama.org/ar,HUMR,Human Rights Issues,2019-04-25,netaltica,
http://www.free-syria-foundation.org/,HUMR,Human Rights Issues,2019-04-25,netaltica,
https://pel-civilwaves.net/,HUMR,Human Rights Issues,2019-04-25,netaltica,
https://tda-sy.org/ar,HUMR,Human Rights Issues,2019-04-27,netaltica,
http://www.alkawakibi-sy.org/,HUMR,Human Rights Issues,2019-04-27,netaltica,
https://fraternity-sy.org/en/,HUMR,Human Rights Issues,2019-04-27,netaltica,
https://fraternity-sy.org/ar/,HUMR,Human Rights Issues,2019-04-27,netaltica,
http://www.drsc-sy.org/,HUMR,Human Rights Issues,2019-04-27,netaltica,
https://ar.syriaaccountability.org/,HUMR,Human Rights Issues,2019-04-27,netaltica,
https://syriaaccountability.org/,HUMR,Human Rights Issues,2019-04-27,netaltica,
https://euromedrights.org/ar/,HUMR,Human Rights Issues,2019-04-27,netaltica,
https://souriahouria.com/,HUMR,Human Rights Issues,2019-04-27,netaltica,
http://dchrs.org/,HUMR,Human Rights Issues,2019-04-27,netaltica,
http://dchrs.org/ar,HUMR,Human Rights Issues,2019-04-27,netaltica,
http://syrianna.org/,HUMR,Human Rights Issues,2019-04-27,netaltica,
https://citizensforsyria.org/,HUMR,Human Rights Issues,2019-04-27,netaltica,
https://citizensforsyria.org/ar/,HUMR,Human Rights Issues,2019-04-27,netaltica,
http://baytnasyria.org/ar/%D8%A7%D9%84%D8%B1%D8%A6%D9%8A%D8%B3%D9%8A%D8%A9/,HUMR,Human Rights Issues,2019-04-27,netaltica,
https://iwpr.net/,HUMR,Human Rights Issues,2019-04-27,netaltica,
https://www.asfarifoundation.org.uk/,HUMR,Human Rights Issues,2019-04-27,netaltica,
https://dawlaty.org/en/,HUMR,Human Rights Issues,2019-04-27,netaltica,
https://dawlaty.org/ar/,HUMR,Human Rights Issues,2019-04-27,netaltica,
https://www.safmcd.com/,HUMR,Human Rights Issues,2019-04-27,netaltica,
https://www.ifex.org/,HUMR,Human Rights Issues,2019-04-27,netaltica,
https://www.ifex.org/ar/,HUMR,Human Rights Issues,2019-04-27,netaltica,
https://www.cihrs.org/,HUMR,Human Rights Issues,2019-04-27,netaltica,
http://www.c-we.org/default.asp?cid=151,HUMR,Human Rights Issues,2019-04-27,netaltica,
http://www.syrianshuhada.com/,HUMR,Human Rights Issues,2019-04-28,netaltica,
https://www.unhcr.org/sy/,IGO,Intergovernmental Organizations,2019-04-23,netaltica,
https://www.unocha.org/syria,IGO,Intergovernmental Organizations,2019-04-23,netaltica,
http://fsaplatform.org/,MILX,Terrorism and Militants,2019-04-23,netaltica,
https://www.jaishalislam.com/,MILX,Terrorism and Militants,2019-04-23,netaltica,
http://ahraralsham.net/,MILX,Terrorism and Militants,2019-04-23,netaltica,
https://telegram.me/ahrar_news,MILX,Terrorism and Militants,2019-04-23,netaltica,
https://t.me/AlwataniaTahrer,MILX,Terrorism and Militants,2019-04-24,netaltica,
https://telegram.me/shamlegion2,MILX,Terrorism and Militants,2019-04-24,netaltica,
https://telegram.me/ShamFalcons,MILX,Terrorism and Militants,2019-04-24,netaltica,
http://alazaarmy.net/,MILX,Terrorism and Militants,2019-04-24,netaltica,
http://www.alnasararmy.com/,MILX,Terrorism and Militants,2019-04-24,netaltica,
https://telegram.me/AlnsrArmy,MILX,Terrorism and Militants,2019-04-24,netaltica,
https://t.me/FurqanSyr,MILX,Terrorism and Militants,2019-04-24,netaltica,
https://www.inherentresolve.mil/,MILX,Terrorism and Militants,2019-04-25,netaltica,
http://ypjrojava.com/ypj/ar/,MILX,Terrorism and Militants,2019-04-25,netaltica,
https://bambuser.com/,MMED,Media sharing,2019-04-27,netaltica,
https://www.dailymotion.com/,MMED,Media sharing,2019-04-27,netaltica,
http://www.icpc.tv/,MMED,Media sharing,2019-04-28,netaltica,
http://www.listen2myradio.com/,MMED,Media sharing,2019-04-28,netaltica,
https://livestream.com/,MMED,Media sharing,2019-04-28,netaltica,
https://www.voscast.com/,MMED,Media sharing,2019-04-28,netaltica,
http://www.wahdatalnimr.com/,MMED,Media sharing,2019-04-28,netaltica,
https://alaraby.tv/,NEWS,News Media,2019-04-23,netaltica,
https://ara.reuters.com/,NEWS,News Media,2019-04-23,netaltica,
https://www.syria.tv/,NEWS,News Media,2019-04-23,netaltica,
https://arabi21.com/,NEWS,News Media,2019-04-23,netaltica,
http://www.alhayat.com/,NEWS,News Media,2019-04-23,netaltica,
https://www.alaraby.co.uk/,NEWS,News Media,2019-04-23,netaltica,
https://www.alarabiya.net/syria,NEWS,News Media,2019-04-23,netaltica,
https://www.verify-sy.com/,NEWS,News Media,2019-04-23,netaltica,
http://www.almayadeen.net/,NEWS,News Media,2019-04-24,netaltica,
https://telegram.me/almayadeen,NEWS,News Media,2019-04-24,netaltica,
https://eldorar.com/,NEWS,News Media,2019-04-24,netaltica,
https://t.me/dorarsite,NEWS,News Media,2019-04-24,netaltica,
https://www.orient-news.net/,NEWS,News Media,2019-04-24,netaltica,
https://t.me/orient_tv,NEWS,News Media,2019-04-24,netaltica,
https://horrya.net/,NEWS,News Media,2019-04-24,netaltica,
https://www.zamanalwsl.net/,NEWS,News Media,2019-04-24,netaltica,
http://www.shaam.org/,NEWS,News Media,2019-04-24,netaltica,
http://aletihadpress.com/,NEWS,News Media,2019-04-24,netaltica,
https://mena-monitor.org/,NEWS,News Media,2019-04-24,netaltica,
https://worldnews-sy.com/,NEWS,News Media,2019-04-24,netaltica,
https://snacksyrian.com/,NEWS,News Media,2019-04-24,netaltica,
https://alyaumtv.net/,NEWS,News Media,2019-04-24,netaltica,
https://nedaa-sy.com/,NEWS,News Media,2019-04-24,netaltica,
https://www.alsouria.net/,NEWS,News Media,2019-04-24,netaltica,
https://7al.net/,NEWS,News Media,2019-04-24,netaltica,
https://ayyamsyria.net/,NEWS,News Media,2019-04-24,netaltica,
https://arabicpost.com/,NEWS,News Media,2019-04-24,netaltica,
https://alkhaleejonline.net/,NEWS,News Media,2019-04-24,netaltica,
https://www.sasapost.com/,NEWS,News Media,2019-04-24,netaltica,
https://stepagency-sy.net/,NEWS,News Media,2019-04-24,netaltica,
https://t.me/stepnews,NEWS,News Media,2019-04-24,netaltica,
https://www.enabbaladi.net/,NEWS,News Media,2019-04-25,netaltica,
https://telegram.me/enabbaladi,NEWS,News Media,2019-04-25,netaltica,
https://t.me/qasioun,NEWS,News Media,2019-04-25,netaltica,
https://geiroon.net/,NEWS,News Media,2019-04-25,netaltica,
http://www.rok-online.com/,NEWS,News Media,2019-04-25,netaltica,
http://www.artafm.com/,NEWS,News Media,2019-04-25,netaltica,
https://www.adnkronos.com/,NEWS,News Media,2019-04-27,netaltica,
https://www.ahrar.news/2016/frontend/web/index.php,NEWS,News Media,2019-04-27,netaltica,
http://www.akhbaar.org/,NEWS,News Media,2019-04-27,netaltica,
https://www.aksalser.com/news/,NEWS,News Media,2019-04-27,netaltica,
http://www.alaan.fm/ar/main,NEWS,News Media,2019-04-27,netaltica,
http://www.alasr.ws/,NEWS,News Media,2019-04-27,netaltica,
http://www.alhadassonline.com/,NEWS,News Media,2019-04-27,netaltica,
http://www.alharak.org/,NEWS,News Media,2019-04-27,netaltica,
http://www.almassira.com/,NEWS,News Media,2019-04-27,netaltica,
http://mustaqbalweb.com/,NEWS,News Media,2019-04-27,netaltica,
https://www.alraimedia.com/Home,NEWS,News Media,2019-04-27,netaltica,
http://www.alsafernews.com/ar/,NEWS,News Media,2019-04-27,netaltica,
http://www.alsharq.net.sa/,NEWS,News Media,2019-04-27,netaltica,
http://www.alshiraa.com/,NEWS,News Media,2019-04-27,netaltica,
http://www.annaqed.com/,NEWS,News Media,2019-04-27,netaltica,
http://www.as-ansar.com/,NEWS,News Media,2019-04-27,netaltica,
http://babil.info/,NEWS,News Media,2019-04-27,netaltica,
https://www.beirutobserver.com/,NEWS,News Media,2019-04-27,netaltica,
http://www.damas-radio.com/,NEWS,News Media,2019-04-27,netaltica,
https://www.debka.com/,NEWS,News Media,2019-04-27,netaltica,
https://foreignpolicy.com/,NEWS,News Media,2019-04-27,netaltica,
http://www.futuretvnetwork.com/,NEWS,News Media,2019-04-27,netaltica,
https://www.haaretz.com/,NEWS,News Media,2019-04-27,netaltica,
http://www.haaretzdaily.com/,NEWS,News Media,2019-04-27,netaltica,
https://www.hdhod.com/,NEWS,News Media,2019-04-27,netaltica,
https://www.jpost.com/,NEWS,News Media,2019-04-28,netaltica,
http://www.kataeb.org/,NEWS,News Media,2019-04-28,netaltica,
https://middleeasttransparent.com/ar/,NEWS,News Media,2019-04-28,netaltica,
http://www.panoramasouria.net/,NEWS,News Media,2019-04-28,netaltica,
http://www.roayahnews.com/,NEWS,News Media,2019-04-28,netaltica,
http://rojava.net/,NEWS,News Media,2019-04-28,netaltica,
https://www.sabr.cc/,NEWS,News Media,2019-04-28,netaltica,
https://www.sandroses.com/,NEWS,News Media,2019-04-28,netaltica,
https://newscenter.news/,NEWS,News Media,2019-04-28,netaltica,
http://www.skeyesmedia.org/ar/Home,NEWS,News Media,2019-04-28,netaltica,
https://www.sotaliraq.com/,NEWS,News Media,2019-04-28,netaltica,
http://www.syriatruth.info/,NEWS,News Media,2019-04-28,netaltica,
https://www.syrrevnews.com/,NEWS,News Media,2019-04-28,netaltica,
https://www.watan.com/,NEWS,News Media,2019-04-28,netaltica,
https://www.ynetnews.com/,NEWS,News Media,2019-04-28,netaltica,
http://www.kooora.com/,NEWS,News Media,2019-04-28,netaltica,
https://shaamtimes.net/,NEWS,News Media,2019-04-28,netaltica,
https://sputniknews.com/,NEWS,News Media,2019-04-28,netaltica,
http://syrianownews.com/,NEWS,News Media,2019-04-28,netaltica,
https://yomyatsy.net/,NEWS,News Media,2019-04-28,netaltica,
http://www.etilaf.org/,POLR,Political Criticism,2019-04-23,netaltica,
https://www.pscp.tv/SyrianCoalition/1mnxeobRBeYGX,POLR,Political Criticism,2019-04-23,netaltica,
https://www.syrianwomenpm.org/,POLR,Political Criticism,2019-04-23,netaltica,
http://www.arabicmajlis.org/,POLR,Political Criticism,2019-04-23,netaltica,
https://www.europarabct.com/,POLR,Political Criticism,2019-04-24,netaltica,
http://islamion.com/,POLR,Political Criticism,2019-04-24,netaltica,
https://revo-front.com/,POLR,Political Criticism,2019-04-25,netaltica,
http://pydrojava.net/,POLR,Political Criticism,2019-04-25,netaltica,
https://www.alghadalsoury.com/,POLR,Political Criticism,2019-04-25,netaltica,
http://www.ahewar.info/,POLR,Political Criticism,2019-04-27,netaltica,
http://amuda.com/,POLR,Political Criticism,2019-04-27,netaltica,
http://www.aramaic-dem.org/,POLR,Political Criticism,2019-04-27,netaltica,
https://chahadatouna.wordpress.com/,POLR,Political Criticism,2019-04-27,netaltica,
https://www.do3atalsham.com/,POLR,Political Criticism,2019-04-27,netaltica,
https://www.dr-mahmoud.com/,POLR,Political Criticism,2019-04-27,netaltica,
http://enqaas.yoo7.com/,POLR,Political Criticism,2019-04-27,netaltica,
http://www.freeman.org/,POLR,Political Criticism,2019-04-27,netaltica,
https://freesyriantranslators.net/,POLR,Political Criticism,2019-04-27,netaltica,
http://www.giyus.org/,POLR,Political Criticism,2019-04-27,netaltica,
http://www.hevgirtin.wz.cz/,POLR,Political Criticism,2019-04-27,netaltica,
http://www.hizb-ut-tahrir.info/ar/,POLR,Political Criticism,2019-04-28,netaltica,
http://www.hrmn.org/,POLR,Political Criticism,2019-04-28,netaltica,
https://www.ikhwanonline.com/,POLR,Political Criticism,2019-04-28,netaltica,
http://www.ikhwanpress.com/,POLR,Political Criticism,2019-04-28,netaltica,
http://www.jawlan.org/,POLR,Political Criticism,2019-04-28,netaltica,
http://www.kdp.se/,POLR,Political Criticism,2019-04-28,netaltica,
http://www.kurdnas.net/,POLR,Political Criticism,2019-04-28,netaltica,
https://www.lebanese-forces.com/,POLR,Political Criticism,2019-04-28,netaltica,
http://www.lotikxane.com/,POLR,Political Criticism,2019-04-28,netaltica,
https://www.nidaasyria.org/,POLR,Political Criticism,2019-04-28,netaltica,
http://www.qawadsuri.faithweb.com/,POLR,Political Criticism,2019-04-28,netaltica,
http://www.ssrcaw.org/,POLR,Political Criticism,2019-04-28,netaltica,
http://www.syria2011.net/,POLR,Political Criticism,2019-04-28,netaltica,
http://www.syriancouncil.org/,POLR,Political Criticism,2019-04-28,netaltica,
https://www.syrianoor.net/,POLR,Political Criticism,2019-04-28,netaltica,
http://www.tamaden.org/,POLR,Political Criticism,2019-04-28,netaltica,
http://www.therepublicgs.net/,POLR,Political Criticism,2019-04-28,netaltica,
http://www.welateme.info/erebi/,POLR,Political Criticism,2019-04-28,netaltica,
http://www.pnf.org.sy/,POLR,Political Criticism,2019-07-21,netaltica,political party
http://www.audp-sy.com/,POLR,Political Criticism,2019-07-21,netaltica,political party not operational at time of inclusion
http://asuparty.org/,POLR,Political Criticism,2019-07-21,netaltica,political party
https://scppb.org/,POLR,Political Criticism,2019-07-21,netaltica,political party
http://www.syrcomparty.com/,POLR,Political Criticism,2019-07-21,netaltica,political party
http://www.baath-party.org/index.php?lang=ar,POLR,Political Criticism,2019-07-21,netaltica,political party
http://gabbaadp.com/ar/,POLR,Political Criticism,2019-07-21,netaltica,political party
http://www.alraafed.com/,POLR,Political Criticism,2019-07-21,netaltica,political party
http://www.kassioun.org/,POLR,Political Criticism,2019-07-21,netaltica,political party
https://syrianncb.com/,POLR,Political Criticism,2019-07-21,netaltica,political party
https://www.syrian-republican-party.org/,POLR,Political Criticism,2019-07-21,netaltica,political party
https://rpsyria.com/,POLR,Political Criticism,2019-07-21,netaltica,political party
http://hadatha4syria.org/,POLR,Political Criticism,2019-07-21,netaltica,political party
http://www.forsyria.org/,POLR,Political Criticism,2019-07-21,netaltica,political party not operational at time of inclusion
http://www.ahewar.org/m.asp?i=426,POLR,Political Criticism,2019-07-21,netaltica,political party
http://pacsyria.com/,POLR,Political Criticism,2019-07-21,netaltica,political party
http://hizb-ut-tahrir.info/ar/,POLR,Political Criticism,2019-07-21,netaltica,political party
http://www.syria-sdpp.org/,POLR,Political Criticism,2019-07-21,netaltica,political party
http://www.syrian-lpp.com/,POLR,Political Criticism,2019-07-21,netaltica,political party
http://dengekurdistannow.com/,POLR,Political Criticism,2019-07-21,netaltica,political party
http://partiyacep.com/,POLR,Political Criticism,2019-07-21,netaltica,political party
http://pydrojava.net/arabic/,POLR,Political Criticism,2019-07-21,netaltica,political party
https://www.pdk-s.com/app/,POLR,Political Criticism,2019-07-21,netaltica,political party
https://azadikurdi.wordpress.com/,POLR,Political Criticism,2019-07-21,netaltica,political party
http://57nuce.com/,POLR,Political Criticism,2019-07-21,netaltica,political party
http://www.zowaa.org/,POLR,Political Criticism,2019-07-21,netaltica,political party
http://www.ishtartv.com/,POLR,Political Criticism,2019-07-21,netaltica,political party
http://ansar-sy.org/,POLR,Political Criticism,2019-07-21,netaltica,political party
http://www.shabab-syr.com/shabbab/,POLR,Political Criticism,2019-07-21,netaltica,political party
http://ypsyria.com/,POLR,Political Criticism,2019-07-21,netaltica,political party
https://www.unitednda.org/arabic/,POLR,Political Criticism,2019-07-21,netaltica,political party
https://www.padsmaroc.com/,POLR,Political Criticism,2019-07-21,netaltica,political party not operational at time of inclusion
http://ndp-sy.org/ar/,POLR,Political Criticism,2019-07-21,netaltica,political party
http://www.syriac-union.org/,POLR,Political Criticism,2019-07-21,netaltica,political party
https://peoplepartysyria.com/,POLR,Political Criticism,2019-07-21,netaltica,political party
https://www.pornhub.com/,PORN,Pornography,2019-04-28,netaltica,
https://24porn.com/,PORN,Pornography,2019-05-05,netaltica,
https://arabianchicks.com/,PORN,Pornography,2019-05-05,netaltica,
https://tubsexer.com/,PORN,Pornography,2019-05-05,netaltica,
https://vrporn.com/,PORN,Pornography,2019-05-05,netaltica,
https://www.porn300.com/,PORN,Pornography,2019-05-05,netaltica,
https://www.porn7.xxx/,PORN,Pornography,2019-05-05,netaltica,
https://www.porn.com/,PORN,Pornography,2019-05-05,netaltica,
https://www.pornpics.com/,PORN,Pornography,2019-05-05,netaltica,
https://www.sexvid.xxx/,PORN,Pornography,2019-05-05,netaltica,
https://www.tubev.sex/,PORN,Pornography,2019-05-05,netaltica,
https://www.vporn.com/,PORN,Pornography,2019-05-05,netaltica,
http://topfreepornvideos.com/,PORN,Pornography,2019-05-05,netaltica,
http://www.drtuber.com/,PORN,Pornography,2019-05-05,netaltica,
http://www.elephanttube.com/,PORN,Pornography,2019-05-05,netaltica,
http://www.handjobhub.com/,PORN,Pornography,2019-05-05,netaltica,
http://www.lesbian8.com/,PORN,Pornography,2019-05-05,netaltica,
http://www.metaporn.com/,PORN,Pornography,2019-05-05,netaltica,
http://www.nakednews.com/,PORN,Pornography,2019-05-05,netaltica,
http://www.orgasm.com/,PORN,Pornography,2019-05-05,netaltica,
http://www.pornhd.com/,PORN,Pornography,2019-05-05,netaltica,
http://www.xnxx.com/,PORN,Pornography,2019-05-05,netaltica,
http://xhamster.com/,PORN,Pornography,2019-05-05,netaltica,
http://xxvids.net/,PORN,Pornography,2019-05-05,netaltica,
https://tipyan.com/,REL,Religion,2019-04-24,netaltica,
https://t.me/TipyanCom,REL,Religion,2019-04-24,netaltica,
http://www.abubaseer.bizland.com/,REL,Religion,2019-04-27,netaltica,
http://www.ashraf-online.com/,REL,Religion,2019-04-27,netaltica,
http://www.children-of-abraham.org/,REL,Religion,2019-04-27,netaltica,
http://www.dd-sunnah.net/,REL,Religion,2019-04-27,netaltica,
http://www.h-alali.net/,REL,Religion,2019-04-27,netaltica,
http://www.islam-christianity.net/,REL,Religion,2019-04-28,netaltica,
https://islamicsham.org/,REL,Religion,2019-04-28,netaltica,
http://www.islamtoday.net/,REL,Religion,2019-04-28,netaltica,
http://www.islamwasat.com/,REL,Religion,2019-04-28,netaltica,
http://www.muslm.org/,REL,Religion,2019-04-28,netaltica,
http://www.saowt.com/,REL,Religion,2019-04-28,netaltica,
https://surour.net/,REL,Religion,2019-04-28,netaltica,
https://way2allah.com/index.php,REL,Religion,2019-04-28,netaltica,
http://www.baiadna.fm/,SRCH,Search Engines,2019-04-27,netaltica,
https://www.youtube.com/channel/UCc3y17haCXjHkhorn_coHRg,MILX,Terrorism and Militants,2019-04-24,netaltica,
https://www.youtube.com/user/zamanalwsl,NEWS,News Media,2019-04-24,netaltica,
https://www.youtube.com/user/etihadpress,NEWS,News Media,2019-04-24,netaltica,
https://www.spiegel.de/,NEWS,News Media,2014-04-15,citizenlab,
"http://www.spiegel.de/international/spiegel/0,1518,443678,00.html",NEWS,News Media,2014-04-15,citizenlab,
http://www.sotkurdistan.net/,NEWS,News Media,2014-04-15,citizenlab,
http://www.ssnp.info/,POLR,Political Criticism,2014-04-15,citizenlab,
http://www.yahosein.com/,REL,Religion,2014-04-15,citizenlab,
http://www.yahosein.com/vb/showthread.php?t=44949,REL,Religion,2014-04-15,citizenlab,
http://www.syriaonline.com/,SRCH,Search Engines,2014-04-15,citizenlab,
http://ahmadblogs.net/,POLR,Political Criticism,2014-04-15,citizenlab,
http://www.anonymization.net/,ANON,Anonymization and circumvention tools,2014-04-15,citizenlab,
http://www.arabchat.com/,COMT,Communication Tools,2014-04-15,citizenlab,
http://www.akhawia.net/,CULTR,Culture,2014-04-15,citizenlab,
http://www.arabsgate.com/,HOST,Hosting and Blogging Platforms,2014-04-15,citizenlab,
http://www.alnaddy.com/,NEWS,News Media,2014-04-15,citizenlab,
https://alqabas.com/,NEWS,News Media,2014-04-15,citizenlab,
http://www.abakdash.com/,POLR,Political Criticism,2014-04-15,citizenlab,
http://www.ahewar.org/,POLR,Political Criticism,2014-04-15,citizenlab,
http://www.haririfoundationusa.org/,CULTR,Culture,2014-04-15,citizenlab,
http://www.faithfreedom.org/,HATE,Hate Speech,2014-04-15,citizenlab,
http://www.khilafah.net/,MILX,Terrorism and Militants,2014-04-15,citizenlab,
http://avestakurd.net/,NEWS,News Media,2014-04-15,citizenlab,
http://www.danielpipes.org/,POLR,Political Criticism,2014-04-15,citizenlab,
http://www.freelebanon.org/,POLR,Political Criticism,2014-04-15,citizenlab,
http://www.bahai-faith.org/,REL,Religion,2014-04-15,citizenlab,
http://www.bahai.com/,REL,Religion,2014-04-15,citizenlab,
http://arabic.bayynat.org.lb/,REL,Religion,2014-04-15,citizenlab,
http://www.ru4arab.ru/,COMM,E-commerce,2014-04-15,citizenlab,
http://www.m3loma.com/,CULTR,Culture,2014-04-15,citizenlab,
http://www.odabasham.net/,CULTR,Culture,2014-04-15,citizenlab,
http://www.kurdnas.com/,POLR,Political Criticism,2014-04-15,citizenlab,
http://www.light-of-life.com/,REL,Religion,2014-04-15,citizenlab,
https://www.ajjan.com/p/political-strategist.html,POLR,Political Criticism,2014-04-15,citizenlab,
https://backtojerusalem.com/,POLR,Political Criticism,2014-04-15,citizenlab,
https://jo.jeeran.com/amman/,NEWS,News Media,2014-04-15,citizenlab,
https://abufares.blogspot.com/,POLR,Political Criticism,2014-04-15,citizenlab,
https://ibloga.blogspot.com/,POLR,Political Criticism,2014-04-15,citizenlab,
https://www.lavaplace.com/,DATE,Online Dating,2014-04-15,citizenlab,
https://www.pukmedia.com/,NEWS,News Media,2014-04-15,citizenlab,
https://ara.yekiti-media.org/,HUMR,Human Rights Issues,2014-04-15,citizenlab,
http://www.alburhan.com/,REL,Religion,2014-04-15,citizenlab,
http://bawaba.khayma.com/%D8%A7%D9%84%D8%A8%D9%88%D8%A7%D8%A8%D8%A9,CULTR,Culture,2014-04-15,citizenlab,
http://www.alparty.de/,POLR,Political Criticism,2014-04-15,citizenlab,
http://www.alparty.org/,GMB,Gambling,2014-04-15,citizenlab,
http://www.lebanese-forces.org/,POLR,Political Criticism,2014-04-15,citizenlab,
http://www.ansarweb.net/artman2/publish/index.php,REL,Religion,2014-04-15,citizenlab,
https://www.yourdictionary.com/,SRCH,Search Engines,2014-04-15,citizenlab,
https://ahyawatan.wordpress.com/,POLR,Political Criticism,2014-04-15,citizenlab,
https://answering-islam.org/,REL,Religion,2014-04-15,citizenlab,
https://www.naseej.com/,HOST,Hosting and Blogging Platforms,2014-04-15,citizenlab,
https://syriapol.blogspot.com/,POLR,Political Criticism,2014-04-15,citizenlab,
https://alayham.com/,POLR,Political Criticism,2014-04-15,citizenlab,
https://www.anti-cair-net.org/,POLR,Political Criticism,2014-04-15,citizenlab,
http://www.thebirdman.org/,HATE,Hate Speech,2014-04-15,citizenlab,
http://www.syriahr.com/,HUMR,Human Rights Issues,2014-04-15,citizenlab,
http://www.yek-dem.com/,HUMR,Human Rights Issues,2014-04-15,citizenlab,
http://www.souria.com/,NEWS,News Media,2014-04-15,citizenlab,
http://www.syrianobles.com/,NEWS,News Media,2014-04-15,citizenlab,
http://www.xebat.net/,NEWS,News Media,2014-04-15,citizenlab,
http://yalibnan.com/,NEWS,News Media,2014-04-15,citizenlab,
http://www.ssnp.com/,POLR,Political Criticism,2014-04-15,citizenlab,
http://www.syrianforum.org/,POLR,Political Criticism,2014-04-15,citizenlab,
http://www.thefreesyria.org/,POLR,Political Criticism,2014-04-15,citizenlab,
http://www.yassardimocrati.com/,POLR,Political Criticism,2014-04-15,citizenlab,
http://www.thekoran.com/,REL,Religion,2014-04-15,citizenlab,
http://www.thequran.com/,REL,Religion,2014-04-15,citizenlab,
http://www.sx-education.org/,XED,Sex Education,2014-04-15,citizenlab,
http://hem.bredband.net/dccls/borhan.htm,POLR,Political Criticism,2014-04-15,citizenlab,
http://www.amplusnet.com/,ANON,Anonymization and circumvention tools,2014-04-15,citizenlab,
http://www.almisbar.com/,COMT,Communication Tools,2014-04-15,citizenlab,
http://www.acsad.org/,ENV,Environment,2014-04-15,citizenlab,
http://www.aafaq.org/,NEWS,News Media,2014-04-15,citizenlab,
http://www.almahatta.net/,NEWS,News Media,2014-04-15,citizenlab,
http://www.almustaqbal.com/,NEWS,News Media,2014-04-15,citizenlab,
http://www.alqanat.com/,NEWS,News Media,2014-04-15,citizenlab,
http://al-seyassah.com/,NEWS,News Media,2014-04-15,citizenlab,
http://www.amin.org/,NEWS,News Media,2014-04-15,citizenlab,
http://syriatruth.org/,POLR,Political Criticism,2014-04-15,citizenlab,
http://www.asharqalarabi.org.uk/,POLR,Political Criticism,2014-04-15,citizenlab,
http://www.arabji.com/,SRCH,Search Engines,2014-04-15,citizenlab,
http://www.arabo.com/,SRCH,Search Engines,2014-04-15,citizenlab,
http://www.araboo.com/,SRCH,Search Engines,2014-04-15,citizenlab,
http://www.bakatheer.com/,CULTR,Culture,2014-04-15,citizenlab,
http://www.evemodels.com/,DATE,Online Dating,2014-04-15,citizenlab,
http://www.evemodels.com/agadir-escorts.html,DATE,Online Dating,2014-04-15,citizenlab,
http://www.ezawaj.com/,DATE,Online Dating,2014-04-15,citizenlab,
http://www.heart2heart.com/,DATE,Online Dating,2014-04-15,citizenlab,
http://www.jsoftj.com/,FILE,File-sharing,2014-04-15,citizenlab,
https://www.cia.gov/library/publications/the-world-factbook/geos/ag.html,GOVT,Government,2014-04-15,citizenlab,CIA profile of Algeria
http://www.godhatesfags.com/,HATE,Hate Speech,2014-04-15,citizenlab,
http://www.heretical.com/,HATE,Hate Speech,2014-04-15,citizenlab,
https://www.childsrights.org/,HUMR,Human Rights Issues,2014-04-15,citizenlab,
http://www.defendingwomen-defendingrights.org/,HUMR,Human Rights Issues,2014-04-15,citizenlab,
http://freemuslim.org/,HUMR,Human Rights Issues,2014-04-15,citizenlab,
http://www.hrinfo.net/,HUMR,Human Rights Issues,2014-04-15,citizenlab,
http://humum.net/,HUMR,Human Rights Issues,2014-04-15,citizenlab,
http://assafir.com/,NEWS,News Media,2014-04-15,citizenlab,
http://www.bianet.org/,NEWS,News Media,2014-04-15,citizenlab,
http://www.damaspost.com/,NEWS,News Media,2014-04-15,citizenlab,
http://www.hurriyet.com.tr/,NEWS,News Media,2014-04-15,citizenlab,
http://www.baath-party.org/,POLR,Political Criticism,2014-04-15,citizenlab,
http://www.freearabvoice.org/,POLR,Political Criticism,2014-04-15,citizenlab,
http://haythammanna.net/,POLR,Political Criticism,2014-04-15,citizenlab,
http://www.ikhwanweb.com/,POLR,Political Criticism,2014-04-15,citizenlab,
http://www.hereslife.com/,REL,Religion,2014-04-15,citizenlab,
http://www.dermatologyinfo.net/,XED,Sex Education,2014-04-15,citizenlab,
http://www.dermatologyinfo.net/arabic/book2/book.htm,XED,Sex Education,2014-04-15,citizenlab,
http://www.khosoba.com/,XED,Sex Education,2014-04-15,citizenlab,
http://www.khosoba.com/medical-guide/sex-education/060821x01-sex-education.htm,XED,Sex Education,2014-04-15,citizenlab,
http://www.ru4arab.ru/marry.htm,DATE,Online Dating,2014-04-15,citizenlab,
http://www.persga.org/,ENV,Environment,2014-04-15,citizenlab,
http://www.shaddeh.com/,GAME,Gaming,2014-04-15,citizenlab,
http://www.nefel.com/,HUMR,Human Rights Issues,2014-04-15,citizenlab,
http://www.pen-kurd.org/,HUMR,Human Rights Issues,2014-04-15,citizenlab,
http://www.nancyajram.com/,NEWS,News Media,2014-04-15,citizenlab,
http://www.opl-now.org/,NEWS,News Media,2014-04-15,citizenlab,
http://www.kurdsat.tv/,POLR,Political Criticism,2014-04-15,citizenlab,
http://www.mokarabat.com/,POLR,Political Criticism,2014-04-15,citizenlab,
http://www.multaqa.org/,POLR,Political Criticism,2014-04-15,citizenlab,
http://www.sendbad.net/,SRCH,Search Engines,2014-04-15,citizenlab,
http://www.m3loma.com/sedu/,XED,Sex Education,2014-04-15,citizenlab,
