url,category_code,category_description,date_added,source,notes
http://10bet.com/,GMB,Gambling,2014-04-15,citizenlab,
http://2bangkok.com/,POLR,Political Criticism,2016-09-20,unknown,"Thai political analysis, underreported news, and Bangkok public transportation"
http://adb.org/,ECON,Economics,2014-04-15,citizenlab,
http://alliance4democracy.blogspot.com/,POLR,Political Criticism,2014-04-15,citizenlab,
http://arayachon.org/,POLR,Political Criticism,2014-04-15,citizenlab,
http://asiafriendfinder.com/,DATE,Online Dating,2014-04-15,citizenlab,
http://baantomdy.narak.com/,LGBT,LGBT,2014-04-15,citizenlab,
http://bangkok.coconuts.co/,NEWS,News Media,2016-09-20,unknown,"News, Bangkok food and drink, lifestyle - in English"
http://bet365.com/,GMB,Gambling,2014-04-15,citizenlab,
http://betasia.com/,GMB,Gambling,2014-04-15,citizenlab,
http://betbrain.com/,GMB,Gambling,2014-04-15,citizenlab,
http://betdaq.com/,GMB,Gambling,2014-04-15,citizenlab,
http://betfair.com/,GMB,Gambling,2014-04-15,citizenlab,
http://bethelp.com/,GMB,Gambling,2014-04-15,citizenlab,
http://bit.ruabruam.com/,FILE,File-sharing,2014-04-15,citizenlab,
http://bk.asia-city.com/,NEWS,News Media,2016-09-20,unknown,"Bangkok lifestyle, local events"
http://chaoprayanews.com/,NEWS,News Media,2016-09-20,unknown,Online newspaper
http://downmerng.blogspot.com/,POLR,Political Criticism,2014-04-15,citizenlab,
http://en.wikipedia.org/wiki/Bhumibol_Adulyadej,NEWS,News Media,2016-09-20,unknown,Was blocked in 2008
http://en.wikipedia.org/wiki/Crown_Prince_of_Thailand,NEWS,News Media,2016-09-20,unknown,Crown Prince of Thailand
http://en.wikipedia.org/wiki/King_of_Thailand,NEWS,News Media,2016-09-20,unknown,Was blocked in 2008
http://en.wikipedia.org/wiki/Monarchy_of_Thailand,NEWS,News Media,2016-09-20,unknown,Redirected from King_of_Thailand (was blocked in 2008)
http://en.wikipedia.org/wiki/Vajiralongkorn,NEWS,News Media,2016-09-20,unknown,Current Crown Prince of Thailand
http://english.aljazeera.net/,NEWS,News Media,2014-04-15,citizenlab,
http://enlawfoundation.org/,ENV,Environment,2016-09-20,unknown,Environmental litigation and advocacy
http://gamecenter.kapook.com/,GMB,Gambling,2014-04-15,citizenlab,
http://hirvikatu10.net/timeupthailand,HUMR,Human Rights Issues,2014-04-15,citizenlab,
http://hotzone.yahoo.com/,NEWS,News Media,2014-04-15,citizenlab,
http://hrw.org/,HUMR,Human Rights Issues,2019-02-17,thainetizen,Human Rights Watch
http://hrw.org/english/docs/2005/01/13/thaila9858.htm,HUMR,Human Rights Issues,2014-04-15,citizenlab,
http://ibcbet.com/,GMB,Gambling,2014-04-15,citizenlab,
http://ladbrokes.com/,GMB,Gambling,2014-04-15,citizenlab,
http://landdestroyer.blogspot.com/,POLR,Political Criticism,2016-11-17,citizenlab,
http://landdestroyer.blogspot.com/search/label/Thailand,POLR,Political Criticism,2016-11-17,citizenlab,
http://limso.net/,GMB,Gambling,2014-04-15,citizenlab,
http://midnightuniv.org/,POLR,Political Criticism,2016-09-20,unknown,"Midnight University, was blocked in 2006"
http://news.bbc.co.uk/2/hi/asia-pacific/,NEWS,News Media,2014-04-15,citizenlab,
http://news.thaipbs.or.th/news,NEWS,News Media,2019-02-18,thainetizen,ThaiPBS news
http://pinnaclesports.com/,GMB,Gambling,2014-04-15,citizenlab,
http://prachatai.blogspot.com/,NEWS,News Media,2014-04-15,citizenlab,
http://prachatai.com/,NEWS,News Media,2016-09-20,unknown,"Political, social development, and acvitism news"
http://prachatai.com/english/,NEWS,News Media,2016-09-20,unknown,"Prachatai - English version, political, social development, and acvitism news"
http://prachatai.org/,NEWS,News Media,2016-09-20,unknown,"Political, social development, and acvitism news"
http://prachatai.wordpress.com/,NEWS,News Media,2014-04-15,citizenlab,
http://prachatai3.info/,NEWS,News Media,2016-09-20,unknown,"Political, social development, and acvitism news (reserved url, after prachatai.com got blocked)"
http://program.thaipbs.or.th/live,NEWS,News Media,2019-02-18,thainetizen,ThaiPBS live stream
http://rajdumnern.ownforum.org/,GRP,Social Networking,2014-04-15,citizenlab,
http://redsiam.info/,POLR,Political Criticism,2014-04-15,citizenlab,
http://redsiam.tv/,POLR,Political Criticism,2014-04-15,citizenlab,
http://redsiam.wordpress.com/,NEWS,News Media,2014-04-15,citizenlab,
http://robertamsterdam.com/thailand/,NEWS,News Media,2014-04-15,citizenlab,
http://sameskybooks.org/,NEWS,News Media,2014-04-15,citizenlab,
http://sathai.org/,ENV,Environment,2014-04-15,citizenlab,Sustainable Agriculture Foundation
http://school.obec.go.th/,NEWS,News Media,2014-04-15,citizenlab,
http://school.obec.go.th/tambol/,NEWS,News Media,2014-04-15,citizenlab,
http://seapa.wordpress.com/,NEWS,News Media,2014-04-15,citizenlab,
http://sex.sanook.com/,DATE,Online Dating,2014-04-15,citizenlab,
http://th.macmuslim.com/,HUMR,Human Rights Issues,2017-01-19,unknown,Muslim Attorney Centre Foundation
http://th.wikipedia.org/,NEWS,News Media,2016-09-20,unknown,Thai Wikipedia (HTTP)
http://th.wikipedia.org/wiki/%E0%B8%9E%E0%B8%A3%E0%B8%B0%E0%B8%9A%E0%B8%B2%E0%B8%97%E0%B8%AA%E0%B8%A1%E0%B9%80%E0%B8%94%E0%B9%87%E0%B8%88%E0%B8%9E%E0%B8%A3%E0%B8%B0%E0%B8%9B%E0%B8%A3%E0%B8%A1%E0%B8%B4%E0%B8%99%E0%B8%97%E0%B8%A3%E0%B8%A1%E0%B8%AB%E0%B8%B2%E0%B8%A0%E0%B8%B9%E0%B8%A1%E0%B8%B4%E0%B8%9E%E0%B8%A5%E0%B8%AD%E0%B8%94%E0%B8%B8%E0%B8%A5%E0%B8%A2%E0%B9%80%E0%B8%94%E0%B8%8A,NEWS,News Media,2016-09-20,unknown,"Thai Wikipeida: Bhumibol Adulyadej, its English conterpart was blocked in 2008"
http://th.wikipedia.org/wiki/%E0%B8%9E%E0%B8%A3%E0%B8%B0%E0%B8%A1%E0%B8%AB%E0%B8%B2%E0%B8%81%E0%B8%A9%E0%B8%B1%E0%B8%95%E0%B8%A3%E0%B8%B4%E0%B8%A2%E0%B9%8C%E0%B9%84%E0%B8%97%E0%B8%A2,NEWS,News Media,2016-09-20,unknown,"Thai Wikipedia: King of Thailand, its English conterpart was blocked in 2008"
http://th.wikipedia.org/wiki/%E0%B8%A3%E0%B8%B1%E0%B8%90%E0%B8%9B%E0%B8%A3%E0%B8%B0%E0%B8%AB%E0%B8%B2%E0%B8%A3%E0%B9%83%E0%B8%99%E0%B8%9B%E0%B8%A3%E0%B8%B0%E0%B9%80%E0%B8%97%E0%B8%A8%E0%B9%84%E0%B8%97%E0%B8%A2_%E0%B8%9E.%E0%B8%A8._2549,NEWS,News Media,2016-09-20,unknown,2006 Coup in Thailand
http://th.wikipedia.org/wiki/%E0%B8%A3%E0%B8%B1%E0%B8%90%E0%B8%9B%E0%B8%A3%E0%B8%B0%E0%B8%AB%E0%B8%B2%E0%B8%A3%E0%B9%83%E0%B8%99%E0%B8%9B%E0%B8%A3%E0%B8%B0%E0%B9%80%E0%B8%97%E0%B8%A8%E0%B9%84%E0%B8%97%E0%B8%A2_%E0%B8%9E.%E0%B8%A8._2557,NEWS,News Media,2016-09-20,unknown,2014 Coup in Thailand
http://th.wikipedia.org/wiki/%E0%B8%AA%E0%B8%A1%E0%B9%80%E0%B8%94%E0%B9%87%E0%B8%88%E0%B8%9E%E0%B8%A3%E0%B8%B0%E0%B8%9A%E0%B8%A3%E0%B8%A1%E0%B9%82%E0%B8%AD%E0%B8%A3%E0%B8%AA%E0%B8%B2%E0%B8%98%E0%B8%B4%E0%B8%A3%E0%B8%B2%E0%B8%8A_%E0%B9%80%E0%B8%88%E0%B9%89%E0%B8%B2%E0%B8%9F%E0%B9%89%E0%B8%B2%E0%B8%A1%E0%B8%AB%E0%B8%B2%E0%B8%A7%E0%B8%8A%E0%B8%B4%E0%B8%A3%E0%B8%B2%E0%B8%A5%E0%B8%87%E0%B8%81%E0%B8%A3%E0%B8%93_%E0%B8%AA%E0%B8%A2%E0%B8%B2%E0%B8%A1%E0%B8%A1%E0%B8%81%E0%B8%B8%E0%B8%8E%E0%B8%A3%E0%B8%B2%E0%B8%8A%E0%B8%81%E0%B8%B8%E0%B8%A1%E0%B8%B2%E0%B8%A3,NEWS,News Media,2016-09-20,unknown,Current Crown Prince of Thailand
http://th.wikipedia.org/wiki/%E0%B8%AA%E0%B8%A2%E0%B8%B2%E0%B8%A1%E0%B8%A1%E0%B8%81%E0%B8%B8%E0%B8%8E%E0%B8%A3%E0%B8%B2%E0%B8%8A%E0%B8%81%E0%B8%B8%E0%B8%A1%E0%B8%B2%E0%B8%A3,NEWS,News Media,2016-09-20,unknown,Crown Prince of Thailand
http://thai69.com/,PORN,Pornography,2014-04-15,citizenlab,
http://thaicherry.com/,PORN,Pornography,2014-04-15,citizenlab,
http://thaienews.blogspot.com/,NEWS,News Media,2014-04-15,citizenlab,
http://thaigirls.net/,PORN,Pornography,2014-04-15,citizenlab,
http://thaigirlsnaked.com/,PORN,Pornography,2014-04-15,citizenlab,
http://thaiopensource.org/,HOST,Hosting and Blogging Platforms,2014-04-15,citizenlab,
http://thaiuknews.wordpress.com/,POLR,Political Criticism,2014-04-15,citizenlab,
http://times.hankooki.com/,NEWS,News Media,2014-04-15,citizenlab,
http://tomdy.narak.com/,DATE,Online Dating,2014-04-15,citizenlab,
http://try2hack.siamdev.net/,HACK,Hacking Tools,2014-04-15,citizenlab,
http://tsthai.com/,PORN,Pornography,2014-04-15,citizenlab,
http://twitter.com/#!/WeAreAllHuman,NEWS,News Media,2014-04-15,citizenlab,
http://upload.prachatalk.com/,MMED,Media sharing,2014-04-15,citizenlab,
http://us.oneworld.net/,NEWS,News Media,2014-04-15,citizenlab,
http://us.oneworld.net/article/country/970/,NEWS,News Media,2014-04-15,citizenlab,
http://vimeo.com/prachatai,NEWS,News Media,2014-04-15,citizenlab,
http://wartani.com/dev/,NEWS,News Media,2017-01-19,unknown,"News website, focus on Deep South"
http://wartani.com/live/,NEWS,News Media,2019-02-18,thainetizen,Wartani live stream
http://weareallhuman.info/,NEWS,News Media,2014-04-15,citizenlab,
http://weareallhuman2.info/,NEWS,News Media,2014-04-15,citizenlab,
http://webboard.redradio-online.us/,NEWS,News Media,2014-04-15,citizenlab,
http://willhill.com/,GMB,Gambling,2014-04-15,citizenlab,
http://www.14tula.com/,CULTR,Culture,2014-04-15,citizenlab,
http://www.19sep.com/,NEWS,News Media,2014-04-15,citizenlab,
http://www.2519.net/,CULTR,Culture,2014-04-15,citizenlab,
http://www.2519me.com/,CULTR,Culture,2014-04-15,citizenlab,
http://www.activeodds.com/,GMB,Gambling,2014-04-15,citizenlab,
http://www.adeq.or.th/,ENV,Environment,2014-04-15,citizenlab,Association for the Development of Environmental Quality
http://www.afesip.org/,HUMR,Human Rights Issues,2014-04-15,citizenlab,
http://www.aidsaccess.com/,PUBH,Public Health,2014-04-15,citizenlab,
http://www.akha.org/,HUMR,Human Rights Issues,2014-04-15,citizenlab,
http://www.akhathai.org/,HUMR,Human Rights Issues,2014-04-15,citizenlab,
http://www.all-club.com/,LGBT,LGBT,2014-04-15,citizenlab,
http://www.amazon.co.uk/exec/obidos/ASIN/0300106823/203-4157180-0680751#product-details,POLR,Political Criticism,2014-04-15,citizenlab,
http://www.amnesty.or.th/,HUMR,Human Rights Issues,2014-04-15,citizenlab,
http://www.amrc.org.hk/,HUMR,Human Rights Issues,2014-04-15,citizenlab,
http://www.aperfectwife.com/,DATE,Online Dating,2014-04-15,citizenlab,
http://www.apsw-thailand.org/,HUMR,Human Rights Issues,2014-04-15,citizenlab,
http://www.apwld.org/,HUMR,Human Rights Issues,2014-04-15,citizenlab,
http://www.asia-daily.com/,NEWS,News Media,2014-04-15,citizenlab,
http://www.asiabynight.com/,DATE,Online Dating,2014-04-15,citizenlab,
http://www.asiafoundation.org/,POLR,Political Criticism,2014-04-15,citizenlab,
http://www.asiamedia.ucla.edu/,NEWS,News Media,2014-04-15,citizenlab,
http://www.asian-migrants.org/,HUMR,Human Rights Issues,2014-04-15,citizenlab,
http://www.asianews.it/,NEWS,News Media,2014-04-15,citizenlab,
http://www.asianpacificpost.com/,NEWS,News Media,2014-04-15,citizenlab,
http://www.asiansexgazette.com/,PUBH,Public Health,2014-04-15,citizenlab,
http://www.asiantribune.com/,NEWS,News Media,2014-04-15,citizenlab,
http://www.asiaobserver.com/,NEWS,News Media,2014-04-15,citizenlab,
http://www.asiapacificnews.com/,NEWS,News Media,2014-04-15,citizenlab,
http://www.asiasentinel.com/,POLR,Political Criticism,2016-09-20,unknown,Thai politics review journal
http://www.asiasoft.co.th/,GMB,Gambling,2014-04-15,citizenlab,
http://www.asiatour.com/,XED,Sex Education,2014-04-15,citizenlab,
http://www.asiaupdate.tv/,NEWS,News Media,2014-04-15,citizenlab,
http://www.atimes.com/se-asia/se-asia.html,NEWS,News Media,2014-04-15,citizenlab,
http://www.avert.org/aidsthai.htm,PUBH,Public Health,2014-04-15,citizenlab,
http://www.baanrak.com/,DATE,Online Dating,2014-04-15,citizenlab,
http://www.bangkokbangers.com/,PORN,Pornography,2014-04-15,citizenlab,
http://www.bangkokpost.com/,NEWS,News Media,2016-09-20,unknown,"Bangkok Post, one of two major printed newspapers"
http://www.bangkokrainbow.org/,LGBT,LGBT,2014-04-15,citizenlab,
http://www.bannok.com/,HUMR,Human Rights Issues,2014-04-15,citizenlab,
http://www.bbc.com/news/world-asia-38126928,NEWS,News Media,2017-08-31,citizenlab,Banned profile of new Thai King
http://www.bbc.com/news/world/asia_pacific,NEWS,News Media,2014-04-15,citizenlab,
http://www.bbc.com/thai,NEWS,News Media,2016-12-08,sinarproject,BBC Thai language sub-site
http://www.bbc.com/thai/thailand-38173269,NEWS,News Media,2016-12-08,sinarproject,BBC King Maha Vajiralongkorn profile page in Thai
http://www.bbcthai.com/,NEWS,News Media,2017-07-19,BBC,
http://www.bhumjaithai.com/,POLR,Political Criticism,2014-04-15,citizenlab,
http://www.biothai.net/,ENV,Environment,2014-04-15,citizenlab,"Biodiversity, sustainable agriculture, food sovereignty group"
http://www.bitthailand.com/,FILE,File-sharing,2014-04-15,citizenlab,
http://www.bloggang.com/,GRP,Social Networking,2014-04-15,citizenlab,
http://www.bpw-thailand.org/,HUMR,Human Rights Issues,2014-04-15,citizenlab,
http://www.burmaissues.org/,NEWS,News Media,2014-04-15,citizenlab,
http://www.cabinet.soc.go.th/,GOVT,Government,2016-09-20,unknown,The Secretariat of the Cabinet
http://www.catholic.or.th/,HUMR,Human Rights Issues,2014-04-15,citizenlab,
http://www.cawinfo.org/,HUMR,Human Rights Issues,2014-04-15,citizenlab,
http://www.cct.or.th/,HUMR,Human Rights Issues,2014-04-15,citizenlab,
http://www.cfan.org/,REL,Religion,2014-04-15,citizenlab,
http://www.channelnewsasia.com/,NEWS,News Media,2014-04-15,citizenlab,News website with focus on Asia
http://www.chaoprayanews.com/,NEWS,News Media,2016-09-20,unknown,Online newspaper
http://www.chartpattana.com/,POLR,Political Criticism,2018-11-24,thainetizen,"Chart Pattana Party, a political party"
http://www.chartthaipattana.or.th/,POLR,Political Criticism,2018-11-24,thainetizen,"Chart Thai Pattana Party, a political party"
http://www.christianthai.net/,HUMR,Human Rights Issues,2014-04-15,citizenlab,
http://www.consumerthai.org/,POLR,Political Criticism,2014-04-15,citizenlab,
http://www.cpnparty.com/,POLR,Political Criticism,2014-04-15,citizenlab,
http://www.dateinasia.com/,DATE,Online Dating,2014-04-15,citizenlab,
http://www.deepsouthwatch.org/,HUMR,Human Rights Issues,2017-01-19,unknown,Issues in Deep South of Thailand
http://www.dek-d.com/,GRP,Social Networking,2014-04-15,citizenlab,
http://www.dekdek.com/,HUMR,Human Rights Issues,2014-04-15,citizenlab,
http://www.democrat.or.th/,POLR,Political Criticism,2014-04-15,citizenlab,"Democrat Party, a major political party"
http://www.dhammakaya.net/,REL,Religion,2016-09-20,unknown,"Dhammakaya Foundation and Temple, a Buddhist church with huge followers"
http://www.dmc.tv/,REL,Religion,2016-09-20,unknown,TV station of Dhammakaya Temple
http://www.doctorsan.com/,XED,Sex Education,2014-04-15,citizenlab,
http://www.dreadedned.com/,LGBT,LGBT,2014-04-15,citizenlab,
http://www.ecologyasia.com/,ENV,Environment,2014-04-15,citizenlab,
http://www.ect.go.th/,GOVT,Government,2016-09-20,unknown,Election Commission of Thailand
http://www.empowerfoundation.org/,HUMR,Human Rights Issues,2014-04-15,citizenlab,
http://www.enlightened-jurists.com/,HUMR,Human Rights Issues,2014-04-15,citizenlab,Nitirat - group of legal scholars for democracy
http://www.enlightened-jurists.org/,HUMR,Human Rights Issues,2016-09-20,unknown,Nitirat - group of legal scholars for democracy
http://www.exteen.com/,HOST,Hosting and Blogging Platforms,2014-04-15,citizenlab,
http://www.facebook.com/somsakjeam/videos/1283095981743678,POLR,Political Criticism,2017-08-31,citizenlab,Controversial video of the King
http://www.fasiroong.org/,LGBT,LGBT,2014-04-15,citizenlab,
http://www.feer.com/,NEWS,News Media,2014-04-15,citizenlab,
http://www.firstroyalcasino.com/,GMB,Gambling,2014-04-15,citizenlab,
http://www.flickr.com/people/prachatai/,MMED,Media sharing,2014-04-15,citizenlab,
http://www.focusweb.org/,POLR,Political Criticism,2014-04-15,citizenlab,
http://www.foreignaffairs.org/,GOVT,Government,2014-04-15,citizenlab,
http://www.foreignaffairs.org/gs/asia.html,GOVT,Government,2014-04-15,citizenlab,
http://www.forplu.com/,LGBT,LGBT,2014-04-15,citizenlab,
http://www.forum-asia.org/,HUMR,Human Rights Issues,2014-04-15,citizenlab,
http://www.freeproxy.ru/,ANON,Anonymization and circumvention tools,2014-04-15,citizenlab,
http://www.fridae.com/,LGBT,LGBT,2014-04-15,citizenlab,
http://www.ftawatch.org/,GOVT,Government,2014-04-15,citizenlab,
http://www.gamebookers.com/,GMB,Gambling,2014-04-15,citizenlab,
http://www.gboysiam.com/,LGBT,LGBT,2014-04-15,citizenlab,
http://www.gettybuddy.com/,DATE,Online Dating,2014-04-15,citizenlab,
http://www.goodasyou.net/,LGBT,LGBT,2014-04-15,citizenlab,
http://www.greenpeace.or.th/,ENV,Environment,2014-04-15,citizenlab,
http://www.gthai.net/,LGBT,LGBT,2014-04-15,citizenlab,
http://www.gvantage.com/,LGBT,LGBT,2014-04-15,citizenlab,
http://www.hackinthebox.org/,HACK,Hacking Tools,2014-04-15,citizenlab,
http://www.halalthailand.com/,HUMR,Human Rights Issues,2014-04-15,citizenlab,
http://www.healthtoday.net/,PUBH,Public Health,2014-04-15,citizenlab,
http://www.himalmag.com/,POLR,Political Criticism,2014-04-15,citizenlab,
http://www.hitb.org/,HACK,Hacking Tools,2014-04-15,citizenlab,
http://www.hostpacific.com/,HOST,Hosting and Blogging Platforms,2014-04-15,citizenlab,
http://www.hppthai.org/,PUBH,Public Health,2014-04-15,citizenlab,
http://www.hrw.org/asia/thailand,HUMR,Human Rights Issues,2016-09-20,unknown,Human Rights Watch page on Thailand (got blocked once after 2014 Coup)
http://www.hrw.org/en/languages?filter0=th,HUMR,Human Rights Issues,2014-04-15,citizenlab,
http://www.humanrights.asia/,HUMR,Human Rights Issues,2014-04-15,citizenlab,
http://www.humanrights.asia/countries/thailand,HUMR,Human Rights Issues,2014-04-15,citizenlab,
http://www.ifj-asia.org/,NEWS,News Media,2014-04-15,citizenlab,
http://www.iias.nl/,GOVT,Government,2014-04-15,citizenlab,
http://www.ilo.org/public/english/employment/gems/eeo/law/thailand/inst_nac.htm,HUMR,Human Rights Issues,2014-04-15,citizenlab,
http://www.ilo.org/public/english/region/asro/bangkok/child/trafficking/index.htm,HUMR,Human Rights Issues,2014-04-15,citizenlab,
http://www.internetfreedom.us/,POLR,Political Criticism,2014-04-15,citizenlab,
http://www.interwetten.com/,GMB,Gambling,2014-04-15,citizenlab,
http://www.ipzap.com/,ANON,Anonymization and circumvention tools,2014-04-15,citizenlab,
http://www.irrawaddy.org/,NEWS,News Media,2014-04-15,citizenlab,News on Myanmar/Burma
http://www.isiswomen.org/index.php,HUMR,Human Rights Issues,2014-04-15,citizenlab,
http://www.islamichomepage.com/,HUMR,Human Rights Issues,2014-04-15,citizenlab,
http://www.isranews.org/,NEWS,News Media,2016-09-20,unknown,Investigative news
http://www.isranews.org/investigative/investigate-asset/person/item/35454-report01_35454.html,NEWS,News Media,2017-01-19,unknown,"A report about a figure that may related to a military man, has been unofficially requested to be removed but the publisher refused."
http://www.iwraw-ap.org/,HUMR,Human Rights Issues,2014-04-15,citizenlab,
http://www.kapook.com/,SRCH,Search Engines,2014-04-15,citizenlab,
http://www.karencenter.com/,HUMR,Human Rights Issues,2014-04-15,citizenlab,
http://www.keng.com/,NEWS,News Media,2014-04-15,citizenlab,
http://www.khaosodenglish.com/,NEWS,News Media,2016-09-20,unknown,Khao Sod newspaper - English version
http://www.khonkhurtai.org/,HUMR,Human Rights Issues,2014-04-15,citizenlab,
http://www.khsnet.com/,HOST,Hosting and Blogging Platforms,2014-04-15,citizenlab,
http://www.khsnet.com/pinkink/,LGBT,LGBT,2014-04-15,citizenlab,
http://www.konrujai.com/,DATE,Online Dating,2014-04-15,citizenlab,
http://www.konthaiuk.com/,POLR,Political Criticism,2014-04-15,citizenlab,
http://www.konthaiuk.com/forum/,POLR,Political Criticism,2014-04-15,citizenlab,
http://www.konthaiuk.com/home.php,POLR,Political Criticism,2014-04-15,citizenlab,
http://www.krisdika.go.th/,GOVT,Government,2016-09-20,unknown,The Council of the State
http://www.ladbrokes.com/,GMB,Gambling,2014-04-15,citizenlab,
http://www.lesla.com/,LGBT,LGBT,2014-04-15,citizenlab,
http://www.littlespeck.com/,NEWS,News Media,2014-04-15,citizenlab,
http://www.livebets.net/,GMB,Gambling,2014-04-15,citizenlab,
http://www.manager.co.th/,POLR,Political Criticism,2014-04-15,citizenlab,
http://www.mekonginfo.org/,ENV,Environment,2014-04-15,citizenlab,
http://www.mekongwetlands.org/,ENV,Environment,2014-04-15,citizenlab,
http://www.mfasia.org/,HUMR,Human Rights Issues,2014-04-15,citizenlab,Migrant Forum in Asia
http://www.midnightuniv.org/,NEWS,News Media,2014-04-15,citizenlab,
http://www.mirrorartgroup.org/,HUMR,Human Rights Issues,2014-04-15,citizenlab,
http://www.mrcmekong.org/,ENV,Environment,2014-04-15,citizenlab,
http://www.msn.in.th/,GRP,Social Networking,2014-04-15,citizenlab,
http://www.msn.in.th/news.php,GRP,Social Networking,2014-04-15,citizenlab,
http://www.mthai.com/,SRCH,Search Engines,2016-09-20,unknown,"Portal, entertainment, news"
http://www.muslimthai.com/,HUMR,Human Rights Issues,2014-04-15,citizenlab,
http://www.namkain.com/,HUMR,Human Rights Issues,2014-04-15,citizenlab,
http://www.narak.com/,GRP,Social Networking,2014-04-15,citizenlab,
http://www.nationmultimedia.com/,NEWS,News Media,2016-09-20,unknown,"The Nation, one of two major printed newspapers"
http://www.nationtv.tv/,NEWS,News Media,2019-02-18,thainetizen,Nation TV news channel (free-to-air terrestrial TV)
http://www.naturethai.org/,ENV,Environment,2014-04-15,citizenlab,
http://www.netdesignhost.com/,HOST,Hosting and Blogging Platforms,2014-04-15,citizenlab,
http://www.newsweekasia.com/,NEWS,News Media,2014-04-15,citizenlab,
http://www.nhrc.or.th/,HUMR,Human Rights Issues,2014-04-15,citizenlab,
http://www.onlinewomeninpolitics.org/thai/thaimain.htm,HUMR,Human Rights Issues,2014-04-15,citizenlab,
http://www.only3words.com/,DATE,Online Dating,2014-04-15,citizenlab,
http://www.pantip.com/,NEWS,News Media,2014-04-15,citizenlab,
http://www.pantip.com/cafe/rajdumnern/,MISC,Miscelaneous content,2014-04-15,citizenlab,
http://www.parliament.go.th/,GOVT,Government,2016-09-20,unknown,"Parliament of Thailand. Since 2014 Coup, home of National Reform Steering Assembly"
http://www.pataninews.net/,NEWS,News Media,2016-09-20,unknown,News from Thailand Deep South
http://www.popfarang.com/,DATE,Online Dating,2014-04-15,citizenlab,Meet foreigner dating site (defunc)
http://www.powerdmc2.org/,GRP,Social Networking,2014-04-15,citizenlab,
http://www.powerdmc2.org/forum.php,GRP,Social Networking,2014-04-15,citizenlab,
http://www.ppd.or.th/,POLR,Political Criticism,2014-04-15,citizenlab,
http://www.prachatai.com/,NEWS,News Media,2014-04-15,citizenlab,
http://www.prachatai.com/05web/th/home/,NEWS,News Media,2014-04-15,citizenlab,
http://www.prachatai.wordpress.com/,NEWS,News Media,2014-04-15,citizenlab,
http://www.prachatalk.com/,GRP,Social Networking,2014-04-15,citizenlab,
http://www.premierbet.com/,GMB,Gambling,2014-04-15,citizenlab,
http://www.proxy4free.com/,ANON,Anonymization and circumvention tools,2014-04-15,citizenlab,
http://www.publiuspundit.com/,HUMR,Human Rights Issues,2014-04-15,citizenlab,
http://www.rangkids.com/,POLR,Political Criticism,2014-04-15,citizenlab,
http://www.redadhoc.org/,POLR,Political Criticism,2014-04-15,citizenlab,
http://www.redallthailand.com/,NEWS,News Media,2014-04-15,citizenlab,
http://www.rsf.org/article.php3?id_article=17364,NEWS,News Media,2014-04-15,citizenlab,
http://www.rtarf.mi.th/,GOVT,Government,2016-09-20,unknown,Royal Thai Armed Forces HQ
http://www.sadatv.com/,NEWS,News Media,2014-04-15,citizenlab,
http://www.salidausa.info/,POLR,Political Criticism,2014-04-15,citizenlab,
http://www.sameskybooks.net/,NEWS,News Media,2014-04-15,citizenlab,
http://www.sapaan.org/,LGBT,LGBT,2014-04-15,citizenlab,
http://www.sawatdee-gay-thailand.com/,LGBT,LGBT,2014-04-15,citizenlab,
http://www.searo.who.int/,PUBH,Public Health,2014-04-15,citizenlab,
http://www.secularislam.org/,REL,Religion,2014-04-15,citizenlab,
http://www.senate.go.th/,GOVT,Government,2016-09-20,unknown,Senate of Thailand
http://www.seub.or.th/,ENV,Environment,2014-04-15,citizenlab,
http://www.siamboy.com/,LGBT,LGBT,2014-04-15,citizenlab,
http://www.siamic.com/,HUMR,Human Rights Issues,2014-04-15,citizenlab,
http://www.siammatch.com/,DATE,Online Dating,2014-04-15,citizenlab,
http://www.singapore-window.org/,NEWS,News Media,2014-04-15,citizenlab,
http://www.sjthailand.org/,HUMR,Human Rights Issues,2014-04-15,citizenlab,
http://www.smh.com.au/,NEWS,News Media,2014-04-15,citizenlab,
http://www.snoopblocker.com/,ANON,Anonymization and circumvention tools,2014-04-15,citizenlab,
http://www.state.gov/g/drl/rls/hrrpt/2005/61628.htm,HUMR,Human Rights Issues,2014-04-15,citizenlab,
http://www.storythai.com/,NEWS,News Media,2014-04-15,citizenlab,
http://www.stou.ac.th/,GOVT,Government,2016-09-20,unknown,Open university
http://www.straitstimes.com/,NEWS,News Media,2014-04-15,citizenlab,
http://www.suan-spirit.com/,NEWS,News Media,2014-04-15,citizenlab,
http://www.sulak-sivaraksa.org/,POLR,Political Criticism,2014-04-15,citizenlab,
http://www.surinrelations.org/,HUMR,Human Rights Issues,2014-04-15,citizenlab,
http://www.suriyanchantra.com/,HUMR,Human Rights Issues,2014-04-15,citizenlab,
http://www.tcijthai.com/,HUMR,Human Rights Issues,2014-04-15,citizenlab,
http://www.teenee.com/,GRP,Social Networking,2014-04-15,citizenlab,
http://www.tei.or.th/,ENV,Environment,2014-04-15,citizenlab,"Thai Environment Institute, a think tank"
http://www.tei.or.th/tbcsd/,ENV,Environment,2014-04-15,citizenlab,Thai Business Council for Sustainable Development
http://www.telecomasia.net/,NEWS,News Media,2016-09-20,unknown,"Telecom Asia, also cover ICT news in Thailand"
http://www.terraper.org/,ENV,Environment,2014-04-15,citizenlab,Foundation for Ecological Recovery
http://www.tff.or.th/,ECON,Economics,2014-04-15,citizenlab,"Thai Fund Foundation, supports works of local and regional civil society groups"
http://www.tfn3.info/board/,NEWS,News Media,2014-04-15,citizenlab,
http://www.thai-blogs.com/,NEWS,News Media,2014-04-15,citizenlab,
http://www.thaichildrights.org/,HUMR,Human Rights Issues,2014-04-15,citizenlab,
http://www.thaichix.com/,PORN,Pornography,2014-04-15,citizenlab,
http://www.thaiclinic.com/,PUBH,Public Health,2014-04-15,citizenlab,
http://www.thaicounsel.com/,HUMR,Human Rights Issues,2014-04-15,citizenlab,
http://www.thaicuties.com/,PORN,Pornography,2014-04-15,citizenlab,
http://www.thaidarling.com/,DATE,Online Dating,2014-04-15,citizenlab,
http://www.thaigirls100.net/,PORN,Pornography,2014-04-15,citizenlab,
http://www.thaigmc.com/,LGBT,LGBT,2014-04-15,citizenlab,
http://www.thaigov.go.th/,GOVT,Government,2016-09-20,unknown,Royal Thai Government
http://www.thailabour.org/,POLR,Political Criticism,2014-04-15,citizenlab,
http://www.thailandfriends.com/,DATE,Online Dating,2014-04-15,citizenlab,
http://www.thailandtorrent.com/,FILE,File-sharing,2014-04-15,citizenlab,
http://www.thailandvoice.com/,NEWS,News Media,2014-04-15,citizenlab,
http://www.thailove.com/,DATE,Online Dating,2014-04-15,citizenlab,
http://www.thaingo.org/,NEWS,News Media,2014-04-15,citizenlab,
http://www.thainhf.org/,PUBH,Public Health,2014-04-15,citizenlab,
http://www.thaipbs.or.th/,NEWS,News Media,2019-02-18,thainetizen,"ThaiPBS (public broadcasting service, radio, TV, and online)"
http://www.thaiplus.net/,PUBH,Public Health,2014-04-15,citizenlab,
http://www.thaisexyclub.com/,PROV,Provocative Attire,2014-04-15,citizenlab,
http://www.thaisinglewomen.com/,DATE,Online Dating,2014-04-15,citizenlab,
http://www.thaisolidarity.org/,NEWS,News Media,2014-04-15,citizenlab,
http://www.thaivisa.com/,NEWS,News Media,2016-09-20,unknown,Expat news
http://www.thaivisa.com/forum/,GRP,Social Networking,2016-09-20,unknown,Expat activities
http://www.thaivoice.org/community/,GRP,Social Networking,2014-04-15,citizenlab,
http://www.thaivolunteer.org/,ECON,Economics,2016-09-20,unknown,"NGO that supports works of social volunteers, including human rights lawyers project"
http://www.thaiware.com/,ANON,Anonymization and circumvention tools,2014-04-15,citizenlab,
http://www.thaiware.com/main/info.php?id=7068,ANON,Anonymization and circumvention tools,2014-04-15,citizenlab,
http://www.thaiwomen.or.th/,HUMR,Human Rights Issues,2014-04-15,citizenlab,
http://www.theguardian.com/global/commentisfree/2015/dec/17/thailand-royal-dog-prosecution,NEWS,News Media,2017-08-31,citizenlab,Critical article by controversial journalist
http://www.thinkcentre.org/,HUMR,Human Rights Issues,2014-04-15,citizenlab,
http://www.thungyai.org/,ENV,Environment,2014-04-15,citizenlab,Foundation of Western Forest Complex Conservation
http://www.tipinasia.info/,HUMR,Human Rights Issues,2014-04-15,citizenlab,
http://www.tlhr2014.com/,HUMR,Human Rights Issues,2017-01-19,unknown,Thai Lawyers for Human Rights (new website)
http://www.trafcord.org/,HUMR,Human Rights Issues,2014-04-15,citizenlab,
http://www.trclabourunion.com/,POLR,Political Criticism,2014-04-15,citizenlab,
http://www.trikone.org/,LGBT,LGBT,2014-04-15,citizenlab,
http://www.tropicalforest.or.th/,ENV,Environment,2014-04-15,citizenlab,
http://www.uddtoday.blogspot.com/,POLR,Political Criticism,2014-04-15,citizenlab,
http://www.unescap.org/,ECON,Economics,2014-04-15,citizenlab,
http://www.utopia-asia.com/,LGBT,LGBT,2014-04-15,citizenlab,
http://www.utopia-asia.com/tipsthai.htm,LGBT,LGBT,2014-04-15,citizenlab,
http://www.wept.org/,POLR,Political Criticism,2014-04-15,citizenlab,The Council of Work and Environment Related Patent’s Network of Thailand (WEPT)
http://www.whaf.or.th/,HUMR,Human Rights Issues,2014-04-15,citizenlab,Women's Health Advocacy Foundation
http://www.womenforpeaceandjustice.org/,HUMR,Human Rights Issues,2014-04-15,citizenlab,International Women's Partnership for Peace and Justice
http://www.womenthai.org/,HUMR,Human Rights Issues,2014-04-15,citizenlab,Foundation for Women (FFW)
http://www.worldsexguide.com/,DATE,Online Dating,2014-04-15,citizenlab,
http://www.worldsexguide.com/guide/Asia/Thailand/index.htm,DATE,Online Dating,2014-04-15,citizenlab,
http://www.wwfthai.org/,ENV,Environment,2014-04-15,citizenlab,
http://www.ymat.org/,HUMR,Human Rights Issues,2014-04-15,citizenlab,
http://www.youtube.com/user/prachatai,NEWS,News Media,2014-04-15,citizenlab,Prachatai newspaper YouTube channel
http://www.youtube.com/user/shallownewsindepth,POLR,Political Criticism,2017-08-31,citizenlab,Satirical news show
http://www.zedbooks.net/shop/book/a-kingdom-in-crisis/,POLR,Political Criticism,2017-08-31,citizenlab,Critical book by controversial journalist
http://www.zocialx.com/,NEWS,News Media,2017-01-19,unknown,Popular news from Thai social media
http://www.zone-it.com/,GRP,Social Networking,2014-04-15,citizenlab,
http://xat.com/uddtoday,GRP,Social Networking,2014-04-15,citizenlab,
http://yalepress.yale.edu/yupbooks/book.asp?isbn=0300106823,POLR,Political Criticism,2014-04-15,citizenlab,
https://alliance4democracy.blogspot.com/,POLR,Political Criticism,2014-04-15,citizenlab,
https://anfrel.org/,HUMR,Human Rights Issues,2019-02-17,thainetizen,Asian Network for Free Elections
https://bhumjaithai.com/,POLR,Political Criticism,2018-11-24,thainetizen,"Bhumjai Thai Party, a political party"
https://doct6.com/,POLR,Political Criticism,2019-02-18,thainetizen,Documentation of October 6 massacre
https://downmerng.blogspot.com/,POLR,Political Criticism,2014-04-15,citizenlab,
https://elect.in.th/,POLR,Political Criticism,2018-11-24,thainetizen,Independent site for election information
https://etda.or.th/,GOVT,Government,2017-01-19,unknown,Electronic Transactions Development Agency (ETDA)
https://facthai.wordpress.com/,HUMR,Human Rights Issues,2016-09-20,unknown,Anti-censorship group (not active)
https://freedom.ilaw.or.th/,HUMR,Human Rights Issues,2016-09-20,unknown,Freedom of Expression Documentation Center
https://futureforwardparty.org/,POLR,Political Criticism,2018-11-24,thainetizen,"Future Forward Part, a political party"
https://groups.google.com/forum/#!forum/redthai,GRP,Social Networking,2014-04-15,citizenlab,
https://hrw.org/,HUMR,Human Rights Issues,2019-02-17,thainetizen,Human Rights Watch
https://hrw.org/asia/thailand,HUMR,Human Rights Issues,2019-02-17,thainetizen,"Human Rights Watch page on Thailand (known to be blocked since November 2018, at the CDN edge server level)"
https://ilaw.or.th/,HUMR,Human Rights Issues,2016-09-20,unknown,"People participation in legislation process, rule of law"
https://kyotoreview.org/,POLR,Political Criticism,2016-09-20,unknown,Thai politics review journal
https://landdestroyer.blogspot.com/,POLR,Political Criticism,2016-11-17,citizenlab,
https://landdestroyer.blogspot.com/search/label/Thailand,POLR,Political Criticism,2016-11-17,citizenlab,
https://pantip.com/,GRP,Social Networking,2014-04-15,citizenlab,Most popular online forum in Thailand. Upgraded to HTTPS in 2017.
https://pantip.com/forum/rajdumnern,GRP,Social Networking,2014-04-15,citizenlab,A section for political discussion in the most popular online forum in Thailand
https://prachatai.blogspot.com/,NEWS,News Media,2014-04-15,citizenlab,
https://prachatai.wordpress.com/,NEWS,News Media,2014-04-15,citizenlab,
https://ptp.or.th/,POLR,Political Criticism,2018-11-24,thainetizen,"Pheu Thai Party, a major political party"
https://redsiam.wordpress.com/,NEWS,News Media,2014-04-15,citizenlab,
https://seapa.wordpress.com/,NEWS,News Media,2014-04-15,citizenlab,
https://storylog.co/,HOST,Hosting and Blogging Platforms,2016-09-20,unknown,Thai blogging platform
https://th.m.wikipedia.org/,NEWS,News Media,2019-02-18,thainetizen,"Thai Wikipedia (HTTPS, mobile version)"
https://th.wikipedia.org/,NEWS,News Media,2016-09-20,unknown,Thai Wikipedia (HTTPS)
https://thainetizen.org/,HUMR,Human Rights Issues,2016-09-20,unknown,NGO on internet and human rights
https://thaipublica.org/,NEWS,News Media,2016-09-20,unknown,"Thai online newspaper, with focus on transparency, good governance of government and business, social innovation"
https://thematter.co/,NEWS,News Media,2017-01-19,unknown,Online news site
https://themomentum.co/,NEWS,News Media,2017-01-19,unknown,Online news site
https://thisable.me/,NEWS,News Media,2018-11-24,thainetizen,"News about accessibility, disabled people"
https://tlhr2014.wordpress.com/,HUMR,Human Rights Issues,2016-09-20,unknown,Thai Lawyers for Human Rights
https://uclthailand.blogspot.com/,HUMR,Human Rights Issues,2016-09-20,unknown,Union of Civil Liberty
https://voicefromthais.wordpress.com/,HUMR,Human Rights Issues,2017-01-19,unknown,Cross Cultural Foundation
https://waymagazine.org/,NEWS,News Media,2018-11-24,thainetizen,Online magazine for alternative life style
https://www.adb.org/,ECON,Economics,2014-04-15,citizenlab,
https://www.amnesty.or.th/,HUMR,Human Rights Issues,2016-09-20,unknown,Amnesty International Thailand
https://www.cia.gov/library/readingroom/collection/crest-25-year-program-archive,GOVT,Government,2017-01-19,unknown,"CIA 25-Year Program Archive, with records from Bangkok Bureau"
https://www.cia.gov/library/readingroom/docs/DOC_0006007684.pdf,GOVT,Government,2017-01-19,unknown,CIA's Daily Briefing (26 Feb 1974): King Bhumibol support of student movement and later approval to the military.
https://www.dga.or.th/,GOVT,Government,2019-02-18,thainetizen,Digital Government Development Agency
https://www.facebook.com/DemocratPartyTH,POLR,Political Criticism,2016-09-20,unknown,"Democrat Party, a major political party"
https://www.facebook.com/GooKult,POLR,Political Criticism,2017-01-19,unknown,Satire
https://www.facebook.com/newdemocracymovement,POLR,Political Criticism,2016-09-20,unknown,Political activists active after the 2014 Coup
https://www.facebook.com/OpSingleGateway,POLR,Political Criticism,2017-01-19,unknown,Online activism group against internet control
https://www.facebook.com/pheuthaiparty,POLR,Political Criticism,2016-09-20,unknown,"Pheu Thai Party, a major political party"
https://www.facebook.com/photo.php?fbid=10154683311581154&set=a.419593026153.213934.627196153,POLR,Political Criticism,2017-01-19,unknown,AMM FB: CIA's Daily Briefing (26 Feb 1974): King Bhumibol support of student movement and later approval to the military.
https://www.facebook.com/photo.php?fbid=10154683321516154&set=a.419593026153.213934.627196153,POLR,Political Criticism,2017-01-19,unknown,AMM FB: CIA roundup (26 Sep 1957): King Bhumibol role in the 1957 coup.
https://www.facebook.com/photo.php?fbid=10154683341571154&set=a.419593026153.213934.627196153,POLR,Political Criticism,2017-01-19,unknown,AMM FB: CIA's Bangkok Bureau Monthly Report (Sep 1987): Prince Vajiralongkorn visit to Japan.
https://www.facebook.com/photo.php?fbid=10154683349636154&set=a.419593026153.213934.627196153,POLR,Political Criticism,2017-01-19,unknown,AMM FB: CIA's Bangkok Bureau Monthly Report (December 1987): Anonymous leaflets about Crown Prince’s minor wife.
https://www.facebook.com/Prachatai,NEWS,News Media,2014-04-15,citizenlab,Prachatai newspaper
https://www.facebook.com/somsakjeam,POLR,Political Criticism,2016-09-20,unknown,Somsak Jeamteerasakul – Thai history academic in exile
https://www.facebook.com/somsakjeam/posts/1199885483398062,POLR,Political Criticism,2017-01-19,unknown,Somsak Jeamteerasakul FB: Finding of Andrew MacGregor Marshall on CIA 25-Year Program Archive records related to Thai Monarchy
https://www.facebook.com/uclthailand,HUMR,Human Rights Issues,2016-09-20,unknown,"Union of Civil Liberty, Facebook page"
https://www.facebook.com/WeAreAllHuman,NEWS,News Media,2014-04-15,citizenlab,Activism
https://www.facebook.com/zenjournalist,POLR,Political Criticism,2017-01-19,unknown,"Personal Facebook profile of Andrew MacGregor Marshall, Thai political critics. Former foreign correspondent in Thailand."
https://www.facebook.com/zenjournalist/posts/10154612355501154,POLR,Political Criticism,2017-01-19,unknown,AMM FB: Facebook restricted this URL to be displayed inside Thailand. Viewable in other countries.
https://www.fccthai.com/,NEWS,News Media,2016-09-20,unknown,Foreign Correspondents' Club of Thailand
https://www.forum-asia.org/,HUMR,Human Rights Issues,2017-01-19,unknown,Asian Forum for Human Rights and Development
https://www.google.co.th/,SRCH,Search Engines,2014-04-15,citizenlab,
https://www.ilaw.or.th/,HUMR,Human Rights Issues,2016-09-20,unknown,"People participation in legislation process, rule of law"
https://www.konthaiuk.com/,POLR,Political Criticism,2017-01-19,unknown,
https://www.konthaiuk.com/forum/,POLR,Political Criticism,2017-01-19,unknown,
https://www.newmandala.org/,POLR,Political Criticism,2019-02-18,thainetizen,Perspectives on Southeast Asia
https://www.obec.go.th/,NEWS,News Media,2014-04-15,citizenlab,Office of the Basic Education Commission (OBEC)
https://www.pptvhd36.com/,NEWS,News Media,2019-02-18,thainetizen,PPTV news channel (free-to-air terrestrial TV)
https://www.prachamati.org/,NEWS,News Media,2016-09-20,unknown,Civil society group promote the understanding of the Draft Charter Referendum
https://www.ptp.or.th/,POLR,Political Criticism,2014-04-15,citizenlab,"Pheu Thai Party, a major political party"
https://www.sanook.com/,SRCH,Search Engines,2014-04-15,citizenlab,Portal
https://www.seapa.org/,NEWS,News Media,2014-04-15,citizenlab,Southeast Asian Press Alliance
https://www.slideshare.net/konthaiuk/,POLR,Political Criticism,2018-11-24,thainetizen,Kon Thai UK group
https://www.soimilk.com/,CULTR,Culture,2017-01-19,unknown,"Lifestyle and events, in English language"
https://www.spokedark.tv/,NEWS,News Media,2017-01-19,unknown,"Online television channels, with one program on political criticism"
https://www.springnews.co.th/,NEWS,News Media,2019-02-18,thainetizen,Spring News channel (free-to-air terrestrial TV)
https://www.thainetizen.org/,HUMR,Human Rights Issues,2016-09-20,unknown,NGO on internet and human rights
https://www.thaipbsworld.com/,NEWS,News Media,2019-02-18,thainetizen,ThaiPBS World Service
https://www.the101.world/,NEWS,News Media,2018-11-24,thainetizen,"Social, political, and economic commentaries"
https://www.tnews.co.th/,NEWS,News Media,2016-09-20,unknown,News agency
https://www.tt-torrent.com/,FILE,File-sharing,2018-11-24,thainetizen,"Thailand Torrent (was blocked once in 2014, according to MacThai)"
https://www.voicetv.co.th/,NEWS,News Media,2014-04-15,citizenlab,Voice TV news channel (free-to-air terrestrial TV)
https://www.voicetv.co.th/live,NEWS,News Media,2019-02-18,thainetizen,Voice TV live stream
