url,category_code,category_description,date_added,source,notes
http://www.drinkshop.ru/,ALDR,Alcohol & Drugs,2014-04-15,citizenlab,
http://www.freeproxy.ru/,ANON,Anonymization and circumvention tools,2014-04-15,citizenlab,
http://mamadu.ru/transl.htm/,COMT,Communication Tools,2014-04-15,citizenlab,online dictionaries
http://www.nextmail.ru/,COMT,Communication Tools,2014-04-15,citizenlab,
https://perevedem.ru/,COMT,Communication Tools,2014-04-15,citizenlab,online translator
http://gamsoft.ru/,GMB,Gambling,2014-04-15,citizenlab,
http://www.annacasino.ru/,GMB,Gambling,2014-04-15,citizenlab,
https://www.russiancasino.com/,GMB,Gambling,2014-04-15,citizenlab,
http://beon.ru/,HOST,Hosting and Blogging Platforms,2014-04-15,citizenlab,
http://itblogs.ru/,HOST,Hosting and Blogging Platforms,2014-04-15,citizenlab,temporary suspended project
http://mamadu.ru/,HOST,Hosting and Blogging Platforms,2014-04-15,citizenlab,
http://www.azeronline.com/,HOST,Hosting and Blogging Platforms,2014-04-15,citizenlab,Azerbaijani site
http://www.blogcu.com/,HOST,Hosting and Blogging Platforms,2014-04-15,citizenlab,Turkish platform
http://www.blogdir.ru/,HOST,Hosting and Blogging Platforms,2014-04-15,citizenlab,
http://hrights.ru/,HUMR,Human Rights Issues,2014-04-15,citizenlab,
http://publicverdict.org/,HUMR,Human Rights Issues,2014-04-15,citizenlab,
http://www.hrpublishers.org/,HUMR,Human Rights Issues,2014-04-15,citizenlab,
http://www.gayvideo.ru/,LGBT,LGBT,2014-04-15,citizenlab,
http://www.lesbi.ru/,LGBT,LGBT,2014-04-15,citizenlab,
http://xs.gay.ru/,LGBT,LGBT,2014-04-15,citizenlab,
http://freeware32.ru/,MMED,Media sharing,2014-04-15,citizenlab,
http://www.download.ru/,MMED,Media sharing,2014-04-15,citizenlab,
http://www.softilla.ru/,MMED,Media sharing,2014-04-15,citizenlab,
http://compromat.ru/,NEWS,News Media,2014-04-15,citizenlab,
http://eurasia.org.ru/,NEWS,News Media,2014-04-15,citizenlab,Regional news agency
http://gazeta.ru/,NEWS,News Media,2014-04-15,citizenlab,Russian media outlet
http://polithexogen.ru/,NEWS,News Media,2014-04-15,citizenlab,
http://www.1news.az/,NEWS,News Media,2014-04-15,citizenlab,
http://www.aif.ru/,NEWS,News Media,2014-04-15,citizenlab,
http://www.artsakhtert.com/,NEWS,News Media,2014-04-15,citizenlab,Armenian resources
http://www.ayna.az/,NEWS,News Media,2014-04-15,citizenlab,Azerbaijan site
http://www.azadinform.az/,NEWS,News Media,2014-04-15,citizenlab,Azerbaijan site
http://www.azadliq.az/,NEWS,News Media,2014-04-15,citizenlab,Azerbaijan site
http://www.comicsreporter.com/,NEWS,News Media,2014-04-15,citizenlab,
http://www.compromat.ru/,NEWS,News Media,2014-04-15,citizenlab,
http://www.exile.ru/,NEWS,News Media,2014-04-15,citizenlab,paid access
http://www.gdf.ru/,NEWS,News Media,2014-04-15,citizenlab,
http://www.irex.ru/,NEWS,News Media,2014-04-15,citizenlab,
http://www.russiajournal.com/,NEWS,News Media,2014-04-15,citizenlab,provides access only to archive
https://eurasianet.org/,NEWS,News Media,2014-04-15,citizenlab,
https://www.novayagazeta.ru/,NEWS,News Media,2014-04-15,citizenlab,
https://www.passion.ru/,NEWS,News Media,2014-04-15,citizenlab,light content
https://www.themoscowtimes.com/,NEWS,News Media,2014-04-15,citizenlab,
http://dating.ru/,DATE,Online Dating,2014-04-15,citizenlab,
http://www.dost-olaq.biz/,DATE,Online Dating,2014-04-15,citizenlab,
http://www.lubovy.ru/,DATE,Online Dating,2014-04-15,citizenlab,
http://www.prison.org/,POLR,Political Criticism,2014-04-15,citizenlab,
http://www.sovest.org/,POLR,Political Criticism,2014-04-15,citizenlab,
http://www.transparentelections.org/,POLR,Political Criticism,2014-04-15,citizenlab,
http://www.otbm.com/,PORN,Pornography,2014-04-15,citizenlab,
http://www.pornocd.ru/,PORN,Pornography,2014-04-15,citizenlab,
http://www.afew.org/,PUBH,Public Health,2014-04-15,citizenlab,
https://ligazn.ru/,PUBH,Public Health,2014-04-15,citizenlab,
http://buddhism.org.ru/,REL,Religion,2014-04-15,citizenlab,
http://buddhist.ru/,REL,Religion,2014-04-15,citizenlab,
http://shaman.aha.ru/,REL,Religion,2014-04-15,citizenlab,
http://www.azerislam.com/,REL,Religion,2014-04-15,citizenlab,Azerbaijani site
http://www.buddhism.ru/,REL,Religion,2014-04-15,citizenlab,
http://www.islam.az/,REL,Religion,2014-04-15,citizenlab,
http://www.islam.ru/,REL,Religion,2014-04-15,citizenlab,
http://www.mahamudra.ru/,REL,Religion,2014-04-15,citizenlab,
http://www.filesearch.ru/,SRCH,Search Engines,2014-04-15,citizenlab,
http://wwwoman.ru/,XED,Sex Education,2014-04-15,citizenlab,
http://talyplar.com/,GRP,Social Networking,2014-04-15,citizenlab,
http://www.nkr.am/,MILX,Terrorism and Militants,2014-04-15,citizenlab,
http://www.nkrusa.org/,MILX,Terrorism and Militants,2014-04-15,citizenlab,
https://copris.com/,COMM,E-commerce,2014-04-15,citizenlab,train schedules
https://punkito.com/,CULTR,Culture,2014-04-15,citizenlab,blog 
http://freepromote.ru/,HOST,Hosting and Blogging Platforms,2014-04-15,citizenlab,announcements board
http://elitvip.ru/,CTRL,Control content,2014-04-15,citizenlab,Site on cosmetics
http://bahai-library.com/,REL,Religion,2014-04-15,citizenlab,
https://araxgroup.ru/,COMM,E-commerce,2014-04-15,citizenlab,
https://www.aport.ru/,COMM,E-commerce,2014-04-15,citizenlab,
http://www.mhg.ru/,HUMR,Human Rights Issues,2014-04-15,citizenlab,
http://www.unrussia.ru/,IGO,Intergovernmental Organizations,2014-04-15,citizenlab,
http://www.mysites.ru/,SRCH,Search Engines,2014-04-15,citizenlab,catalogue of websites
https://www.howardstern.com/,CULTR,Culture,2014-04-15,citizenlab,
http://www.goldfaq.ru/,HOST,Hosting and Blogging Platforms,2014-04-15,citizenlab,
http://www.bitnet.ru/psycho/hacker.html/,NEWS,News Media,2014-04-15,citizenlab,access to hacker test page
http://www.agentura.ru/,POLR,Political Criticism,2014-04-15,citizenlab,
http://www.bitnet.ru/,NEWS,News Media,2014-04-15,citizenlab,psychological development focus
http://www.bakililar.az/,NEWS,News Media,2014-04-15,citizenlab,Azerbaijani site
https://www.livejournal.com/community/,HOST,Hosting and Blogging Platforms,2014-04-15,citizenlab,
https://provokator.com.ua/,NEWS,News Media,2014-04-15,citizenlab,blocked
https://av.wordpress.com/tag/duygular/,HOST,Hosting and Blogging Platforms,2014-04-15,citizenlab,
https://www.7ya.ru/,NEWS,News Media,2014-04-15,citizenlab,online articles on all sort of topics
https://www.1c-bitrix.ru/,COMM,E-commerce,2014-04-15,citizenlab,
http://www.xgay.ru/,LGBT,LGBT,2014-04-15,citizenlab,
https://habr.com/ru/,GRP,Social Networking,2014-04-15,citizenlab,
https://my.mail.ru/,HOST,Hosting and Blogging Platforms,2014-04-15,citizenlab,
https://yandex.ru/blogs/,HOST,Hosting and Blogging Platforms,2014-04-15,citizenlab,
https://www.azathabar.com/,ANON,Anonymization and circumvention tools,2014-04-15,citizenlab,
https://passport.yandex.ru/,COMT,Communication Tools,2014-04-15,citizenlab,
https://www.google.com/intl/ru/gmail/about/,COMT,Communication Tools,2014-04-15,citizenlab,
http://mega-intell.ru/,COMM,E-commerce,2014-04-15,citizenlab,
http://ru.onlinecasinos4.ru/,GMB,Gambling,2014-04-15,citizenlab,
https://grand-casino0.com/grand/,GMB,Gambling,2014-04-15,citizenlab,
https://stoloto.ru/,GMB,Gambling,2014-04-15,citizenlab,Lotto Russia
http://www.fairhost.ru/,HOST,Hosting and Blogging Platforms,2014-04-15,citizenlab,
https://vk.com/,HOST,Hosting and Blogging Platforms,2014-04-15,citizenlab,
https://www.hrw.org/ru/,HUMR,Human Rights Issues,2014-04-15,citizenlab,
https://gaycity.love/,LGBT,LGBT,2014-04-15,citizenlab,
https://www.youtube.com/?gl=AZ&hl=az/,MMED,Media sharing,2014-04-15,citizenlab,
http://radiomayak.ru/,NEWS,News Media,2014-04-15,citizenlab,RU media
http://www.molgvardia.ru/,NEWS,News Media,2014-04-15,citizenlab,
http://www.xalqcebhesi.az/,NEWS,News Media,2014-04-15,citizenlab,Azerbaijan focus
http://zerkalo.az/,NEWS,News Media,2014-04-15,citizenlab,
https://centrasia.org/,NEWS,News Media,2014-04-15,citizenlab,independent regional news
https://graniru.org/,NEWS,News Media,2014-04-15,citizenlab,
https://iz.ru/,NEWS,News Media,2014-04-15,citizenlab,
https://ria.ru/,NEWS,News Media,2014-04-15,citizenlab,
https://www.golos-ameriki.ru/,NEWS,News Media,2014-04-15,citizenlab,
https://top.jdu.ru/en/search.phtml/,DATE,Online Dating,2014-04-15,citizenlab,
http://ruleoflaw.ru/,POLR,Political Criticism,2014-04-15,citizenlab,
https://carnegie.ru/,POLR,Political Criticism,2014-04-15,citizenlab,
http://www.afew.org/ru/,PUBH,Public Health,2014-04-15,citizenlab,
http://islam.plus/ru/,REL,Religion,2014-04-15,citizenlab,
https://ca.yahoo.com/,SRCH,Search Engines,2014-04-15,citizenlab,
https://spid.center/ru/,XED,Sex Education,2014-04-15,citizenlab,
http://www.pkkonline.org/,MILX,Terrorism and Militants,2014-04-15,citizenlab,
http://sapunov.livejournal.com/,NEWS,News Media,2014-04-15,citizenlab,blog is outdated. Blocked
https://www.znopr.ru/,GOVT,Government,2014-04-15,citizenlab,Russia's Ministry of Health
https://www.jino.ru/,HOST,Hosting and Blogging Platforms,2014-04-15,citizenlab,
https://www.ucoz.ru/,HOST,Hosting and Blogging Platforms,2014-04-15,citizenlab,
https://www.zaprava.ru/,HUMR,Human Rights Issues,2014-04-15,citizenlab,
https://www.med2000.ru/,PUBH,Public Health,2014-04-15,citizenlab,
https://mail.km.ru/,COMT,Communication Tools,2014-04-15,citizenlab,
https://mail.rambler.ru/,COMT,Communication Tools,2014-04-15,citizenlab,
https://www.pochta.ru/,COMT,Communication Tools,2014-04-15,citizenlab,
https://www.cars.com/,COMM,E-commerce,2014-04-15,citizenlab,
https://www.goldfishka.ru/,GMB,Gambling,2014-04-15,citizenlab,
https://xakep.ru/,HACK,Hacking Tools,2014-04-15,citizenlab,
https://hc.ru/,HOST,Hosting and Blogging Platforms,2014-04-15,citizenlab,
https://livemy.info/,HOST,Hosting and Blogging Platforms,2014-04-15,citizenlab,
https://mchost.ru/,HOST,Hosting and Blogging Platforms,2014-04-15,citizenlab,
https://www.alexhost.ru/,HOST,Hosting and Blogging Platforms,2014-04-15,citizenlab,
https://amnesty.org.ru/,HUMR,Human Rights Issues,2014-04-15,citizenlab,
https://refugee.ru/,HUMR,Human Rights Issues,2014-04-15,citizenlab,
https://www.islamawareness.net/,HUMR,Human Rights Issues,2014-04-15,citizenlab,
https://dni.ru/,NEWS,News Media,2014-04-15,citizenlab,Russian media outlet
https://ilgarmammadov.livejournal.com/,NEWS,News Media,2014-04-15,citizenlab,not updated since 2018
https://musavat.com/ru/,NEWS,News Media,2014-04-15,citizenlab,Azerbaijan focus
https://regnum.ru/,NEWS,News Media,2014-04-15,citizenlab,
https://transparency.org.ru/,NEWS,News Media,2014-04-15,citizenlab,
https://www.apa.az/,NEWS,News Media,2014-04-15,citizenlab,
https://www.apn.ru/,NEWS,News Media,2014-04-15,citizenlab,
https://www.azadliq.org/,NEWS,News Media,2014-04-15,citizenlab,
https://www.azernews.az/,NEWS,News Media,2014-04-15,citizenlab,
https://www.day.az/,NEWS,News Media,2014-04-15,citizenlab,Azerbaijani news site
https://www.interfax.ru/,NEWS,News Media,2014-04-15,citizenlab,
https://www.obozrevatel.com/,NEWS,News Media,2014-04-15,citizenlab,popular Ukranian outlet
https://www.svoboda.org/,NEWS,News Media,2014-04-15,citizenlab,RFE/RL service
https://www.wsws.org/,NEWS,News Media,2014-04-15,citizenlab,
https://yandex.ru/,NEWS,News Media,2014-04-15,citizenlab,
https://love.mail.ru/,DATE,Online Dating,2014-04-15,citizenlab,
https://omen.ru/,DATE,Online Dating,2014-04-15,citizenlab,
https://www.mamba.ru/,DATE,Online Dating,2014-04-15,citizenlab,
https://www.arfd.am/,POLR,Political Criticism,2014-04-15,citizenlab,
https://www.youjizz.com/,PORN,Pornography,2014-04-15,citizenlab,
https://www.google.ru/,SRCH,Search Engines,2014-04-15,citizenlab,
https://mosclinic.ru/,XED,Sex Education,2014-04-15,citizenlab,
http://www.alco.ru/,ALDR,Alcohol & Drugs,2014-04-15,citizenlab,
http://scripts.protoplex.ru/,ANON,Anonymization and circumvention tools,2014-04-15,citizenlab,blocked. Abandoned project
http://www.diary.ru/,HOST,Hosting and Blogging Platforms,2014-04-15,citizenlab,
http://www.zurna.com/,HOST,Hosting and Blogging Platforms,2014-04-15,citizenlab,dead website but still blocked
http://soft-ru.fatal.ru/,MMED,Media sharing,2014-04-15,citizenlab,blocked. URL cannot be reached
http://www.filex.com/,MMED,Media sharing,2014-04-15,citizenlab,"problem loading page, blocked in TM"
http://www.mentig.com/,MMED,Media sharing,2014-04-15,citizenlab,blocked. Dead website
http://www.mp3-az.com/,MMED,Media sharing,2014-04-15,citizenlab,"blocked, suspended account"
http://meidan.narod.ru/,NEWS,News Media,2014-04-15,citizenlab,blockked. Now called Virtual Monitor. Not updated
http://www.monitorjournal.com/,NEWS,News Media,2014-04-15,citizenlab,"outdated, blocked"
http://www.turaninfo.com/,NEWS,News Media,2014-04-15,citizenlab,"blocked in TM, not accessible"
http://www.zaman.com.az/,NEWS,News Media,2014-04-15,citizenlab,
http://nblog.in/,POLR,Political Criticism,2014-04-15,citizenlab,blocked. Now provides access to irrelevant content in English about Visual Studio
http://www.bakmil.com/,POLR,Political Criticism,2014-04-15,citizenlab,blocked. Now provides access to irrelevant content in Chinese.
https://www.bbc.com/kyrgyz/,NEWS,News Media,2017-07-19,BBC,
https://www.bbc.com/uzbek/,NEWS,News Media,2017-07-19,BBC,
http://ca-news.org/,NEWS,News Media,2017-09-29,igorv,Central Asia focus
http://www.asiaterra.info/,NEWS,News Media,2017-09-29,igorv,
http://www.centrasia.ru/,NEWS,News Media,2017-09-29,igorv,"blocked in TM, not accessible"
https://centre1.com/,NEWS,News Media,2017-09-29,igorv,
https://en.hronikatm.com/,NEWS,News Media,2017-09-29,igorv,
https://habartm.org/,NEWS,News Media,2017-09-29,igorv,Independent Turkmen news media
https://rus.azathabar.com/,NEWS,News Media,2017-09-29,igorv,RFE/RL service
https://tm.hronikatm.com/,NEWS,News Media,2017-09-29,igorv,
https://www.hronikatm.com/,NEWS,News Media,2017-09-29,igorv,
https://www.ozodlik.org/,NEWS,News Media,2017-09-29,igorv,RFE/RL service
http://gundogar.org/,POLR,Political Criticism,2017-09-29,igorv,
https://ertir.com/,POLR,Political Criticism,2017-09-29,igorv,"blocked, monitor"
https://www.fergananews.com/,NEWS,News Media,2017-09-29,igorv,
https://psyplants.info/,ALDR,Alcohol & Drugs,2019-05-25,Netalitica,
http://cameleo.xyz/,ANON,Anonymization and circumvention tools,2019-05-25,Netalitica,
https://2ip.ru/anonim/,ANON,Anonymization and circumvention tools,2019-05-25,Netalitica,
https://browsec.com/,ANON,Anonymization and circumvention tools,2019-05-25,Netalitica,
https://deeprism.com/,ANON,Anonymization and circumvention tools,2019-05-25,Netalitica,
https://fri-gate.org/ru/,ANON,Anonymization and circumvention tools,2019-05-25,Netalitica,
https://jino.ru/,ANON,Anonymization and circumvention tools,2019-05-25,Netalitica,Domain registration service
https://leader.ru/secure/,ANON,Anonymization and circumvention tools,2019-05-25,Netalitica,reportedly blocked in KZ
https://netmap.su/proxy/,ANON,Anonymization and circumvention tools,2019-05-25,Netalitica,
https://thesnipergodproxy.github.io/ru/anonymizer/,ANON,Anonymization and circumvention tools,2019-05-25,Netalitica,
https://www.anonymox.net/,ANON,Anonymization and circumvention tools,2019-05-25,Netalitica,
https://www.avast.ru/secureline-vpn#pc/,ANON,Anonymization and circumvention tools,2019-05-25,Netalitica,
http://zagony.ru/,CULTR,Culture,2019-05-25,Netalitica,blocked in KZ
https://ru.wikisource.org/,CULTR,Culture,2019-05-25,Netalitica,
https://ru.wiktionary.org/,CULTR,Culture,2019-05-25,Netalitica,
http://rutracker.org/forum/index.php/,FILE,File-sharing,2019-05-25,Netalitica,largest torrent sharing service
http://www.radiomayak.ru/,NEWS,News Media,2019-05-25,Netalitica,Russian media outlet
https://blogs.voanews.com/,NEWS,News Media,2019-05-25,Netalitica,VOA blog
https://hronikatm.com/,NEWS,News Media,2019-05-25,Netalitica,Critical Turkmen medium
https://rus.azattyq.org/,NEWS,News Media,2019-05-25,Netalitica,RFE/RL - Kazakh service (there is Kazack minority in UZ)
https://rus.ozodi.org/,NEWS,News Media,2019-05-25,Netalitica,RFE/RL - Tajic service (there is Tajic minority in UZ)
https://vz.ru/,NEWS,News Media,2019-05-25,Netalitica,Russian medium Vzglyad
https://www.azattyk.org/,NEWS,News Media,2019-05-25,Netalitica,RFE/RL - Kyrgyz service (there is a Kyrgyz minority in UZ)
https://www.facebook.com/Kasparov.Ru/,NEWS,News Media,2019-05-25,Netalitica,Political dissident -for control purposes
https://b.growerz.online/,ALDR,Alcohol & Drugs,2019-06-15,Netalitica,
http://noblockme.ru/,ANON,Anonymization and circumvention tools,2019-06-15,Netalitica,
https://hidemy.name/ru/,ANON,Anonymization and circumvention tools,2019-06-15,Netalitica,
http://samlib.ru/,CULTR,Culture,2019-06-15,Netalitica,Portal for publishing author literature
http://yanka.lenin.ru/,CULTR,Culture,2019-06-15,Netalitica,blocked in KZ
http://zhurnal.lib.ru/,CULTR,Culture,2019-06-15,Netalitica,Portal for publishing author literature
https://distant.msu.ru/,CULTR,Culture,2019-06-15,Netalitica,Moscow State University 
https://proza.ru/,CULTR,Culture,2019-06-15,Netalitica,Portal for publishing author literature
https://ru.wikiquote.org/,CULTR,Culture,2019-06-15,Netalitica,
http://kinovolt.ru/,FILE,File-sharing,2019-06-15,Netalitica,
http://kinozal.tv/,FILE,File-sharing,2019-06-15,Netalitica,
http://namba.kz/#!/,FILE,File-sharing,2019-06-15,Netalitica,
http://new-rutor.org/,FILE,File-sharing,2019-06-15,Netalitica,
http://seedoff.zannn.top/,FILE,File-sharing,2019-06-15,Netalitica,
http://tushkan.club/,FILE,File-sharing,2019-06-15,Netalitica,
https://rutor.org/,FILE,File-sharing,2019-06-15,Netalitica,
https://rutracker.org/forum/index.php/,FILE,File-sharing,2019-06-15,Netalitica,
http://www.casinoking.com/,GMB,Gambling,2019-06-15,Netalitica,
http://xn--80aaifmgl1achx.xn--p1ai/,GMB,Gambling,2019-06-15,Netalitica,
https://goldfishka66.com/,GMB,Gambling,2019-06-15,Netalitica,
http://www.hateit.ru/,HATE,Hate Speech,2019-06-15,Netalitica,
https://russia.googleblog.com/,HOST,Hosting and Blogging Platforms,2019-06-15,Netalitica,
https://www.liveinternet.ru/,HOST,Hosting and Blogging Platforms,2019-06-15,Netalitica,
http://usrf.us/,HUMR,Human Rights Issues,2019-06-15,Netalitica,US foundation blocked in Russia
https://medianet.kz/,HUMR,Human Rights Issues,2019-06-15,Netalitica,support civil sociiety in Central Asia
https://openrussia.org/,HUMR,Human Rights Issues,2019-06-15,Netalitica,Russian opposition movement blcked in Russia - for upstream filtering test
https://or.team/,HUMR,Human Rights Issues,2019-06-15,Netalitica,Russian opposition movement blcked in Russia - for upstream filtering test
https://roskomsvoboda.org/,HUMR,Human Rights Issues,2019-06-15,Netalitica,largest digital rights org in Russia
https://www.hrw.org/ru/europe/central-asia/turkmenistan/,HUMR,Human Rights Issues,2019-06-15,Netalitica,Human Wrights Watch Turkmenistan
http://gaia.ru/,LGBT,LGBT,2019-06-15,Netalitica,
http://gay.kz/,LGBT,LGBT,2019-06-15,Netalitica,
https://lgbti-ep.eu/,LGBT,LGBT,2019-06-15,Netalitica,
http://www.islamdin.com/,MILX,Terrorism and Militants,2019-06-15,Netalitica,
https://www.youtube.com/watch?v=hmIa2SGpm6s&feature=emb_title/,CTRL,Control content,2019-06-17,Netalitica,independent video about Turkmenistan
https://www.tmawto.com/tm/,COMM,E-commerce,2019-06-17,Netalitica,Turkmen online autoselsl platforms
https://www.adb.org/sites/default/files/publication/28973/csb-tkm.pdf/,HUMR,Human Rights Issues,2019-06-17,Netalitica,Overview of civil society organizations in TM
http://web.worldbank.org/archive/website01322/WEB/0__CON-2.HTM/,IGO,Intergovernmental Organizations,2019-06-17,Netalitica,World Bank civil society grants for TM 
http://web.worldbank.org/archive/website01322/WEB/0__MENUP.HTM/,IGO,Intergovernmental Organizations,2019-06-17,Netalitica,World Bank page on TM
https://www.europeanforum.net/countries/turkmenistan/,IGO,Intergovernmental Organizations,2019-06-17,Netalitica,European Forum for Democracy and Solidarity page on TM
http://flibusta.is/,MMED,Media sharing,2019-06-17,Netalitica,
http://donbass.ua/,NEWS,News Media,2019-06-17,Netalitica,Ukrainian news media
http://gundogar-news.com/,NEWS,News Media,2019-06-17,Netalitica,Turkmen news media
http://infoabad.com/,NEWS,News Media,2019-06-17,Netalitica,Turkmen news media
http://lurkmore.to/,NEWS,News Media,2019-06-17,Netalitica,Russian equivalent of Wikipedia
http://tdh.gov.tm/ru/,NEWS,News Media,2019-06-17,Netalitica,News Agency of Turkmenistan
http://turkmenistanlive.com/,NEWS,News Media,2019-06-17,Netalitica,Turkmen news media
http://www.ej.ru/,NEWS,News Media,2019-06-17,Netalitica,Liberal Russian media - blocked in Russia
http://www.fresher.ru/,NEWS,News Media,2019-06-17,Netalitica,Daily summary of popular Runet content
http://www.gundogar.org/,NEWS,News Media,2019-06-17,Netalitica,Critical Turkmen medium
http://www.newscentralasia.net/,NEWS,News Media,2019-06-17,Netalitica,Central Asia focus
http://www.turkmenbusiness.org/,NEWS,News Media,2019-06-17,Netalitica,Turkmen business news
http://www.turkmeninform.com/,NEWS,News Media,2019-06-17,Netalitica,Turkmen news media
http://www.turkmenistan.gov.tm/,NEWS,News Media,2019-06-17,Netalitica,Turkmen news media
http://www.turkmenistan.ru/,NEWS,News Media,2019-06-17,Netalitica,Turkmen news media
http://www.turkmenistaninfo.ru/,NEWS,News Media,2019-06-17,Netalitica,Turkmen news media
http://zamanturkmenistan.com/,NEWS,News Media,2019-06-17,Netalitica,Turkmen news media
https://15minut.org/,NEWS,News Media,2019-06-17,Netalitica,Tatar minority medium - blocked in Russia
https://arzuw.news/,NEWS,News Media,2019-06-17,Netalitica,Turkmen news media
https://fergana.agency/,NEWS,News Media,2019-06-17,Netalitica,Central Asia focus
https://glavnoe.ua/,NEWS,News Media,2019-06-17,Netalitica,Ukrainian medium - blocked in Russia
https://inosmi.ru/,NEWS,News Media,2019-06-17,Netalitica,Russian news media
https://meduza.io/,NEWS,News Media,2019-06-17,Netalitica,Liberal Russian media - blocked in Kazakhstan
https://ru.krymr.com/,NEWS,News Media,2019-06-17,Netalitica,
https://turkmenportal.com/,NEWS,News Media,2019-06-17,Netalitica,Turkmen news media
https://tvrain.ru/,NEWS,News Media,2019-06-17,Netalitica,critical medium
https://www.azattyq.org/,NEWS,News Media,2019-06-17,Netalitica,Azattyk _ Kazakh service
https://www.gazeta.ru/,NEWS,News Media,2019-06-17,Netalitica,Russian news media
https://www.radiosvoboda.org/,NEWS,News Media,2019-06-17,Netalitica,
https://www.turkmenistannews.net/,NEWS,News Media,2019-06-17,Netalitica,Turkmen news media
https://top.jdu.ru/,DATE,Online Dating,2019-06-17,Netalitica,
https://navalny.com/,POLR,Political Criticism,2019-06-17,Netalitica,Russian opposition leader
https://www.facebook.com/pages/Republican-Party-of-Turkmenistan/109841489042754/,POLR,Political Criticism,2019-06-17,Netalitica,dissident political party of Turkmenistan operating in exile
https://www.osce.org/odihr/265676/,POLR,Political Criticism,2019-06-17,Netalitica,address of opposition party
https://www.putin-itogi.ru/,POLR,Political Criticism,2019-06-17,Netalitica,critical of Putin
http://fei.ru/,PORN,Pornography,2019-06-17,Netalitica,
http://www.moviesarena.com/,PORN,Pornography,2019-06-17,Netalitica,
https://pornoelena.net/,PORN,Pornography,2019-06-17,Netalitica,
https://www.almatinki.com/,PROV,Provocative Attire,2019-06-17,Netalitica,
http://islam.ru/,REL,Religion,2019-06-17,Netalitica,
https://hunafa.com/,MILX,Terrorism and Militants,2019-06-17,Netalitica,
https://kavkazcenter.com/,MILX,Terrorism and Militants,2019-06-17,Netalitica,
https://www.kavkazcenter.com/,MILX,Terrorism and Militants,2019-06-17,Netalitica,
https://www.usrf.us/,HUMR,Human Rights Issues,2019-08-15,Netalitica,US foundation blocked in Russia
http://bluesystem.ru/,LGBT,LGBT,2019-08-15,Netalitica,blocked in Russia
https://www.rbth.com/lgbt-in-russia/,LGBT,LGBT,2019-08-15,Netalitica,
http://censor.net.ua/,NEWS,News Media,2019-08-15,Netalitica,Ukrainian medium - blocked in Russia - upstream filtering test
http://utronews.org/,NEWS,News Media,2019-08-15,Netalitica,Liberal Russian media - blocked in Russia
https://fergana.news/,NEWS,News Media,2019-08-15,Netalitica,Central Asia regional medium
http://kasparov.ru/,POLR,Political Criticism,2019-08-15,Netalitica,Russian opposition leader - blocked in Russia. For control purposes
http://khodorkovsky.ru/,POLR,Political Criticism,2019-08-15,Netalitica,Russian opposition leader - blocked in Russia. For control purposes
http://vozrojdenie.crimea.ua/index.php/,MILX,Terrorism and Militants,2019-08-15,Netalitica,
http://www.narkotiki.ru/,ALDR,Alcohol & Drugs,2019-12-09,Netalitica,
http://www.nodrugs.ru/,ALDR,Alcohol & Drugs,2019-12-09,Netalitica,
http://forum.lingvolive.com/,COMT,Communication Tools,2019-12-09,Netalitica,forum for linguists
https://accounts.google.com/signup/,COMT,Communication Tools,2019-12-09,Netalitica,
http://www.europaplus.ru/,CULTR,Culture,2019-12-09,Netalitica,online radio stations
http://www.scepsis.ru/,CULTR,Culture,2019-12-09,Netalitica,
http://www.forest.ru/,ENV,Environment,2019-12-09,Netalitica,focus on forestry in Russia
http://www.iucn.ru/,ENV,Environment,2019-12-09,Netalitica,
https://ecodefense.ru/,ENV,Environment,2019-12-09,Netalitica,green organization
https://greenpeace.ru/,ENV,Environment,2019-12-09,Netalitica,Greenpeace Russia
http://ru.onlinecasinos5.ru/,GMB,Gambling,2019-12-09,Netalitica,
https://goldfishka68.com/,GMB,Gambling,2019-12-09,Netalitica,
http://www.trud.org/,HOST,Hosting and Blogging Platforms,2019-12-09,Netalitica,domain registration
https://elhosting.ru/,HOST,Hosting and Blogging Platforms,2019-12-09,Netalitica,Hosting and domain registration
https://itblogs.ru/,HOST,Hosting and Blogging Platforms,2019-12-09,Netalitica,hosting
https://www.blogger.com/about/?hl=ru/,HOST,Hosting and Blogging Platforms,2019-12-09,Netalitica,blogging platform
https://www.reg.ru/,HOST,Hosting and Blogging Platforms,2019-12-09,Netalitica,hosting
https://eurasia.amnesty.org/,HUMR,Human Rights Issues,2019-12-09,Netalitica,Amnesty Eurasia
https://migrant.ru/,HUMR,Human Rights Issues,2019-12-09,Netalitica,refugee orgs forum
https://www.memo.ru/,HUMR,Human Rights Issues,2019-12-09,Netalitica,
https://www.sova-center.ru/,HUMR,Human Rights Issues,2019-12-09,Netalitica,anallytical portal
https://download.ru/about/,MMED,Media sharing,2019-12-09,Netalitica,
http://fca.narod.ru/,NEWS,News Media,2019-12-09,Netalitica,Caucasus information portal
http://irex.ru/,NEWS,News Media,2019-12-09,Netalitica,international business news
http://www.kasparov.ru/,NEWS,News Media,2019-12-09,Netalitica,critical Russian news media
http://www.mideast.ru/,NEWS,News Media,2019-12-09,Netalitica,news and email service
http://www.ng.ru/,NEWS,News Media,2019-12-09,Netalitica,Russian medium
https://aif.ru/,NEWS,News Media,2019-12-09,Netalitica,Russian medium
https://echo.msk.ru/,NEWS,News Media,2019-12-09,Netalitica,critical Russian news media
https://lenta.ru/,NEWS,News Media,2019-12-09,Netalitica,Russian medium
https://novayagazeta.ru/,NEWS,News Media,2019-12-09,Netalitica,Russian medium
https://radiomayak.ru/,NEWS,News Media,2019-12-09,Netalitica,Russian radio station
https://tass.ru/,NEWS,News Media,2019-12-09,Netalitica,Russian information agency TASS
https://www.1tv.ru/,NEWS,News Media,2019-12-09,Netalitica,1st TV channel - Russia
https://www.bbc.com/russian/,NEWS,News Media,2019-12-09,Netalitica,BBC Russia service
https://www.kommersant.ru/,NEWS,News Media,2019-12-09,Netalitica,Russian medium
https://www.kp.ru/,NEWS,News Media,2019-12-09,Netalitica,Russian medium
https://www.ntv.ru/,NEWS,News Media,2019-12-09,Netalitica,Russian medium
https://www.rbc.ru/,NEWS,News Media,2019-12-09,Netalitica,Russian medium
http://www.holiday.ru/,DATE,Online Dating,2019-12-09,Netalitica,
http://www.mydarling.ru/,DATE,Online Dating,2019-12-09,Netalitica,
https://damochka.ru/,DATE,Online Dating,2019-12-09,Netalitica,
https://loveplanet.ru/,DATE,Online Dating,2019-12-09,Netalitica,
http://a-sadov.livejournal.com/,POLR,Political Criticism,2019-12-09,Netalitica,
http://stalinism.ru/,POLR,Political Criticism,2019-12-09,Netalitica,about Stalin
http://www.libertarium.ru/libertarium/sorm/,POLR,Political Criticism,2019-12-09,Netalitica,
https://civitas.ru/,POLR,Political Criticism,2019-12-09,Netalitica,civil society resource
https://holmogor.livejournal.com/,POLR,Political Criticism,2019-12-09,Netalitica,Russia focus
https://www.khodorkovsky.ru/,POLR,Political Criticism,2019-12-09,Netalitica,
http://afew.org/ru/,PUBH,Public Health,2019-12-09,Netalitica,
http://doctorvic.ru/,PUBH,Public Health,2019-12-09,Netalitica,
http://www.euro.who.int/ru/home/,PUBH,Public Health,2019-12-09,Netalitica,World Health Organiztion - Russian page
http://www.who.int/topics/family_planning/ru/,PUBH,Public Health,2019-12-09,Netalitica,WHO - Russian language
http://geo.orthodoxy.ru/,REL,Religion,2019-12-09,Netalitica,Georgia Orthodox Church
http://www.patriarchia.ru/,REL,Religion,2019-12-09,Netalitica,Russian Orthodox Church
http://www.russianorthodoxchurch.ws/,REL,Religion,2019-12-09,Netalitica,Russian church - aborad
http://www.satanistsite.narod.ru/,REL,Religion,2019-12-09,Netalitica,
https://mospat.ru/ru/,REL,Religion,2019-12-09,Netalitica,Russian Orthodox Church
https://www.buddhism.ru/,REL,Religion,2019-12-09,Netalitica,
https://ru.yahoo.com/,SRCH,Search Engines,2019-12-09,Netalitica,
http://wwwoman.ru/bezopasnyi-seks-razlichnye-sredstva-kontratsetsii-755.htm/,XED,Sex Education,2019-12-09,Netalitica,
http://kavkaz.tv/,MILX,Terrorism and Militants,2019-12-09,Netalitica,
