url,category_code,category_description,date_added,source,notes
http://angryarab.blogspot.com/,POLR,Political Criticism,2014-04-15,citizenlab,
http://www.ahewar.org/,POLR,Political Criticism,2014-04-15,citizenlab,
http://www.danielpipes.org/,POLR,Political Criticism,2014-04-15,citizenlab,
http://www.verite-action.org/,POLR,Political Criticism,2014-04-15,citizenlab,
http://www.ansarweb.net/,REL,Religion,2014-04-15,citizenlab,
http://www.bahai-faith.org/,REL,Religion,2014-04-15,citizenlab,
http://www.light-of-life.com/,REL,Religion,2014-04-15,citizenlab,
http://www.yahosein.com/,REL,Religion,2014-04-15,citizenlab,
http://www.coptic.net/EncyclopediaCoptica/,REL,Religion,2014-04-15,citizenlab,
http://www.moncefmarzouki.com/,POLR,Political Criticism,2014-04-15,citizenlab,
https://answering-islam.org/,REL,Religion,2014-04-15,citizenlab,
https://bahai.com/,REL,Religion,2014-04-15,citizenlab,
http://www.casinoduliban.com.lb/,GMB,Gambling,2014-04-15,citizenlab,
https://euromedrights.org/,HUMR,Human Rights Issues,2014-04-15,citizenlab,
https://arabic.cnn.com/,NEWS,News Media,2014-04-15,citizenlab,
http://www.alhayat.com/,NEWS,News Media,2014-04-15,citizenlab,
http://www.thequran.com/,REL,Religion,2014-04-15,citizenlab,
https://www.tarjem.com/,COMT,Communication Tools,2014-04-15,citizenlab,
https://www.business-humanrights.org/,HUMR,Human Rights Issues,2014-04-15,citizenlab,
https://www.business-humanrights.org/en/regions-countries/middle-east-no-africa/tunisia,HUMR,Human Rights Issues,2014-04-15,citizenlab,
https://al-bab.com/,NEWS,News Media,2014-04-15,citizenlab,
https://www.albawaba.com/,NEWS,News Media,2014-04-15,citizenlab,
https://www.alquds.co.uk/,NEWS,News Media,2014-04-15,citizenlab,
https://www.anti-cair-net.org/,NEWS,News Media,2014-04-15,citizenlab,
https://www.azzaman.com/,NEWS,News Media,2014-04-15,citizenlab,
https://middle-east-online.com/,NEWS,News Media,2014-04-15,citizenlab,
https://www.radiosawa.com/,NEWS,News Media,2014-04-15,citizenlab,
https://www.nikahsearch.com/,DATE,Online Dating,2014-04-15,citizenlab,
https://zawajfriends.com/,DATE,Online Dating,2014-04-15,citizenlab,
https://www.facebook.com/OUAJIHBADREDDINE,POLR,Political Criticism,2014-04-15,citizenlab,
https://www.facebook.com/TUNISIE-TOUJOURS-210055832354486/,POLR,Political Criticism,2014-04-15,citizenlab,
https://www.facebook.com/takrizo/,POLR,Political Criticism,2014-04-15,citizenlab,
https://www.ikhwanweb.com/,POLR,Political Criticism,2014-04-15,citizenlab,
https://www.arabicbible.com/,REL,Religion,2014-04-15,citizenlab,
https://irshadmanji.com/,REL,Religion,2014-04-15,citizenlab,
https://the-good-way.com/eng/,REL,Religion,2014-04-15,citizenlab,
https://www.thegrace.com/,REL,Religion,2014-04-15,citizenlab,
http://www.amplusnet.com/,ANON,Anonymization and circumvention tools,2014-04-15,citizenlab,
http://www.almisbar.com/,COMT,Communication Tools,2014-04-15,citizenlab,
http://www.bouhageb.com/,CULTR,Culture,2014-04-15,citizenlab,
http://www.anhri.net/,HUMR,Human Rights Issues,2014-04-15,citizenlab,
http://www.anhri.net/tunisia/,HUMR,Human Rights Issues,2014-04-15,citizenlab,
http://freemuslim.org/,HUMR,Human Rights Issues,2014-04-15,citizenlab,
http://www.humum.net/,HUMR,Human Rights Issues,2014-04-15,citizenlab,
http://www.bbc.com/arabic/,NEWS,News Media,2014-04-15,citizenlab,
http://nawaat.org/portail/,NEWS,News Media,2014-04-15,citizenlab,
http://arabic.peopledaily.com.cn/,NEWS,News Media,2014-04-15,citizenlab,
https://www.alalamtv.net/,NEWS,News Media,2014-04-15,citizenlab,
http://www.alhiwar.net/,NEWS,News Media,2014-04-15,citizenlab,
http://www.tunisiancommunity.org/,NEWS,News Media,2014-04-15,citizenlab,
http://www.evemodels.com/,DATE,Online Dating,2014-04-15,citizenlab,
http://liqaa.net/,POLR,Political Criticism,2014-04-15,citizenlab,
http://www.baath-party.org/,POLR,Political Criticism,2014-04-15,citizenlab,
http://www.reveiltunisien.org/,POLR,Political Criticism,2014-04-15,citizenlab,
http://www.ugtt.org.tn/,POLR,Political Criticism,2014-04-15,citizenlab,
http://www.sharmota.com/,PORN,Pornography,2014-04-15,citizenlab,
https://fr.wiktionary.org/,CULTR,Culture,2018-07-06,Wikimedia,URLs provided by wikipedia based on the most popular language domains per country
https://ar.wikisource.org/,CULTR,Culture,2018-07-06,Wikimedia,URLs provided by wikipedia based on the most popular language domains per country
https://arz.wikipedia.org/,CULTR,Culture,2018-07-06,Wikimedia,URLs provided by wikipedia based on the most popular language domains per country
https://fr.wikisource.org/,CULTR,Culture,2019-06-07,Wikimedia,URLs provided by wikipedia based on the most popular language domains per country
https://fr.m.wikisource.org/,CULTR,Culture,2019-06-07,Wikimedia,URLs provided by wikipedia based on the most popular language domains per country
https://ar.drinkedin.net/,ALDR,Alcohol & Drugs,2019-07-14,Netalitica,
https://beerafrica.com/2016/07/05/beer-in-tunisia/,ALDR,Alcohol & Drugs,2019-07-14,Netalitica,
https://bmmishops.com/verify/,ALDR,Alcohol & Drugs,2019-07-14,Netalitica,
https://www.africanandeastern.com/,ALDR,Alcohol & Drugs,2019-07-14,Netalitica,
https://www.drinkies.net/,ALDR,Alcohol & Drugs,2019-07-14,Netalitica,
https://www.leclos.net/,ALDR,Alcohol & Drugs,2019-07-14,Netalitica,
https://www.mashrobi.com/,ALDR,Alcohol & Drugs,2019-07-14,Netalitica,
http://www.arabprogs.com/,ANON,Anonymization and circumvention tools,2019-07-14,Netalitica,
http://www.proxyarab.com/,ANON,Anonymization and circumvention tools,2019-07-14,Netalitica,
https://ar.vpnmentor.com/,ANON,Anonymization and circumvention tools,2019-07-14,Netalitica,
https://ara.privateinternetaccess.com/,ANON,Anonymization and circumvention tools,2019-07-14,Netalitica,
https://beheard.salamatech.org/ar/,ANON,Anonymization and circumvention tools,2019-07-14,Netalitica,
https://kaserproxy.net/,ANON,Anonymization and circumvention tools,2019-07-14,Netalitica,
https://mahjooob.com/,ANON,Anonymization and circumvention tools,2019-07-14,Netalitica,
https://nottrees.com/,ANON,Anonymization and circumvention tools,2019-07-14,Netalitica,
https://salamatechwiki.org/,ANON,Anonymization and circumvention tools,2019-07-14,Netalitica,
https://weneedprivacy.com/,ANON,Anonymization and circumvention tools,2019-07-14,Netalitica,
https://www.arabichotspotshield.com/,ANON,Anonymization and circumvention tools,2019-07-14,Netalitica,
https://www.cyber-arabs.com/,ANON,Anonymization and circumvention tools,2019-07-14,Netalitica,
https://www.newtactics.org/ar/,ANON,Anonymization and circumvention tools,2019-07-14,Netalitica,
https://www.openingblockedsite.com/,ANON,Anonymization and circumvention tools,2019-07-14,Netalitica,
https://www.proteachin.com/,ANON,Anonymization and circumvention tools,2019-07-14,Netalitica,
https://www.salamatech.org/,ANON,Anonymization and circumvention tools,2019-07-14,Netalitica,
https://www.toopenblockedsites.com/,ANON,Anonymization and circumvention tools,2019-07-14,Netalitica,
https://xn--ngbsg7dyao.xyz/,ANON,Anonymization and circumvention tools,2019-07-14,Netalitica,
http://www.apia.com.tn/ar/,CTRL,Control content,2019-07-14,Netalitica,
http://www.ati.tn/,CTRL,Control content,2019-07-14,Netalitica,
http://www.ccl.tn/,CTRL,Control content,2019-07-14,Netalitica,
http://www.ceik.rnu.tn/,CTRL,Control content,2019-07-14,Netalitica,
https://www.bct.gov.tn/,CTRL,Control content,2019-07-14,Netalitica,
https://www.diplomatie.gov.tn/,CTRL,Control content,2019-07-14,Netalitica,
https://www.tap.info.tn/ar/,CTRL,Control content,2019-07-14,Netalitica,
http://al-adab.com/index/,CULTR,Culture,2019-07-14,Netalitica,
http://news.chamseljanoub.tn/,CULTR,Culture,2019-07-14,Netalitica,
http://thakafia.tn/,CULTR,Culture,2019-07-14,Netalitica,
http://tunisie.co/ar/,CULTR,Culture,2019-07-14,Netalitica,
http://www.aktumag.com/,CULTR,Culture,2019-07-14,Netalitica,
http://www.archi-mag.com/,CULTR,Culture,2019-07-14,Netalitica,
http://www.awttar.com/,CULTR,Culture,2019-07-14,Netalitica,
http://www.far7a.com/fr/,CULTR,Culture,2019-07-14,Netalitica,
http://www.koora.com/,CULTR,Culture,2019-07-14,Netalitica,
http://www.mawsouaa.tn/,CULTR,Culture,2019-07-14,Netalitica,
http://www.myportail.com/,CULTR,Culture,2019-07-14,Netalitica,
http://www.radioculturelle.tn/,CULTR,Culture,2019-07-14,Netalitica,
http://www.tixup.com/,CULTR,Culture,2019-07-14,Netalitica,
http://www.tounesbledi.com/,CULTR,Culture,2019-07-14,Netalitica,
http://www.tunisie.com/,CULTR,Culture,2019-07-14,Netalitica,
http://www.zoomtunisia.tn/,CULTR,Culture,2019-07-14,Netalitica,
https://areckef.wordpress.com/,CULTR,Culture,2019-07-14,Netalitica,
https://partivert-tunisie.com/,CULTR,Culture,2019-07-14,Netalitica,
https://www.elhiwarettounsi.com/,CULTR,Culture,2019-07-14,Netalitica,
https://www.jetsetmagazine.net/,CULTR,Culture,2019-07-14,Netalitica,
https://www.tunisia-school.com/forum/,CULTR,Culture,2019-07-14,Netalitica,
https://tn.opensooq.com/ar/,COMM,E-commerce,2019-07-14,Netalitica,
https://www.carrefourtunisie.com/,COMM,E-commerce,2019-07-14,Netalitica,
https://www.coucoutunisia.com/fr/,COMM,E-commerce,2019-07-14,Netalitica,
https://www.jumia.com.tn/,COMM,E-commerce,2019-07-14,Netalitica,
https://www.surprisemetunisia.com/,COMM,E-commerce,2019-07-14,Netalitica,
http://astecis.org/,ECON,Economics,2019-07-14,Netalitica,
http://larevuedelentreprise.com/,ECON,Economics,2019-07-14,Netalitica,
http://lexpertjournal.net/,ECON,Economics,2019-07-14,Netalitica,
http://www.afkar.tn/,ECON,Economics,2019-07-14,Netalitica,
http://www.anc.tn/site/main/AR/index.jsp/,ECON,Economics,2019-07-14,Netalitica,
http://www.archibat.info/home.php/,ECON,Economics,2019-07-14,Netalitica,
http://www.businesstunisie.com/,ECON,Economics,2019-07-14,Netalitica,
http://www.bvmt.com.tn/,ECON,Economics,2019-07-14,Netalitica,
http://www.investir-en-tunisie.net/fr/,ECON,Economics,2019-07-14,Netalitica,
http://www.tunisie-annonce.com/,ECON,Economics,2019-07-14,Netalitica,
http://www.tunistribune.com/,ECON,Economics,2019-07-14,Netalitica,
https://menafn.com/,ECON,Economics,2019-07-14,Netalitica,
https://www.arabianbusiness.com/,ECON,Economics,2019-07-14,Netalitica,
https://www.ballouchi.com/,ECON,Economics,2019-07-14,Netalitica,
https://www.baya.tn/,ECON,Economics,2019-07-14,Netalitica,
https://www.cnbcarabia.com/,ECON,Economics,2019-07-14,Netalitica,
https://www.forbesmiddleeast.com/,ECON,Economics,2019-07-14,Netalitica,
https://www.leconomistemaghrebin.com/,ECON,Economics,2019-07-14,Netalitica,
https://www.marhba.com/,ECON,Economics,2019-07-14,Netalitica,
https://www.shopgo.me/ar/,ECON,Economics,2019-07-14,Netalitica,
https://www.tunipages.tn/,ECON,Economics,2019-07-14,Netalitica,
https://www.zawya.com/,ECON,Economics,2019-07-14,Netalitica,
http://acamff.blogspot.com/,ENV,Environment,2019-07-14,Netalitica,
http://ape-hg.tn/,ENV,Environment,2019-07-14,Netalitica,
http://natural-snc.org/,ENV,Environment,2019-07-14,Netalitica,
http://www.arabwatercouncil.org/,ENV,Environment,2019-07-14,Netalitica,
http://www.nfdhr.org/,ENV,Environment,2019-07-14,Netalitica,
http://www.oss-online.org/,ENV,Environment,2019-07-14,Netalitica,
http://www.persga.org/,ENV,Environment,2019-07-14,Netalitica,
https://acwua.org/,ENV,Environment,2019-07-14,Netalitica,
https://naturemena.com/,ENV,Environment,2019-07-14,Netalitica,
https://www.cepf.net/,ENV,Environment,2019-07-14,Netalitica,
https://www.iucnredlist.org/,ENV,Environment,2019-07-14,Netalitica,
http://multkasoft.com/,FILE,File-sharing,2019-07-14,Netalitica,
http://shamela.ws/index.php/,FILE,File-sharing,2019-07-14,Netalitica,
http://www.5-yal.com/,FILE,File-sharing,2019-07-14,Netalitica,
http://www.arabyarea.com/,FILE,File-sharing,2019-07-14,Netalitica,
http://www.doniacomputer.com/,FILE,File-sharing,2019-07-14,Netalitica,
http://www.th3download.com/,FILE,File-sharing,2019-07-14,Netalitica,
https://ar4up.com/,FILE,File-sharing,2019-07-14,Netalitica,
https://bramjmyegy.co/,FILE,File-sharing,2019-07-14,Netalitica,
https://technoarabi.com/,FILE,File-sharing,2019-07-14,Netalitica,
https://www.alarabydownloads.com/,FILE,File-sharing,2019-07-14,Netalitica,
https://www.androidapps-ar.com/,FILE,File-sharing,2019-07-14,Netalitica,
https://www.arbprograms.com/,FILE,File-sharing,2019-07-14,Netalitica,
https://www.bramjfreee.com/,FILE,File-sharing,2019-07-14,Netalitica,
https://www.bramjzone.com/,FILE,File-sharing,2019-07-14,Netalitica,
https://www.downloadprogramsline.com/,FILE,File-sharing,2019-07-14,Netalitica,
https://www.downloadxdriver.com/,FILE,File-sharing,2019-07-14,Netalitica,
https://www.esm3.com/,FILE,File-sharing,2019-07-14,Netalitica,
https://www.mo7pro.com/,FILE,File-sharing,2019-07-14,Netalitica,
https://www.mohmal.com/,FILE,File-sharing,2019-07-14,Netalitica,
http://arabian-slotsx.com/,GMB,Gambling,2019-07-14,Netalitica,
http://arabianbetting.com/,GMB,Gambling,2019-07-14,Netalitica,
http://www.onlinearabiccasino.com/,GMB,Gambling,2019-07-14,Netalitica,
http://xn--mgbaad5cxb7deyuu.com/,GMB,Gambling,2019-07-14,Netalitica,
https://arab-casino.org/,GMB,Gambling,2019-07-14,Netalitica,
https://arabcasino.co/,GMB,Gambling,2019-07-14,Netalitica,
https://arabcasinohex.com/,GMB,Gambling,2019-07-14,Netalitica,
https://arabian-roulette.com/,GMB,Gambling,2019-07-14,Netalitica,
https://casinoarabian.com/,GMB,Gambling,2019-07-14,Netalitica,
https://online-casino-arabic.com/,GMB,Gambling,2019-07-14,Netalitica,
https://www.arabiccasinochoice.com/,GMB,Gambling,2019-07-14,Netalitica,
https://www.casino-bahrain.com/,GMB,Gambling,2019-07-14,Netalitica,
https://www.casinoaraby.com/,GMB,Gambling,2019-07-14,Netalitica,
https://www.casinoarbi.com/,GMB,Gambling,2019-07-14,Netalitica,
https://www.casinoelarab.com/,GMB,Gambling,2019-07-14,Netalitica,
https://www.casinosenarabe.com.ar/,GMB,Gambling,2019-07-14,Netalitica,
https://www.casinotunisia.com/,GMB,Gambling,2019-07-14,Netalitica,
https://www.elarabcasino.com/,GMB,Gambling,2019-07-14,Netalitica,
https://www.finalarab.com/,GMB,Gambling,2019-07-14,Netalitica,
https://www.toparabcasinos.com/,GMB,Gambling,2019-07-14,Netalitica,
https://xn--888-nze9cufxaqq.com/,GMB,Gambling,2019-07-14,Netalitica,
http://game-game.ma/,GAME,Gaming,2019-07-14,Netalitica,
http://www.337.com/ar/minigame/,GAME,Gaming,2019-07-14,Netalitica,
http://www.ar.obfog.com/,GAME,Gaming,2019-07-14,Netalitica,
https://chessduo.com/ar/,GAME,Gaming,2019-07-14,Netalitica,
https://viptarneeb.com/,GAME,Gaming,2019-07-14,Netalitica,
https://www.alsindibad.com/,GAME,Gaming,2019-07-14,Netalitica,
https://www.gamessakhr.com/,GAME,Gaming,2019-07-14,Netalitica,
https://www.gamku.com/,GAME,Gaming,2019-07-14,Netalitica,
https://www.gmajid.com/,GAME,Gaming,2019-07-14,Netalitica,
https://www.jawaker.com/,GAME,Gaming,2019-07-14,Netalitica,
https://badoo.co.il/,GOVT,Government,2019-07-14,Netalitica,Israel top level domain name websites to test if ISPs block .il websites
https://caa.gov.il/,GOVT,Government,2019-07-14,Netalitica,Israel top level domain name websites to test if ISPs block .il websites
https://www.airfrance.co.il/,GOVT,Government,2019-07-14,Netalitica,Israel top level domain name websites to test if ISPs block .il websites
https://www.gov.il/,GOVT,Government,2019-07-14,Netalitica,Israel top level domain name websites to test if ISPs block .il websites
https://www.gplanet.co.il/,GOVT,Government,2019-07-14,Netalitica,Israel top level domain name websites to test if ISPs block .il websites
https://www.hotelscombined.co.il/,GOVT,Government,2019-07-14,Netalitica,Random Israel top level domain name websites to test if ISPs block .il websites
https://www.kolhair.co.il/,GOVT,Government,2019-07-14,Netalitica,Israel top level domain name websites to test if ISPs block .il websites
http://212.129.24.11/,HACK,Hacking Tools,2019-07-14,Netalitica,
http://abtalealdjazaire.ahlamontada.net/,HACK,Hacking Tools,2019-07-14,Netalitica,
http://alhacker.mam9.com/,HACK,Hacking Tools,2019-07-14,Netalitica,
http://bl4ck-ghost.hooxs.com/,HACK,Hacking Tools,2019-07-14,Netalitica,
http://dev-hack.ahlamontada.net/,HACK,Hacking Tools,2019-07-14,Netalitica,
http://egypt4hack.ahlamontada.com/,HACK,Hacking Tools,2019-07-14,Netalitica,
http://hackerr.hooxs.com/forum/,HACK,Hacking Tools,2019-07-14,Netalitica,
http://hackers.banouta.net/,HACK,Hacking Tools,2019-07-14,Netalitica,
http://hackerz.ahlamontada.net/,HACK,Hacking Tools,2019-07-14,Netalitica,
http://hakers.arabepro.com/,HACK,Hacking Tools,2019-07-14,Netalitica,
http://www.aljyyosh.com/vb/,HACK,Hacking Tools,2019-07-14,Netalitica,
http://www.hack-int.com/cc/,HACK,Hacking Tools,2019-07-14,Netalitica,
http://www.v4-team.com/cc/index.php/,HACK,Hacking Tools,2019-07-14,Netalitica,
https://tunisiahacker.com/,HACK,Hacking Tools,2019-07-14,Netalitica,
https://www.alkrsan.net/forum/,HACK,Hacking Tools,2019-07-14,Netalitica,
http://webarabi.com/,HOST,Hosting and Blogging Platforms,2019-07-14,Netalitica,
http://www.web-tunisia.com/,HOST,Hosting and Blogging Platforms,2019-07-14,Netalitica,
https://hostkda.com/ar/,HOST,Hosting and Blogging Platforms,2019-07-14,Netalitica,
https://sahaba.io/reseller-hosting/,HOST,Hosting and Blogging Platforms,2019-07-14,Netalitica,
https://the-arabs.com/,HOST,Hosting and Blogging Platforms,2019-07-14,Netalitica,
https://tunisieweb.net/,HOST,Hosting and Blogging Platforms,2019-07-14,Netalitica,
https://www.arabhost.com/,HOST,Hosting and Blogging Platforms,2019-07-14,Netalitica,
https://www.badrnet.net/,HOST,Hosting and Blogging Platforms,2019-07-14,Netalitica,
https://www.estedafah.com/,HOST,Hosting and Blogging Platforms,2019-07-14,Netalitica,
https://www.lookserv.com/,HOST,Hosting and Blogging Platforms,2019-07-14,Netalitica,
https://www.novahoster.tn/,HOST,Hosting and Blogging Platforms,2019-07-14,Netalitica,
https://www.oxahost.tn/,HOST,Hosting and Blogging Platforms,2019-07-14,Netalitica,
http://adlitn.org/en/node/,HUMR,Human Rights Issues,2019-07-14,Netalitica,
http://association-defi.blogspot.com/,HUMR,Human Rights Issues,2019-07-14,Netalitica,
http://associationdelactionciviquedeklibia.blogspot.com/,HUMR,Human Rights Issues,2019-07-14,Netalitica,
http://atcp.org.tn/,HUMR,Human Rights Issues,2019-07-14,Netalitica,
http://baladianews.com/,HUMR,Human Rights Issues,2019-07-14,Netalitica,
http://droitaladifference.org/,HUMR,Human Rights Issues,2019-07-14,Netalitica,
http://generation-anti-marginalisation.blogspot.com/,HUMR,Human Rights Issues,2019-07-14,Netalitica,
http://nakabi.blogspot.com/,HUMR,Human Rights Issues,2019-07-14,Netalitica,
http://snjt.org/,HUMR,Human Rights Issues,2019-07-14,Netalitica,
http://theilf.org/,HUMR,Human Rights Issues,2019-07-14,Netalitica,
http://www.actioncitoyenne-yvetot.org/,HUMR,Human Rights Issues,2019-07-14,Netalitica,
http://www.adlitn.org/fr/,HUMR,Human Rights Issues,2019-07-14,Netalitica,
http://www.aihr-iadh.org/ar/,HUMR,Human Rights Issues,2019-07-14,Netalitica,
http://www.amnesty-tunisie.org/,HUMR,Human Rights Issues,2019-07-14,Netalitica,
http://www.amt.org.tn/,HUMR,Human Rights Issues,2019-07-14,Netalitica,
http://www.apollon.org.tn/ar/,HUMR,Human Rights Issues,2019-07-14,Netalitica,
http://www.arat.tn/,HUMR,Human Rights Issues,2019-07-14,Netalitica,
http://www.atds.org.tn/,HUMR,Human Rights Issues,2019-07-14,Netalitica,
http://www.debatunisie.com/,HUMR,Human Rights Issues,2019-07-14,Netalitica,
http://www.atl.org.tn/index.html,HUMR,Human Rights Issues,2019-07-14,Netalitica,
http://www.cemi-tunis.org/,HUMR,Human Rights Issues,2019-07-14,Netalitica,
http://www.engagementcitoyen.tn/,HUMR,Human Rights Issues,2019-07-14,Netalitica,
http://www.infosjuridiques.com.tn/,HUMR,Human Rights Issues,2019-07-14,Netalitica,
http://www.lavoixdelenfant.org/,HUMR,Human Rights Issues,2019-07-14,Netalitica,
http://www.ltc.org.tn/,HUMR,Human Rights Issues,2019-07-14,Netalitica,
http://www.mourakiboun.org/,HUMR,Human Rights Issues,2019-07-14,Netalitica,
http://www.nomad08.org/,HUMR,Human Rights Issues,2019-07-14,Netalitica,
http://www.odl.tn/ar/,HUMR,Human Rights Issues,2019-07-14,Netalitica,
http://www.oit.org.tn/,HUMR,Human Rights Issues,2019-07-14,Netalitica,
http://www.rojtunisie.com/,HUMR,Human Rights Issues,2019-07-14,Netalitica,
http://www.tradenet.com.tn/portal/page/notreMission/,HUMR,Human Rights Issues,2019-07-14,Netalitica,
http://www.util.tn/,HUMR,Human Rights Issues,2019-07-14,Netalitica,
https://daamdth.org/,HUMR,Human Rights Issues,2019-07-14,Netalitica,
https://euromedrights.org/ar/,HUMR,Human Rights Issues,2019-07-14,Netalitica,
https://majles.marsad.tn/anc/,HUMR,Human Rights Issues,2019-07-14,Netalitica,
https://rassdtunisia.net/,HUMR,Human Rights Issues,2019-07-14,Netalitica,
https://snjt-obs.org/,HUMR,Human Rights Issues,2019-07-14,Netalitica,
https://www.albawsala.com/,HUMR,Human Rights Issues,2019-07-14,Netalitica,
https://www.asf.be/fr/,HUMR,Human Rights Issues,2019-07-14,Netalitica,
https://www.francais-du-monde.org/,HUMR,Human Rights Issues,2019-07-14,Netalitica,
https://www.iwatch.tn/ar/,HUMR,Human Rights Issues,2019-07-14,Netalitica,
https://www.journalistesfaxien.tn/,HUMR,Human Rights Issues,2019-07-14,Netalitica,
https://www.oyoho.org/,HUMR,Human Rights Issues,2019-07-14,Netalitica,
https://www.tunact.org/,HUMR,Human Rights Issues,2019-07-14,Netalitica,
http://chouf-minorities.org/,LGBT,LGBT,2019-07-14,Netalitica,"Local LGBTI group. Currently offline, but we should keep in case it comes up."
http://gaymorocco.yoo7.com/,LGBT,LGBT,2019-07-14,Netalitica,
http://hakr-man.yoo7.com/,LGBT,LGBT,2019-07-14,Netalitica,
http://sabaah.dk/,LGBT,LGBT,2019-07-14,Netalitica,
http://shams-tunisie.com/,LGBT,LGBT,2019-07-14,Netalitica,"Local LGBTI group. Currently offline, but we should keep in case it comes up."
http://www.aswatmag.com/,LGBT,LGBT,2019-07-14,Netalitica,
http://www.helem.net/,LGBT,LGBT,2019-07-14,Netalitica,
https://ahwaa.org/?lang=ar/,LGBT,LGBT,2019-07-14,Netalitica,
https://kwirmedia.com/,LGBT,LGBT,2019-07-14,Netalitica,
https://majal.org/ahwaa/,LGBT,LGBT,2019-07-14,Netalitica,
https://meemmagazine.net/,LGBT,LGBT,2019-07-14,Netalitica,
https://mutsaween.wordpress.com/,LGBT,LGBT,2019-07-14,Netalitica,
https://queerfilmfestival.mawjoudin.org/en/home/,LGBT,LGBT,2019-07-14,Netalitica,
https://thequeerarabs.com/,LGBT,LGBT,2019-07-14,Netalitica,
https://www.beirutpride.org/,LGBT,LGBT,2019-07-14,Netalitica,
https://www.damj.co/,LGBT,LGBT,2019-07-14,Netalitica,
https://www.lgbtarabic.com/,LGBT,LGBT,2019-07-14,Netalitica,
https://www.mykalimag.com/,LGBT,LGBT,2019-07-14,Netalitica,
https://www.salaamcanada.info/,LGBT,LGBT,2019-07-14,Netalitica,
https://www.Kelmty.org/,LGBT,LGBT,2019-07-14,Netalitica,"Local LGBTI group. Currently offline, but we should keep in case it comes up."
http://3arbt.com/,MMED,Media sharing,2019-07-14,Netalitica,
http://anakbnet.co/,MMED,Media sharing,2019-07-14,Netalitica,
http://arabsong.top/index.php/,MMED,Media sharing,2019-07-14,Netalitica,
http://cima4u.tv/,MMED,Media sharing,2019-07-14,Netalitica,
http://cima4up.co/,MMED,Media sharing,2019-07-14,Netalitica,
http://melody4arab.com/,MMED,Media sharing,2019-07-14,Netalitica,
http://movizland.online/,MMED,Media sharing,2019-07-14,Netalitica,
http://www.nsaem.net/videos/,MMED,Media sharing,2019-07-14,Netalitica,
https://arab.phonezik.net/,MMED,Media sharing,2019-07-14,Netalitica,
https://arabseed.me/,MMED,Media sharing,2019-07-14,Netalitica,
https://arabseed.tv/,MMED,Media sharing,2019-07-14,Netalitica,
https://arabtigers.com/,MMED,Media sharing,2019-07-14,Netalitica,
https://instaview.me/ar,MMED,Media sharing,2019-07-14,Netalitica,
https://mp3songs.alarab.com/,MMED,Media sharing,2019-07-14,Netalitica,
https://nogomistars.com/,MMED,Media sharing,2019-07-14,Netalitica,
https://rmdan.tv/,MMED,Media sharing,2019-07-14,Netalitica,
https://video.mzarita.tv/,MMED,Media sharing,2019-07-14,Netalitica,
https://www.4helal.tv/,MMED,Media sharing,2019-07-14,Netalitica,
https://www.dardarkom.tv/,MMED,Media sharing,2019-07-14,Netalitica,
https://www.farfeshplus.com/,MMED,Media sharing,2019-07-14,Netalitica,
https://www.nghmaty.com/,MMED,Media sharing,2019-07-14,Netalitica,
https://www.series4watch.online/,MMED,Media sharing,2019-07-14,Netalitica,
https://www.youtubeto.com/ar/,MMED,Media sharing,2019-07-14,Netalitica,
https://yomlek.com/,MMED,Media sharing,2019-07-14,Netalitica,
http://acharaa.com/,NEWS,News Media,2019-07-14,Netalitica,
http://akhbartounes.com/,NEWS,News Media,2019-07-14,Netalitica,
http://alhakikafm.tn/,NEWS,News Media,2019-07-14,Netalitica,
http://almouraceltn.blogspot.com/,NEWS,News Media,2019-07-14,Netalitica,
http://althawranews.blogspot.com/,NEWS,News Media,2019-07-14,Netalitica,
http://alwatannews.tn/,NEWS,News Media,2019-07-14,Netalitica,
http://assahifa.net/,NEWS,News Media,2019-07-14,Netalitica,
http://avant-premiere.com.tn/,NEWS,News Media,2019-07-14,Netalitica,
http://carthagefm.net/,NEWS,News Media,2019-07-14,Netalitica,
http://carthagenews.tn/,NEWS,News Media,2019-07-14,Netalitica,
http://chabiba.tn/,NEWS,News Media,2019-07-14,Netalitica,
http://cyrine-news.com/,NEWS,News Media,2019-07-14,Netalitica,
http://elyaum.info/,NEWS,News Media,2019-07-14,Netalitica,
http://infostunisie.overblog.com/,NEWS,News Media,2019-07-14,Netalitica,
http://karamafm.com/,NEWS,News Media,2019-07-14,Netalitica,
http://lahdha.tn/,NEWS,News Media,2019-07-14,Netalitica,
http://lemagazinedumanager.com/,NEWS,News Media,2019-07-14,Netalitica,
http://miraat-wassat.over-blog.com/,NEWS,News Media,2019-07-14,Netalitica,
http://mtunisiatv.com/,NEWS,News Media,2019-07-14,Netalitica,
http://nachaz.org/,NEWS,News Media,2019-07-14,Netalitica,
http://newspresse.tn/,NEWS,News Media,2019-07-14,Netalitica,
http://politicienmr.com/,NEWS,News Media,2019-07-14,Netalitica,
http://radionefzawa.net/,NEWS,News Media,2019-07-14,Netalitica,
http://solarmag.tn/,NEWS,News Media,2019-07-14,Netalitica,
http://tn-mediass.com/,NEWS,News Media,2019-07-14,Netalitica,
http://tn-news.com/v4_portal/home/,NEWS,News Media,2019-07-14,Netalitica,
http://tnntunisia.tn/,NEWS,News Media,2019-07-14,Netalitica,
http://tounes-darna.net/,NEWS,News Media,2019-07-14,Netalitica,
http://tunisie-telegraph.com/,NEWS,News Media,2019-07-14,Netalitica,
http://www.achahed.com/,NEWS,News Media,2019-07-14,Netalitica,
http://www.akherkhabaronline.com/ar/,NEWS,News Media,2019-07-14,Netalitica,
http://www.al-watan.com/,NEWS,News Media,2019-07-14,Netalitica,
http://www.alaanews.com/,NEWS,News Media,2019-07-14,Netalitica,
http://www.alchourouk.com/,NEWS,News Media,2019-07-14,Netalitica,
http://www.alhayetatounissia.net/,NEWS,News Media,2019-07-14,Netalitica,
http://www.alislahmag.com/,NEWS,News Media,2019-07-14,Netalitica,
http://www.alkasbah.tn/,NEWS,News Media,2019-07-14,Netalitica,
http://www.almouharrer.com/ar/,NEWS,News Media,2019-07-14,Netalitica,
http://www.alraiah.net/,NEWS,News Media,2019-07-14,Netalitica,
http://www.alwatannews.tn/,NEWS,News Media,2019-07-14,Netalitica,
http://www.assabah.com.tn/,NEWS,News Media,2019-07-14,Netalitica,
http://www.assabahnews.tn/,NEWS,News Media,2019-07-14,Netalitica,
http://www.assafir-attounissia.info/,NEWS,News Media,2019-07-14,Netalitica,
http://www.assahwa.net/,NEWS,News Media,2019-07-14,Netalitica,
http://www.astrolabetv.com/ar/,NEWS,News Media,2019-07-14,Netalitica,
http://www.atouf.net/,NEWS,News Media,2019-07-14,Netalitica,
http://www.attariq.org/,NEWS,News Media,2019-07-14,Netalitica,
http://www.attessia.tv/,NEWS,News Media,2019-07-14,Netalitica,
http://www.atz.tn/,NEWS,News Media,2019-07-14,Netalitica,
http://www.capradio.tn/fr/,NEWS,News Media,2019-07-14,Netalitica,
http://www.chariaa.tn/ar/,NEWS,News Media,2019-07-14,Netalitica,
http://www.elhassade.tn/web/,NEWS,News Media,2019-07-14,Netalitica,
http://www.elkhabar.com.tn/,NEWS,News Media,2019-07-14,Netalitica,
http://www.elmassaa.tn/,NEWS,News Media,2019-07-14,Netalitica,
http://www.elwatan.tn/,NEWS,News Media,2019-07-14,Netalitica,
http://www.elyssanews.com/,NEWS,News Media,2019-07-14,Netalitica,
http://www.essada.net/,NEWS,News Media,2019-07-14,Netalitica,
http://www.essahafa.tn/,NEWS,News Media,2019-07-14,Netalitica,
http://www.fallah.tv/,NEWS,News Media,2019-07-14,Netalitica,
http://www.femmesmaghrebines.com/,NEWS,News Media,2019-07-14,Netalitica,
http://www.hannibaltv.com.tn/,NEWS,News Media,2019-07-14,Netalitica,
http://www.ifm.tn/fr/,NEWS,News Media,2019-07-14,Netalitica,
http://www.inric.tn/,NEWS,News Media,2019-07-14,Netalitica,
http://www.jomhouria.com/,NEWS,News Media,2019-07-14,Netalitica,
http://www.journallapresse.tn/,NEWS,News Media,2019-07-14,Netalitica,
http://www.journallarepublique.tn/,NEWS,News Media,2019-07-14,Netalitica,
http://www.kapitalis.com/,NEWS,News Media,2019-07-14,Netalitica,
http://www.karimbenamor.com/,NEWS,News Media,2019-07-14,Netalitica,
http://www.kelma.fm/,NEWS,News Media,2019-07-14,Netalitica,
http://www.knoozfm.net/,NEWS,News Media,2019-07-14,Netalitica,
http://www.legislation.tn/,NEWS,News Media,2019-07-14,Netalitica,
http://www.lejournaldusmsi.org.tn/,NEWS,News Media,2019-07-14,Netalitica,
http://www.lepointtn.com/,NEWS,News Media,2019-07-14,Netalitica,
http://www.letemps.com.tn/,NEWS,News Media,2019-07-14,Netalitica,
http://www.letudiant.tn/,NEWS,News Media,2019-07-14,Netalitica,
http://www.letunizien.com/,NEWS,News Media,2019-07-14,Netalitica,
http://www.mag14.com/,NEWS,News Media,2019-07-14,Netalitica,
http://www.mateurnews.com/,NEWS,News Media,2019-07-14,Netalitica,
http://www.mestaoui.tn/,NEWS,News Media,2019-07-14,Netalitica,
http://www.minesfm.com/,NEWS,News Media,2019-07-14,Netalitica,
http://www.moujafm.com/,NEWS,News Media,2019-07-14,Netalitica,
http://www.mouvement-jeunes-patriotes-tunisiens.org/,NEWS,News Media,2019-07-14,Netalitica,
http://www.mouvementmachrou3tounes.com/,NEWS,News Media,2019-07-14,Netalitica,
http://www.msakentv.com/,NEWS,News Media,2019-07-14,Netalitica,
http://www.new-media.tn/,NEWS,News Media,2019-07-14,Netalitica,
http://www.ommahconf.com/,NEWS,News Media,2019-07-14,Netalitica,
http://www.platineradio.com/,NEWS,News Media,2019-07-14,Netalitica,
http://www.points.tn/,NEWS,News Media,2019-07-14,Netalitica,
http://www.pressebenarous.com/,NEWS,News Media,2019-07-14,Netalitica,
http://www.radio3r.org/,NEWS,News Media,2019-07-14,Netalitica,
http://www.radiodreamfm.net/,NEWS,News Media,2019-07-14,Netalitica,
http://www.radioexpressfm.com/,NEWS,News Media,2019-07-14,Netalitica,
http://www.radiogafsa.tn/,NEWS,News Media,2019-07-14,Netalitica,
http://www.radiojeunes.tn/,NEWS,News Media,2019-07-14,Netalitica,
http://www.radiokef.tn/,NEWS,News Media,2019-07-14,Netalitica,
http://www.radionationale.tn/,NEWS,News Media,2019-07-14,Netalitica,
http://www.radioquran.tn/,NEWS,News Media,2019-07-14,Netalitica,
http://www.radiosabrafm.net/,NEWS,News Media,2019-07-14,Netalitica,
http://www.radiosfax.tn/,NEWS,News Media,2019-07-14,Netalitica,
http://www.radiotataouine.tn/,NEWS,News Media,2019-07-14,Netalitica,
http://www.radiotunisienne.tn/,NEWS,News Media,2019-07-14,Netalitica,
http://www.rasdnet.com/,NEWS,News Media,2019-07-14,Netalitica,
http://www.rtci.tn/,NEWS,News Media,2019-07-14,Netalitica,
http://www.sawt-achaab.tn/,NEWS,News Media,2019-07-14,Netalitica,
http://www.soutour.tn/,NEWS,News Media,2019-07-14,Netalitica,
http://www.tdailynews.net/,NEWS,News Media,2019-07-14,Netalitica,
http://www.touwensa.com/,NEWS,News Media,2019-07-14,Netalitica,
http://www.tunimedia.tn/,NEWS,News Media,2019-07-14,Netalitica,
http://www.tunisialeaks.net/,NEWS,News Media,2019-07-14,Netalitica,
http://www.tunisiamediamonitor.com/,NEWS,News Media,2019-07-14,Netalitica,
http://www.tunisianow.net.tn/,NEWS,News Media,2019-07-14,Netalitica,
http://www.tunisiatimes.tn/,NEWS,News Media,2019-07-14,Netalitica,
http://www.tunisiatv.com/,NEWS,News Media,2019-07-14,Netalitica,
http://www.tunisiatv.tn/,NEWS,News Media,2019-07-14,Netalitica,
http://www.tunisiefocus.com/,NEWS,News Media,2019-07-14,Netalitica,
http://www.tunisien.tn/,NEWS,News Media,2019-07-14,Netalitica,
http://www.tunisiesoir.com/,NEWS,News Media,2019-07-14,Netalitica,
http://www.watania1.tn/,NEWS,News Media,2019-07-14,Netalitica,
http://www.watania2.tn/,NEWS,News Media,2019-07-14,Netalitica,
http://www.webdo.tn/,NEWS,News Media,2019-07-14,Netalitica,
http://zitounaonline.com/,NEWS,News Media,2019-07-14,Netalitica,
http://zoomtunisia.net/,NEWS,News Media,2019-07-14,Netalitica,
https://24info.tn/,NEWS,News Media,2019-07-14,Netalitica,
https://alamatonline.com/,NEWS,News Media,2019-07-14,Netalitica,
https://alarab.co.uk/,NEWS,News Media,2019-07-14,Netalitica,
https://alkhaleejonline.net/,NEWS,News Media,2019-07-14,Netalitica,
https://aloula.tn/,NEWS,News Media,2019-07-14,Netalitica,
https://annaharnews.tn/,NEWS,News Media,2019-07-14,Netalitica,
https://ar.aljanoubiyatv.net/,NEWS,News Media,2019-07-14,Netalitica,
https://ar.asslama.news/,NEWS,News Media,2019-07-14,Netalitica,
https://ar.lemaghreb.tn/,NEWS,News Media,2019-07-14,Netalitica,
https://ar.qantara.de/,NEWS,News Media,2019-07-14,Netalitica,
https://ar.webmanagercenter.com/,NEWS,News Media,2019-07-14,Netalitica,
https://arabi21.com/,NEWS,News Media,2019-07-14,Netalitica,
https://arabic.rt.com/,NEWS,News Media,2019-07-14,Netalitica,
https://arabic.sputniknews.com/,NEWS,News Media,2019-07-14,Netalitica,
https://arabic.tunisia-press.net/,NEWS,News Media,2019-07-14,Netalitica,
https://array-alam.com/,NEWS,News Media,2019-07-14,Netalitica,
https://attayarnews.net/,NEWS,News Media,2019-07-14,Netalitica,
https://attounisiyoun.com/,NEWS,News Media,2019-07-14,Netalitica,
https://bledinews.com.tn/,NEWS,News Media,2019-07-14,Netalitica,
https://daraj.com/,NEWS,News Media,2019-07-14,Netalitica,
https://fanack.com/,NEWS,News Media,2019-07-14,Netalitica,
https://femmesdetunisie.com/,NEWS,News Media,2019-07-14,Netalitica,
https://haica.tn/,NEWS,News Media,2019-07-14,Netalitica,
https://hamrinnews.net/,NEWS,News Media,2019-07-14,Netalitica,
https://inkyfada.com/,NEWS,News Media,2019-07-14,Netalitica,
https://islamentunisie.com/,NEWS,News Media,2019-07-14,Netalitica,
https://lapresse.tn/,NEWS,News Media,2019-07-14,Netalitica,
https://lemilieuautorise.com/,NEWS,News Media,2019-07-14,Netalitica,
https://maghrebint.com/,NEWS,News Media,2019-07-14,Netalitica,
https://mediaplustn.com/,NEWS,News Media,2019-07-14,Netalitica,
https://menneskeret.dk/,NEWS,News Media,2019-07-14,Netalitica,
https://news.gnet.tn/,NEWS,News Media,2019-07-14,Netalitica,
https://orientxxi.info/,NEWS,News Media,2019-07-14,Netalitica,
https://politikotounes.tn/,NEWS,News Media,2019-07-14,Netalitica,
https://radiomedtunisie.com/,NEWS,News Media,2019-07-14,Netalitica,
https://raitunisia.com/,NEWS,News Media,2019-07-14,Netalitica,
https://raseef22.com/,NEWS,News Media,2019-07-14,Netalitica,
https://saheltv.tn/ar/%d8%a7%d9%84%d8%b1%d8%a6%d9%8a%d8%b3%d9%8a%d8%a9/,NEWS,News Media,2019-07-14,Netalitica,
https://thelevantnews.com/,NEWS,News Media,2019-07-14,Netalitica,
https://touneselkhadra.com/,NEWS,News Media,2019-07-14,Netalitica,
https://tunigazette.com/,NEWS,News Media,2019-07-14,Netalitica,
https://tunisia-press.ovh/,NEWS,News Media,2019-07-14,Netalitica,
https://tunisiaonline.info/,NEWS,News Media,2019-07-14,Netalitica,
https://tunisiefm.net/,NEWS,News Media,2019-07-14,Netalitica,
https://tunisitri.wordpress.com/,NEWS,News Media,2019-07-14,Netalitica,
https://tunivisions.net/,NEWS,News Media,2019-07-14,Netalitica,
https://ultratunisia.ultrasawt.com/,NEWS,News Media,2019-07-14,Netalitica,
https://www.3ichtounsi.tn/,NEWS,News Media,2019-07-14,Netalitica,
https://www.aa.com.tr/,NEWS,News Media,2019-07-14,Netalitica,
https://www.al-monitor.com/,NEWS,News Media,2019-07-14,Netalitica,
https://www.al-sharq.com/,NEWS,News Media,2019-07-14,Netalitica,
https://www.alhadath.net/,NEWS,News Media,2019-07-14,Netalitica,
https://www.alhurra.com/,NEWS,News Media,2019-07-14,Netalitica,
https://www.aljarida.com.tn/,NEWS,News Media,2019-07-14,Netalitica,
https://www.almanber-ettounsi.com/,NEWS,News Media,2019-07-14,Netalitica,
https://www.almayadeen.net/,NEWS,News Media,2019-07-14,Netalitica,
https://www.arabmubasher.com/,NEWS,News Media,2019-07-14,Netalitica,
https://www.arabnn.net/,NEWS,News Media,2019-07-14,Netalitica,
https://www.arrakmia.com/,NEWS,News Media,2019-07-14,Netalitica,
https://www.assarih.com/,NEWS,News Media,2019-07-14,Netalitica,
https://www.babnet.net/index.php/,NEWS,News Media,2019-07-14,Netalitica,
https://www.diwanfm.net/,NEWS,News Media,2019-07-14,Netalitica,
https://www.eremnews.com/,NEWS,News Media,2019-07-14,Netalitica,
https://www.espacemanager.com/,NEWS,News Media,2019-07-14,Netalitica,
https://www.france24.com/,NEWS,News Media,2019-07-14,Netalitica,
https://www.hakaekonline.com/,NEWS,News Media,2019-07-14,Netalitica,
https://www.independentarabia.com/,NEWS,News Media,2019-07-14,Netalitica,
https://www.inhiyez.com/,NEWS,News Media,2019-07-14,Netalitica,
https://www.jawharafm.net/ar/,NEWS,News Media,2019-07-14,Netalitica,
https://www.journal-30minutes.fr/,NEWS,News Media,2019-07-14,Netalitica,
https://www.la-femme.tn/,NEWS,News Media,2019-07-14,Netalitica,
https://www.leaders.com.tn/,NEWS,News Media,2019-07-14,Netalitica,
https://www.lediplomate.tn/,NEWS,News Media,2019-07-14,Netalitica,
https://www.maghrebvoices.com/,NEWS,News Media,2019-07-14,Netalitica,
https://www.mc-doualiya.com/,NEWS,News Media,2019-07-14,Netalitica,
https://www.middleeasteye.net/,NEWS,News Media,2019-07-14,Netalitica,
https://www.mosaiquefm.net/,NEWS,News Media,2019-07-14,Netalitica,
https://www.mosaiquefm.net/ar/,NEWS,News Media,2019-07-14,Netalitica,
https://www.nessma.tv/ar/,NEWS,News Media,2019-07-14,Netalitica,
https://www.noonpost.com/,NEWS,News Media,2019-07-14,Netalitica,
https://www.observatoire-securite.tn/fr/,NEWS,News Media,2019-07-14,Netalitica,
https://www.palm-radio.com/,NEWS,News Media,2019-07-14,Netalitica,
https://www.pdl-tunisie.com/,NEWS,News Media,2019-07-14,Netalitica,
https://www.radio-mahdia.info/,NEWS,News Media,2019-07-14,Netalitica,
https://www.radiooxygene.tn/,NEWS,News Media,2019-07-14,Netalitica,
https://www.rayaljadid.com/,NEWS,News Media,2019-07-14,Netalitica,
https://www.realites.com.tn/,NEWS,News Media,2019-07-14,Netalitica,
https://www.rm-fm.net/ar/,NEWS,News Media,2019-07-14,Netalitica,
https://www.shemsfm.net/ar/,NEWS,News Media,2019-07-14,Netalitica,
https://www.skynewsarabia.com/,NEWS,News Media,2019-07-14,Netalitica,
https://www.swissinfo.ch/,NEWS,News Media,2019-07-14,Netalitica,
https://www.tunisia-live.net/,NEWS,News Media,2019-07-14,Netalitica,
https://www.tunisie-news.com/,NEWS,News Media,2019-07-14,Netalitica,
https://www.tunisie-radio.com/,NEWS,News Media,2019-07-14,Netalitica,
https://www.tunisie-secret.com/,NEWS,News Media,2019-07-14,Netalitica,
https://www.tunisie-tribune.com/,NEWS,News Media,2019-07-14,Netalitica,
https://www.tunisie14.tn/,NEWS,News Media,2019-07-14,Netalitica,
https://www.tunisiebuzzmarketing.com/,NEWS,News Media,2019-07-14,Netalitica,
https://www.tunisienumerique.com/,NEWS,News Media,2019-07-14,Netalitica,
https://www.turess.com/,NEWS,News Media,2019-07-14,Netalitica,
https://www.watanserb.com/,NEWS,News Media,2019-07-14,Netalitica,
https://www.zarzis.info/,NEWS,News Media,2019-07-14,Netalitica,
http://talaki.com/,DATE,Online Dating,2019-07-14,Netalitica,
http://www.asawer.net/,DATE,Online Dating,2019-07-14,Netalitica,
http://www.ekhetba.com/home.ar/,DATE,Online Dating,2019-07-14,Netalitica,
http://www.ekhotoba.com/home.ar/,DATE,Online Dating,2019-07-14,Netalitica,
http://www.klmnyy.com/,DATE,Online Dating,2019-07-14,Netalitica,
http://www.xn--mgbai3a1bycq.net/,DATE,Online Dating,2019-07-14,Netalitica,
http://www.yazawaj.com/,DATE,Online Dating,2019-07-14,Netalitica,
http://zawaghalal.com/,DATE,Online Dating,2019-07-14,Netalitica,
https://ahlam.net/,DATE,Online Dating,2019-07-14,Netalitica,
https://badoo.com/ar/dating/,DATE,Online Dating,2019-07-14,Netalitica,
https://hotornot.com/ar/,DATE,Online Dating,2019-07-14,Netalitica,
https://msyaronline.com/,DATE,Online Dating,2019-07-14,Netalitica,
https://www.betrallyelarab.com/,DATE,Online Dating,2019-07-14,Netalitica,
https://www.inkeedo.com/,DATE,Online Dating,2019-07-14,Netalitica,
https://www.meet-lebanese.com/ar/,DATE,Online Dating,2019-07-14,Netalitica,
https://www.muslima.com/ar/,DATE,Online Dating,2019-07-14,Netalitica,
https://www.qiran.com/,DATE,Online Dating,2019-07-14,Netalitica,
https://www.sharekomry.com/,DATE,Online Dating,2019-07-14,Netalitica,
https://www.tunisia-dating.com/en/,DATE,Online Dating,2019-07-14,Netalitica,
https://www.umnea.net/,DATE,Online Dating,2019-07-14,Netalitica,
https://www.zawaj.com/,DATE,Online Dating,2019-07-14,Netalitica,
https://www.zohradating.com/,DATE,Online Dating,2019-07-14,Netalitica,
https://zaoag.net/,DATE,Online Dating,2019-07-14,Netalitica,
https://zawgaty.com/,DATE,Online Dating,2019-07-14,Netalitica,
http://aceproject.org/,POLR,Political Criticism,2019-07-14,Netalitica,
http://ar.csidtunisia.org/,POLR,Political Criticism,2019-07-14,Netalitica,
http://babalmaghariba.org/,POLR,Political Criticism,2019-07-14,Netalitica,
http://e-revolutionpcs.forumarabia.com/,POLR,Political Criticism,2019-07-14,Netalitica,
http://ettajdid.org/,POLR,Political Criticism,2019-07-14,Netalitica,
http://front-populaire.org/,POLR,Political Criticism,2019-07-14,Netalitica,
http://hizb-ut-tahrir.info/,POLR,Political Criticism,2019-07-14,Netalitica,
http://mup.centerblog.net/,POLR,Political Criticism,2019-07-14,Netalitica,
http://tounesaf.org/,POLR,Political Criticism,2019-07-14,Netalitica,
http://www.afek-tounes.org/,POLR,Political Criticism,2019-07-14,Netalitica,
http://www.albawsala.com/,POLR,Political Criticism,2019-07-14,Netalitica,
http://www.alwehda.net/,POLR,Political Criticism,2019-07-14,Netalitica,
http://www.cahiersdelaliberte.org/,POLR,Political Criticism,2019-07-14,Netalitica,
http://www.csds-center.com/,POLR,Political Criticism,2019-07-14,Netalitica,
http://www.dcaf-tunisie.org/,POLR,Political Criticism,2019-07-14,Netalitica,
http://www.ennahdha.tn/,POLR,Political Criticism,2019-07-14,Netalitica,
http://www.ettakatol.org/,POLR,Political Criticism,2019-07-14,Netalitica,
http://www.ivd.tn/,POLR,Political Criticism,2019-07-14,Netalitica,
http://www.liqaa.net/,POLR,Political Criticism,2019-07-14,Netalitica,
http://www.mottamar.tn/,POLR,Political Criticism,2019-07-14,Netalitica,
http://www.mouvementdupeuple.tn/,POLR,Political Criticism,2019-07-14,Netalitica,
http://www.mtdpt.org/,POLR,Political Criticism,2019-07-14,Netalitica,
http://www.nidaatounes.co/,POLR,Political Criticism,2019-07-14,Netalitica,
http://www.pdp.tn/,POLR,Political Criticism,2019-07-14,Netalitica,
http://www.tunisie-constitution.org/,POLR,Political Criticism,2019-07-14,Netalitica,
http://www.upr.tn/,POLR,Political Criticism,2019-07-14,Netalitica,
https://attayar.tn/ar/,POLR,Political Criticism,2019-07-14,Netalitica,
https://carnegie-mec.org/,POLR,Political Criticism,2019-07-14,Netalitica,
https://www.alirada.tn/,POLR,Political Criticism,2019-07-14,Netalitica,
https://www.dohainstitute.org/,POLR,Political Criticism,2019-07-14,Netalitica,
https://www.facebook.com/Courant.Mahabba/,POLR,Political Criticism,2019-07-14,Netalitica,for control purposes
https://www.facebook.com/Deuxieme.Republique.Officielle/,POLR,Political Criticism,2019-07-14,Netalitica,for control purposes
https://www.facebook.com/Echaab.Tunisie/,POLR,Political Criticism,2019-07-14,Netalitica,for control purposes
https://www.jadaliyya.com/,POLR,Political Criticism,2019-07-14,Netalitica,
https://www.jil.tn/,POLR,Political Criticism,2019-07-14,Netalitica,
https://www.nidaatounes.net/,POLR,Political Criticism,2019-07-14,Netalitica,"Offline, but let's keep in case it comes back again. Website of ruling party."
http://3arabporn.com/,PORN,Pornography,2019-07-14,Netalitica,
https://b3bos.com/,PORN,Pornography,2019-07-14,Netalitica,
https://bzazi.com/,PORN,Pornography,2019-07-14,Netalitica,
https://mitnaka.com/,PORN,Pornography,2019-07-14,Netalitica,
https://sex4arabxxx.com/,PORN,Pornography,2019-07-14,Netalitica,
https://sexalarab.com/,PORN,Pornography,2019-07-14,Netalitica,
https://sexjk.com/,PORN,Pornography,2019-07-14,Netalitica,
https://sexsaoy.com/,PORN,Pornography,2019-07-14,Netalitica,
https://tiaz.site/,PORN,Pornography,2019-07-14,Netalitica,
https://www.aflamsexhd.com/,PORN,Pornography,2019-07-14,Netalitica,
https://www.arabianchicks.com/,PORN,Pornography,2019-07-14,Netalitica,
https://www.hot-arab-films.com/,PORN,Pornography,2019-07-14,Netalitica,
https://www.tubev.sex/,PORN,Pornography,2019-07-14,Netalitica,
https://xnxxx.cc/,PORN,Pornography,2019-07-14,Netalitica,
https://xxxnxx.me/,PORN,Pornography,2019-07-14,Netalitica,
https://zobry.site/,PORN,Pornography,2019-07-14,Netalitica,
http://www.fantasiawear.com/,PROV,Provocative Attire,2019-07-14,Netalitica,
https://ar.aliexpress.com/,PROV,Provocative Attire,2019-07-14,Netalitica,
https://brayola.com/,PROV,Provocative Attire,2019-07-14,Netalitica,
https://en-ae.namshi.com/,PROV,Provocative Attire,2019-07-14,Netalitica,
https://sa.made-in-china.com/co_cnjmint/,PROV,Provocative Attire,2019-07-14,Netalitica,
https://www.agentprovocateur.com/,PROV,Provocative Attire,2019-07-14,Netalitica,
https://www.daloah.com/,PROV,Provocative Attire,2019-07-14,Netalitica,
https://www.journelle.com/,PROV,Provocative Attire,2019-07-14,Netalitica,
https://www.kiabi.ae/,PROV,Provocative Attire,2019-07-14,Netalitica,
https://www.klynn.com/,PROV,Provocative Attire,2019-07-14,Netalitica,
https://www.lovehoney.de/,PROV,Provocative Attire,2019-07-14,Netalitica,
https://www.miraclelingerie.ae/,PROV,Provocative Attire,2019-07-14,Netalitica,
https://www.modcloth.com/,PROV,Provocative Attire,2019-07-14,Netalitica,
https://www.nayomi.com/,PROV,Provocative Attire,2019-07-14,Netalitica,
https://www.soma.com/,PROV,Provocative Attire,2019-07-14,Netalitica,
https://www.soma.com/store/,PROV,Provocative Attire,2019-07-14,Netalitica,
https://www.spicylingerie.com/,PROV,Provocative Attire,2019-07-14,Netalitica,
https://www.splashfashions.com/,PROV,Provocative Attire,2019-07-14,Netalitica,
https://www.splashfashions.com/ae/en/,PROV,Provocative Attire,2019-07-14,Netalitica,
https://www.tradefairdates.com/,PROV,Provocative Attire,2019-07-14,Netalitica,
https://www.victoriassecret.ae/en/,PROV,Provocative Attire,2019-07-14,Netalitica,
http://www.hi-mama.com/,PUBH,Public Health,2019-07-14,Netalitica,
http://www.mediall1.com/,PUBH,Public Health,2019-07-14,Netalitica,
http://www.sehha.com/index.shtml/,PUBH,Public Health,2019-07-14,Netalitica,
https://a3chabe.com/public-health/,PUBH,Public Health,2019-07-14,Netalitica,
https://www.3rbdr.net/,PUBH,Public Health,2019-07-14,Netalitica,
https://www.altibbi.com/,PUBH,Public Health,2019-07-14,Netalitica,
https://www.doctoori.net/,PUBH,Public Health,2019-07-14,Netalitica,
https://www.se7a4evryone.com/,PUBH,Public Health,2019-07-14,Netalitica,
https://www.seha-tok.com/,PUBH,Public Health,2019-07-14,Netalitica,
https://www.sehaama.com/,PUBH,Public Health,2019-07-14,Netalitica,
https://www.webteb.com/,PUBH,Public Health,2019-07-14,Netalitica,
http://almoslim.net/,REL,Religion,2019-07-14,Netalitica,
http://bahai-books.org/,REL,Religion,2019-07-14,Netalitica,
http://bahai-devotions.org/,REL,Religion,2019-07-14,Netalitica,
http://bahai-internet-services.org/,REL,Religion,2019-07-14,Netalitica,
http://www.allah-akber.com/,REL,Religion,2019-07-14,Netalitica,
http://www.arabchurch.com/,REL,Religion,2019-07-14,Netalitica,
http://www.bahai.com/,REL,Religion,2019-07-14,Netalitica,
http://www.coptic-church.org/,REL,Religion,2019-07-14,Netalitica,
http://www.faithfreedom.org/,REL,Religion,2019-07-14,Netalitica,
http://www.freemuslim.org/,REL,Religion,2019-07-14,Netalitica,
http://www.hashemya.org/,REL,Religion,2019-07-14,Netalitica,
http://www.islamreview.com/,REL,Religion,2019-07-14,Netalitica,
http://www.kadamya.com/,REL,Religion,2019-07-14,Netalitica,
http://www.quranya.com/,REL,Religion,2019-07-14,Netalitica,
https://hidaya.tn/,REL,Religion,2019-07-14,Netalitica,
https://islamweb.net/,REL,Religion,2019-07-14,Netalitica,
https://richarddawkins.net/,REL,Religion,2019-07-14,Netalitica,
https://www.alestiklal.net/ar,REL,Religion,2019-07-14,Netalitica,
https://www.biblegateway.com/,REL,Religion,2019-07-14,Netalitica,
https://www.dd-sunnah.net/,REL,Religion,2019-07-14,Netalitica,
https://www.e3jaz.tn/,REL,Religion,2019-07-14,Netalitica,
https://www.il7ad.org/vb/index.php/,REL,Religion,2019-07-14,Netalitica,
https://www.mominoun.com/,REL,Religion,2019-07-14,Netalitica,
https://www.saffar.me/,REL,Religion,2019-07-14,Netalitica,
https://www.thereligionofpeace.com/,REL,Religion,2019-07-14,Netalitica,
http://www.arabo.com/,SRCH,Search Engines,2019-07-14,Netalitica,
http://www.chercheinfo.com/,SRCH,Search Engines,2019-07-14,Netalitica,
http://www.tunisie-formation.com/,SRCH,Search Engines,2019-07-14,Netalitica,
http://www.tunisieindex.com/,SRCH,Search Engines,2019-07-14,Netalitica,
http://yaarabi.com/,SRCH,Search Engines,2019-07-14,Netalitica,
https://lableb.com/,SRCH,Search Engines,2019-07-14,Netalitica,
https://maktoob.yahoo.com/,SRCH,Search Engines,2019-07-14,Netalitica,
https://mawdoo3.com/,SRCH,Search Engines,2019-07-14,Netalitica,
https://tn.sogarab.com/,SRCH,Search Engines,2019-07-14,Netalitica,
https://www.marefa.org/,SRCH,Search Engines,2019-07-14,Netalitica,
https://www.yamli.com/ar/,SRCH,Search Engines,2019-07-14,Netalitica,
http://alsayeda.net/,XED,Sex Education,2019-07-14,Netalitica,
http://hayatouki.com/,XED,Sex Education,2019-07-14,Netalitica,
http://m3loma.com/,XED,Sex Education,2019-07-14,Netalitica,
http://www.feedo.net/Default.htm,XED,Sex Education,2019-07-14,Netalitica,
http://www.kalam.co.il/,XED,Sex Education,2019-07-14,Netalitica,
https://aljens.info/,XED,Sex Education,2019-07-14,Netalitica,
https://jensaneya.org/,XED,Sex Education,2019-07-14,Netalitica,
https://lmarabic.com/,XED,Sex Education,2019-07-14,Netalitica,
https://www.dailymedicalinfo.com/,XED,Sex Education,2019-07-14,Netalitica,
https://www.e7kky.com/,XED,Sex Education,2019-07-14,Netalitica,
https://www.zanzu.de/ar/,XED,Sex Education,2019-07-14,Netalitica,
