url,category_code,category_description,date_added,source,notes
http://9.best-ir.org/,MMED,Media sharing,2014-04-15,citizenlab,
http://akilli.tv/Default.aspx,MMED,Media sharing,2014-04-15,citizenlab,
http://bbindir.net/,MMED,Media sharing,2014-04-15,citizenlab,
http://bet-at-home.com/,GMB,Gambling,2014-04-15,citizenlab,
http://betting.betfair.com.au/,GMB,Gambling,2014-04-15,citizenlab,
https://casino.betsson.com/tr/,GMB,Gambling,2014-04-15,citizenlab,
http://coolporntube.com/,PORN,Pornography,2014-04-15,citizenlab,
http://dersimsite.org/,NEWS,News Media,2014-04-15,citizenlab,
http://dir.groups.yahoo.com/dir/Regional/Countries/Turkey,GRP,Social Networking,2014-04-15,citizenlab,
http://disaci.blogspot.com/,GOVT,Government,2014-04-15,citizenlab,
http://elmaaltshift.com/,NEWS,News Media,2014-04-15,citizenlab,
http://eng.akparti.org.tr/,GOVT,Government,2014-04-15,citizenlab,
http://engelliweb.com/,NEWS,News Media,2014-04-15,citizenlab,
http://enterhosts.com/,HUMR,Human Rights Issues,2014-04-15,citizenlab,
http://ergenekonisourreality.wordpress.com/,MILX,Terrorism and Militants,2014-04-15,citizenlab,
http://evdedans.com/,PORN,Pornography,2014-04-15,citizenlab,
http://fantazishow.com/,PORN,Pornography,2014-04-15,citizenlab,
http://forumindir.net/,MMED,Media sharing,2014-04-15,citizenlab,
http://get-vids.com/,MMED,Media sharing,2014-04-15,citizenlab,
http://hawar.hk-mg.net/,HUMR,Human Rights Issues,2014-04-15,citizenlab,
http://infinitetube.com/,PORN,Pornography,2014-04-15,citizenlab,
http://istanblues.splinder.com/,GOVT,Government,2014-04-15,citizenlab,
http://istanbulcalling.blogspot.com/,GOVT,Government,2014-04-15,citizenlab,
http://istanbulian.blogspot.com/,GOVT,Government,2014-04-15,citizenlab,
http://justusboys.com/,PORN,Pornography,2014-04-15,citizenlab,
http://kafkas.org.tr/,CULTR,Culture,2014-04-15,citizenlab,
http://kasaum.ankara.edu.tr/index_eng.htm,HUMR,Human Rights Issues,2014-04-15,citizenlab,
http://kurdishrights.org/,HUMR,Human Rights Issues,2014-04-15,citizenlab,
http://kurdistancommentary.wordpress.com/,HUMR,Human Rights Issues,2014-04-15,citizenlab,
http://kurdsbook.com/,HUMR,Human Rights Issues,2014-04-15,citizenlab,
http://members.fortunecity.com/fstav1/1619.html,HUMR,Human Rights Issues,2014-04-15,citizenlab,
http://members.multimania.co.uk/cemevi/,REL,Religion,2014-04-15,citizenlab,
http://metacafe.com/,MMED,Media sharing,2014-04-15,citizenlab,
http://muslima.com/,DATE,Online Dating,2014-04-15,citizenlab,
http://news.bbc.co.uk/2/hi/europe/country_profiles/1016541.stm,GOVT,Government,2014-04-15,citizenlab,
http://news.bbc.co.uk/2/hi/europe/country_profiles/1022222.stm,GOVT,Government,2014-04-15,citizenlab,
http://news.kaosgl.com/,LGBT,LGBT,2014-04-15,citizenlab,
http://psikolog.org.tr/,POLR,Political Criticism,2014-04-15,citizenlab,
http://quest.net/,COMM,E-commerce,2014-04-15,citizenlab,
http://richarddawkins.net/,REL,Religion,2014-04-15,citizenlab,
http://sapphicerotica.com/,PORN,Pornography,2014-04-15,citizenlab,
http://striptizciler.com/,PORN,Pornography,2014-04-15,citizenlab,
http://tayproject.org/,CULTR,Culture,2014-04-15,citizenlab,
http://turkeygay.net/,LGBT,LGBT,2014-04-15,citizenlab,
http://turkishculture.org/,CULTR,Culture,2014-04-15,citizenlab,
http://twitter.com/KurdishRights,HUMR,Human Rights Issues,2014-04-15,citizenlab,
http://us.oneworld.net/places/turkey,ECON,Economics,2014-04-15,citizenlab,
http://whoisharunyahya.wordpress.com/,HATE,Hate Speech,2014-04-15,citizenlab,
http://www.acev.org/,HUMR,Human Rights Issues,2014-04-15,citizenlab,
http://www.acikradyo.com.tr/,NEWS,News Media,2014-04-15,citizenlab,
http://www.alevibektasi.org/,HUMR,Human Rights Issues,2014-04-15,citizenlab,
http://www.amargi.org.tr/,HUMR,Human Rights Issues,2014-04-15,citizenlab,
http://www.amnesty.org/en/region/turkey,ECON,Economics,2014-04-15,citizenlab,
http://www.antoloji.com/,GRP,Social Networking,2014-04-15,citizenlab,
http://www.ari.org.tr/,POLR,Political Criticism,2014-04-15,citizenlab,
http://www.arneforumu.org/,GRP,Social Networking,2014-04-15,citizenlab,
http://www.barobirlik.org.tr/barolar/,HUMR,Human Rights Issues,2014-04-15,citizenlab,
http://www.bbc.co.uk/turkce/,NEWS,News Media,2014-04-15,citizenlab,
http://www.bedenimveben.org/english.htm,HUMR,Human Rights Issues,2014-04-15,citizenlab,
http://www.betfair.com/tr/,GMB,Gambling,2014-04-15,citizenlab,
https://www.betsson509.com/web/tr/sportsbook/default.aspx,GMB,Gambling,2014-04-15,citizenlab,
http://www.bianet.org/,NEWS,News Media,2014-04-15,citizenlab,
http://www.bugday.org/,ENV,Environment,2014-04-15,citizenlab,
http://www.casino-bonuslar.com/,GMB,Gambling,2014-04-15,citizenlab,
http://www.casinoeuro25.net/tr/index.jsp?page=main&,GMB,Gambling,2014-04-15,citizenlab,
http://www.cherrycasino.com/tr/skins/cherrycasino/index.jsp?wrapperClass=home&page=main,GMB,Gambling,2014-04-15,citizenlab,
http://www.chp.org.tr/,GOVT,Government,2014-04-15,citizenlab,
https://www.cia.gov/library/publications/the-world-factbook/geos/tu.html,GOVT,Government,2014-04-15,citizenlab,
http://www.cumhuriyet.com.tr/,NEWS,News Media,2014-04-15,citizenlab,
http://www.cydd.org.tr/,HUMR,Human Rights Issues,2014-04-15,citizenlab,
http://www.divxcini.com/,MMED,Media sharing,2014-04-15,citizenlab,
http://www.diziklipizle.com/,MMED,Media sharing,2014-04-15,citizenlab,
http://www.dogadernegi.org/,ENV,Environment,2014-04-15,citizenlab,
http://www.dp.org.tr/,GOVT,Government,2014-04-15,citizenlab,
http://www.egitimsen.org.tr/,ECON,Economics,2014-04-15,citizenlab,
http://www.ekonomistler.org.tr/,ECON,Economics,2014-04-15,citizenlab,
http://www.eksisozluk.com/,GRP,Social Networking,2014-04-15,citizenlab,
http://www.elmundo.es/,NEWS,News Media,2014-04-15,citizenlab,
http://www.enstituyakurdi.org/,HUMR,Human Rights Issues,2014-04-15,citizenlab,
http://www.facebook.com/group.php?gid=18808877832,LGBT,LGBT,2014-04-15,citizenlab,
http://www.fgulen.org/,MILX,Terrorism and Militants,2014-04-15,citizenlab,
http://www.filmmor.org/default.asp,HUMR,Human Rights Issues,2014-04-15,citizenlab,
http://www.fisek.org.tr/,MISC,Miscelaneous content,2014-04-15,citizenlab,
http://www.gazetevatan.com/,NEWS,News Media,2014-04-15,citizenlab,
http://www.gelawej.net/,HUMR,Human Rights Issues,2014-04-15,citizenlab,
http://www.gencsiviller.net/,MILX,Terrorism and Militants,2014-04-15,citizenlab,
http://www.goldenpalace.com/tr/,GMB,Gambling,2014-04-15,citizenlab,
http://www.google.com.tr/,SRCH,Search Engines,2014-04-15,citizenlab,
http://www.guardian.co.uk/world/turkey,NEWS,News Media,2014-04-15,citizenlab,
http://www.hosmubosmu.net/,GRP,Social Networking,2014-04-15,citizenlab,
http://www.hrw.org/europecentral-asia/turkey,HUMR,Human Rights Issues,2014-04-15,citizenlab,
http://www.hurriyetdailynews.com/,GOVT,Government,2014-04-15,citizenlab,
http://www.hyd.org.tr/,POLR,Political Criticism,2014-04-15,citizenlab,
http://www.igeme.org.tr/,ECON,Economics,2014-04-15,citizenlab,
http://www.ihd.org.tr/,HUMR,Human Rights Issues,2014-04-15,citizenlab,
http://www.ilo.org/public/english/region/eurpro/ankara/,ECON,Economics,2014-04-15,citizenlab,
http://www.istanbulbarosu.org.tr/Document.asp?DocumentIndex=adliyardim/adliyardim_banner.htm,HUMR,Human Rights Issues,2014-04-15,citizenlab,
http://www.ka-der.org.tr/,HUMR,Human Rights Issues,2014-04-15,citizenlab,
http://www.kadineserleri.org/,HUMR,Human Rights Issues,2014-04-15,citizenlab,
http://www.kalder.org/,HUMR,Human Rights Issues,2014-04-15,citizenlab,
http://www.kaosgl.org/,LGBT,LGBT,2014-04-15,citizenlab,
http://www.karacaahmet.com/,HUMR,Human Rights Issues,2014-04-15,citizenlab,
http://www.kedv.org.tr/,LGBT,LGBT,2014-04-15,citizenlab,
http://www.keig.org/eng/default.aspx,HUMR,Human Rights Issues,2014-04-15,citizenlab,
http://www.kesfetmekicinbak.com/,ENV,Environment,2014-04-15,citizenlab,
http://www.ksgm.gov.tr/,HUMR,Human Rights Issues,2014-04-15,citizenlab,
http://www.kurdishherald.com/,HUMR,Human Rights Issues,2014-04-15,citizenlab,
http://www.lambdaistanbul.org/,LGBT,LGBT,2014-04-15,citizenlab,
http://www.lambdaistanbul.org/php/main.php?menuID=26,HUMR,Human Rights Issues,2014-04-15,citizenlab,
http://www.leydix.com/,DATE,Online Dating,2014-04-15,citizenlab,
http://www.liberal.org.tr/,HUMR,Human Rights Issues,2014-04-15,citizenlab,
http://www.ligtvdevi.com/,HOST,Hosting and Blogging Platforms,2014-04-15,citizenlab,
http://www.lobicilik.com/,POLR,Political Criticism,2014-04-15,citizenlab,
http://www.lraper.org/,REL,Religion,2014-04-15,citizenlab,
http://www.mavikalem.org/Default.aspx,HUMR,Human Rights Issues,2014-04-15,citizenlab,
http://www.mazlumder.org/,HUMR,Human Rights Issues,2014-04-15,citizenlab,
http://www.mediz.org/Kategori/13/1/English.aspx,HUMR,Human Rights Issues,2014-04-15,citizenlab,
http://www.mevlana.org/,REL,Religion,2014-04-15,citizenlab,
http://www.mhp.org.tr/,GOVT,Government,2014-04-15,citizenlab,
http://www.morcati.org.tr/,HUMR,Human Rights Issues,2014-04-15,citizenlab,
http://www.mustafaakyol.org/,GOVT,Government,2014-04-15,citizenlab,
http://www.onlinecasinocentral.com/welcome.php?member=jpf2004&profile=gzion&banner=&t=0&creferer=&referer=http://gamingzion.com/turkish,GMB,Gambling,2014-04-15,citizenlab,
http://www.oxfam.org.uk/applications/blogs/pressoffice/?tag=turkey,ECON,Economics,2014-04-15,citizenlab,
http://www.pembehayat.org/,LGBT,LGBT,2014-04-15,citizenlab,
http://www.pkkonline.com/en/,MILX,Terrorism and Militants,2014-04-15,citizenlab,
http://www.radikal.com.tr/Radikal.aspx?aType=Radikal,NEWS,News Media,2014-04-15,citizenlab,
http://www.reliefweb.int/rw/dbc.nsf/doc104?OpenForm&rc=3&cc=tur,ECON,Economics,2014-04-15,citizenlab,
http://www.rightsagenda.org/,HUMR,Human Rights Issues,2014-04-15,citizenlab,
http://www.sbe.metu.edu.tr/kat_gws.html,HUMR,Human Rights Issues,2014-04-15,citizenlab,
http://www.shcek.gov.tr/,HUMR,Human Rights Issues,2014-04-15,citizenlab,
http://www.sida.se/English/Countries-and-regions/Europe/Turkey-/,ECON,Economics,2014-04-15,citizenlab,
http://www.suryanikadim.org/,REL,Religion,2014-04-15,citizenlab,
http://www.taraf.com.tr/,NEWS,News Media,2014-04-15,citizenlab,
http://www.tarem.org/,HUMR,Human Rights Issues,2014-04-15,citizenlab,
http://www.tercuman.com.tr/,NEWS,News Media,2014-04-15,citizenlab,
http://www.tesev.org.tr/,ECON,Economics,2014-04-15,citizenlab,
http://www.tkyd.org/tr/,POLR,Political Criticism,2014-04-15,citizenlab,
http://www.todayszaman.com/,GOVT,Government,2014-04-15,citizenlab,
http://www.tog.org.tr/,ECON,Economics,2014-04-15,citizenlab,
http://www.tuik.gov.tr/,ECON,Economics,2014-04-15,citizenlab,
http://www.tumikom.org/,POLR,Political Criticism,2014-04-15,citizenlab,
http://www.turkgayclub.com/,LGBT,LGBT,2014-04-15,citizenlab,
http://www.turkgayclub.net/,LGBT,LGBT,2014-04-15,citizenlab,
http://www.turkgayclub.org/,LGBT,LGBT,2014-04-15,citizenlab,
http://www.turkhukuksitesi.com/forumdisplay.php?f=101,HUMR,Human Rights Issues,2014-04-15,citizenlab,
http://www.turkhukuksitesi.com/hasta_haklari.php,HUMR,Human Rights Issues,2014-04-15,citizenlab,
http://www.turkhukuksitesi.com/kadin_haklari.php,HUMR,Human Rights Issues,2014-04-15,citizenlab,
http://www.turkishdirect.com/,DATE,Online Dating,2014-04-15,citizenlab,
http://www.turkishjews.com/,REL,Religion,2014-04-15,citizenlab,
http://www.turkishpersonals.com/,DATE,Online Dating,2014-04-15,citizenlab,
http://www.turkiyegazetesi.com.tr/,NEWS,News Media,2014-04-15,citizenlab,
http://www.tusev.org.tr/,ECON,Economics,2014-04-15,citizenlab,
http://www.ucansupurge.org/,HUMR,Human Rights Issues,2014-04-15,citizenlab,
http://www.undp.org.tr/,ECON,Economics,2014-04-15,citizenlab,
http://www.unicef.org/turkey,ECON,Economics,2014-04-15,citizenlab,
http://www.usaid.gov/locations/europe_eurasia/countries/tr/,ECON,Economics,2014-04-15,citizenlab,
http://www.vakad.org.tr/,HUMR,Human Rights Issues,2014-04-15,citizenlab,
http://www.worldbank.org.tr/external/default/main?menuPK=361744&pagePK=141155&piPK=141124&theSitePK=361712,ECON,Economics,2014-04-15,citizenlab,
http://www.yenisafak.com.tr/,NEWS,News Media,2014-04-15,citizenlab,
http://www.youthforhab.org.tr/,ECON,Economics,2014-04-15,citizenlab,
http://www.youthpeer.org/web/guest/turkey,XED,Sex Education,2014-04-15,citizenlab,
http://www.zaman.com.tr/,NEWS,News Media,2014-04-15,citizenlab,
http://yahyaharun.blogspot.com/,NEWS,News Media,2014-04-15,citizenlab,
http://yonja.com/,GRP,Social Networking,2014-04-15,citizenlab,
http://yoxdur.com/forum/,MMED,Media sharing,2014-04-15,citizenlab,
http://www.booking.com/,COMM,E-commerce,2017-06-03,OONI,turkish court blocking
http://www.bbc.com/turkce/,NEWS,News Media,2017-07-19,BBC,
http://www.bbcturkce.com/,NEWS,News Media,2017-07-19,BBC,
https://anticapitalist.party/,GRP,Social Networking,2018-01-13,OONI,
https://tr.wikipedia.org/,CULTR,Culture,2018-07-06,Wikimedia,URLs provided by wikipedia based on the most popular language domains per country
https://tr.wiktionary.org/,CULTR,Culture,2018-07-06,Wikimedia,URLs provided by wikipedia based on the most popular language domains per country
https://tr.wikiquote.org/,CULTR,Culture,2018-07-06,Wikimedia,URLs provided by wikipedia based on the most popular language domains per country
https://en.wiktionary.org/,CULTR,Culture,2018-07-06,Wikimedia,URLs provided by wikipedia based on the most popular language domains per country
https://tr.wikisource.org/,CULTR,Culture,2018-07-06,Wikimedia,URLs provided by wikipedia based on the most popular language domains per country
https://tr.wikibooks.org/,CULTR,Culture,2018-07-06,Wikimedia,URLs provided by wikipedia based on the most popular language domains per country
https://www.bbc.com/turkce,NEWS,News Media,2018-09-13,OONI,
https://www.dw.com/tr/,NEWS,News Media,2018-09-13,OONI,
https://tr.sputniknews.com/,NEWS,News Media,2018-09-13,OONI,
https://www.amerikaninsesi.com/,NEWS,News Media,2018-09-13,OONI,
http://etha10.com/,NEWS,News Media,2019-08-06,,Ankara 3rd Criminal Judgeship of Peace court order 2019/5538
https://ozgurgelecek17.net/,NEWS,News Media,2019-08-06,,Ankara 3rd Criminal Judgeship of Peace court order 2019/5538
http://osp.org.tr/,POLR,Political Criticism,2019-08-06,,Ankara 3rd Criminal Judgeship of Peace court order 2019/5538
http://geziyisavunuyoruz.org/,POLR,Political Criticism,2019-08-06,,Ankara 3rd Criminal Judgeship of Peace court order 2019/5538
https://www.gazetefersude.com/,NEWS,News Media,2019-08-06,,Ankara 3rd Criminal Judgeship of Peace court order 2019/5538
https://yenidemokratgenclik1.com/,POLR,Political Criticism,2019-08-06,,Ankara 3rd Criminal Judgeship of Peace court order 2019/5538
http://umutgazetesi14.org/,NEWS,News Media,2019-08-06,,Ankara 3rd Criminal Judgeship of Peace court order 2019/5538
https://kizilbayrak44.net/,NEWS,News Media,2019-08-06,,Ankara 3rd Criminal Judgeship of Peace court order 2019/5538
https://marksistteori.org/,POLR,Political Criticism,2019-08-06,,Ankara 3rd Criminal Judgeship of Peace court order 2019/5538
http://direnisteyiz26.org/,NEWS,News Media,2019-08-06,,Ankara 3rd Criminal Judgeship of Peace court order 2019/5538
https://mucadelebirligi6.net/,NEWS,News Media,2019-08-06,,Ankara 3rd Criminal Judgeship of Peace court order 2019/5538
https://www.perisearch.xyz/user/halkinsesitvrdy,SRCH,Search Engines,2019-08-06,,Ankara 3rd Criminal Judgeship of Peace court order 2019/5538
https://www.pscp.tv/halkinsesitvrdy/1djGXpwyvwLGZ,GRP,Social Networking,2019-08-06,,Ankara 3rd Criminal Judgeship of Peace court order 2019/5538
https://antakyasokak.e-monsite.com/,NEWS,News Media,2019-08-06,,Ankara 3rd Criminal Judgeship of Peace court order 2019/5538
https://tr.pinterest.com/sambasuzi,MMED,Media sharing,2019-08-06,,Ankara 3rd Criminal Judgeship of Peace court order 2019/5538
https://www.instagram.com/denizlerin_sevdasym,GRP,Social Networking,2019-08-06,,Ankara 3rd Criminal Judgeship of Peace court order 2019/5538
https://www.youtube.com/channel/UCc1U-ynSUyDqEVS66TvbNOg,NEWS,News Media,2019-08-06,,Ankara 3rd Criminal Judgeship of Peace court order 2019/5538
https://lgbtinewsturkey.com/,LGBT,LGBT,2019-11-18,OutRight International,
