url,category_code,category_description,date_added,source,notes
http://17.media/,MMED,Media sharing,2017-08-26,OONI partner,
http://asiafriendfinder.com/?lang=chinese,DATE,Online Dating,2017-08-25,OONI partner,
https://beta.yuelaobank.com/,DATE,Online Dating,2017-08-25,OONI partner,
http://big5.falundafa.org/,REL,Religion,2017-08-26,OONI partner,
http://blog.cw.com.tw/,HOST,Hosting and Blogging Platforms,2017-08-26,OONI partner,
http://blog.udn.com/,HOST,Hosting and Blogging Platforms,2017-08-26,OONI partner,
https://blog.xuite.net/,HOST,Hosting and Blogging Platforms,2017-08-26,OONI partner,
https://buzzorange.com/,NEWS,News Media,2017-08-26,OONI partner,
http://chenfarm.com.tw/web/,COMM,E-commerce,2017-08-26,OONI partner,
https://ck101.com/,GRP,Social Networking,2017-08-25,OONI partner,
http://covenantswatch.org.tw/,HUMR,Human Rights Issues,2017-08-26,OONI partner,
http://doo.idv.tw/,DATE,Online Dating,2017-08-25,OONI partner,
https://dq.yam.com/,NEWS,News Media,2017-08-26,OONI partner,
http://e-info.org.tw/,NEWS,News Media,2017-08-26,OONI partner,
http://eastnews.tw/,NEWS,News Media,2017-08-26,OONI partner,
http://ek21.com.tw/,DATE,Online Dating,2017-08-25,OONI partner,
http://enews.com.tw/,NEWS,News Media,2017-08-26,OONI partner,
http://english.rti.org.tw/,NEWS,News Media,2017-08-25,OONI,
http://fapa.org/,MILX,Terrorism and Militants,2017-08-26,OONI partner,
http://fire.news/,POLR,Political Criticism,2018-01-05,OONI partner, Political commentary by pro-unification groups
http://foaa.tahr.org.tw/,HUMR,Human Rights Issues,2017-08-26,OONI partner,
http://freetaiwanparty.tw/,MILX,Terrorism and Militants,2017-08-26,OONI partner,
http://friend.top1069.com/,DATE,Online Dating,2017-08-25,OONI partner,
http://gamecar.com.tw/,GAME,Gaming,2017-08-26,OONI partner,
http://gcaa.org.tw/,ENV,Environment,2017-08-26,OONI partner,
http://gd-park.org.tw/,ENV,Environment,2017-08-26,OONI partner,
https://go.gameone.com.tw/,GAME,Gaming,2017-08-26,OONI partner,
http://green21.tw/org/,ENV,Environment,2017-08-26,OONI partner,
https://gushi.tw/,CULTR,Culture,2017-08-26,OONI partner,
http://h5play.com.tw/games,GAME,Gaming,2017-08-26,OONI partner,
http://hef.yam.org.tw/,HUMR,Human Rights Issues,2017-08-26,OONI partner,
https://hitcon.org/2017/CMT/,HACK,Hacking Tools,2017-08-25,OONI partner,
https://hotline.org.tw/,LGBT,LGBT,2017-08-25,OONI partner,
http://i3fresh.tw/,COMM,E-commerce,2017-08-26,OONI partner,    
http://internationalnewsstation.tw/,NEWS,News Media,2017-08-26,OONI partner,
https://kairos.news/,NEWS,News Media,2017-08-26,OONI partner,
https://kktix.com/,COMM,E-commerce,2017-08-26,OONI partner,
http://labor.ngo.tw/,HUMR,Human Rights Issues,2017-08-26,OONI partner,
https://lemongame.tw/,GAME,Gaming,2017-08-26,OONI partner,
https://line.me/zh-hant/,COMT,Communication Tools,2017-08-25,OONI partner,
https://lohasfarmer.com/,COMM,E-commerce,2017-08-26,OONI partner,
http://lotto.arclink.com.tw/,GMB,Gambling,2017-08-25,OONI partner,
http://lotto.auzonet.com/,GMB,Gambling,2017-08-25,OONI partner,
https://love.1111.com.tw/,DATE,Online Dating,2017-08-25,OONI partner,
https://mart.ibon.com.tw/mart/,COMM,E-commerce,2017-08-26,OONI partner,
http://meetlove520.888bbs.tw/,PROV,Provocative Attire,2017-08-26,OONI partner,
http://mpa.artlife.tw/mall/,ENV,Environment,2017-08-26,OONI partner,
http://museum.228.org.tw/,HUMR,Human Rights Issues,2017-08-26,OONI partner,
http://new.ctv.com.tw/,NEWS,News Media,2017-08-25,OONI,
http://news.cts.com.tw/,NEWS,News Media,2017-08-26,OONI partner,
http://news.ebc.net.tw/,NEWS,News Media,2017-08-26,OONI partner,
https://news.ftv.com.tw/,NEWS,News Media,2017-08-26,OONI partner,
http://news.pts.org.tw/,NEWS,News Media,2017-08-26,OONI partner,
http://newtalk.tw/,NEWS,News Media,2017-08-26,OONI partner,
http://nonukeyesvote.tw/,ENV,Environment,2017-08-26,OONI partner,
http://nownews.nicegame.com.tw/,GAME,Gaming,2017-08-26,OONI partner,
http://oshlink.org.tw/,HUMR,Human Rights Issues,2017-08-26,OONI partner,
http://pansci.tw/,NEWS,News Media,2017-08-26,OONI partner,
http://photo.xuite.net/,MMED,Media sharing,2017-08-26,OONI partner,
https://playcoolgame.net/?scid=15227,GAME,Gaming,2017-08-26,OONI partner,
http://pnn.pts.org.tw/main/,NEWS,News Media,2017-08-26,OONI partner,
http://praatw.org/,HUMR,Human Rights Issues,2017-08-26,OONI partner,
http://presidentlee.tw/,MILX,Terrorism and Militants,2017-08-26,OONI partner,
http://radicalwings.tw/,MILX,Terrorism and Militants,2017-08-26,OONI partner,
https://rsf.org/en/taiwan,IGO,Intergovernmental Organizations,2017-08-26,OONI partner,
https://secret-reader.com/,CULTR,Culture,2017-08-26,OONI partner,
http://shop.cooleagle.com.tw/v2/official,COMM,E-commerce,2017-08-26,OONI partner,
https://shopee.tw/,COMM,E-commerce,2017-08-26,OONI partner,
http://shopping.friday.tw/,COMM,E-commerce,2017-08-26,OONI partner,
http://shopping.pchome.com.tw/,COMM,E-commerce,2017-08-26,OONI partner,
https://shopping.udn.com/,COMM,E-commerce,2017-08-26,OONI partner,
https://sojourn.tw/,COMM,E-commerce,2017-08-26,OONI partner,
http://tagv.mohw.gov.tw/,LGBT,LGBT,2017-08-25,OONI partner,
http://taiwan.shien-dao.com.tw/,REL,Religion,2017-08-26,OONI partner,
http://taiwanreview.nat.gov.tw/,NEWS,News Media,2017-08-25,OONI,
https://tapcpr.org/,LGBT,LGBT,2017-08-25,OONI partner,
http://tasat.org.tw/,HUMR,Human Rights Issues,2017-08-26,OONI partner,
http://technews.tw/,NEWS,News Media,2017-08-26,OONI partner,
http://teia.tw/zh-hant,ENV,Environment,2017-08-26,OONI partner,
http://tepca.org.tw/,ENV,Environment,2017-08-26,OONI partner,
http://tgqraa.org/,HUMR,Human Rights Issues,2017-08-26,OONI partner,
https://theinitium.com/,NEWS,News Media,2017-08-26,OONI partner,
http://tps-taiwanpassportsticker.com/,MILX,Terrorism and Militants,2017-08-26,OONI partner,
http://treesparty.tw/,ENV,Environment,2017-08-26,OONI partner,
http://tw.beanfun.com/,GAME,Gaming,2017-08-26,OONI partner,
https://tw.bid.yahoo.com/,COMM,E-commerce,2017-08-26,OONI partner,
http://tw.blizzard.com/zh-tw/,GAME,Gaming,2017-08-26,OONI partner,
http://tw.gamagic.com/,GAME,Gaming,2017-08-26,OONI partner,
http://tw.hehagame.com/,GAME,Gaming,2017-08-26,OONI partner,
https://tw.mall.yahoo.com/,COMM,E-commerce,2017-08-26,OONI partner,
https://tw.match.com/,DATE,Online Dating,2017-08-25,OONI partner,
https://tw.match.com/cpx/intl/match/IndexPage/,DATE,Online Dating,2017-08-25,OONI partner,
https://tw.news.yahoo.com/,NEWS,News Media,2017-08-25,OONI,
http://tw.pikolive.com/,GAME,Gaming,2017-08-26,OONI partner,
http://tw.taobao.com/market/tw/twxz.php,COMM,E-commerce,2017-08-26,OONI partner,
http://twycc.org.tw/,ENV,Environment,2017-08-26,OONI partner,
http://udn.com/,NEWS,News Media,2017-08-25,OONI,
http://udn.com/news/index,NEWS,News Media,2017-08-26,OONI partner,
http://unitas.udngroup.com.tw/,CULTR,Culture,2017-08-26,OONI partner,
http://vlog.xuite.net/,MMED,Media sharing,2017-08-26,OONI partner,
http://wutong.org.tw/,ENV,Environment,2017-08-26,OONI partner,
http://www.100basket.com/,COMM,E-commerce,2017-08-26,OONI partner,
https://www.101newsmedia.com/,NEWS,News Media,2017-08-26,OONI partner,
http://www.113.com.tw/,GAME,Gaming,2017-08-26,OONI partner,
https://www.1767game.com/,GAME,Gaming,2017-08-26,OONI partner,
http://www.1949er.org/,MILX,Terrorism and Militants,2017-08-26,OONI partner,
http://www.58play.com.tw/,GAME,Gaming,2017-08-26,OONI partner,
http://www.61.com.tw/,GAME,Gaming,2017-08-26,OONI partner,
https://www.7stareco.org.tw/,ENV,Environment,2017-08-26,OONI partner,
http://www.8591.com.tw/,COMM,E-commerce,2017-08-26,OONI partner,
http://www.88box.com/,GAME,Gaming,2017-08-26,OONI partner,
http://www.917play.com.tw/,GAME,Gaming,2017-08-26,OONI partner,
http://www.adaymag.com/,NEWS,News Media,2017-08-26,OONI partner,
http://www.aec.gov.tw/,GOVT,Government,2017-08-26,OONI partner,
http://www.airclean.tw/,ENV,Environment,2017-08-26,OONI partner,
http://www.alibaba-tw.com/,COMM,E-commerce,2017-08-26,OONI partner,
https://www.amnesty.tw/,HUMR,Human Rights Issues,2017-08-26,OONI partner,
http://www.anyongfresh.com/anyongfresh/,COMM,E-commerce,2017-08-26,OONI partner,
http://www.apc.gov.tw/,GOVT,Government,2017-08-26,OONI partner,
http://www.appledaily.com.tw/,NEWS,News Media,2017-08-25,OONI,
http://www.appledaily.com.tw/realtimenews/section/new/,NEWS,News Media,2017-08-26,OONI partner,
https://www.artsticket.com.tw/CKSCC2005/home/home00/index.aspx?AspxAutoDetectCookieSupport=1,CULTR,Culture,2017-08-26,OONI partner,
http://www.asap.com.tw/,COMM,E-commerce,2017-08-26,OONI partner,
http://www.aseed.org.tw/,ENV,Environment,2017-08-26,OONI partner,
http://www.asf.com.tw/,COMM,E-commerce,2017-08-26,OONI partner,     
http://www.awakening.org.tw/chhtml/index.asp,HUMR,Human Rights Issues,2017-08-26,OONI partner,
http://www.bnext.com.tw/,NEWS,News Media,2017-08-26,OONI partner,
http://www.books.com.tw/,COMM,E-commerce,2017-08-26,OONI partner,
http://www.buylocal.tw/,COMM,E-commerce,2017-08-26,OONI partner,        
https://www.buynearby.com.tw/,COMM,E-commerce,2017-08-26,OONI partner,
http://www.cahr.org.tw/,HUMR,Human Rights Issues,2017-08-26,OONI partner,
http://www.carrefour.com.tw/,COMM,E-commerce,2017-08-26,OONI partner,
http://www.cbc.gov.tw/mp.asp?mp=1,GOVT,Government,2017-08-26,OONI partner,
http://www.cdnews.com.tw/cdnews_site/,NEWS,News Media,2017-08-25,OONI,
http://www.cdns.com.tw/,NEWS,News Media,2017-08-26,OONI partner,
http://www.cec.gov.tw/,GOVT,Government,2017-08-26,OONI partner,
https://www.cet-taiwan.org/,ENV,Environment,2017-08-26,OONI partner,
http://www.cga.gov.tw/GipOpen/wSite/mp?mp=999,GOVT,Government,2017-08-26,OONI partner,
http://www.chilin.org.tw/,HUMR,Human Rights Issues,2017-08-26,OONI partner,
http://www.chinapost.com.tw/,NEWS,News Media,2017-08-25,OONI,
http://www.chinatimes.com/realtimenews,NEWS,News Media,2017-08-26,OONI partner,
https://www.cib.gov.tw/,GOVT,Government,2017-08-26,OONI partner,
https://www.civilmedia.tw/,NEWS,News Media,2017-08-26,OONI partner,
https://www.cmmedia.com.tw/,NEWS,News Media,2017-08-26,OONI partner,
http://www.cna.com.tw/,NEWS,News Media,2017-08-25,OONI,
http://www.coa.gov.tw/,GOVT,Government,2017-08-26,OONI partner,
http://www.comico.com.tw/,CULTR,Culture,2017-08-26,OONI partner,
http://www.coolloud.org.tw/,NEWS,News Media,2017-08-26,OONI partner,
http://www.crat.artcom.tw/ap/index.aspx,HUMR,Human Rights Issues,2017-08-26,OONI partner,
http://www.ctcwri.idv.tw/godking.htm,REL,Religion,2017-08-26,OONI partner,
http://www.ctv.com.tw/opencms/jsp/index_2.jsp,NEWS,News Media,2017-08-26,OONI partner,
https://www.ctworld.org.tw/,REL,Religion,2017-08-26,OONI partner,
http://www.culroc.org.tw/,HUMR,Human Rights Issues,2017-08-26,OONI partner,
http://www.cwcmf.org.tw/joomla/,HUMR,Human Rights Issues,2017-08-26,OONI partner,
http://www.cy.gov.tw/,GOVT,Government,2017-08-26,OONI partner,
http://www.cyberstep.com.tw/,GAME,Gaming,2017-08-26,OONI partner,
http://www.dajiamazu.org.tw/,REL,Religion,2017-08-26,OONI partner,
http://www.dalailamaworld.com/,REL,Religion,2017-08-26,OONI partner,
https://www.datemenow.com.tw/,DATE,Online Dating,2017-08-25,OONI partner,
http://www.digitaltahr.org.tw/,HUMR,Human Rights Issues,2017-08-26,OONI partner,
https://www.dodolovetree.org.tw/,ENV,Environment,2017-08-26,OONI partner,
https://www.drfish.com.tw/,COMM,E-commerce,2017-08-26,OONI partner,
http://www.e-payless.com.tw/,COMM,E-commerce,2017-08-26,OONI partner,
https://www.ecoast.com.tw/,NEWS,News Media,2017-08-26,OONI partner,
http://www.ecpat.org.tw/,HUMR,Human Rights Issues,2017-08-26,OONI partner,
https://www.edu.tw/,GOVT,Government,2017-08-26,OONI partner,
http://www.edunion.org.tw/,HUMR,Human Rights Issues,2017-08-26,OONI partner,
http://www.eeft.org.tw/,ENV,Environment,2017-08-26,OONI partner,
http://www.efunfun.com/,GAME,Gaming,2017-08-26,OONI partner,
https://www.efuntw.com/,GAME,Gaming,2017-08-26,OONI partner,
http://www.eja.org.tw/,ENV,Environment,2017-08-26,OONI partner,
http://www.enable.org.tw/,HUMR,Human Rights Issues,2017-08-26,OONI partner,
https://www.epa.gov.tw/mp.asp?mp=epa,GOVT,Government,2017-08-26,OONI partner,
http://www.epochtimes.com/,NEWS,News Media,2017-08-25,OONI,
http://www.eqpf.org/,ENV,Environment,2017-08-26,OONI partner,
http://www.etmall.com.tw/,COMM,E-commerce,2017-08-26,OONI partner,
http://www.ettoday.net/,NEWS,News Media,2017-08-26,OONI partner,
http://www.eventsinfocus.org/,NEWS,News Media,2017-08-26,OONI partner,
http://www.ey.gov.tw/,GOVT,Government,2017-08-26,OONI partner,
http://www.eyny.com/index.php,FILE,File-sharing,2017-08-25,OONI partner,
https://www.famicloud.com.tw/,COMM,E-commerce,2017-08-26,OONI partner,
https://www.farm-direct.com.tw/,COMM,E-commerce,2017-08-26,OONI partner,  
https://www.fish123.com.tw/,COMM,E-commerce,2017-08-26,OONI partner,
https://www.fishermart.com.tw/,COMM,E-commerce,2017-08-26,OONI partner,
http://www.freshfoods.com.tw/,COMM,E-commerce,2017-08-26,OONI partner,        
https://www.fsc.gov.tw/ch/index.jsp,GOVT,Government,2017-08-26,OONI partner,
http://www.ftc.gov.tw/internet/main/index.aspx,GOVT,Government,2017-08-26,OONI partner,
https://www.funmily.com/,GAME,Gaming,2017-08-26,OONI partner,
https://www.gacc.org.tw/,CULTR,Culture,2017-08-26,OONI partner,
https://www.gamebase.com.tw/,GAME,Gaming,2017-08-26,OONI partner,
http://www.gameflier.com/,GAME,Gaming,2017-08-26,OONI partner,
https://www.gamer.com.tw/,GAME,Gaming,2017-08-26,OONI partner,
http://www.gamexdd.com/,GAME,Gaming,2017-08-26,OONI partner,
https://www.garena.tw/,GAME,Gaming,2017-08-26,OONI partner,
http://www.gff.org.tw/,ENV,Environment,2017-08-26,OONI partner,
https://www.gnjoy.com.tw/,GAME,Gaming,2017-08-26,OONI partner,
https://www.goh.org.tw/tc/index.asp,HUMR,Human Rights Issues,2017-08-26,OONI partner,
http://www.gohappy.com.tw/,COMM,E-commerce,2017-08-26,OONI partner,
http://www.gold-fresh.com.tw/,COMM,E-commerce,2017-08-26,OONI partner,
https://www.google.com.tw/,SRCH,Search Engines,2017-08-26,OONI partner,
https://www.green-n-safe.com/,COMM,E-commerce,2017-08-26,OONI partner,
http://www.greenparty.org.tw/,ENV,Environment,2017-08-26,OONI partner,
http://www.greenpeace.org/taiwan/zh/,ENV,Environment,2017-08-26,OONI partner,
http://www.greenvines.com.tw/,COMM,E-commerce,2017-08-26,OONI partner,
https://www.hakka.gov.tw/,GOVT,Government,2017-08-26,OONI partner,
http://www.hakkatv.org.tw/,NEWS,News Media,2017-08-26,OONI partner,
http://www.happy-shopping.com.tw/,COMM,E-commerce,2017-08-26,OONI partner,
http://www.hi-on.org.tw/,MILX,Terrorism and Militants,2017-08-26,OONI partner,
http://www.hsiliu.org.tw/,ENV,Environment,2017-08-26,OONI partner,
https://www.ht.org.tw/,REL,Religion,2017-08-26,OONI partner,
http://www.hucc-coop.tw/,COMM,E-commerce,2017-08-26,OONI partner,
http://www.huf.org.tw/,ENV,Environment,2017-08-26,OONI partner,
http://www.hug.com.tw/hug/index.aspx,COMM,E-commerce,2017-08-26,OONI partner,       
http://www.i-gamer.net/webgame/,GAME,Gaming,2017-08-26,OONI partner,
https://www.i-house.com.tw/,COMM,E-commerce,2017-08-26,OONI partner,
https://www.i-online.tw/,DATE,Online Dating,2017-08-25,OONI partner,
http://www.i-part.com.tw/interest/indexwantdate.php,DATE,Online Dating,2017-08-25,OONI partner,
http://www.i7391.com/,COMM,E-commerce,2017-08-26,OONI partner,
http://www.icantw.com/,GAME,Gaming,2017-08-26,OONI partner,
http://www.icrt.com.tw/,NEWS,News Media,2017-08-25,OONI,
http://www.idgood.com.tw/,COMM,E-commerce,2017-08-26,OONI partner,
http://www.ikea.com/tw/zh/,COMM,E-commerce,2017-08-26,OONI partner,
http://www.imop.tw/,GAME,Gaming,2017-08-26,OONI partner,
https://www.is520.com/,GAME,Gaming,2017-08-26,OONI partner,
https://www.ispl.com.tw/,GMB,Gambling,2017-08-25,OONI partner,
http://www.istscare.org/,LGBT,LGBT,2017-08-25,OONI partner,
http://www.ithome.com.tw/,NEWS,News Media,2017-08-26,OONI partner,
http://www.iwomenweb.org.tw/,HUMR,Human Rights Issues,2017-08-26,OONI partner,
http://www.jdlfruitnet.com.tw/index.asp,COMM,E-commerce,2017-08-26,OONI partner,
https://www.jrf.org.tw/,HUMR,Human Rights Issues,2017-08-26,OONI partner,
http://www.judicial.gov.tw/index.asp,GOVT,Government,2017-08-26,OONI partner,
http://www.kiyu.tw/,GAME,Gaming,2017-08-26,OONI partner,
https://www.kkbox.com/tw/tc/index.html,CULTR,Culture,2017-08-26,OONI partner,
http://www.kmdn.gov.tw/,NEWS,News Media,2017-08-25,OONI,
http://www.kskk.org.tw/main/,ENV,Environment,2017-08-26,OONI partner,
http://www.ksnews.com.tw/,NEWS,News Media,2017-08-26,OONI partner,
http://www.kuroshio.org.tw/,ENV,Environment,2017-08-26,OONI partner,
https://www.lativ.com.tw/,COMM,E-commerce,2017-08-26,OONI partner,
https://www.leezen.com.tw/index.php,COMM,E-commerce,2017-08-26,OONI partner,
http://www.lre.org.tw/,HUMR,Human Rights Issues,2017-08-26,OONI partner,
http://www.ltn.com.tw/,NEWS,News Media,2017-08-25,OONI,
http://www.lunplay.com/,GAME,Gaming,2017-08-26,OONI partner,
http://www.ly.gov.tw/innerIndex.action,GOVT,Government,2017-08-26,OONI partner,
http://www.mac.gov.tw/,GOVT,Government,2017-08-26,OONI partner,
https://www.mangot5.com/Index,GAME,Gaming,2017-08-26,OONI partner,
http://www.matchbank.com.tw/index.php,DATE,Online Dating,2017-08-25,OONI partner,
http://www.matsu-news.gov.tw/,NEWS,News Media,2017-08-25,OONI,
http://www.mdnkids.com/,NEWS,News Media,2017-08-25,OONI,
https://www.mirrormedia.mg/,NEWS,News Media,2017-08-26,OONI partner,
http://www.mnd.gov.tw/default.aspx,GOVT,Government,2017-08-26,OONI partner,
http://www.moc.gov.tw/,GOVT,Government,2017-08-26,OONI partner,
http://www.moea.gov.tw/MNS/populace/home/Home.aspx,GOVT,Government,2017-08-26,OONI partner,
https://www.mof.gov.tw/,GOVT,Government,2017-08-26,OONI partner,
http://www.mofa.gov.tw/default.html,GOVT,Government,2017-08-26,OONI partner,
https://www.mohw.gov.tw/mp-1.html,GOVT,Government,2017-08-26,OONI partner,
http://www.moi.gov.tw/,GOVT,Government,2017-08-26,OONI partner,
https://www.moj.gov.tw/mp001.html,GOVT,Government,2017-08-26,OONI partner,
http://www.mol.gov.tw/,GOVT,Government,2017-08-26,OONI partner,
https://www.molome.tw/,GAME,Gaming,2017-08-26,OONI partner,
https://www.momoshop.com.tw/,COMM,E-commerce,2017-08-26,OONI partner,
https://www.most.gov.tw/,GOVT,Government,2017-08-26,OONI partner,
http://www.motc.gov.tw/ch/index.jsp,GOVT,Government,2017-08-26,OONI partner,
https://www.muzik-online.com/tw/,CULTR,Culture,2017-08-26,OONI partner,
http://www.my-fresh.com/,COMM,E-commerce,2017-08-26,OONI partner,       
https://www.myfone.com.tw/buy/,COMM,E-commerce,2017-08-26,OONI partner,
https://www.mymusic.net.tw/ux/w/product?gclid=EAIaIQobChMIncLctf7p1QIVVoC9Ch3EkA77EAAYASAAEgJkX_D_BwE,CULTR,Culture,2017-08-26,OONI partner,
http://www.ncc.gov.tw/chinese/index.aspx,GOVT,Government,2017-08-26,OONI partner,
https://www.ndc.gov.tw/RSS.aspx,GOVT,Government,2017-08-26,OONI partner,
http://www.newegg.com.tw/,COMM,E-commerce,2017-08-26,OONI partner,
http://www.newsmarket.com.tw/,NEWS,News Media,2017-08-26,OONI partner,
https://www.newsmarket.com.tw/shop/,COMM,E-commerce,2017-08-26,OONI partner,
http://www.nextmag.com.tw/,NEWS,News Media,2017-08-26,OONI partner,
http://www.nftu.org.tw/,HUMR,Human Rights Issues,2017-08-26,OONI partner,
http://www.nhrm.gov.tw/home,HUMR,Human Rights Issues,2017-08-26,OONI partner,
http://www.niusnews.com/,NEWS,News Media,2017-08-26,OONI partner,
https://www.nownews.com/,NEWS,News Media,2017-08-26,OONI partner,
http://www.nsb.gov.tw/,GOVT,Government,2017-08-26,OONI partner,
http://www.ntdtv.com/indexb5.html,NEWS,News Media,2017-08-26,OONI partner,
http://www.nylon.org.tw/,HUMR,Human Rights Issues,2017-08-26,OONI partner,
http://www.ocac.gov.tw/ocac/,GOVT,Government,2017-08-26,OONI partner,
http://www.omg.com.tw/,GAME,Gaming,2017-08-26,OONI partner,
http://www.organicshops.cc/,COMM,E-commerce,2017-08-26,OONI partner,
http://www.payeasy.com.tw/,COMM,E-commerce,2017-08-26,OONI partner,
http://www.pct.org.tw/,MILX,Terrorism and Militants,2017-08-26,OONI partner,
http://www.peanutsdaily.com/,NEWS,News Media,2017-08-25,OONI,
http://www.peoplenews.tw/,NEWS,News Media,2017-08-26,OONI partner,
http://www.peopo.org/,NEWS,News Media,2017-08-26,OONI partner,
http://www.pilio.idv.tw/ltohk/list.asp,GMB,Gambling,2017-08-25,OONI partner,
https://www.pixnet.net/album,MMED,Media sharing,2017-08-26,OONI partner,
https://www.pixnet.net/blog,HOST,Hosting and Blogging Platforms,2017-08-26,OONI partner,
http://www.playmusic.tw/,CULTR,Culture,2017-08-26,OONI partner,
http://www.president.gov.tw/,GOVT,Government,2017-08-26,OONI partner,
https://www.ptt.cc/bbs/HatePolitics/index.html,POLR,Political Criticism,2017-08-26,OONI partner,
https://www.ptt.cc/bbs/index.html,GRP,Social Networking,2017-08-25,OONI partner,
http://www.pubgame.tw/,GAME,Gaming,2017-08-26,OONI partner,
http://www.puredise.com.tw/,COMM,E-commerce,2017-08-26,OONI partner,    
https://www.rakuten.com.tw/,COMM,E-commerce,2017-08-26,OONI partner,
http://www.ruten.com.tw/,COMM,E-commerce,2017-08-26,OONI partner,
http://www.sanching.org.tw/,REL,Religion,2017-08-26,OONI partner,
http://www.santacruz.com.tw/,COMM,E-commerce,2017-08-26,OONI partner,
http://www.savesafe.com.tw/,COMM,E-commerce,2017-08-26,OONI partner,
http://www.setn.com/,NEWS,News Media,2017-08-26,OONI partner,
http://www.sina.com.tw/,SRCH,Search Engines,2017-08-26,OONI partner,
http://www.singlebank.com.tw/,DATE,Online Dating,2017-08-25,OONI partner,
http://www.softstar.com.tw/,GAME,Gaming,2017-08-26,OONI partner,
http://www.songyy.org.tw/,XED,Sex Education,2017-08-26,OONI partner,
http://www.southnews.com.tw/,MILX,Terrorism and Militants,2017-08-26,OONI partner,
https://www.sow.org.tw/,ENV,Environment,2017-08-26,OONI partner,
https://www.sportslottery.com.tw/zh/web/guest/home,GMB,Gambling,2017-08-25,OONI partner,
https://www.spotify.com/tw/,CULTR,Culture,2017-08-26,OONI partner,
http://www.storm.mg/,NEWS,News Media,2017-08-26,OONI partner,
http://www.sudu.cc/front/bin/ptlist.phtml?Category=226049,COMM,E-commerce,2017-08-26,OONI partner,
http://www.superbuy.com.tw/,COMM,E-commerce,2017-08-26,OONI partner,        
http://www.t-ch.com.tw/index.htm,DATE,Online Dating,2017-08-25,OONI partner,
https://www.taaze.tw/index.html,CULTR,Culture,2017-08-26,OONI partner,
http://www.taedp.org.tw/,HUMR,Human Rights Issues,2017-08-26,OONI partner,
https://twinnocenceproject.org/,HUMR,Human Rights Issues,2017-08-26,OONI partner,
https://www.tahr.org.tw/,HUMR,Human Rights Issues,2017-08-26,OONI partner,
http://www.tahri.org.tw/,HUMR,Human Rights Issues,2017-08-26,OONI partner,
http://www.taipeisoir.net/,NEWS,News Media,2017-08-25,OONI,
http://www.taipeitimes.com/,NEWS,News Media,2017-08-25,OONI,
http://www.taise.org.tw/,ENV,Environment,2017-08-26,OONI partner,
http://www.taiwandaily.net/,NEWS,News Media,2017-08-25,OONI,
http://www.taiwanhot.net/,NEWS,News Media,2017-08-26,OONI partner,
http://www.taiwanhrj.org/,HUMR,Human Rights Issues,2017-08-26,OONI partner,
http://www.taiwanlottery.com.tw/,GMB,Gambling,2017-08-25,OONI partner,
http://www.taiwannation.org.tw/,MILX,Terrorism and Militants,2017-08-26,OONI partner,
http://www.taiwannews.com.tw/,NEWS,News Media,2017-08-25,OONI,
http://www.taiwanruralfront.org/,HUMR,Human Rights Issues,2017-08-26,OONI partner,
http://www.taiwantna.tw/,MILX,Terrorism and Militants,2017-08-26,OONI partner,
http://www.taiwantoday.tw/,NEWS,News Media,2017-08-25,OONI,
http://www.taiwantrc.org/,HUMR,Human Rights Issues,2017-08-26,OONI partner,
http://www.taiwanwatch.org.tw/,ENV,Environment,2017-08-26,OONI partner,
http://www.tasgep.org.tw/,ENV,Environment,2017-08-26,OONI partner,
http://www.tba.org.tw/index.asp,HUMR,Human Rights Issues,2017-08-26,OONI partner,
http://www.tbj.com.tw/,COMM,E-commerce,2017-08-26,OONI partner,
http://www.teepr.com/,NEWS,News Media,2017-08-26,OONI partner,
http://www.tepu.org.tw/,ENV,Environment,2017-08-26,OONI partner,
http://www.terppa.org/,ENV,Environment,2017-08-26,OONI partner,
http://www.tfrd.org.tw/,HUMR,Human Rights Issues,2017-08-26,OONI partner,
http://www.tgeea.org.tw/,HUMR,Human Rights Issues,2017-08-26,OONI partner,
http://www.thenewslens.com/,NEWS,News Media,2017-08-25,OONI,
http://www.thofood.com/,COMM,E-commerce,2017-08-26,OONI partner,
http://www.titv.org.tw/,NEWS,News Media,2017-08-26,OONI partner,
http://www.tiwa.org.tw/,HUMR,Human Rights Issues,2017-08-26,OONI partner,
http://www.tkec.com.tw/,COMM,E-commerce,2017-08-26,OONI partner,
http://www.tmitrail.org.tw/,ENV,Environment,2017-08-26,OONI partner,
http://www.top1game.com/,GAME,Gaming,2017-08-26,OONI partner,
http://www.toptoon.com.tw/,CULTR,Culture,2017-08-26,OONI partner,
http://www.treemall.com.tw/,COMM,E-commerce,2017-08-26,OONI partner,
http://www.tssdnews.com.tw/,NEWS,News Media,2017-08-25,OONI,
http://www.tsu.org.tw/,MILX,Terrorism and Militants,2017-08-26,OONI partner,
http://www.tt-play.com/,GAME,Gaming,2017-08-26,OONI partner,
http://www.ttv.com.tw/,NEWS,News Media,2017-08-25,OONI,
http://www.ttv.com.tw/news/,NEWS,News Media,2017-08-26,OONI partner,
http://www.tunaking.com.tw/,COMM,E-commerce,2017-08-26,OONI partner,
http://www.tv889.com.tw/,COMM,E-commerce,2017-08-26,OONI partner,
http://www.tvbs.com.tw/,NEWS,News Media,2017-08-26,OONI partner,
http://www.twba.org.tw/,HUMR,Human Rights Issues,2017-08-26,OONI partner,
http://www.twdem.org/,HUMR,Human Rights Issues,2017-08-26,OONI partner,
http://www.twfeminist.org/,HUMR,Human Rights Issues,2017-08-26,OONI partner,
https://www.twreporter.org/,NEWS,News Media,2017-08-26,OONI partner,
http://www.u-mall.com.tw/,COMM,E-commerce,2017-08-26,OONI partner,
http://www.upmedia.mg/,NEWS,News Media,2017-08-26,OONI partner,
http://www.ustv.com.tw/UstvMedia/,NEWS,News Media,2017-08-26,OONI partner,
https://www.vivatv.com.tw/,COMM,E-commerce,2017-08-26,OONI partner,
http://www.warnermusic.com.tw/home,CULTR,Culture,2017-08-26,OONI partner,
http://www.wasabii.com.tw/,GAME,Gaming,2017-08-26,OONI partner,
https://www.wayi.com.tw/index.aspx,GAME,Gaming,2017-08-26,OONI partner,
https://www.wegames.com.tw/,GAME,Gaming,2017-08-26,OONI partner,
http://www.wetrees.org/,ENV,Environment,2017-08-26,OONI partner,
https://www.whatsyourprice.com/tw/,DATE,Online Dating,2017-08-25,OONI partner,
https://www.withheart.com.tw/,COMM,E-commerce,2017-08-26,OONI partner,
https://www.wonderfulfood.com.tw/,COMM,E-commerce,2017-08-26,OONI partner,
http://www.wufi.org.tw/,MILX,Terrorism and Militants,2017-08-26,OONI partner,
https://www.yam.com/,SRCH,Search Engines,2017-08-26,OONI partner,
http://www.yaot.org/,MILX,Terrorism and Militants,2017-08-26,OONI partner,
https://www.yooho.com.tw/shop.php,COMM,E-commerce,2017-08-26,OONI partner,    
http://www.youthrights.org.tw/,HUMR,Human Rights Issues,2017-08-26,OONI partner,
https://www.youtube.com/?hl=zh-TW&gl=TW,MMED,Media sharing,2017-08-26,OONI partner,
https://www.yuelaobank.com/about_date,DATE,Online Dating,2017-08-25,OONI partner,
http://www.zoanow.com/2015/02/blog-post_27.html,DATE,Online Dating,2017-08-25,OONI partner,
https://www.zoosk.com/zh-tw/,DATE,Online Dating,2017-08-25,OONI partner,
https://zh-yue.wikipedia.org/,CULTR,Culture,2018-07-06,Wikimedia,URLs provided by wikipedia based on the most popular language domains per country
http://zh.daoinfo.org/wiki/%E9%A6%96%E9%A0%81,REL,Religion,2017-08-26,OONI partner,
http://zh.globalvoicesonline.org/hant/,NEWS,News Media,2017-08-26,OONI partner,
https://zh.wikisource.org/,CULTR,Culture,2018-07-06,Wikimedia,URLs provided by wikipedia based on the most popular language domains per country
https://zh.wiktionary.org/,CULTR,Culture,2018-07-06,Wikimedia,URLs provided by wikipedia based on the most popular language domains per country
http://zh.wildatheart.org.tw/,ENV,Environment,2017-08-26,OONI partner,
