url,category_code,category_description,date_added,source,notes
https://www.cdf.or.tz/,HUMR,Human Rights Issues,2014-04-15,citizenlab,
http://fgcdailynews.blogspot.com/,HUMR,Human Rights Issues,2014-04-15,citizenlab,
https://hakinaumma.wordpress.com/,POLR,Political Criticism,2014-04-15,citizenlab,
https://ippmedia.com/,NEWS,News Media,2014-04-15,citizenlab,
https://issamichuzi.blogspot.com/,NEWS,News Media,2014-04-15,citizenlab,
http://kasrilamwanazuo.blogspot.com/,POLR,Political Criticism,2014-04-15,citizenlab,
https://kijanakurayako2010.wordpress.com/,POLR,Political Criticism,2014-04-15,citizenlab,
http://madikazemi.blogspot.com/,LGBT,LGBT,2014-04-15,citizenlab,
https://mpayukaji.blogspot.com/,POLR,Political Criticism,2014-04-15,citizenlab,
http://ndimara.blogspot.com/,POLR,Political Criticism,2014-04-15,citizenlab,
http://rsmiruko.blogspot.com/,POLR,Political Criticism,2014-04-15,citizenlab,
https://vijanafm.crowdmap.com/,POLR,Political Criticism,2014-04-15,citizenlab,
https://www.amnestyusa.org/countries/tanzania/,HUMR,Human Rights Issues,2014-04-15,citizenlab,
http://chadema.or.tz/,POLR,Political Criticism,2014-04-15,citizenlab,
http://www.chahali.com/,NEWS,News Media,2014-04-15,citizenlab,
https://www.hrw.org/africa/tanzania-and-zanzibar,HUMR,Human Rights Issues,2014-04-15,citizenlab,
https://www.jamiiforums.com/,GRP,Social Networking,2014-04-15,citizenlab,Referred to as the "Swahili WikiLeaks"
http://www.mwanahalisi.co.tz/,NEWS,News Media,2014-04-15,citizenlab,
https://oia.co.za/,LGBT,LGBT,2014-04-15,citizenlab,
http://www.shout-africa.com/top-story/human-rights-violation-exists-in-tanzania/,HUMR,Human Rights Issues,2014-04-15,citizenlab,
https://www.gopetition.com/petitions/free-edson-cosmas.html,LGBT,LGBT,2014-04-15,citizenlab,
https://www.thecitizen.co.tz/,NEWS,News Media,2014-04-15,citizenlab,
https://zittokabwe.wordpress.com/,POLR,Political Criticism,2014-04-15,citizenlab,
http://millardayo.com/,NEWS,News Media,2017-01-17,CIPIT,
https://www.bbc.com/swahili,NEWS,News Media,2017-07-19,BBC,
http://www.bbcswahili.com/,NEWS,News Media,2017-07-19,BBC,
https://sw.wikipedia.org/,CULTR,Culture,2019-02-19,Wikimedia,URLs provided by wikipedia based on the most popular language domains per country
http://www.tmf.or.tz/,NEWS,News Media,2019-09-30,OONI,
https://www.dailynews.co.tz/,NEWS,News Media,2019-09-30,OONI,
https://allafrica.com/tanzania/,NEWS,News Media,2019-09-30,OONI,
https://www.theguardian.com/world/tanzania,NEWS,News Media,2019-09-30,OONI,
http://bongo5.com/,NEWS,News Media,2019-09-30,OONI,
http://www.mpekuzihuru.com/,NEWS,News Media,2019-09-30,OONI,
https://www.mwananchi.co.tz/,NEWS,News Media,2019-09-30,OONI,
https://globalpublishers.co.tz/,NEWS,News Media,2019-09-30,OONI,
https://habarileo.co.tz/,NEWS,News Media,2019-09-30,OONI,
https://www.panapress.com/,NEWS,News Media,2019-09-30,OONI,
https://www.eatv.tv/,NEWS,News Media,2019-09-30,OONI,
http://tbc.go.tz/,NEWS,News Media,2019-09-30,OONI,
https://www.radio1.co.tz/,NEWS,News Media,2019-09-30,OONI,
https://www.mwanaspoti.co.tz/,NEWS,News Media,2019-09-30,OONI,
http://www.dar24.com/,NEWS,News Media,2019-09-30,OONI,
http://mwanahalisionline.com/,NEWS,News Media,2019-09-30,OONI,
http://zanzibar24.co.tz/,NEWS,News Media,2019-09-30,OONI,
http://www.jamhurimedia.co.tz/,NEWS,News Media,2019-09-30,OONI,
http://www.zanzinews.com/,NEWS,News Media,2019-09-30,OONI,
https://www.guardian.co.tz/,NEWS,News Media,2019-09-30,OONI,
https://www.arushatimes.co.tz/,NEWS,News Media,2019-09-30,OONI,
https://www.itv.co.tz/,NEWS,News Media,2019-09-30,OONI,
http://www.startv.co.tz/,NEWS,News Media,2019-09-30,OONI,
http://www.kajunason.com/,NEWS,News Media,2019-09-30,OONI,
https://zanzibardaima.net/,NEWS,News Media,2019-09-30,OONI,
http://www.focusmedia.co.tz/,NEWS,News Media,2019-09-30,OONI,
https://www.theeastafrican.co.ke/,NEWS,News Media,2019-09-30,OONI,Regional news
http://www.africaonline.co.tz/,HOST,Hosting and Blogging Platforms,2019-09-30,OONI,
https://www.afrointroductions.com/,DATE,Online Dating,2019-09-30,OONI,
http://www.tanserve.co.tz/,SRCH,Search Engines,2019-09-30,OONI,
http://www.vijanatz.com/tz/,SRCH,Search Engines,2019-09-30,OONI,
https://eastafricantube.com/,MMED,Media sharing,2019-09-30,OONI,Regional
https://www.expertafrica.com/,CULTR,Culture,2019-09-30,OONI,Regional
https://www.tanzaniaparks.com/,CULTR,Culture,2019-09-30,OONI,
https://www.precisionairtz.com/,CULTR,Culture,2019-09-30,OONI,
http://zanzibar.net/,CULTR,Culture,2019-09-30,OONI,
https://www.travelstart.co.tz/,CULTR,Culture,2019-09-30,OONI,
http://hakiardhi.org/,ECON,Economics,2019-09-30,OONI,
https://www.care.org/,HUMR,Human Rights Issues,2019-09-30,OONI,
https://www.savethechildren.org/,HUMR,Human Rights Issues,2019-09-30,OONI,
http://www.tango.or.tz/,HUMR,Human Rights Issues,2019-09-30,OONI,
http://www.esrftz.org/,ECON,Economics,2019-09-30,OONI,
http://www.repoa.or.tz/,ECON,Economics,2019-09-30,OONI,
https://lgbtvoicetz.org/,LGBT,LGBT,2019-09-30,OONI,
https://www.mambaonline.com/2017/02/27/killing-lgbt-community-says-tanzanian-activist/,LGBT,LGBT,2019-09-30,OONI,
http://www.gaysaradio.co.za/,LGBT,LGBT,2019-09-30,OONI,Regional
https://www.amnesty.org/en/latest/news/2018/11/tanzania-dangerous-plans-for-homophobic-task-force-must-be-abandoned-immediately/,LGBT,LGBT,2019-09-30,OONI,
https://www.ohchr.org/EN/NewsEvents/Pages/DisplayNews.aspx?NewsID=23817&LangID=E,LGBT,LGBT,2019-09-30,OONI,
http://www.tzaffairs.org/category/politics/,POLR,Political Criticism,2019-09-30,OONI,
https://www.zoomtanzania.com/,COMM,E-commerce,2019-09-30,OONI,
https://www.misskymmiee.com/,CULTR,Culture,2019-09-30,OONI,
https://www.tanzania-experience.com/,CULTR,Culture,2019-09-30,OONI,
https://businesstimes.co.tz/,NEWS,News Media,2019-09-30,OONI,
http://educatetanzania.org/,ECON,Economics,2019-09-30,OONI,
https://hopeforgirlsandwomen.wordpress.com/,HUMR,Human Rights Issues,2019-09-30,OONI,
https://www.africablogging.org/topic/tanzania/,POLR,Political Criticism,2019-09-30,OONI,
https://www.tcra.go.tz/images/documents/regulations/SUPP_GN_NO_133_16_03_2018_EPOCA_ONLINE_CONTENT_REGULATIONS_2018.pdf,GOVT,Government,2019-09-30,OONI,Regulation expanding internet censorship powers
https://player.fm/series/awr-maasai-masai-l-maa,CULTR,Culture,2019-09-30,OONI,
https://player.fm/series/the-east-africa-business-podcast-african-start-ups-investing-entrepreneurship-interviews,CULTR,Culture,2019-09-30,OONI,
https://player.fm/series/awr-swahili-kiswahili,CULTR,Culture,2019-09-30,OONI,
http://afripod.aodl.org/tag/tanzania/,CULTR,Culture,2019-09-30,OONI,
https://www.sidint.net/content/east-africa-today-podcast,CULTR,Culture,2019-09-30,OONI,
https://www.youtube.com/channel/UCzbzukN2o7f79BQ3nZF5HuA,CULTR,Culture,2019-09-30,OONI,Tanzanian Vlogger
http://aikandekwayu.com/,POLR,Political Criticism,2019-09-30,OONI,Blogger reportedly impacted by the "blogger tax"
http://mikochenireport.blogspot.com/,CULTR,Culture,2019-09-30,OONI,Blogger who reportedly stopped posting at her award-winning blog because of the new laws’ expensive fees
https://www.theverge.com/2018/7/6/17536686/tanzania-internet-laws-censorship-uganda-social-media-tax,POLR,Political Criticism,2019-09-30,OONI,
https://edition.cnn.com/2018/04/12/africa/tanzania-blogging-internet-freedoms-africa/index.html,POLR,Political Criticism,2019-09-30,OONI,
https://www.jihabarishe.com/new-blogging-regulations-in-tanzania-245,POLR,Political Criticism,2019-09-30,OONI,
https://cipesa.org/?wpfb_dl=259,POLR,Political Criticism,2019-09-30,OONI,
https://qz.com/africa/1248762/tanzania-social-media-and-blogging-regulations-charge-to-operate-online/,POLR,Political Criticism,2019-09-30,OONI,
https://freedomhouse.org/country/tanzania,HUMR,Human Rights Issues,2019-09-30,OONI,
https://advox.globalvoices.org/2018/04/12/will-tanzanian-bloggers-pay-up-or-push-back-against-blogger-tax/,POLR,Political Criticism,2019-09-30,OONI,
https://www.worldbank.org/en/country/tanzania/overview,ECON,Economics,2019-09-30,OONI,
http://ccm.or.tz/,POLR,Political Criticism,2019-09-30,OONI,Ruling party
http://nccr-mageuzi.blogspot.com/,POLR,Political Criticism,2019-09-30,OONI,Political party
https://www.nec.go.tz/,POLR,Political Criticism,2019-09-30,OONI,National Electoral Commission
https://tcd.or.tz/,POLR,Political Criticism,2019-09-30,OONI,
http://www.actwazalendo.or.tz/,POLR,Political Criticism,2019-09-30,OONI,Leading opposition party
https://thrdc.or.tz/,HUMR,Human Rights Issues,2019-09-30,OONI,
https://www.humanrights.or.tz/,HUMR,Human Rights Issues,2019-09-30,OONI,
https://tz.one.un.org/,IGO,Intergovernmental Organizations,2019-09-30,OONI,United Nations Tanzania
http://msichana.or.tz/,HUMR,Human Rights Issues,2019-09-30,OONI,
https://wft.or.tz/,HUMR,Human Rights Issues,2019-09-30,OONI,
http://www.wrdc.or.tz/,HUMR,Human Rights Issues,2019-09-30,OONI,
https://www.unpei.org/what-we-do/pei-countries/tanzania,ECON,Economics,2019-09-30,OONI,
http://envirocare.or.tz/,ENV,Environment,2019-09-30,OONI,
http://www.eepco-tz.org/,ENV,Environment,2019-09-30,OONI,
https://tz.datingbuzz.com/,DATE,Online Dating,2019-09-30,OONI,
https://www.onescene.com/profiles/TZ/,DATE,Online Dating,2019-09-30,OONI,LGBTQI dating in Tanzania
https://tanzaniaspecialist.com/,CULTR,Culture,2019-09-30,OONI,
http://tanlap.or.tz/,HUMR,Human Rights Issues,2019-07-18,SKM,
https://www.tawla.or.tz/,HUMR,Human Rights Issues,2019-07-18,SKM,
https://tgnp.org/,HUMR,Human Rights Issues,2019-07-18,SKM,
https://tamwa.org/,HUMR,Human Rights Issues,2019-07-18,SKM,
http://mtanzania.co.tz/,CULTR,Culture,2019-07-18,SKM,
https://www.policyforum-tz.org/,HUMR,Human Rights Issues,2019-07-18,SKM,
http://mct.go.tz/,GOVT,Government,2019-07-18,SKM,
http://hakimadini.org/,ENV,Environment,2019-07-18,SKM,
http://utpc.or.tz/,HUMR,Human Rights Issues,2019-07-18,SKM,
http://tanzania.misa.org/,HUMR,Human Rights Issues,2019-07-18,SKM,
http://www.tanzaniabora.org/,CULTR,Culture,2019-07-18,SKM,
https://www.tzyc.org/,HUMR,Human Rights Issues,2019-07-18,SKM,
https://wildaftanzania.org/,ENV,Environment,2019-07-18,SKM,
https://www.tmf.or.tz/,POLR,Political Criticism,2019-07-18,SKM,
http://lsftz.org/,HUMR,Human Rights Issues,2019-07-18,SKM,
http://thefoundation.or.tz/,HUMR,Human Rights Issues,2019-07-18,SKM,
https://www.osiea.org/,HUMR,Human Rights Issues,2019-07-18,SKM,
http://www.pingosforum.or.tz/,HUMR,Human Rights Issues,2019-07-18,SKM,
http://hakielimu.org/,HUMR,Human Rights Issues,2019-07-18,SKM,
http://tangibletanzania.org/,ECON,Economics,2019-07-18,SKM,
http://notjustok.com/,CULTR,Culture,2019-07-18,SKM,
http://eskimi.com/,CULTR,Culture,2019-07-18,SKM,
http://heslb.go.tz/,GOVT,Government,2019-07-18,SKM,
http://m-bet.co.tz/,GMB,Gambling,2019-07-18,SKM,
http://swahilitimes.com/,NEWS,News Media,2019-07-18,SKM,
http://camdolls.com/,PORN,Pornography,2019-07-18,SKM,
http://bet365.com/,GMB,Gambling,2019-07-18,SKM,
http://goal.com/,GMB,Gambling,2019-07-18,SKM,
http://softonic.com/,FILE,File-sharing,2019-07-18,SKM,
http://reimageplus.com/,FILE,File-sharing,2019-07-18,SKM,
http://kupatana.com/,COMM,E-commerce,2019-07-18,SKM,
http://freelotto.com/,GMB,Gambling,2019-07-18,SKM,
http://thefuncoolstuff.com/,SRCH,Search Engines,2019-07-18,SKM,
http://adexc.net/,FILE,File-sharing,2019-07-18,SKM,
http://popads.net/,FILE,File-sharing,2019-07-18,SKM,
http://tra.go.tz/,GOVT,Government,2019-07-18,SKM,
http://necta.go.tz/,GOVT,Government,2019-07-18,SKM,
http://uptodown.com/,FILE,File-sharing,2019-07-18,SKM,
http://premierbet.com/,GMB,Gambling,2019-07-18,SKM,
http://nacte.go.tz/,GOVT,Government,2019-07-18,SKM,
http://webcrawler.com/,SRCH,Search Engines,2019-07-18,SKM,
http://meridianbet.co.tz/,GMB,Gambling,2019-07-18,SKM,
http://tcu.go.tz/,GOVT,Government,2019-07-18,SKM,
http://flashscore.com/,GMB,Gambling,2019-07-18,SKM,
http://djmwanga.com/,CULTR,Culture,2019-07-18,SKM,
http://zapmeta.ws/,SRCH,Search Engines,2019-07-18,SKM,
http://yingamedia.com/,CULTR,Culture,2019-07-18,SKM,
http://bekaboy.com/,CULTR,Culture,2019-07-18,SKM,
http://shaffihdauda.co.tz/,CULTR,Culture,2019-07-18,SKM,
http://udakuspecially.com/,CULTR,Culture,2019-07-18,SKM,
http://salehjembe.blogspot.com/,CULTR,Culture,2019-07-18,SKM,
http://newpoptab.com/,GMB,Gambling,2019-07-18,SKM,
http://ajirazetu.com/,COMM,E-commerce,2019-07-18,SKM,
http://tanzaniatoday.co.tz/,NEWS,News Media,2019-07-18,SKM,
http://filehippo.com/,FILE,File-sharing,2019-07-18,SKM,
http://adf.ly/,COMM,E-commerce,2019-07-18,SKM,
http://mkekabet.com/,GMB,Gambling,2019-07-18,SKM,
http://ajira.go.tz/,GOVT,Government,2019-07-18,SKM,
http://yts.ag/,FILE,File-sharing,2019-07-18,SKM,
http://reference.com/,CULTR,Culture,2019-07-18,SKM,
http://bongacams.com/,PORN,Pornography,2019-07-18,SKM,
http://tradeadexchange.com/,COMM,E-commerce,2019-07-18,SKM,
http://tooxclusive.com/,CULTR,Culture,2019-07-18,SKM,
http://tigo.co.tz/,COMM,E-commerce,2019-07-18,SKM,
http://maswayetublog.com/,NEWS,News Media,2019-07-18,SKM,
http://nih.gov/,GOVT,Government,2019-07-18,SKM,
http://1337x.to/,FILE,File-sharing,2019-07-18,SKM,
http://myradioaccess.com/,MMED,Media sharing,2019-07-18,SKM,
http://searchalgo.com/,SRCH,Search Engines,2019-07-18,SKM,
http://protect-your-privacy.net/,ANON,Anonymization and circumvention tools,2019-07-18,SKM,
http://soccerway.com/,GAME,Gaming,2019-07-18,SKM,
http://easypdfcombine.com/,FILE,File-sharing,2019-07-18,SKM,
http://johventuretz.com/,MMED,Media sharing,2019-07-18,SKM,
http://safefinder.com/,ANON,Anonymization and circumvention tools,2019-07-18,SKM,
http://ampxchange.com/,COMM,E-commerce,2019-07-18,SKM,
http://pegasuswebco.com/,HOST,Hosting and Blogging Platforms,2019-07-18,SKM,
http://videodownloadconverter.com/,FILE,File-sharing,2019-07-18,SKM,
http://avg.com/,ANON,Anonymization and circumvention tools,2019-07-18,SKM,
http://porn.com/,PORN,Pornography,2019-07-18,SKM,
http://mkito.com/,MMED,Media sharing,2019-07-18,SKM,
http://mwasasaid.blogspot.com/,MMED,Media sharing,2019-07-18,SKM,
http://predictz.com/,GMB,Gambling,2019-07-18,SKM,
http://filmfanatic.com/,MMED,Media sharing,2019-07-18,SKM,
http://muungwana.co.tz/,CULTR,Culture,2019-07-18,SKM,
http://vijanajobs.com/,COMM,E-commerce,2019-07-18,SKM,
http://tanzania.go.tz/,GOVT,Government,2019-07-18,SKM,
http://kazibongo.blogspot.com/,HOST,Hosting and Blogging Platforms,2019-07-18,SKM,
http://playbar.biz/,PORN,Pornography,2019-07-18,SKM,
http://watchmygirlfriend.tv/,PORN,Pornography,2019-07-18,SKM,
http://brela.go.tz/,GOVT,Government,2019-07-18,SKM,
http://vporn.com/,PORN,Pornography,2019-07-18,SKM,
http://halotel.co.tz/,COMM,E-commerce,2019-07-18,SKM,
http://moh.go.tz/,GOVT,Government,2019-07-18,SKM,
http://tabelltz.com/,MMED,Media sharing,2019-07-18,SKM,
http://jkt.go.tz/,GOVT,Government,2019-07-18,SKM,
http://nmbtz.com/,COMM,E-commerce,2019-07-18,SKM,
http://mjengwablog.com/,HOST,Hosting and Blogging Platforms,2019-07-18,SKM,
http://michuzi-matukio.blogspot.com/,HOST,Hosting and Blogging Platforms,2019-07-18,SKM,
http://bot.go.tz/,GOVT,Government,2019-07-18,SKM,
http://matokeoyamitihani.blogspot.com/,HOST,Hosting and Blogging Platforms,2019-07-18,SKM,
http://utumishi.go.tz/,GOVT,Government,2019-07-18,SKM,
http://parliament.go.tz/,GOVT,Government,2019-07-18,SKM,
http://azamtv.com/,MMED,Media sharing,2019-07-18,SKM,
http://veta.go.tz/,GOVT,Government,2019-07-18,SKM,
http://hivisasa.co.tz/,NEWS,News Media,2019-07-18,SKM,
http://tanesco.co.tz/,COMM,E-commerce,2019-07-18,SKM,
http://ubuyublog.com/,CULTR,Culture,2019-07-18,SKM,
http://mkaguzi.blogspot.com/,CULTR,Culture,2019-07-18,SKM,
http://shuledirect.co.tz/,COMM,E-commerce,2019-07-18,SKM,
http://tamisemi.go.tz/,GOVT,Government,2019-07-18,SKM,
http://businessinsider.com/,ECON,Economics,2019-07-18,SKM,
http://redmp3.su/,ECON,Economics,2019-07-18,SKM,
http://www.8020fashionsblog.com/,CULTR,Culture,2019-07-18,SKM,
http://www.fikrapevu.com/,POLR,Political Criticism,2019-07-18,SKM,
https://www.globalshapers.org/,HUMR,Human Rights Issues,2019-07-18,SKM,
http://moe.go.tz/sw/,GOVT,Government,2019-07-18,SKM,
