url,category_code,category_description,date_added,source,notes
http://100kwt.com/,NEWS,News Media,2018-05-28,ksenia,Order of the President of Ukraine 126
http://10svodok.su/,NEWS,News Media,2017-12-12,OONI,Included in blocklist: http://inau.ua/sites/default/files/file/1711/vhidnyy_no_243_vid_28.11.2017.pdf
http://1c.ru/,COMM,E-commerce,2018-02-23,igorv,Software company
https://1plus1.ua/,NEWS,News Media,2017-09-28,igorv,Blocked in Eastern Ukraine
https://1prime.ru/,NEWS,News Media,2018-05-28,ksenia,Order of the President of Ukraine 126
http://1tvcrimea.ru/,NEWS,News Media,2018-02-23,igorv,
http://24tv.ua/,NEWS,News Media,2014-04-15,citizenlab,
http://2ch.hk/,PORN,Pornography,2014-04-15,citizenlab,
http://3a-pycb.livejournal.com/,CULTR,Culture,2014-04-15,citizenlab,
http://6ott-mit-uns.livejournal.com/,CULTR,Culture,2014-04-15,citizenlab,
http://72.14.203.104/,SRCH,Search Engines,2014-04-15,citizenlab,
http://72.14.203.104/search?hl=zh-CN&q=cache:http://www.sh.xcmc.com.cn/,SRCH,Search Engines,2014-04-15,citizenlab,
http://BitchX.Ru/,NEWS,News Media,2014-04-15,citizenlab,
http://a-burlaka.livejournal.com/,NEWS,News Media,2014-04-15,citizenlab,
http://a-osipoff.livejournal.com/,GOVT,Government,2014-04-15,citizenlab,
http://a-sadov.livejournal.com/,GOVT,Government,2014-04-15,citizenlab,
http://abclider.com/,PORN,Pornography,2014-04-15,citizenlab,
http://abcnews.go.com/,NEWS,News Media,2014-04-15,citizenlab,
http://adengo.ru/,NEWS,News Media,2014-04-15,citizenlab,
https://admin-gorlovka.ru/,NEWS,News Media,2018-03-15,ksenia,Eastern Ukrainian website from the new ministry of information blocklist proposal
http://advisor.wmtransfer.com/,COMM,E-commerce,2018-05-28,ksenia,Order of the President of Ukraine 126
https://afisha.yandex.ru/moscow,CULTR,Culture,2017-12-16,oonitarian,sanction list
http://agroprom.msdnr.ru/,GOVT,Government,2018-05-28,ksenia,Order of the President of Ukraine 126
http://ags.demokratia.ru/,POLR,Political Criticism,2014-04-15,citizenlab,
http://alexabarboss.blogspot.com/,NEWS,News Media,2014-04-15,citizenlab,
http://allcrimea.net/,NEWS,News Media,2018-05-28,ksenia,Order of the President of Ukraine 126
http://alstrangers.livejournal.com/,MILX,Terrorism and Militants,2014-04-15,citizenlab,
http://amnesty.org.ru/,HUMR,Human Rights Issues,2014-04-15,citizenlab,
http://amvrosievka.dn.ua/,NEWS,News Media,2017-09-28,igorv,Blocked in Eastern Ukraine
http://anaitiss.livejournal.com/,GOVT,Government,2014-04-15,citizenlab,
http://analitica.kiev.ua/,NEWS,News Media,2014-04-15,citizenlab,
http://anekdot-blogger.blogspot.com/,NEWS,News Media,2014-04-15,citizenlab,
http://anna-news.info/,NEWS,News Media,2017-12-12,OONI,Included in blocklist: http://inau.ua/sites/default/files/file/1711/vhidnyy_no_243_vid_28.11.2017.pdf
http://anonymizer.report.ru/,ANON,Anonymization and circumvention tools,2014-04-15,citizenlab,
http://anonymizer.report.ru/_5FolderID_21226_.html,ANON,Anonymization and circumvention tools,2014-04-15,citizenlab,
http://another-kashin.livejournal.com/,GOVT,Government,2014-04-15,citizenlab,
http://ansardin.wordpress.com/,MILX,Terrorism and Militants,2014-04-15,citizenlab,
http://antifashist.com/,NEWS,News Media,2017-12-12,OONI,Included in blocklist: http://inau.ua/sites/default/files/file/1711/vhidnyy_no_243_vid_28.11.2017.pdf
http://antijob.mahost.org/,POLR,Political Criticism,2014-04-15,citizenlab,
http://antimaydan.info/,NEWS,News Media,2017-12-12,OONI,Included in blocklist: http://inau.ua/sites/default/files/file/1711/vhidnyy_no_243_vid_28.11.2017.pdf
http://arbitrage.webmoney.ru/,COMM,E-commerce,2018-05-28,ksenia,Order of the President of Ukraine 126
https://arbitrage.webmoney.ua/,COMM,E-commerce,2018-05-28,ksenia,Order of the President of Ukraine 126
http://arestant.msk.ru/,HUMR,Human Rights Issues,2014-04-15,citizenlab,
http://artem.gayclub.ru/,LGBT,LGBT,2014-04-15,citizenlab,
https://artv-news.ru/,NEWS,News Media,2018-05-28,ksenia,Order of the President of Ukraine 126
http://arxiv.ruckp.org/,ALDR,Alcohol & Drugs,2014-04-15,citizenlab,
https://auto.ru/,COMM,E-commerce,2017-12-16,oonitarian,sanctions list
http://awvestnik.narod.ru/,HUMR,Human Rights Issues,2014-04-15,citizenlab,
https://az.wikipedia.org/,CULTR,Culture,2018-07-06,Wikimedia,URLs provided by wikipedia based on the most popular language domains per country
http://azart.net.ua/,GMB,Gambling,2014-04-15,citizenlab,
http://azartplay.com/,GMB,Gambling,2014-04-15,citizenlab,
http://azatlyk-vatan.blogspot.com/,HUMR,Human Rights Issues,2014-04-15,citizenlab,
http://bagnet.org/,NEWS,News Media,2014-04-15,citizenlab,
http://balashov.com.ua/,NEWS,News Media,2014-04-15,citizenlab,
http://banking.gdcert.com/,COMM,E-commerce,2018-05-28,ksenia,Order of the President of Ukraine 126
http://banking.guarantee.ru/,COMM,E-commerce,2018-05-28,ksenia,Order of the President of Ukraine 126
http://banking.wmeuro.eu/,COMM,E-commerce,2018-05-28,ksenia,Order of the President of Ukraine 126
https://banks.webmoney.ru/,COMM,E-commerce,2018-05-28,ksenia,Order of the President of Ukraine 126
http://beon.ru/,HOST,Hosting and Blogging Platforms,2014-04-15,citizenlab,
http://bestmaza.biz/,ALDR,Alcohol & Drugs,2014-04-15,citizenlab,
http://betway.com/,GMB,Gambling,2014-04-15,citizenlab,
http://bh42.blogspot.com/,NEWS,News Media,2014-04-15,citizenlab,
http://blacksea.tv/,NEWS,News Media,2017-09-28,igorv,Blocked in Eastern Ukraine
http://blanki.net.ua/,COMM,E-commerce,2014-04-15,citizenlab,
http://blog.i.ua/,NEWS,News Media,2014-04-15,citizenlab,
http://blog.kp.ru/,HOST,Hosting and Blogging Platforms,2014-04-15,citizenlab,
http://blog.liga.net/,NEWS,News Media,2014-04-15,citizenlab,
http://blog.megaforum.ru/,HOST,Hosting and Blogging Platforms,2014-04-15,citizenlab,
http://blog.meta.ua/,NEWS,News Media,2014-04-15,citizenlab,
http://blog.polemika.com.ua/,NEWS,News Media,2014-04-15,citizenlab,
http://blog.ru/,HOST,Hosting and Blogging Platforms,2014-04-15,citizenlab,
http://blogroll.ru/,HOST,Hosting and Blogging Platforms,2014-04-15,citizenlab,
http://blogs.gde.ru/,HOST,Hosting and Blogging Platforms,2014-04-15,citizenlab,
http://blogs.kafanews.com/blog,NEWS,News Media,2014-04-15,citizenlab,
http://blogs.korrespondent.net/,NEWS,News Media,2014-04-15,citizenlab,
http://blogs.lb.ua/,NEWS,News Media,2014-04-15,citizenlab,
http://blogs.mail.ru/,HOST,Hosting and Blogging Platforms,2014-04-15,citizenlab,
http://blogs.pravda.com.ua/,NEWS,News Media,2014-04-15,citizenlab,
http://blogs.privet.ru/,HOST,Hosting and Blogging Platforms,2014-04-15,citizenlab,
http://blogs.voanews.com/,NEWS,News Media,2014-04-15,citizenlab,
http://blogs.wsj.com/,NEWS,News Media,2014-04-15,citizenlab,
http://blogs.yandex.ru/,HOST,Hosting and Blogging Platforms,2014-04-15,citizenlab,
http://blogseo.ru/,HOST,Hosting and Blogging Platforms,2014-04-15,citizenlab,
http://blogsochi.ru/,NEWS,News Media,2014-04-15,citizenlab,
http://borgie.net/,MISC,Miscelaneous content,2014-04-15,citizenlab,
http://bride.ru/,DATE,Online Dating,2014-04-15,citizenlab,
http://brttv.ru/,NEWS,News Media,2018-05-28,ksenia,Order of the President of Ukraine 126
http://buddhism.org.ru/,REL,Religion,2014-04-15,citizenlab,
http://buddhist.ru/,REL,Religion,2014-04-15,citizenlab,
http://buro-perevodov14.jino-net.ru/,COMT,Communication Tools,2014-04-15,citizenlab,
http://c-eho.info/,NEWS,News Media,2018-03-15,ksenia,Crimean pro-Russian website from new ministry of information blocklist proposal
http://c-pravda.ru/,NEWS,News Media,2018-02-23,igorv,
http://cannabisnature.com/,ALDR,Alcohol & Drugs,2014-04-15,citizenlab,
http://caseofpussyriot.livejournal.com/,NEWS,News Media,2014-04-15,citizenlab,
http://censor.net.ua/,NEWS,News Media,2014-04-15,citizenlab,
https://censor.net.ua/,NEWS,News Media,2017-09-28,igorv,Blocked in Eastern Ukraine
http://chadayev.livejournal.com/,GOVT,Government,2014-04-15,citizenlab,
http://chertog.livejournal.com/,GOVT,Government,2014-04-15,citizenlab,
http://childrenscinema.com/,MISC,Miscelaneous content,2014-04-15,citizenlab,
http://circassianculturalinstitute.org/circassians-protest-selection-sochi-2014-winter-olympics-venue-2/,HUMR,Human Rights Issues,2014-04-15,citizenlab,
http://comingoutspb.ru/en/en-home,LGBT,LGBT,2014-04-15,citizenlab,
http://comitet.su/,NEWS,News Media,2018-02-23,igorv,
http://commersant.ua/,NEWS,News Media,2014-04-15,citizenlab,
http://community.livejournal.com/,NEWS,News Media,2014-04-15,citizenlab,
http://community.livejournal.com/dpni_ru,POLR,Political Criticism,2014-04-15,citizenlab,
http://community.livejournal.com/openrussia/,POLR,Political Criticism,2014-04-15,citizenlab,
http://compromat.ru/,NEWS,News Media,2014-04-15,citizenlab,
http://cones.tv/,COMM,E-commerce,2014-04-15,citizenlab,
http://connect.ua/,NEWS,News Media,2014-04-15,citizenlab,
http://contracept.newlist.ru/,XED,Sex Education,2014-04-15,citizenlab,
http://coordmedcentr.org/,NEWS,News Media,2017-12-12,OONI,Included in blocklist: http://inau.ua/sites/default/files/file/1711/vhidnyy_no_243_vid_28.11.2017.pdf
https://credit.webmoney.ru/,COMM,E-commerce,2018-05-28,ksenia,Order of the President of Ukraine 126
http://crimea.gov.ru/,GOVT,Government,2018-05-28,ksenia,Order of the President of Ukraine 126
http://crimea.ria.ru/,NEWS,News Media,2018-03-15,ksenia,Crimean pro-Russian website from new ministry of information blocklist proposal
http://crimea24.info/,NEWS,News Media,2014-04-15,citizenlab,
http://cripo.com.ua/,NEWS,News Media,2014-04-15,citizenlab,
http://czeczenia-rus.blog.onet.pl/,MILX,Terrorism and Militants,2014-04-15,citizenlab,
http://damochka.ru/,GRP,Social Networking,2014-04-15,citizenlab,
https://dan-news.info/,NEWS,News Media,2017-12-12,OONI,Included in blocklist: http://inau.ua/sites/default/files/file/1711/vhidnyy_no_243_vid_28.11.2017.pdf
http://dating.ru/,DATE,Online Dating,2014-04-15,citizenlab,
http://datingyes.com/,DATE,Online Dating,2014-04-15,citizenlab,
http://datmob.net/,PROV,Provocative Attire,2014-04-15,citizenlab,
https://debt.wmtransfer.com/,COMM,E-commerce,2018-05-28,ksenia,Order of the President of Ukraine 126
http://deep21.sitecity.ru/,LGBT,LGBT,2014-04-15,citizenlab,
http://deffki.com.ua/,PROV,Provocative Attire,2014-04-15,citizenlab,
http://deja-vu.kiev.ua/,PORN,Pornography,2014-04-15,citizenlab,
http://demos-center.ru/,POLR,Political Criticism,2014-04-15,citizenlab,
http://depositfiles.com/,NEWS,News Media,2014-04-15,citizenlab,
http://diaspora.iatp.org.ua/,HUMR,Human Rights Issues,2014-04-15,citizenlab,
http://digitalrussia.tv/,NEWS,News Media,2018-05-28,ksenia,Order of the President of Ukraine 126
http://diplomaticsecondpassport.com/,COMM,E-commerce,2014-04-15,citizenlab,
https://direct.yandex.ru/,COMM,E-commerce,2017-12-16,oonitarian,sanction list
http://directory.mblog.ru/,HOST,Hosting and Blogging Platforms,2014-04-15,citizenlab,
https://disk.yandex.ru/,FILE,File-sharing,2017-12-16,oonitarian,sanction list
http://dmitriyev.hiblogger.net/,NEWS,News Media,2014-04-15,citizenlab,
http://dni.ru/,NEWS,News Media,2014-04-15,citizenlab,
https://dnipress.com/,NEWS,News Media,2018-03-15,ksenia,Eastern Ukrainian pro-Russian website from new ministry of information blocklist proposal
http://dnmchs.ru/,GOVT,Government,2018-05-28,ksenia,Order of the President of Ukraine 126
http://dnr-hotline.ru/,NEWS,News Media,2017-12-12,OONI,Included in blocklist: http://inau.ua/sites/default/files/file/1711/vhidnyy_no_243_vid_28.11.2017.pdf
http://dnr-live.ru/,NEWS,News Media,2017-12-12,OONI,Included in blocklist: http://inau.ua/sites/default/files/file/1711/vhidnyy_no_243_vid_28.11.2017.pdf
http://dnr-lnr.ru/,NEWS,News Media,2017-12-12,OONI,Included in blocklist: http://inau.ua/sites/default/files/file/1711/vhidnyy_no_243_vid_28.11.2017.pdf
http://dnr-news.com/,NEWS,News Media,2017-12-12,OONI,Included in blocklist: http://inau.ua/sites/default/files/file/1711/vhidnyy_no_243_vid_28.11.2017.pdf
https://dnr-online.ru/,NEWS,News Media,2017-12-12,OONI,Included in blocklist: http://inau.ua/sites/default/files/file/1711/vhidnyy_no_243_vid_28.11.2017.pdf
https://dnr-pravda.ru/,NEWS,News Media,2018-05-28,ksenia,Order of the President of Ukraine 126
https://dnr.one/,NEWS,News Media,2017-12-12,OONI,Included in blocklist: http://inau.ua/sites/default/files/file/1711/vhidnyy_no_243_vid_28.11.2017.pdf
http://dnr24.com/,NEWS,News Media,2017-12-12,OONI,Included in blocklist: http://inau.ua/sites/default/files/file/1711/vhidnyy_no_243_vid_28.11.2017.pdf
http://dnr24.su/,NEWS,News Media,2017-12-12,OONI,Included in blocklist: http://inau.ua/sites/default/files/file/1711/vhidnyy_no_243_vid_28.11.2017.pdf
http://dnrru.ru/,NEWS,News Media,2017-12-12,OONI,Included in blocklist: http://inau.ua/sites/default/files/file/1711/vhidnyy_no_243_vid_28.11.2017.pdf
http://dnrtv.ru/,NEWS,News Media,2017-12-12,OONI,Included in blocklist: http://inau.ua/sites/default/files/file/1711/vhidnyy_no_243_vid_28.11.2017.pdf
http://donbass.ua/,NEWS,News Media,2014-04-15,citizenlab,
http://donmintrans.ru/,GOVT,Government,2018-05-28,ksenia,Order of the President of Ukraine 126
http://donnerwort.livejournal.com/,GOVT,Government,2014-04-15,citizenlab,
http://drug-naroda.com/,POLR,Political Criticism,2014-04-15,citizenlab,
http://drug-naroda.net/,POLR,Political Criticism,2014-04-15,citizenlab,
http://drug-naroda.org/,POLR,Political Criticism,2014-04-15,citizenlab,
http://drug-naroda.ru/,POLR,Political Criticism,2014-04-15,citizenlab,
http://drugoi.livejournal.com/,GOVT,Government,2014-04-15,citizenlab,
http://drugspowerstore.com/,ALDR,Alcohol & Drugs,2014-04-15,citizenlab,
http://e-news.su/,NEWS,News Media,2017-12-12,OONI,Included in blocklist: http://inau.ua/sites/default/files/file/1711/vhidnyy_no_243_vid_28.11.2017.pdf
http://echo.msk.ru/,NEWS,News Media,2014-04-15,citizenlab,
http://echo.msk.ru/blog/navalny/,POLR,Political Criticism,2014-04-15,citizenlab,
http://ej.punkchords.com/,POLR,Political Criticism,2014-04-15,citizenlab,
http://ej.ru/,NEWS,News Media,2014-04-15,citizenlab,
http://elhosting.ru/,HOST,Hosting and Blogging Platforms,2014-04-15,citizenlab,
http://elitvip.ru/,PORN,Pornography,2014-04-15,citizenlab,
https://elmi.ua/,COMM,E-commerce,2018-05-28,ksenia,Order of the President of Ukraine 126
http://en.netlog.com/,NEWS,News Media,2014-04-15,citizenlab,
http://en.rian.ru/,NEWS,News Media,2014-04-15,citizenlab,
http://endryx.livejournal.com/,NEWS,News Media,2014-04-15,citizenlab,
http://eng.cnews.ru/,NEWS,News Media,2014-04-15,citizenlab,
http://eng.yabloko.ru/,NEWS,News Media,2014-04-15,citizenlab,
http://english.ruvr.ru/,NEWS,News Media,2014-04-15,citizenlab,
http://epravda.com.ua/,NEWS,News Media,2014-04-15,citizenlab,
http://eroporno.ru/,PORN,Pornography,2014-04-15,citizenlab,
http://eurasia.org.ru/,NEWS,News Media,2014-04-15,citizenlab,
http://eve-kill.net/,NEWS,News Media,2014-04-15,citizenlab,
https://events.wmtransfer.com/,COMM,E-commerce,2018-05-28,ksenia,Order of the President of Ukraine 126
https://exchanger.money/,COMM,E-commerce,2018-05-28,ksenia,Order of the President of Ukraine 126
http://expres.ua/,NEWS,News Media,2017-09-28,igorv,Blocked in Eastern Ukraine
http://ext.ru/,NEWS,News Media,2014-04-15,citizenlab,
http://facebook.com/,NEWS,News Media,2014-04-15,citizenlab,
http://facenews.ua/,NEWS,News Media,2014-04-15,citizenlab,
http://facty.ua/,NEWS,News Media,2014-04-15,citizenlab,
http://fairness-dnr.ru/,NEWS,News Media,2017-12-12,OONI,Included in blocklist: http://inau.ua/sites/default/files/file/1711/vhidnyy_no_243_vid_28.11.2017.pdf
http://fast-die.kiev.ua/,MISC,Miscelaneous content,2014-04-15,citizenlab,
http://fast-torrent.ru/,NEWS,News Media,2014-04-15,citizenlab,
http://fca.narod.ru/,HUMR,Human Rights Issues,2014-04-15,citizenlab,
http://fei.ru/,PORN,Pornography,2014-04-15,citizenlab,
http://fgi-lnr.su/,GOVT,Government,2018-05-28,ksenia,Order of the President of Ukraine 126
https://files.wmtransfer.com/,COMM,E-commerce,2018-05-28,ksenia,Order of the President of Ukraine 126
http://fileshare.in.ua/,NEWS,News Media,2014-04-15,citizenlab,
http://finance.yahoo.com/,NEWS,News Media,2014-04-15,citizenlab,
http://fisadilillahi.com/,HATE,Hate Speech,2014-04-15,citizenlab,
http://flash.va-bank.com/,GMB,Gambling,2014-04-15,citizenlab,
http://flibusta.net/,MMED,Media sharing,2014-04-15,citizenlab,
http://flirchi.ru/,DATE,Online Dating,2014-04-15,citizenlab,
http://forum.lingvo.ru/,COMT,Communication Tools,2014-04-15,citizenlab,
http://fraza.com.ua/,NEWS,News Media,2014-04-15,citizenlab,
http://free.newyork.ru/,COMT,Communication Tools,2014-04-15,citizenlab,
http://freedomhouse.org/russia-eve-sochi,HUMR,Human Rights Issues,2014-04-15,citizenlab,
http://freepromote.ru/,MMED,Media sharing,2014-04-15,citizenlab,
http://freepussyriot.org/,NEWS,News Media,2014-04-15,citizenlab,
https://freeu.online/,ANON,Anonymization and circumvention tools,2017-05-31,David Fifield,Download site for the FreeU web browser
https://freeu.zone/,ANON,Anonymization and circumvention tools,2017-05-31,David Fifield,Download site for the FreeU web browser
http://freeware32.ru/,MMED,Media sharing,2014-04-15,citizenlab,
http://from-ua.com/,NEWS,News Media,2014-04-15,citizenlab,
http://frontzmin.ua/,NEWS,News Media,2014-04-15,citizenlab,
http://gaia.ru/,LGBT,LGBT,2014-04-15,citizenlab,
http://gamsoft.ru/,GMB,Gambling,2014-04-15,citizenlab,
http://gayzona.com/,LGBT,LGBT,2014-04-15,citizenlab,
http://gazeta.06237.info/,NEWS,News Media,2017-09-28,igorv,Blocked in Eastern Ukraine
http://gazeta.ru/,NEWS,News Media,2014-04-15,citizenlab,
http://gazeta.ua/,NEWS,News Media,2014-04-15,citizenlab,
http://gazetacrimea.ru/,NEWS,News Media,2018-03-15,ksenia,Crimean pro-Russian website from new ministry of information blocklist proposal
http://gej.ru/,LGBT,LGBT,2014-04-15,citizenlab,
http://gennbalashov.hiblogger.net/,NEWS,News Media,2014-04-15,citizenlab,
http://genocid.net/,NEWS,News Media,2018-03-15,ksenia,new ministry of information blocklist proposal
https://gknslnr.su/,GOVT,Government,2018-05-28,ksenia,Order of the President of Ukraine 126
http://glavcom.ua/,NEWS,News Media,2017-09-28,igorv,Blocked in Eastern Ukraine
http://glavnoe.ua/,NEWS,News Media,2014-04-15,citizenlab,
http://glavred.in/,NEWS,News Media,2014-04-15,citizenlab,
http://glavstat.govdnr.ru/,GOVT,Government,2018-05-28,ksenia,Order of the President of Ukraine 126
http://glazev.ru/,POLR,Political Criticism,2014-04-15,citizenlab,
http://globalvoicesonline.org/,NEWS,News Media,2014-04-15,citizenlab,
http://go-krit.com/,ALDR,Alcohol & Drugs,2014-04-15,citizenlab,
http://go-krit.com/workshop,ALDR,Alcohol & Drugs,2014-04-15,citizenlab,
http://goldnike-777.blogspot.com/,NEWS,News Media,2014-04-15,citizenlab,
http://goloskarpat.info/blog,NEWS,News Media,2014-04-15,citizenlab,
https://golospravdy.com/,NEWS,News Media,2018-03-15,ksenia,new ministry of information blocklist proposal
http://golosua.com/,NEWS,News Media,2014-04-15,citizenlab,
http://google.com.ua/,NEWS,News Media,2014-04-15,citizenlab,
http://google.com/,NEWS,News Media,2014-04-15,citizenlab,
https://gorlovka.today/,NEWS,News Media,2018-03-15,ksenia,Eastern Ukrainian pro-Russian website from the new ministry of information blocklist proposal
http://grani.punkchords.com/,POLR,Political Criticism,2014-04-15,citizenlab,
http://grani.ru/,NEWS,News Media,2014-04-15,citizenlab,
http://grani.ru/blogs/free/entries/192925.html,NEWS,News Media,2014-04-15,citizenlab,
http://grani.ru/blogs/free/entries/193731.html,NEWS,News Media,2014-04-15,citizenlab,
http://grani.ru/opinion/limonov/,POLR,Political Criticism,2014-04-15,citizenlab,
http://growclub.org/,ALDR,Alcohol & Drugs,2014-04-15,citizenlab,
http://growerz.org/,ALDR,Alcohol & Drugs,2014-04-15,citizenlab,
http://gtrklnr.com/,NEWS,News Media,2017-12-12,OONI,Included in blocklist: http://inau.ua/sites/default/files/file/1711/vhidnyy_no_243_vid_28.11.2017.pdf
http://guru.ua/,NEWS,News Media,2014-04-15,citizenlab,
http://haamash.wordpress.com/,MILX,Terrorism and Militants,2014-04-15,citizenlab,
http://haker.iphosting.ru/,HACK,Hacking Tools,2014-04-15,citizenlab,
http://haplyk.hiblogger.net/,NEWS,News Media,2014-04-15,citizenlab,
http://hi.dn.ua/,NEWS,News Media,2017-09-28,igorv,Blocked in Eastern Ukraine
http://holmogor.livejournal.com/,GOVT,Government,2014-04-15,citizenlab,
http://hospital.playland.ru/,XED,Sex Education,2014-04-15,citizenlab,
http://hosting.rbc.ru/,HOST,Hosting and Blogging Platforms,2014-04-15,citizenlab,
http://hoteljans.nl/,COMM,E-commerce,2014-04-15,citizenlab,
http://hromadske.dn.ua/,NEWS,News Media,2017-09-28,igorv,Blocked in Eastern Ukraine
https://hromadske.ua/,NEWS,News Media,2017-09-28,igorv,Blocked in Eastern Ukraine
http://humanrights-ru.livejournal.com/,POLR,Political Criticism,2014-04-15,citizenlab,
http://hunafa.com/,MILX,Terrorism and Militants,2014-04-15,citizenlab,
http://hunafa.info/,MILX,Terrorism and Militants,2014-04-15,citizenlab,
http://hvylya.net/,NEWS,News Media,2017-09-28,igorv,Blocked in Eastern Ukraine
http://hvylya.org/,NEWS,News Media,2014-04-15,citizenlab,
http://hw.ru/,HOST,Hosting and Blogging Platforms,2014-04-15,citizenlab,
http://i-mult.tlum.ru/,NEWS,News Media,2018-05-28,ksenia,Order of the President of Ukraine 126
http://ikrim.net/,NEWS,News Media,2018-05-28,ksenia,Order of the President of Ukraine 126
https://ikstv.ru/,NEWS,News Media,2018-05-28,ksenia,Order of the President of Ukraine 126
http://ilga-europe.org/home/how_we_work/previous_projects/russian_project/the_russian_lgbt_network,LGBT,LGBT,2014-04-15,citizenlab,
http://imrussia.org/,NEWS,News Media,2014-04-15,citizenlab,
http://in.reuters.com/,NEWS,News Media,2014-04-15,citizenlab,
http://informator.lg.ua/,NEWS,News Media,2017-09-28,igorv,Blocked in Eastern Ukraine
http://infoukrainian.com/,NEWS,News Media,2014-04-15,citizenlab,
http://ingushetiyaru.org/,HUMR,Human Rights Issues,2014-04-15,citizenlab,
http://inosmi.ru/,NEWS,News Media,2014-04-15,citizenlab,
https://inosmi.ru/,NEWS,News Media,2018-05-28,ksenia,Order of the President of Ukraine 126
http://inpress.org.ua/,NEWS,News Media,2014-04-15,citizenlab,
http://inter.ua/uk/,NEWS,News Media,2017-10-16,igorv,
https://investigator.org.ua/,POLR,Political Criticism,2017-09-28,igorv,Blocked in Eastern Ukraine
http://ipress.ua/,NEWS,News Media,2014-04-15,citizenlab,
http://ipvnews.org/,NEWS,News Media,2014-04-15,citizenlab,
http://iriney.vinchi.ru/,REL,Religion,2014-04-15,citizenlab,
http://iriney.vinchi.ru/sects/munit/003.htm,REL,Religion,2014-04-15,citizenlab,
http://islam.com.ua/,REL,Religion,2014-04-15,citizenlab,
http://itblogs.ru/,HOST,Hosting and Blogging Platforms,2014-04-15,citizenlab,
http://itc.ua/article.phtml?ID=25235,NEWS,News Media,2014-04-15,citizenlab,
http://itc.ua/article.phtml?ID=25236,NEWS,News Media,2014-04-15,citizenlab,
http://itc.ua/article.phtml?ID=25237,NEWS,News Media,2014-04-15,citizenlab,
http://itc.ua/article.phtml?ID=25238,NEWS,News Media,2014-04-15,citizenlab,
http://itc.ua/article.phtml?ID=25240,NEWS,News Media,2014-04-15,citizenlab,
http://izpp.govdnr.ru/,GOVT,Government,2018-05-28,ksenia,Order of the President of Ukraine 126
https://jahforum.org/,ALDR,Alcohol & Drugs,2014-04-15,citizenlab,
http://jakor.livejournal.com/,GOVT,Government,2014-04-15,citizenlab,
http://jamagat.wordpress.com/,MILX,Terrorism and Militants,2014-04-15,citizenlab,
http://join.com.ua/,NEWS,News Media,2014-04-15,citizenlab,
http://judaica.kiev.ua/,HUMR,Human Rights Issues,2014-04-15,citizenlab,
http://jurist.org/,NEWS,News Media,2014-04-15,citizenlab,
http://justinkripps.ca/,MISC,Miscelaneous content,2014-04-15,citizenlab,
http://kasparov.punkchords.com/,POLR,Political Criticism,2014-04-15,citizenlab,
http://kasyanov.ru/,POLR,Political Criticism,2014-04-15,citizenlab,
http://kavkaz.org.uk/,MILX,Terrorism and Militants,2014-04-15,citizenlab,
http://kavkaz.tv/,MILX,Terrorism and Militants,2014-04-15,citizenlab,
http://kavkazcenter.info/,MILX,Terrorism and Militants,2014-04-15,citizenlab,
http://kavkaznews.com/,MILX,Terrorism and Militants,2014-04-15,citizenlab,
http://kazache.ru/,NEWS,News Media,2017-12-12,OONI,Included in blocklist: http://inau.ua/sites/default/files/file/1711/vhidnyy_no_243_vid_28.11.2017.pdf
https://keeper.webmoney.ru/,COMM,E-commerce,2018-05-28,ksenia,Order of the President of Ukraine 126
https://keeper.wmtransfer.com/,COMM,E-commerce,2018-05-28,ksenia,Order of the President of Ukraine 126
http://kianews24.ru/,NEWS,News Media,2018-03-15,ksenia,Crimean pro-Russian website from new ministry of information blocklist proposal
http://kolebcev.v-teme.com/,MISC,Miscelaneous content,2014-04-15,citizenlab,
http://komtv.org/,NEWS,News Media,2018-03-15,ksenia,Crimean pro-Russian website from new ministry of information blocklist proposal
http://konoplya.2anekdots.ru/,ALDR,Alcohol & Drugs,2014-04-15,citizenlab,
http://konstantinovka.dn.ua/,NEWS,News Media,2017-09-28,igorv,Blocked in Eastern Ukraine
https://konstantinovka.dn.ua/,NEWS,News Media,2017-09-28,igorv,Blocked in Eastern Ukraine
http://korrespondent.net/,NEWS,News Media,2014-04-15,citizenlab,
http://krauzes.com/,ALDR,Alcohol & Drugs,2014-04-15,citizenlab,
http://krown-products.net/,COMM,E-commerce,2014-04-15,citizenlab,
http://kurush1.livejournal.com/,NEWS,News Media,2014-04-15,citizenlab,
http://lb.ua/,NEWS,News Media,2014-04-15,citizenlab,
http://legalitolko.biz/,MISC,Miscelaneous content,2014-04-15,citizenlab,
http://legalrc.biz/,ALDR,Alcohol & Drugs,2014-04-15,citizenlab,
http://leontiev.livejournal.com/,GOVT,Government,2014-04-15,citizenlab,
http://leteha.livejournal.com/,GOVT,Government,2014-04-15,citizenlab,
http://lgbt-grani.livejournal.com/,NEWS,News Media,2014-04-15,citizenlab,
http://lgbtnet.ru/,LGBT,LGBT,2014-04-15,citizenlab,
http://liability-insurance-company.com/,COMM,E-commerce,2014-04-15,citizenlab,
http://lib.rus.ec/,CULTR,Culture,2014-04-15,citizenlab,
https://life.ru/,NEWS,News Media,2017-12-12,OONI,Included in blocklist: http://inau.ua/sites/default/files/file/1711/vhidnyy_no_243_vid_28.11.2017.pdf
http://liga.net/,NEWS,News Media,2014-04-15,citizenlab,
http://ligazn.ru/,PUBH,Public Health,2014-04-15,citizenlab,
https://light.webmoney.ru/,COMM,E-commerce,2018-05-28,ksenia,Order of the President of Ukraine 126
https://light.wmtransfer.com/,COMM,E-commerce,2018-05-28,ksenia,Order of the President of Ukraine 126
http://limonka.nbp-info.com/?,POLR,Political Criticism,2014-04-15,citizenlab,
http://limonova.v-teme.com/,COMM,E-commerce,2014-04-15,citizenlab,
http://lingvoman.vinidiktov.ru/,COMT,Communication Tools,2014-04-15,citizenlab,
http://links.i.ua/,NEWS,News Media,2014-04-15,citizenlab,
http://liveinternet.ru/,NEWS,News Media,2014-04-15,citizenlab,
http://livejournal.com/,NEWS,News Media,2014-04-15,citizenlab,
http://livemy.info/,HOST,Hosting and Blogging Platforms,2014-04-15,citizenlab,
https://lnr.media/,NEWS,News Media,2018-05-28,ksenia,Order of the President of Ukraine 126
http://lnr.today/,NEWS,News Media,2017-12-12,OONI,Included in blocklist: http://inau.ua/sites/default/files/file/1711/vhidnyy_no_243_vid_28.11.2017.pdf
http://login.wmtransfer.com/,COMM,E-commerce,2018-05-28,ksenia,Order of the President of Ukraine 126
http://looo.ch/,CULTR,Culture,2014-04-15,citizenlab,
http://love.mail.ru/,DATE,Online Dating,2014-04-15,citizenlab,
http://love.mygorod.ru/,DATE,Online Dating,2014-04-15,citizenlab,
http://love.qsound.ru/,DATE,Online Dating,2014-04-15,citizenlab,
http://loveplanet.ru/,DATE,Online Dating,2014-04-15,citizenlab,
https://lt-lnr.su/,NEWS,News Media,2018-05-28,ksenia,Order of the President of Ukraine 126
http://lubov-kontakt.ru/,DATE,Online Dating,2014-04-15,citizenlab,
http://lug-info.com/,NEWS,News Media,2017-12-12,OONI,Included in blocklist: http://inau.ua/sites/default/files/file/1711/vhidnyy_no_243_vid_28.11.2017.pdf
https://lug24.ru/,NEWS,News Media,2017-12-12,OONI,Included in blocklist: http://inau.ua/sites/default/files/file/1711/vhidnyy_no_243_vid_28.11.2017.pdf
http://lug24.ru/,NEWS,News Media,2018-05-28,ksenia,Order of the President of Ukraine 126
http://lugansk-online.su/,NEWS,News Media,2018-05-28,ksenia,Order of the President of Ukraine 126
http://lugansk.site/,NEWS,News Media,2018-05-28,ksenia,Order of the President of Ukraine 126
http://lugansk1.info/,NEWS,News Media,2018-05-28,ksenia,Order of the President of Ukraine 126
http://lurkmore.to/,POLR,Political Criticism,2014-04-15,citizenlab,
http://luxtorrents.com/,NEWS,News Media,2014-04-15,citizenlab,
http://maidan.org.ua/,NEWS,News Media,2014-04-15,citizenlab,
http://maidanua.org/,NEWS,News Media,2017-09-28,igorv,Blocked in Eastern Ukraine
http://mail.goon.ru/,COMT,Communication Tools,2014-04-15,citizenlab,
http://mail.km.ru/,COMT,Communication Tools,2014-04-15,citizenlab,
http://mail.rambler.ru/,COMT,Communication Tools,2014-04-15,citizenlab,
http://mail.ru/,NEWS,News Media,2014-04-15,citizenlab,
https://mail.wmid.com/,COMM,E-commerce,2018-05-28,ksenia,Order of the President of Ukraine 126
https://mail.yandex.ua/,COMT,Communication Tools,2017-12-16,oonitarian,sanction list
http://mamadu.ru/,HOST,Hosting and Blogging Platforms,2014-04-15,citizenlab,
http://mamadu.ru/transl.htm,COMT,Communication Tools,2014-04-15,citizenlab,
http://marketgid.com/,NEWS,News Media,2014-04-15,citizenlab,
http://maxim-sokolov.livejournal.com/,GOVT,Government,2014-04-15,citizenlab,
http://mc-masters.livejournal.com/,GOVT,Government,2014-04-15,citizenlab,
https://mchs-lnr.su/,GOVT,Government,2018-05-28,ksenia,Order of the President of Ukraine 126
http://mentalprograms.narod.ru/,MMED,Media sharing,2014-04-15,citizenlab,
http://merchant.webmoney.ru/,COMM,E-commerce,2018-05-28,ksenia,Order of the President of Ukraine 126
http://merchant.wmtransfer.com/,COMM,E-commerce,2018-05-28,ksenia,Order of the President of Ukraine 126
https://merlnr.su/,GOVT,Government,2018-05-28,ksenia,Order of the President of Ukraine 126
https://meta.wikimedia.org/,CULTR,Culture,2018-07-06,Wikimedia,URLs provided by wikipedia based on the most popular language domains per country
http://metayogg.at.ua/,NEWS,News Media,2014-04-15,citizenlab,
http://mgb-dnr.ru/,GOVT,Government,2018-05-28,ksenia,Order of the President of Ukraine 126
http://mgblnr.org/,GOVT,Government,2018-05-28,ksenia,Order of the President of Ukraine 126
http://mgm.com.ua/,NEWS,News Media,2014-04-15,citizenlab,
http://miaistok.su/,NEWS,News Media,2017-12-12,OONI,Included in blocklist: http://inau.ua/sites/default/files/file/1711/vhidnyy_no_243_vid_28.11.2017.pdf
http://mignews.com.ua/,NEWS,News Media,2014-04-15,citizenlab,
http://mikhed.newmail.ru/,ANON,Anonymization and circumvention tools,2014-04-15,citizenlab,
http://mikhed.newmail.ru/ru/free_proxy/cgi-proxy.htm,ANON,Anonymization and circumvention tools,2014-04-15,citizenlab,
http://milli-mejlis.blogspot.com/,HUMR,Human Rights Issues,2014-04-15,citizenlab,
http://mincult.govdnr.ru/,GOVT,Government,2018-05-28,ksenia,Order of the President of Ukraine 126
https://minfindnr.ru/,GOVT,Government,2018-05-28,ksenia,Order of the President of Ukraine 126
https://minfinlnr.su/,GOVT,Government,2018-05-28,ksenia,Order of the President of Ukraine 126
https://mini.webmoney.ru/,COMM,E-commerce,2018-05-28,ksenia,Order of the President of Ukraine 126
https://mini.wmtransfer.com/,COMM,E-commerce,2018-05-28,ksenia,Order of the President of Ukraine 126
http://minjust-dnr.ru/,GOVT,Government,2018-05-28,ksenia,Order of the President of Ukraine 126
https://minobr.su/,GOVT,Government,2018-05-28,ksenia,Order of the President of Ukraine 126
https://minpromlnr.su/,GOVT,Government,2018-05-28,ksenia,Order of the President of Ukraine 126
https://minstroy-dnr.ru/,GOVT,Government,2018-05-28,ksenia,Order of the President of Ukraine 126
https://minstroylnr.su/,GOVT,Government,2018-05-28,ksenia,Order of the President of Ukraine 126
http://mintek-dnr.ru/,GOVT,Government,2018-05-28,ksenia,Order of the President of Ukraine 126
http://mintop.su/,GOVT,Government,2018-05-28,ksenia,Order of the President of Ukraine 126
https://mintrudlnr.su/,GOVT,Government,2018-05-28,ksenia,Order of the President of Ukraine 126
http://mister-tt.livejournal.com/,GOVT,Government,2014-04-15,citizenlab,
http://mn.ru/moscow_people/20120124/310329193.html,NEWS,News Media,2014-04-15,citizenlab,
http://mnk.org.ua/,NEWS,News Media,2014-04-15,citizenlab,
http://mobile.vgtrk.com/,NEWS,News Media,2018-05-28,ksenia,Order of the President of Ukraine 126
http://mondnr.ru/,GOVT,Government,2018-05-28,ksenia,Order of the President of Ukraine 126
https://money.yandex.ru/,COMM,E-commerce,2017-12-16,oonitarian,sanctions list
http://moyashkola.com/,NEWS,News Media,2014-04-15,citizenlab,
https://mprlnr.su/,GOVT,Government,2018-05-28,ksenia,Order of the President of Ukraine 126
https://mshiplnr.su/,GOVT,Government,2018-05-28,ksenia,Order of the President of Ukraine 126
https://mslnr.su/,GOVT,Government,2018-05-28,ksenia,Order of the President of Ukraine 126
http://mtspdnr.ru/,GOVT,Government,2018-05-28,ksenia,Order of the President of Ukraine 126
https://mtur.rk.gov.ru/ru/index,GOVT,Government,2018-05-28,ksenia,Order of the President of Ukraine 126
https://mu-lnr.su/,GOVT,Government,2018-05-28,ksenia,Order of the President of Ukraine 126
https://multvkino.tlum.ru/,NEWS,News Media,2018-05-28,ksenia,Order of the President of Ukraine 126
https://music.yandex.ua/,CULTR,Culture,2017-12-16,oonitarian,sanction list
https://mvddnr.ru/,GOVT,Government,2018-05-28,ksenia,Order of the President of Ukraine 126
http://mvdlnr.ru/,GOVT,Government,2018-05-28,ksenia,Order of the President of Ukraine 126
http://my.lesbi.name/,LGBT,LGBT,2014-04-15,citizenlab,
http://mynews-in.net/news/politics/2007/08/02/1160874.html,POLR,Political Criticism,2014-04-15,citizenlab,
https://nahnews.org/,NEWS,News Media,2017-12-12,OONI,Included in blocklist: http://inau.ua/sites/default/files/file/1711/vhidnyy_no_243_vid_28.11.2017.pdf
http://nakur.ruckp.org/,ALDR,Alcohol & Drugs,2014-04-15,citizenlab,
http://namarsh.ru/,POLR,Political Criticism,2014-04-15,citizenlab,
http://nardemsoyuz.ru/,POLR,Political Criticism,2014-04-15,citizenlab,
http://nashi.nb-info.org/,NEWS,News Media,2014-04-15,citizenlab,
http://naspravdi.info/,NEWS,News Media,2017-12-12,OONI,Included in blocklist: http://inau.ua/sites/default/files/file/1711/vhidnyy_no_243_vid_28.11.2017.pdf
http://navalny.livejournal.com/,NEWS,News Media,2014-04-15,citizenlab,
http://navalny.platosha.ru/,POLR,Political Criticism,2014-04-15,citizenlab,
http://navalny.punkchords.com/,POLR,Political Criticism,2014-04-15,citizenlab,
http://navalny.zona.me/,POLR,Political Criticism,2014-04-15,citizenlab,
http://naviny.by/,NEWS,News Media,2014-04-15,citizenlab,
http://nblog.in/,POLR,Political Criticism,2014-04-15,citizenlab,
http://nbnews.com/,NEWS,News Media,2014-04-15,citizenlab,
http://nbp-video.org/,MMED,Media sharing,2014-04-15,citizenlab,
http://new-faceparty.com/,GRP,Social Networking,2014-04-15,citizenlab,
https://news-front.info/,NEWS,News Media,2017-12-12,OONI,Included in blocklist: http://inau.ua/sites/default/files/file/1711/vhidnyy_no_243_vid_28.11.2017.pdf
http://news-front.info/,NEWS,News Media,2018-02-23,igorv,
http://news.bbc.co.uk/hi/russian/,NEWS,News Media,2014-04-15,citizenlab,
http://news.dt.ua/,NEWS,News Media,2014-04-15,citizenlab,
http://news.intv.ua/,NEWS,News Media,2014-04-15,citizenlab,
http://news.liga.net/,NEWS,News Media,2017-09-28,igorv,Blocked in Eastern Ukraine
http://news.strela.zp.ua/,NEWS,News Media,2014-04-15,citizenlab,
http://news.tochka.net/,NEWS,News Media,2014-04-15,citizenlab,
https://news.yandex.ru/,NEWS,News Media,2017-12-16,oonitarian,sanction list
http://newsland.com/,NEWS,News Media,2014-04-15,citizenlab,
http://newsru.com.ua/,NEWS,News Media,2014-04-15,citizenlab,
http://newsru.com/,NEWS,News Media,2014-04-15,citizenlab,
http://newzz.in.ua/,NEWS,News Media,2014-04-15,citizenlab,
http://nkd-sovest.com/,POLR,Political Criticism,2014-04-15,citizenlab,
http://nm-g.ru/,NEWS,News Media,2018-05-28,ksenia,Order of the President of Ukraine 126
http://nordrus-norna.livejournal.com/,HATE,Hate Speech,2014-04-15,citizenlab,
http://novopressa.ru/,NEWS,News Media,2018-05-28,ksenia,Order of the President of Ukraine 126
https://novorosinform.org/,NEWS,News Media,2018-02-23,igorv,
http://novoross.info/,NEWS,News Media,2018-02-23,igorv,
http://novorossia-tv.ru/,NEWS,News Media,2018-05-28,ksenia,Order of the President of Ukraine 126
http://novorossia.pro/,NEWS,News Media,2017-12-12,OONI,Included in blocklist: http://inau.ua/sites/default/files/file/1711/vhidnyy_no_243_vid_28.11.2017.pdf
http://novorossia.su/,NEWS,News Media,2017-12-12,OONI,Included in blocklist: http://inau.ua/sites/default/files/file/1711/vhidnyy_no_243_vid_28.11.2017.pdf
http://novorossia.today/,NEWS,News Media,2017-12-12,OONI,Included in blocklist: http://inau.ua/sites/default/files/file/1711/vhidnyy_no_243_vid_28.11.2017.pdf
http://novorossiia.ru/,NEWS,News Media,2017-12-12,OONI,Included in blocklist: http://inau.ua/sites/default/files/file/1711/vhidnyy_no_243_vid_28.11.2017.pdf
http://novorossiy.info/,NEWS,News Media,2017-12-12,OONI,Included in blocklist: http://inau.ua/sites/default/files/file/1711/vhidnyy_no_243_vid_28.11.2017.pdf
http://novorus.info/,NEWS,News Media,2017-12-12,OONI,Included in blocklist: http://inau.ua/sites/default/files/file/1711/vhidnyy_no_243_vid_28.11.2017.pdf
http://novosti-tchasa.com/,NEWS,News Media,2018-05-28,ksenia,Order of the President of Ukraine 126
http://novosti.dn.ua/,NEWS,News Media,2017-09-28,igorv,Blocked in Eastern Ukraine
http://nr2.com.ua/,NEWS,News Media,2017-09-28,igorv,Blocked in Eastern Ukraine
http://nrt24.ru/,NEWS,News Media,2018-02-23,igorv,
http://ns-wp.ws/,HATE,Hate Speech,2014-04-15,citizenlab,
https://nslnr.su/,GOVT,Government,2018-05-28,ksenia,Order of the President of Ukraine 126
http://nt1941.su/,NEWS,News Media,2018-05-28,ksenia,Order of the President of Ukraine 126
http://nts-tv.com/,NEWS,News Media,2018-05-28,ksenia,Order of the President of Ukraine 126
https://ntvplus.ru/,NEWS,News Media,2018-02-23,igorv,
http://nuclearno.ru/,ENV,Environment,2014-04-15,citizenlab,
http://nvrus.org/,NEWS,News Media,2017-12-12,OONI,Included in blocklist: http://inau.ua/sites/default/files/file/1711/vhidnyy_no_243_vid_28.11.2017.pdf
http://o-leusenko-politolog.blogspot.com/,NEWS,News Media,2014-04-15,citizenlab,
http://obkom.net.ua/,NEWS,News Media,2014-04-15,citizenlab,
http://oblicomorale.blogspot.com/,NEWS,News Media,2014-04-15,citizenlab,
http://obozrevatel.com/,NEWS,News Media,2014-04-15,citizenlab,
https://odnarodyna.org/,NEWS,News Media,2018-02-23,igorv,
https://ok-gazeta.ru/,NEWS,News Media,2018-05-28,ksenia,Order of the President of Ukraine 126
https://ok.ru/,GRP,Social Networking,2017-12-16,oonitarian,sanction list
https://ok.ru/google55e918a7d2970a76.html,ANON,Anonymization and circumvention tools,2017-05-31,David Fifield,Canary URL used by the FreeU web browser to test blocking of VKontakte (https://bugs.torproject.org/22369#comment:5)
http://okkupatsiya.net/,NEWS,News Media,2018-05-28,ksenia,Order of the President of Ukraine 126
http://okpz.freeservers.com/,HUMR,Human Rights Issues,2014-04-15,citizenlab,
http://omen.ru/,DATE,Online Dating,2014-04-15,citizenlab,
http://on-line.lg.ua/,NEWS,News Media,2017-12-12,OONI,Included in blocklist: http://inau.ua/sites/default/files/file/1711/vhidnyy_no_243_vid_28.11.2017.pdf
http://onlinefilms.com.ua/,MISC,Miscelaneous content,2014-04-15,citizenlab,
http://oper-v-zakone.livejournal.com/,HUMR,Human Rights Issues,2014-04-15,citizenlab,
http://osp-ua.info/,NEWS,News Media,2014-04-15,citizenlab,
https://otr-online.ru/,NEWS,News Media,2018-05-28,ksenia,Order of the President of Ukraine 126
http://otradnoe-msk.ru/index.php/the-news/129-2011-11-07-21-17-54,NEWS,News Media,2014-04-15,citizenlab,
http://passiya.com/,DATE,Online Dating,2014-04-15,citizenlab,
https://passport.webmoney.ru/,COMM,E-commerce,2018-05-28,ksenia,Order of the President of Ukraine 126
https://paymaster.ua/,COMM,E-commerce,2018-05-28,ksenia,Order of the President of Ukraine 126
http://pda.epravda.com.ua/,NEWS,News Media,2014-04-15,citizenlab,
http://peoplefirst.org.ua/,NEWS,News Media,2014-04-15,citizenlab,
http://pictureview.com/,MMED,Media sharing,2014-04-15,citizenlab,
http://pipetka.net/,MMED,Media sharing,2014-04-15,citizenlab,
http://piter.indymedia.ru/,NEWS,News Media,2014-04-15,citizenlab,
http://plainnews.ru/,NEWS,News Media,2017-12-12,OONI,Included in blocklist: http://inau.ua/sites/default/files/file/1711/vhidnyy_no_243_vid_28.11.2017.pdf
http://platonlebedev.ru/,HUMR,Human Rights Issues,2014-04-15,citizenlab,
http://pocciy.com/,NEWS,News Media,2014-04-15,citizenlab,
http://pochta.ru/,COMT,Communication Tools,2014-04-15,citizenlab,
http://podrobnosti.ua/,NEWS,News Media,2014-04-15,citizenlab,
http://polemika.com.ua/,NEWS,News Media,2014-04-15,citizenlab,
http://politcentr.ru/,NEWS,News Media,2017-12-12,OONI,Included in blocklist: http://inau.ua/sites/default/files/file/1711/vhidnyy_no_243_vid_28.11.2017.pdf
http://polithexogen.ru/,NEWS,News Media,2014-04-15,citizenlab,
http://politiko.ua/blogpost82463,NEWS,News Media,2014-04-15,citizenlab,
http://politzeki.mypeople.ru/,POLR,Political Criticism,2014-04-15,citizenlab,
http://pornhub.com/,NEWS,News Media,2014-04-15,citizenlab,
http://pornolab.net/,PORN,Pornography,2014-04-15,citizenlab,
http://poroshki.tv/,ALDR,Alcohol & Drugs,2014-04-15,citizenlab,
http://postrana.narod.ru/,POLR,Political Criticism,2014-04-15,citizenlab,
http://pravda.com.ua/,NEWS,News Media,2014-04-15,citizenlab,
http://pravda.dn.ua/,NEWS,News Media,2017-09-28,igorv,Blocked in Eastern Ukraine
http://pravdanaroda.info/,NEWS,News Media,2014-04-15,citizenlab,
http://pravdaoputine.ru/,NEWS,News Media,2014-04-15,citizenlab,
https://pravdoryb.info/,NEWS,News Media,2017-12-12,OONI,Included in blocklist: http://inau.ua/sites/default/files/file/1711/vhidnyy_no_243_vid_28.11.2017.pdf
http://pravo.org.ru/,HUMR,Human Rights Issues,2014-04-15,citizenlab,
http://preservativ.chat.ru/,XED,Sex Education,2014-04-15,citizenlab,
http://propivo.org.ua/,PORN,Pornography,2014-04-15,citizenlab,
http://protiv-putina.ru/,POLR,Political Criticism,2014-04-15,citizenlab,
http://proua.com/,NEWS,News Media,2014-04-15,citizenlab,
http://provokator-ua.narod.ru/,PROV,Provocative Attire,2014-04-15,citizenlab,
http://psyplants.org/,ALDR,Alcohol & Drugs,2014-04-15,citizenlab,
https://pt.wikipedia.org/,CULTR,Culture,2018-07-06,Wikimedia,URLs provided by wikipedia based on the most popular language domains per country
http://publicpost.ru/blog/id/1284/,NEWS,News Media,2014-04-15,citizenlab,
http://punto.ru/,SRCH,Search Engines,2014-04-15,citizenlab,
http://pussy-riot.livejournal.com/,NEWS,News Media,2014-04-15,citizenlab,
http://pussy-riot.livejournal.com/11352.html,NEWS,News Media,2014-04-15,citizenlab,
http://pussy-riot.livejournal.com/12442.html,NEWS,News Media,2014-04-15,citizenlab,
http://pussy-riot.livejournal.com/12658.html,NEWS,News Media,2014-04-15,citizenlab,
http://pussy-riot.livejournal.com/5164.html,NEWS,News Media,2014-04-15,citizenlab,
http://pussy-riot.livejournal.com/5497.html,NEWS,News Media,2014-04-15,citizenlab,
http://pussy-riot.livejournal.com/5763.html,NEWS,News Media,2014-04-15,citizenlab,
http://pussy-riot.livejournal.com/8459.html,NEWS,News Media,2014-04-15,citizenlab,
http://putinbog.wordpress.com/,NEWS,News Media,2014-04-15,citizenlab,
http://putinhuy.com/,POLR,Political Criticism,2014-04-15,citizenlab,
http://queerussia.info/,LGBT,LGBT,2014-04-15,citizenlab,
https://radiovera.ru/,NEWS,News Media,2018-05-28,ksenia,Order of the President of Ukraine 126
http://raznesi.info/blog,NEWS,News Media,2014-04-15,citizenlab,
http://rbth.ru/,NEWS,News Media,2014-04-15,citizenlab,
http://rbth.ru/lgbt_in_russia,LGBT,LGBT,2014-04-15,citizenlab,
http://rchemlab.com/,ALDR,Alcohol & Drugs,2014-04-15,citizenlab,
https://realty.ria.ru/,NEWS,News Media,2018-05-28,ksenia,Order of the President of Ukraine 126
http://redenginejeans.com/,COMM,E-commerce,2014-04-15,citizenlab,
http://redray-lnr-news.su/,NEWS,News Media,2018-05-28,ksenia,Order of the President of Ukraine 126
http://reinform.livejournal.com/,MISC,Miscelaneous content,2014-04-15,citizenlab,
http://ren.tv/,NEWS,News Media,2018-05-28,ksenia,Order of the President of Ukraine 126
http://reporter-crimea.ru/,NEWS,News Media,2018-05-28,ksenia,Order of the President of Ukraine 126
http://republic-tv.ru/,NEWS,News Media,2018-03-15,ksenia,TV channel of DNR Eastern Ukraine from new ministry of information blocklist proposal
https://ria.ru/,NEWS,News Media,2018-05-28,ksenia,Order of the President of Ukraine 126
https://ria.ru/sn/,NEWS,News Media,2018-05-28,ksenia,Order of the President of Ukraine 126
https://riafan.ru/,NEWS,News Media,2017-12-12,OONI,Included in blocklist: http://inau.ua/sites/default/files/file/1711/vhidnyy_no_243_vid_28.11.2017.pdf
http://riarating.ru/,NEWS,News Media,2018-05-28,ksenia,Order of the President of Ukraine 126
https://rk.gov.ru/,GOVT,Government,2018-05-28,ksenia,Order of the President of Ukraine 126
http://rko.marsho.net/,HATE,Hate Speech,2014-04-15,citizenlab,
https://rsport.ria.ru/,NEWS,News Media,2018-05-28,ksenia,Order of the President of Ukraine 126
http://rst-dnr.ru/,GOVT,Government,2018-05-28,ksenia,Order of the President of Ukraine 126
http://rt.com/,NEWS,News Media,2014-04-15,citizenlab,
http://rtr-planeta.com/,NEWS,News Media,2017-10-16,igorv,
http://ru-an.info/,NEWS,News Media,2017-12-12,OONI,Included in blocklist: http://inau.ua/sites/default/files/file/1711/vhidnyy_no_243_vid_28.11.2017.pdf
https://ru.tsn.ua/,NEWS,News Media,2017-09-28,igorv,Blocked in Eastern Ukraine
https://ru.wiktionary.org/,CULTR,Culture,2018-07-06,Wikimedia,URLs provided by wikipedia based on the most popular language domains per country
http://ru.yahoo.com/,SRCH,Search Engines,2014-04-15,citizenlab,
http://rublacklist.net/,NEWS,News Media,2014-04-15,citizenlab,
http://rus.katyusha.tv/,NEWS,News Media,2018-05-28,ksenia,Order of the President of Ukraine 126
http://rus.newsru.ua/,NEWS,News Media,2014-04-15,citizenlab,
http://ruskline.ru/,NEWS,News Media,2018-03-15,ksenia,new ministry of information blocklist proposal
http://rusnext.ru/,NEWS,News Media,2017-12-12,OONI,Included in blocklist: http://inau.ua/sites/default/files/file/1711/vhidnyy_no_243_vid_28.11.2017.pdf
http://ruspravda.info/,NEWS,News Media,2017-12-12,OONI,Included in blocklist: http://inau.ua/sites/default/files/file/1711/vhidnyy_no_243_vid_28.11.2017.pdf
http://rusrep.ru/article/2012/02/24/pussy_riot,NEWS,News Media,2014-04-15,citizenlab,
http://russia.indymedia.org/,NEWS,News Media,2014-04-15,citizenlab,
http://russialist.org/,NEWS,News Media,2014-04-15,citizenlab,
https://russian.rt.com/,NEWS,News Media,2017-12-12,OONI,Included in blocklist: http://inau.ua/sites/default/files/file/1711/vhidnyy_no_243_vid_28.11.2017.pdf
http://rusvesna.su/,NEWS,News Media,2017-12-12,OONI,Included in blocklist: http://inau.ua/sites/default/files/file/1711/vhidnyy_no_243_vid_28.11.2017.pdf
http://rutor.org/,FILE,File-sharing,2014-04-15,citizenlab,
http://rutracker.org/,HOST,Hosting and Blogging Platforms,2014-04-15,citizenlab,
http://rwaho.wordpress.com/,LGBT,LGBT,2014-04-15,citizenlab,
http://rybakov.spb.ru/,HUMR,Human Rights Issues,2014-04-15,citizenlab,
http://s-mahat.ru/,HATE,Hate Speech,2014-04-15,citizenlab,
http://s-narodom.ru/,NEWS,News Media,2018-03-15,ksenia,Eastern Ukrainian pro-Russian website from the new ministry of information blocklist proposal
http://sale-smoke.com/,ALDR,Alcohol & Drugs,2014-04-15,citizenlab,
http://scripts.protoplex.ru/,ANON,Anonymization and circumvention tools,2014-04-15,citizenlab,
http://scripts.protoplex.ru/scripts_show/1812.html,ANON,Anonymization and circumvention tools,2014-04-15,citizenlab,
http://security.webmoney.ru/,COMM,E-commerce,2018-05-28,ksenia,Order of the President of Ukraine 126
http://security.wmtransfer.com/,COMM,E-commerce,2018-05-28,ksenia,Order of the President of Ukraine 126
http://semyanich.co/,ALDR,Alcohol & Drugs,2014-04-15,citizenlab,
http://sevastopol.press/,NEWS,News Media,2018-05-28,ksenia,Order of the President of Ukraine 126
http://sevbat.com.ua/,NEWS,News Media,2014-04-15,citizenlab,
http://sexbomba.ru/,PORN,Pornography,2014-04-15,citizenlab,
http://sexeducation.report.ru/,XED,Sex Education,2014-04-15,citizenlab,
http://sexfilm.al.ru/,PORN,Pornography,2014-04-15,citizenlab,
http://sexparty.ro/,PORN,Pornography,2014-04-15,citizenlab,
http://sexshop.nm.ru/,PORN,Pornography,2014-04-15,citizenlab,
http://sexword.net.ru/,PORN,Pornography,2014-04-15,citizenlab,
http://seyfullah.tauhid.biz/,HATE,Hate Speech,2014-04-15,citizenlab,
http://shaman.aha.ru/,REL,Religion,2014-04-15,citizenlab,
http://shopcd.com.ua/,PORN,Pornography,2014-04-15,citizenlab,
http://shopmixes.com/,ALDR,Alcohol & Drugs,2014-04-15,citizenlab,
http://sibspice.biz/,ALDR,Alcohol & Drugs,2014-04-15,citizenlab,
http://siburbia.ru/columns/pussy-riot-udelyivayut-metro/,NEWS,News Media,2014-04-15,citizenlab,
https://slavdelo.dn.ua/,NEWS,News Media,2017-09-28,igorv,Blocked in Eastern Ukraine
https://slavgromada.wordpress.com/,POLR,Political Criticism,2017-10-16,igorv,
http://slavinfo.dn.ua/,NEWS,News Media,2017-09-28,igorv,Blocked in Eastern Ukraine
http://slon.ru/,NEWS,News Media,2014-04-15,citizenlab,
http://smdnr.ru/,GOVT,Government,2018-05-28,ksenia,Order of the President of Ukraine 126
http://sms-date.ru/,DATE,Online Dating,2014-04-15,citizenlab,
http://snr24.com/,NEWS,News Media,2017-12-12,OONI,Included in blocklist: http://inau.ua/sites/default/files/file/1711/vhidnyy_no_243_vid_28.11.2017.pdf
https://socportal.info/,NEWS,News Media,2017-09-28,igorv,Blocked in Eastern Ukraine
http://soft-ru.fatal.ru/,MMED,Media sharing,2014-04-15,citizenlab,
http://soft.li.ru/,MMED,Media sharing,2014-04-15,citizenlab,
http://soprotivlenie.marsho.net/,MILX,Terrorism and Militants,2014-04-15,citizenlab,
http://soskin.blogspot.com/,NEWS,News Media,2014-04-15,citizenlab,
http://south-gir.livejournal.com/,GOVT,Government,2014-04-15,citizenlab,
http://sova-center.ru/,HUMR,Human Rights Issues,2014-04-15,citizenlab,
https://sovminlnr.ru/,GOVT,Government,2018-05-28,ksenia,Order of the President of Ukraine 126
http://sptimes.ru/index.php?action_id=2&story_id=35092,NEWS,News Media,2014-04-15,citizenlab,
https://sputniknews.com/,NEWS,News Media,2018-05-28,ksenia,Order of the President of Ukraine 126
http://squarespace.com/,HOST,Hosting and Blogging Platforms,2014-04-15,citizenlab,
http://stalinism.newmail.ru/,POLR,Political Criticism,2014-04-15,citizenlab,
http://stalinism.ru/,POLR,Political Criticism,2014-04-15,citizenlab,
http://stoyakin.org.ua/,NEWS,News Media,2014-04-15,citizenlab,
http://subscribe.ru/,NEWS,News Media,2014-04-15,citizenlab,
http://surfshield.net/,ANON,Anonymization and circumvention tools,2014-04-15,citizenlab,
http://tabloid.com.ua/,NEWS,News Media,2014-04-15,citizenlab,
https://telepay.webmoney.ru/,COMM,E-commerce,2018-05-28,ksenia,Order of the President of Ukraine 126
http://thecircle.org.au/,FILE,File-sharing,2014-04-15,citizenlab,
http://tk-union.tv/,NEWS,News Media,2018-05-28,ksenia,Order of the President of Ukraine 126
http://tnt-online.ru/,NEWS,News Media,2018-05-28,ksenia,Order of the President of Ukraine 126
http://tochka.net/,NEWS,News Media,2014-04-15,citizenlab,
http://tolerance.ngo.ru/,HUMR,Human Rights Issues,2014-04-15,citizenlab,
http://top.jdu.ru/,DATE,Online Dating,2014-04-15,citizenlab,
http://topics.nytimes.com/,NEWS,News Media,2014-04-15,citizenlab,
http://topless.com.ua/,PORN,Pornography,2014-04-15,citizenlab,
http://tor4.su/,PORN,Pornography,2014-04-15,citizenlab,
http://torrents.net.ua/,NEWS,News Media,2014-04-15,citizenlab,
http://torrentsfilm.com/,NEWS,News Media,2014-04-15,citizenlab,
https://translate.yandex.ru/,SRCH,Search Engines,2017-12-16,oonitarian,sanction list
http://trk-luch.ru/,NEWS,News Media,2018-05-28,ksenia,Order of the President of Ukraine 126
http://trkmillet.ru/,NEWS,News Media,2018-05-28,ksenia,Order of the President of Ukraine 126
http://truesite.ru/,REL,Religion,2014-04-15,citizenlab,
https://tsiklnr.su/,GOVT,Government,2018-05-28,ksenia,Order of the President of Ukraine 126
https://tsn.ua/,NEWS,News Media,2017-09-28,igorv,Blocked in Eastern Ukraine
http://turbobit.net/,NEWS,News Media,2014-04-15,citizenlab,
http://tv.rbc.ru/,NEWS,News Media,2018-02-23,igorv,
http://tvkultura.ru/,NEWS,News Media,2018-05-28,ksenia,Order of the President of Ukraine 126
http://tvrain.ru/,NEWS,News Media,2014-04-15,citizenlab,
https://tvzvezda.ru/,NEWS,News Media,2018-02-23,igorv,
https://twitter.com/#!/pussy_riot,NEWS,News Media,2014-04-15,citizenlab,
https://twitter.com/novostidnua,NEWS,News Media,2017-09-28,igorv,Blocked in Eastern Ukraine
https://twitter.com/rulgbtnet,LGBT,LGBT,2014-04-15,citizenlab,
http://tyzhden.ua/,NEWS,News Media,2017-09-28,igorv,Blocked in Eastern Ukraine
http://ua-today.com/,NEWS,News Media,2014-04-15,citizenlab,
http://uainfo.censor.net.ua/,NEWS,News Media,2014-04-15,citizenlab,
http://uainforg.livejournal.com/,NEWS,News Media,2014-04-15,citizenlab,
http://ubop.net.ua/,NEWS,News Media,2014-04-15,citizenlab,
http://ubp.com.ua/,NEWS,News Media,2018-05-28,ksenia,Order of the President of Ukraine 126
http://ufa.realstaf.com/,ALDR,Alcohol & Drugs,2014-04-15,citizenlab,
https://uk.wikipedia.org/,CULTR,Culture,2018-07-06,Wikimedia,URLs provided by wikipedia based on the most popular language domains per country
http://ukr-blog.in.ua/,NEWS,News Media,2014-04-15,citizenlab,
http://ukr.aif.ru/,NEWS,News Media,2014-04-15,citizenlab,
http://ukr.net/,NEWS,News Media,2014-04-15,citizenlab,
https://ukraina.ru/,NEWS,News Media,2017-12-12,OONI,Included in blocklist: http://inau.ua/sites/default/files/file/1711/vhidnyy_no_243_vid_28.11.2017.pdf
http://ukraineanalysis.wordpress.com/,NEWS,News Media,2014-04-15,citizenlab,
http://ukrainianweek.com/,NEWS,News Media,2014-04-15,citizenlab,
http://ukrinfonews.com.ua/,NEWS,News Media,2017-09-28,igorv,Blocked in Eastern Ukraine
http://ukrnews24.com/,NEWS,News Media,2014-04-15,citizenlab,
http://uncyclopedia.wikia.com/wiki/main_page,NEWS,News Media,2014-04-15,citizenlab,
http://ungheni.ru/,ANON,Anonymization and circumvention tools,2014-04-15,citizenlab,
http://unian.net/,NEWS,News Media,2014-04-15,citizenlab,
https://update.brwsrapi.com/blckd.json,ANON,Anonymization and circumvention tools,2017-05-31,David Fifield,FreeU web browser list of potentially blocked domains (https://bugs.torproject.org/22369#comment:3)
https://update.mrbrwsr.com/blckd.json,ANON,Anonymization and circumvention tools,2017-05-31,David Fifield,FreeU web browser list of potentially blocked domains (https://bugs.torproject.org/22369#comment:3)
https://update.savebrwsr.com/blckd.json,ANON,Anonymization and circumvention tools,2017-05-31,David Fifield,FreeU web browser list of potentially blocked domains (https://bugs.torproject.org/22369#comment:3)
https://update.svbrwsr.com/blckd.json,ANON,Anonymization and circumvention tools,2017-05-31,David Fifield,FreeU web browser list of potentially blocked domains (https://bugs.torproject.org/22369#comment:3)
https://update.updtapi.com/blckd.json,ANON,Anonymization and circumvention tools,2017-05-31,David Fifield,FreeU web browser list of potentially blocked domains (https://bugs.torproject.org/22369#comment:3)
https://update.updtbrwsr.com/blckd.json,ANON,Anonymization and circumvention tools,2017-05-31,David Fifield,FreeU web browser list of potentially blocked domains (https://bugs.torproject.org/22369#comment:3)
http://ura.dn.ua/,NEWS,News Media,2017-09-28,igorv,Blocked in Eastern Ukraine
http://urbantimes.co/,NEWS,News Media,2014-04-15,citizenlab,
http://vdagestan.com/,MILX,Terrorism and Militants,2014-04-15,citizenlab,
http://vdagestan.info/,MILX,Terrorism and Militants,2014-04-15,citizenlab,
http://versii.com/,NEWS,News Media,2014-04-15,citizenlab,
http://vesna-info.ru/,NEWS,News Media,2017-12-12,OONI,Included in blocklist: http://inau.ua/sites/default/files/file/1711/vhidnyy_no_243_vid_28.11.2017.pdf
http://vgolos.com.ua/,HOST,Hosting and Blogging Platforms,2014-04-15,citizenlab,
http://vgtrk.com/,NEWS,News Media,2018-02-23,igorv,
http://video-one.com/,PORN,Pornography,2014-04-15,citizenlab,
http://video.bigmir.net/,NEWS,News Media,2014-04-15,citizenlab,
http://video.meta.ua/,NEWS,News Media,2014-04-15,citizenlab,
http://vk.com/,HUMR,Human Rights Issues,2014-04-15,citizenlab,
http://vk.com/live_ukr,NEWS,News Media,2014-04-15,citizenlab,
http://vk.com/minitrue,NEWS,News Media,2014-04-15,citizenlab,
https://vk.com/ping.txt,ANON,Anonymization and circumvention tools,2017-05-31,David Fifield,Canary URL used by the FreeU web browser to test blocking of VKontakte (https://bugs.torproject.org/22369#comment:5)
http://vk.com/public62043361,POLR,Political Criticism,2014-04-15,citizenlab,
http://vkontakte.ru/,HOST,Hosting and Blogging Platforms,2014-04-15,citizenlab,
http://vresearche.com/,ALDR,Alcohol & Drugs,2014-04-15,citizenlab,
http://vsednr.ru/,NEWS,News Media,2017-12-12,OONI,Included in blocklist: http://inau.ua/sites/default/files/file/1711/vhidnyy_no_243_vid_28.11.2017.pdf
http://vsereferaty.ru/,SRCH,Search Engines,2014-04-15,citizenlab,
http://vsezoo.com/,PORN,Pornography,2014-04-15,citizenlab,
http://vsyapravda.com/,NEWS,News Media,2014-04-15,citizenlab,
http://vybory2006.likar.info/,POLR,Political Criticism,2014-04-15,citizenlab,
http://wbc.com.ru/,NEWS,News Media,2018-05-28,ksenia,Order of the President of Ukraine 126
https://webmaster.yandex.ru/,HACK,Hacking Tools,2017-12-16,oonitarian,sanction list
https://webmoney.ua/,COMM,E-commerce,2018-05-28,ksenia,Order of the President of Ukraine 126
http://weedhash.biz/,ALDR,Alcohol & Drugs,2014-04-15,citizenlab,
http://wiki.webmoney.ru/,COMM,E-commerce,2018-05-28,ksenia,Order of the President of Ukraine 126
https://withdraw.web.money/,COMM,E-commerce,2018-05-28,ksenia,Order of the President of Ukraine 126
https://wm-factor.com.ua/,COMM,E-commerce,2018-05-28,ksenia,Order of the President of Ukraine 126
https://wm.exchanger.money/,COMM,E-commerce,2018-05-28,ksenia,Order of the President of Ukraine 126
http://wmsc1.webmoney.ru/,COMM,E-commerce,2018-05-28,ksenia,Order of the President of Ukraine 126
http://world.time.com/,NEWS,News Media,2014-04-15,citizenlab,
https://www.06239.com.ua/,NEWS,News Media,2017-09-28,igorv,Blocked in Eastern Ukraine
https://www.06252.com.ua/,NEWS,News Media,2017-09-28,igorv,Blocked in Eastern Ukraine
https://www.06257.in.ua/,NEWS,News Media,2017-09-28,igorv,Blocked in Eastern Ukraine
https://www.06274.com.ua/,NEWS,News Media,2017-09-28,igorv,Blocked in Eastern Ukraine
http://www.1c-bitrix.ru/,GRP,Social Networking,2014-04-15,citizenlab,
http://www.1sev.tv/,NEWS,News Media,2018-05-28,ksenia,Order of the President of Ukraine 126
https://www.1tv.com/,NEWS,News Media,2018-05-28,ksenia,Order of the President of Ukraine 126
http://www.1tv.ru/,NEWS,News Media,2014-04-15,citizenlab,
https://www.1tv.ru/,NEWS,News Media,2017-10-16,igorv,
https://www.5-tv.ru/,NEWS,News Media,2018-05-28,ksenia,Order of the President of Ukraine 126
https://www.5.ua/,NEWS,News Media,2017-09-28,igorv,Blocked in Eastern Ukraine
https://www.62.ua/,NEWS,News Media,2017-09-28,igorv,Blocked in Eastern Ukraine
https://www.6264.com.ua/,NEWS,News Media,2017-09-28,igorv,Blocked in Eastern Ukraine
http://www.7ya.ru/,XED,Sex Education,2014-04-15,citizenlab,
http://www.7ya.ru/pub/contr/,XED,Sex Education,2014-04-15,citizenlab,
http://www.adcoalition.org.ua/,NEWS,News Media,2014-04-15,citizenlab,
http://www.aej.org.ua/,NEWS,News Media,2014-04-15,citizenlab,
http://www.afew.org/,PUBH,Public Health,2014-04-15,citizenlab,
http://www.afew.org/russian/,PUBH,Public Health,2014-04-15,citizenlab,
http://www.afisha.ru/article/pussy-riot-against-putin/,NEWS,News Media,2014-04-15,citizenlab,
http://www.agava.ru/,HOST,Hosting and Blogging Platforms,2014-04-15,citizenlab,
http://www.agava.ru/hosting/,HOST,Hosting and Blogging Platforms,2014-04-15,citizenlab,
http://www.agentura.ru/,PROV,Provocative Attire,2014-04-15,citizenlab,
http://www.agitclub.ru/,POLR,Political Criticism,2014-04-15,citizenlab,
http://www.aglob.ru/,POLR,Political Criticism,2014-04-15,citizenlab,
http://www.aids.ru/,XED,Sex Education,2014-04-15,citizenlab,
http://www.aids.ru/prevent/safesex.shtml,XED,Sex Education,2014-04-15,citizenlab,
http://www.aif.ru/,NEWS,News Media,2014-04-15,citizenlab,
http://www.akm.ru/,NEWS,News Media,2014-04-15,citizenlab,
http://www.akmshalom.com/,MISC,Miscelaneous content,2014-04-15,citizenlab,
http://www.alco.ru/,ALDR,Alcohol & Drugs,2014-04-15,citizenlab,
http://www.alexey-pichugin.ru/,HUMR,Human Rights Issues,2014-04-15,citizenlab,
http://www.alexhost.ru/,HOST,Hosting and Blogging Platforms,2014-04-15,citizenlab,
http://www.alternativy.ru/,POLR,Political Criticism,2014-04-15,citizenlab,
http://www.amnestyusa.org/sites/default/custom-scripts/russia/,HUMR,Human Rights Issues,2014-04-15,citizenlab,
http://www.annacasino.ru/,GMB,Gambling,2014-04-15,citizenlab,
http://www.anticompromat.ru/,POLR,Political Criticism,2014-04-15,citizenlab,
http://www.antifa.com.ua/,MISC,Miscelaneous content,2014-04-15,citizenlab,
http://www.antifa.hrworld.ru/,HUMR,Human Rights Issues,2014-04-15,citizenlab,
http://www.antirev.ru/,POLR,Political Criticism,2014-04-15,citizenlab,
http://www.apn.ru/,NEWS,News Media,2014-04-15,citizenlab,
http://www.aport.ru/,SRCH,Search Engines,2014-04-15,citizenlab,
http://www.araxgroup.ru/,MMED,Media sharing,2014-04-15,citizenlab,
http://www.avtoazov.com.ua/,COMM,E-commerce,2014-04-15,citizenlab,
http://www.awz.ru/,MMED,Media sharing,2014-04-15,citizenlab,
http://www.bakerlawfirm.com/,COMM,E-commerce,2014-04-15,citizenlab,
http://www.bbc.co.uk/news/world-europe-17187572,NEWS,News Media,2014-04-15,citizenlab,
http://www.beehost.ru/,HOST,Hosting and Blogging Platforms,2014-04-15,citizenlab,
http://www.bestrussiandating.com/,DATE,Online Dating,2014-04-15,citizenlab,
http://www.bezcenzury.ru/,POLR,Political Criticism,2014-04-15,citizenlab,
http://www.bitnet.ru/,HACK,Hacking Tools,2014-04-15,citizenlab,
http://www.bitnet.ru/psycho/hacker.html,HACK,Hacking Tools,2014-04-15,citizenlab,
http://www.bitrixsoft.ru/,GRP,Social Networking,2014-04-15,citizenlab,
http://www.blackblocg.info/,HATE,Hate Speech,2014-04-15,citizenlab,
http://www.blackseanews.net/,NEWS,News Media,2017-09-28,igorv,Blocked in Eastern Ukraine
http://www.blogdir.ru/,HOST,Hosting and Blogging Platforms,2014-04-15,citizenlab,
http://www.bloglenta.ru/,HOST,Hosting and Blogging Platforms,2014-04-15,citizenlab,
http://www.blogonline.ru/,HOST,Hosting and Blogging Platforms,2014-04-15,citizenlab,
http://www.blogonline.ru/?auth=1,HOST,Hosting and Blogging Platforms,2014-04-15,citizenlab,
http://www.bober-tv.ru/,NEWS,News Media,2018-05-28,ksenia,Order of the President of Ukraine 126
http://www.breakingnews.ie/,NEWS,News Media,2014-04-15,citizenlab,
http://www.buddhism.ru/,REL,Religion,2014-04-15,citizenlab,
http://www.business-humanrights.org/documents/russia_human_rights_abuses_2014_winter_olympic_games,HUMR,Human Rights Issues,2014-04-15,citizenlab,
http://www.businesshosting.ru/,HOST,Hosting and Blogging Platforms,2014-04-15,citizenlab,
http://www.businessweek.com/,NEWS,News Media,2014-04-15,citizenlab,
http://www.c-inform.info/,NEWS,News Media,2018-03-15,ksenia,Crimean pro-Russian website from new ministry of information blocklist proposal
https://www.capitaller.ru/,COMM,E-commerce,2018-05-28,ksenia,Order of the President of Ukraine 126
http://www.carnegie.ru/,POLR,Political Criticism,2014-04-15,citizenlab,
http://www.casino2000.ru/,GMB,Gambling,2014-04-15,citizenlab,
http://www.casinoking.com/,GMB,Gambling,2014-04-15,citizenlab,
http://www.chechentimes.net/,COMM,E-commerce,2014-04-15,citizenlab,
http://www.chekhlayzer.blogspot.ru/,MILX,Terrorism and Militants,2014-04-15,citizenlab,
http://www.citizens.ru/,POLR,Political Criticism,2014-04-15,citizenlab,
http://www.civitas.ru/,POLR,Political Criticism,2014-04-15,citizenlab,
http://www.cjes.ru/,NEWS,News Media,2014-04-15,citizenlab,
http://www.cnews.ru/,NEWS,News Media,2014-04-15,citizenlab,
http://www.compromat.ru/,NEWS,News Media,2014-04-15,citizenlab,
http://www.contr-tv.ru/,NEWS,News Media,2014-04-15,citizenlab,
http://www.copris.com/,MISC,Miscelaneous content,2014-04-15,citizenlab,
http://www.copris.com/mco/,HUMR,Human Rights Issues,2014-04-15,citizenlab,
http://www.daymohk.org/,MILX,Terrorism and Militants,2014-04-15,citizenlab,
http://www.democracy.ru/,POLR,Political Criticism,2014-04-15,citizenlab,
http://www.demokratia.ru/,HUMR,Human Rights Issues,2014-04-15,citizenlab,
http://www.diary.ru/,HOST,Hosting and Blogging Platforms,2014-04-15,citizenlab,
http://www.dikoe-pole.info/,NEWS,News Media,2018-05-28,ksenia,Order of the President of Ukraine 126
http://www.dishisvobodno.ru/,ENV,Environment,2014-04-15,citizenlab,
https://www.dn.ua/,NEWS,News Media,2017-09-28,igorv,Blocked in Eastern Ukraine
http://www.domkino-premium.tv/,NEWS,News Media,2018-05-28,ksenia,Order of the President of Ukraine 126
https://www.domkino.tv/,NEWS,News Media,2018-05-28,ksenia,Order of the President of Ukraine 126
http://www.download.ru/,MMED,Media sharing,2014-04-15,citizenlab,
http://www.dpni.ru/,POLR,Political Criticism,2014-04-15,citizenlab,
http://www.drinkshop.ru/,ALDR,Alcohol & Drugs,2014-04-15,citizenlab,
https://www.drweb.ru/,HACK,Hacking Tools,2017-12-16,oonitarian,sanctions list
http://www.duel.ru/,POLR,Political Criticism,2014-04-15,citizenlab,
http://www.dw.de/,NEWS,News Media,2014-04-15,citizenlab,
http://www.ebaka.ru/,PORN,Pornography,2014-04-15,citizenlab,
http://www.echo.msk.ru/,NEWS,News Media,2014-04-15,citizenlab,
http://www.echo.msk.ru/blog/navalny/,POLR,Political Criticism,2014-04-15,citizenlab,
http://www.ecodefense.ru/,ENV,Environment,2014-04-15,citizenlab,
http://www.ecom-info.spb.ru/,ENV,Environment,2014-04-15,citizenlab,
http://www.ej.ru/,NEWS,News Media,2014-04-15,citizenlab,
http://www.eliberator.ru/,NEWS,News Media,2014-04-15,citizenlab,
http://www.euractiv.com/,NEWS,News Media,2014-04-15,citizenlab,
http://www.euro.who.int/,ALDR,Alcohol & Drugs,2014-04-15,citizenlab,
http://www.europaplus.ru/,CULTR,Culture,2014-04-15,citizenlab,
http://www.exile.ru/,NEWS,News Media,2014-04-15,citizenlab,
http://www.expres.ua/,NEWS,News Media,2014-04-15,citizenlab,
https://www.facebook.com/boycottsochi2014,HUMR,Human Rights Issues,2014-04-15,citizenlab,
https://www.facebook.com/lgbt.russia,LGBT,LGBT,2014-04-15,citizenlab,
https://www.facebook.com/nosochi2014,HUMR,Human Rights Issues,2014-04-15,citizenlab,
http://www.fairhost.ru/,HOST,Hosting and Blogging Platforms,2014-04-15,citizenlab,
http://www.family-planning.ru/,XED,Sex Education,2014-04-15,citizenlab,
http://www.fank.ru/,PORN,Pornography,2014-04-15,citizenlab,
http://www.filesearch.ru/,SRCH,Search Engines,2014-04-15,citizenlab,
http://www.flb.ru/,NEWS,News Media,2014-04-15,citizenlab,
http://www.flirt.com.ua/,DATE,Online Dating,2014-04-15,citizenlab,
http://www.forbes.com/,NEWS,News Media,2014-04-15,citizenlab,
http://www.forest.ru/,ENV,Environment,2014-04-15,citizenlab,
http://www.format18.org/,POLR,Political Criticism,2014-04-15,citizenlab,
http://www.freedomhouse.org.ua/,HUMR,Human Rights Issues,2014-04-15,citizenlab,
http://www.freeproxy.ru/,ANON,Anonymization and circumvention tools,2014-04-15,citizenlab,
http://www.gay-forum.com.ua/,LGBT,LGBT,2014-04-15,citizenlab,
http://www.gay.ru/,NEWS,News Media,2014-04-15,citizenlab,
http://www.gaynews.ru/,NEWS,News Media,2014-04-15,citizenlab,
http://www.gayrussia.eu/,LGBT,LGBT,2014-04-15,citizenlab,
http://www.gayvideo.ru/,LGBT,LGBT,2014-04-15,citizenlab,
http://www.gazeta.ru/,NEWS,News Media,2014-04-15,citizenlab,
http://www.gazeta.ru/social/2012/02/27/4013957.shtml,NEWS,News Media,2014-04-15,citizenlab,
http://www.gdf.ru/,NEWS,News Media,2014-04-15,citizenlab,
http://www.geo.orthodoxy.ru/,REL,Religion,2014-04-15,citizenlab,
http://www.getto.ru/,POLR,Political Criticism,2014-04-15,citizenlab,
http://www.globalequality.org/newsroom/latest-news/1-in-the-news/186-the-facts-on-lgbt-rights-in-russia,LGBT,LGBT,2014-04-15,citizenlab,
http://www.gmail.ru/,COMT,Communication Tools,2014-04-15,citizenlab,
http://www.gmirussia.ru/,COMT,Communication Tools,2014-04-15,citizenlab,
http://www.goldfaq.ru/,MMED,Media sharing,2014-04-15,citizenlab,
http://www.goldfishka.com/,GMB,Gambling,2014-04-15,citizenlab,
http://www.goldfishka.ru/,GMB,Gambling,2014-04-15,citizenlab,
http://www.google.ru/,SRCH,Search Engines,2014-04-15,citizenlab,
http://www.grandcasino.ru/,GMB,Gambling,2014-04-15,citizenlab,
http://www.grani.ru/,NEWS,News Media,2014-04-15,citizenlab,
http://www.greenpeace.org/russia/,ENV,Environment,2014-04-15,citizenlab,
https://www.gtrklnr.com/,NEWS,News Media,2018-05-28,ksenia,Order of the President of Ukraine 126
http://www.guardian.co.uk/commentisfree/2012/feb/03/pussy-riot-kremlin-protest-riot-grrrl,NEWS,News Media,2014-04-15,citizenlab,
http://www.guardian.co.uk/world/2012/feb/02/pussy-riot-protest-russia,NEWS,News Media,2014-04-15,citizenlab,
http://www.gulag.ipvnews.org/,HUMR,Human Rights Issues,2014-04-15,citizenlab,
http://www.habrahabr.ru/,HOST,Hosting and Blogging Platforms,2014-04-15,citizenlab,
http://www.hackmoney.ru/,HACK,Hacking Tools,2014-04-15,citizenlab,
http://www.hakamada.ru/,POLR,Political Criticism,2014-04-15,citizenlab,
http://www.hateit.ru/,HATE,Hate Speech,2014-04-15,citizenlab,
http://www.hizb-russia.info/,POLR,Political Criticism,2014-04-15,citizenlab,
http://www.holiday.ru/,DATE,Online Dating,2014-04-15,citizenlab,
http://www.homo-aphorism.narod.ru/,LGBT,LGBT,2014-04-15,citizenlab,
http://www.hrights.ru/,POLR,Political Criticism,2014-04-15,citizenlab,
http://www.hro.org/,NEWS,News Media,2014-04-15,citizenlab,
http://www.hrpublishers.org/,HUMR,Human Rights Issues,2014-04-15,citizenlab,
http://www.hrw.org/node/113248,HUMR,Human Rights Issues,2014-04-15,citizenlab,
http://www.hrw.org/people-and-power-2014-sochi-olympics,HUMR,Human Rights Issues,2014-04-15,citizenlab,
http://www.hrw.org/russian/press/russia/2003/131103_army.html,PUBH,Public Health,2014-04-15,citizenlab,
http://www.hrw.ru/,HUMR,Human Rights Issues,2014-04-15,citizenlab,
http://www.hunafa.com/,MILX,Terrorism and Militants,2014-04-15,citizenlab,
http://www.hunafa.info/,MILX,Terrorism and Militants,2014-04-15,citizenlab,
http://www.ichkeria.info/,NEWS,News Media,2014-04-15,citizenlab,
http://www.iea.ru/,ECON,Economics,2014-04-15,citizenlab,
http://www.ikd.ru/,POLR,Political Criticism,2014-04-15,citizenlab,
http://www.inauka.ru/,NEWS,News Media,2014-04-15,citizenlab,
http://www.inauka.ru/blogs/,HOST,Hosting and Blogging Platforms,2014-04-15,citizenlab,
http://www.indiegogo.com/projects/know-sochi-olympics-on-the-land-of-genocide,HUMR,Human Rights Issues,2014-04-15,citizenlab,
http://www.ingushetiya.ru/,POLR,Political Criticism,2014-04-15,citizenlab,
http://www.inopressa.ru/,NEWS,News Media,2014-04-15,citizenlab,
http://www.interfax.co.uk/,NEWS,News Media,2014-04-15,citizenlab,
http://www.interfax.ru/,NEWS,News Media,2014-04-15,citizenlab,
http://www.internews.ru/,NEWS,News Media,2014-04-15,citizenlab,
http://www.irex.ru/,NEWS,News Media,2014-04-15,citizenlab,
http://www.islam.ru/,REL,Religion,2014-04-15,citizenlab,
http://www.islam.ru/hutba/halifat/,REL,Religion,2014-04-15,citizenlab,
http://www.islamdin.biz/,HATE,Hate Speech,2014-04-15,citizenlab,
http://www.islamdin.com/,HATE,Hate Speech,2014-04-15,citizenlab,
http://www.islamdin.tv/,HATE,Hate Speech,2014-04-15,citizenlab,
http://www.isn.ethz.ch/,NEWS,News Media,2014-04-15,citizenlab,
http://www.ispovednik.com/,REL,Religion,2014-04-15,citizenlab,
http://www.itar-tass.com/,NEWS,News Media,2014-04-15,citizenlab,
http://www.iucn.ru/,ENV,Environment,2014-04-15,citizenlab,
http://www.jino.ru/,ANON,Anonymization and circumvention tools,2014-04-15,citizenlab,
http://www.jw.org/en/,HUMR,Human Rights Issues,2014-04-15,citizenlab,
http://www.kanal-o.ru/,NEWS,News Media,2018-05-28,ksenia,Order of the President of Ukraine 126
https://www.karusel-tv.ru/,NEWS,News Media,2018-05-28,ksenia,Order of the President of Ukraine 126
http://www.kasparov.ru/,NEWS,News Media,2014-04-15,citizenlab,
http://www.kavkazcenter.com/,MILX,Terrorism and Militants,2014-04-15,citizenlab,
http://www.kavkazcenter.info/,MILX,Terrorism and Militants,2014-04-15,citizenlab,
http://www.kavkazcenter.net/,MILX,Terrorism and Militants,2014-04-15,citizenlab,
http://www.kavkazchat.com/,REL,Religion,2014-04-15,citizenlab,
http://www.kavkazjihad.com/,MILX,Terrorism and Militants,2014-04-15,citizenlab,
http://www.kavkazweb.net/,NEWS,News Media,2014-04-15,citizenlab,
http://www.kazak-chita.ru/,POLR,Political Criticism,2014-04-15,citizenlab,
http://www.khodorkovsky.ru/,HUMR,Human Rights Issues,2014-04-15,citizenlab,
http://www.kianews.com.ua/,NEWS,News Media,2018-05-28,ksenia,Order of the President of Ukraine 126
https://www.kinopoisk.ru/,CULTR,Culture,2017-12-16,oonitarian,sanctions list
http://www.kommersant.ru/,NEWS,News Media,2014-04-15,citizenlab,
http://www.kp.ru/,NEWS,News Media,2014-04-15,citizenlab,
http://www.ksdi.ru/,HUMR,Human Rights Issues,2014-04-15,citizenlab,
http://www.kupiproday.ru/,ALDR,Alcohol & Drugs,2014-04-15,citizenlab,
http://www.kyivpost.com/,NEWS,News Media,2014-04-15,citizenlab,
http://www.lenta.ru/,NEWS,News Media,2014-04-15,citizenlab,
http://www.lesbi.ru/,LGBT,LGBT,2014-04-15,citizenlab,
http://www.leviy.ru/,POLR,Political Criticism,2014-04-15,citizenlab,
http://www.lgbt-ep.eu/tag/russia/,LGBT,LGBT,2014-04-15,citizenlab,
http://www.lgbtnet.ru/en,LGBT,LGBT,2014-04-15,citizenlab,
http://www.liberal.ru/,POLR,Political Criticism,2014-04-15,citizenlab,
http://www.libertarium.ru/,NEWS,News Media,2014-04-15,citizenlab,
http://www.libertarium.ru/libertarium/sorm,POLR,Political Criticism,2014-04-15,citizenlab,
http://www.liga.net/,NEWS,News Media,2017-09-28,igorv,Blocked in Eastern Ukraine
http://www.litsa.com.ua/blogs,NEWS,News Media,2014-04-15,citizenlab,
http://www.livejournal.ru/themes/id/39503,NEWS,News Media,2014-04-15,citizenlab,
http://www.loto.ru/,GMB,Gambling,2014-04-15,citizenlab,
http://www.lotoru.com/,GMB,Gambling,2014-04-15,citizenlab,
http://www.love-ok.ru/,XED,Sex Education,2014-04-15,citizenlab,
http://www.love-ok.ru/?id=4,XED,Sex Education,2014-04-15,citizenlab,
http://www.love.australia.ru/,DATE,Online Dating,2014-04-15,citizenlab,
http://www.lubovy.ru/,DATE,Online Dating,2014-04-15,citizenlab,
http://www.mahamudra.ru/,REL,Religion,2014-04-15,citizenlab,
http://www.mail.ru/,NEWS,News Media,2014-04-15,citizenlab,
http://www.mamba.ru/,DATE,Online Dating,2014-04-15,citizenlab,
http://www.mashina.org/,NEWS,News Media,2014-04-15,citizenlab,
http://www.materi.ru/,POLR,Political Criticism,2014-04-15,citizenlab,
http://www.mchost.ru/,HOST,Hosting and Blogging Platforms,2014-04-15,citizenlab,
http://www.med2000.ru/,XED,Sex Education,2014-04-15,citizenlab,
http://www.medinkur.ru/,XED,Sex Education,2014-04-15,citizenlab,
http://www.mega-intell.ru/,COMM,E-commerce,2014-04-15,citizenlab,
http://www.mega-intell.ru/Torg/torgzak.htm,ALDR,Alcohol & Drugs,2014-04-15,citizenlab,
http://www.megaregion.narod.ru/,POLR,Political Criticism,2014-04-15,citizenlab,
http://www.memo.ru/,HUMR,Human Rights Issues,2014-04-15,citizenlab,
http://www.mhg.ru/,POLR,Political Criticism,2014-04-15,citizenlab,
http://www.mideast.ru/,NEWS,News Media,2014-04-15,citizenlab,
http://www.migrant.ru/,HUMR,Human Rights Issues,2014-04-15,citizenlab,
http://www.militaryphotos.net/,NEWS,News Media,2014-04-15,citizenlab,
http://www.minjust.net/,NEWS,News Media,2014-04-15,citizenlab,
http://www.mirror-weekly.com/,NEWS,News Media,2014-04-15,citizenlab,
http://www.mirzayanov.com/,HUMR,Human Rights Issues,2014-04-15,citizenlab,
http://www.mk.ru/politics/article/2012/01/20/662683-feministok-zaderzhali-na-krasnoy-ploschadi.html,NEWS,News Media,2014-04-15,citizenlab,
http://www.moepravo.com/,HUMR,Human Rights Issues,2014-04-15,citizenlab,
http://www.mosclinic.ru/,XED,Sex Education,2014-04-15,citizenlab,
http://www.moscowpride.ru/,LGBT,LGBT,2014-04-15,citizenlab,
http://www.mospat.ru/,REL,Religion,2014-04-15,citizenlab,
http://www.msnbc.msn.com/,NEWS,News Media,2014-04-15,citizenlab,
http://www.mterra.ru/,COMM,E-commerce,2014-04-15,citizenlab,
http://www.mterra.ru/sos/drugs/,ALDR,Alcohol & Drugs,2014-04-15,citizenlab,
http://www.muz1.tv/,NEWS,News Media,2018-05-28,ksenia,Order of the President of Ukraine 126
http://www.mydarling.ru/,DATE,Online Dating,2014-04-15,citizenlab,
http://www.mysites.ru/,ANON,Anonymization and circumvention tools,2014-04-15,citizenlab,
http://www.mysites.ru/full_desc.php?sid=56,ANON,Anonymization and circumvention tools,2014-04-15,citizenlab,
http://www.namarsh.ru/,POLR,Political Criticism,2014-04-15,citizenlab,
http://www.narkop.com/,ALDR,Alcohol & Drugs,2014-04-15,citizenlab,
http://www.narkotiki.name/,ALDR,Alcohol & Drugs,2014-04-15,citizenlab,
http://www.narkotiki.ru/,ALDR,Alcohol & Drugs,2014-04-15,citizenlab,
http://www.nashe.ru/,NEWS,News Media,2018-05-28,ksenia,Order of the President of Ukraine 126
http://www.national-socialist.tk/,HATE,Hate Speech,2014-04-15,citizenlab,
http://www.nazbol.ru/,POLR,Political Criticism,2014-04-15,citizenlab,
http://www.nazlobu.ru/,NEWS,News Media,2014-04-15,citizenlab,
http://www.nbp-info.ru/,POLR,Political Criticism,2014-04-15,citizenlab,
http://www.nbpiter.org/,POLR,Political Criticism,2014-04-15,citizenlab,
http://www.ndsm.ru/,POLR,Political Criticism,2014-04-15,citizenlab,
http://www.nelegal.ru/,HUMR,Human Rights Issues,2014-04-15,citizenlab,
http://www.netman.ru/,COMT,Communication Tools,2014-04-15,citizenlab,
http://www.netoteka.ru/,SRCH,Search Engines,2014-04-15,citizenlab,
http://www.neweurasia.ru/,NEWS,News Media,2014-04-15,citizenlab,
http://www.newmail.ru/,COMT,Communication Tools,2014-04-15,citizenlab,
http://www.newsru.com/,NEWS,News Media,2014-04-15,citizenlab,
http://www.newyorker.com/,NEWS,News Media,2014-04-15,citizenlab,
http://www.nextmail.ru/,COMT,Communication Tools,2014-04-15,citizenlab,
http://www.ng.ru/,NEWS,News Media,2014-04-15,citizenlab,
http://www.nobribes.org/,NEWS,News Media,2014-04-15,citizenlab,
http://www.nodrugs.ru/,ALDR,Alcohol & Drugs,2014-04-15,citizenlab,
http://www.nosochi2014.com/articles/1864-2014-circassian-genocide-olympics.php,HUMR,Human Rights Issues,2014-04-15,citizenlab,
http://www.nosochi2014.com/index.php,HUMR,Human Rights Issues,2014-04-15,citizenlab,
http://www.novayagazeta.ru/,NEWS,News Media,2014-04-15,citizenlab,
http://www.novayagazeta.ru/arts/50062.html,NEWS,News Media,2014-04-15,citizenlab,
http://www.novayagazeta.ru/society/50668.html,NEWS,News Media,2014-04-15,citizenlab,
https://www.novorosinform.org/,NEWS,News Media,2017-12-12,OONI,Included in blocklist: http://inau.ua/sites/default/files/file/1711/vhidnyy_no_243_vid_28.11.2017.pdf
http://www.novoross.info/,NEWS,News Media,2017-12-12,OONI,Included in blocklist: http://inau.ua/sites/default/files/file/1711/vhidnyy_no_243_vid_28.11.2017.pdf
http://www.novorossia.org/,NEWS,News Media,2017-12-12,OONI,Included in blocklist: http://inau.ua/sites/default/files/file/1711/vhidnyy_no_243_vid_28.11.2017.pdf
http://www.npr.org/2012/02/08/146581790/in-russia-punk-rock-riot-girls-rage-against-putin,NEWS,News Media,2014-04-15,citizenlab,
http://www.nso-corpus.info/,POLR,Political Criticism,2014-04-15,citizenlab,
http://www.ntv.ru/,NEWS,News Media,2014-04-15,citizenlab,
http://www.ntvmir.ntv.ru/,NEWS,News Media,2017-10-16,igorv,
http://www.nuruddin-info.blogspot.com/,MILX,Terrorism and Militants,2014-04-15,citizenlab,
http://www.oborona.org/,POLR,Political Criticism,2014-04-15,citizenlab,
http://www.obozrevatel.com/,NEWS,News Media,2014-04-15,citizenlab,
https://www.obozrevatel.com/,NEWS,News Media,2017-09-28,igorv,Blocked in Eastern Ukraine
http://www.ogoniok.com/,NEWS,News Media,2014-04-15,citizenlab,
http://www.onlinecasinos.ru/,GMB,Gambling,2014-04-15,citizenlab,
http://www.openspace.ru/art/events/details/31781/,NEWS,News Media,2014-04-15,citizenlab,
http://www.orbita.dn.ua/,NEWS,News Media,2017-09-28,igorv,Blocked in Eastern Ukraine
http://www.ortho-rus.ru/,REL,Religion,2014-04-15,citizenlab,
http://www.osi.ru/,NEWS,News Media,2014-04-15,citizenlab,
http://www.ostro.org/,NEWS,News Media,2017-09-28,igorv,Blocked in Eastern Ukraine
http://www.osw.waw.pl/,NEWS,News Media,2014-04-15,citizenlab,
http://www.owl.ru/,HUMR,Human Rights Issues,2014-04-15,citizenlab,
http://www.owl.ru/win/women/sisters/index.htm,HUMR,Human Rights Issues,2014-04-15,citizenlab,
http://www.partypoker.net/,GMB,Gambling,2014-04-15,citizenlab,
http://www.passion.ru/,XED,Sex Education,2014-04-15,citizenlab,
http://www.perevedem.ru/,COMT,Communication Tools,2014-04-15,citizenlab,
http://www.pkk.org/,MILX,Terrorism and Militants,2014-04-15,citizenlab,
http://www.poehali.tv/,NEWS,News Media,2018-05-28,ksenia,Order of the President of Ukraine 126
http://www.poiskovik.net/,SRCH,Search Engines,2014-04-15,citizenlab,
http://www.polit.ru/,NEWS,News Media,2014-04-15,citizenlab,
http://www.politbomond.com.ua/,NEWS,News Media,2014-04-15,citizenlab,
http://www.politnavigator.net/,NEWS,News Media,2017-12-12,OONI,Included in blocklist: http://inau.ua/sites/default/files/file/1711/vhidnyy_no_243_vid_28.11.2017.pdf
http://www.pora.org.ua/,POLR,Political Criticism,2014-04-15,citizenlab,
http://www.poralviv.org/,POLR,Political Criticism,2014-04-15,citizenlab,
http://www.porjati.net/,MMED,Media sharing,2014-04-15,citizenlab,
http://www.pornocd.ru/,PORN,Pornography,2014-04-15,citizenlab,
http://www.pornofiles.ru/,PORN,Pornography,2014-04-15,citizenlab,
http://www.postsovet.ru/blog,NEWS,News Media,2014-04-15,citizenlab,
http://www.prastitutki.ru/,PORN,Pornography,2014-04-15,citizenlab,
http://www.pravda-tv.ru/,NEWS,News Media,2017-12-12,OONI,Included in blocklist: http://inau.ua/sites/default/files/file/1711/vhidnyy_no_243_vid_28.11.2017.pdf
http://www.pravda.com.ua/,NEWS,News Media,2017-09-28,igorv,Blocked in Eastern Ukraine
http://www.pravda.info/,POLR,Political Criticism,2014-04-15,citizenlab,
http://www.pravdabeslana.ru/,NEWS,News Media,2014-04-15,citizenlab,
http://www.prison.org/,POLR,Political Criticism,2014-04-15,citizenlab,
http://www.promptnews.info/,NEWS,News Media,2014-04-15,citizenlab,
http://www.protivdiktata.ru/,POLR,Political Criticism,2014-04-15,citizenlab,
http://www.publicverdict.org/,HUMR,Human Rights Issues,2014-04-15,citizenlab,
http://www.putin-itogi.ru/,NEWS,News Media,2014-04-15,citizenlab,
http://www.pytki.ru/,HUMR,Human Rights Issues,2014-04-15,citizenlab,
http://www.radikaly.ru/,HUMR,Human Rights Issues,2014-04-15,citizenlab,
http://www.radiomayak.ru/,NEWS,News Media,2014-04-15,citizenlab,
http://www.radosvet.net/,REL,Religion,2014-04-15,citizenlab,
http://www.ravenstvo.org/,POLR,Political Criticism,2014-04-15,citizenlab,
http://www.razom.org.ua/,NEWS,News Media,2014-04-15,citizenlab,
http://www.rbc.ru/,NEWS,News Media,2014-04-15,citizenlab,
https://www.rbc.ru/,NEWS,News Media,2018-02-23,igorv,
http://www.refugee.ru/,HUMR,Human Rights Issues,2014-04-15,citizenlab,
http://www.regnum.ru/,NEWS,News Media,2014-04-15,citizenlab,
http://www.religio.ru/,REL,Religion,2014-04-15,citizenlab,
http://www.resistance88.com/,HUMR,Human Rights Issues,2014-04-15,citizenlab,
http://www.reuters.com/,NEWS,News Media,2014-04-15,citizenlab,
http://www.reuters.com/article/2010/03/21/russia-olympics-protest-iduslde62k02s20100321,NEWS,News Media,2014-04-15,citizenlab,
http://www.rg.ru/,NEWS,News Media,2014-04-15,citizenlab,
http://www.rian.ru/,NEWS,News Media,2014-04-15,citizenlab,
http://www.rian.ru/blogs/,HOST,Hosting and Blogging Platforms,2014-04-15,citizenlab,
http://www.risu.org.ua/,REL,Religion,2014-04-15,citizenlab,
http://www.rlinfo.ru/,HUMR,Human Rights Issues,2014-04-15,citizenlab,
http://www.rodina.ru/,POLR,Political Criticism,2014-04-15,citizenlab,
https://www.rp-lnr.ru/,NEWS,News Media,2017-12-12,OONI,Included in blocklist: http://inau.ua/sites/default/files/file/1711/vhidnyy_no_243_vid_28.11.2017.pdf
http://www.rprf.ru/,POLR,Political Criticism,2014-04-15,citizenlab,
http://www.rufront.ru/,POLR,Political Criticism,2014-04-15,citizenlab,
http://www.ruleoflaw.ru/,POLR,Political Criticism,2014-04-15,citizenlab,
http://www.ruscrimea.ru/,NEWS,News Media,2018-02-23,igorv,
http://www.rusemb.org.uk/,NEWS,News Media,2014-04-15,citizenlab,
http://www.rusglobus.net/,NEWS,News Media,2014-04-15,citizenlab,
http://www.rusref.nm.ru/,POLR,Political Criticism,2014-04-15,citizenlab,
http://www.russ.ru/,NEWS,News Media,2014-04-15,citizenlab,
http://www.russiafreedomfund.org/,LGBT,LGBT,2014-04-15,citizenlab,
http://www.russiajournal.com/,NEWS,News Media,2014-04-15,citizenlab,
http://www.russiancasino.com/,GMB,Gambling,2014-04-15,citizenlab,
http://www.russiancasino.ru/,GMB,Gambling,2014-04-15,citizenlab,
http://www.russianopengames.ru/,LGBT,LGBT,2014-04-15,citizenlab,
http://www.russianorthodoxchurch.ws/,REL,Religion,2014-04-15,citizenlab,
http://www.rustrana.ru/,POLR,Political Criticism,2014-04-15,citizenlab,
http://www.samsunggalaxynote2.info/,COMM,E-commerce,2014-04-15,citizenlab,
http://www.satanism.ru/,REL,Religion,2014-04-15,citizenlab,
http://www.satanistsite.narod.ru/,REL,Religion,2014-04-15,citizenlab,
http://www.scepsis.ru/,CULTR,Culture,2014-04-15,citizenlab,
http://www.seedjah.com/,ALDR,Alcohol & Drugs,2014-04-15,citizenlab,
https://www.segodnya.ua/,NEWS,News Media,2017-09-28,igorv,Blocked in Eastern Ukraine
http://www.seprava.ru/,HUMR,Human Rights Issues,2014-04-15,citizenlab,
http://www.shamilonline.org/,MILX,Terrorism and Militants,2014-04-15,citizenlab,
http://www.shender.ru/,CULTR,Culture,2014-04-15,citizenlab,
http://www.shoah.org.uk/,NEWS,News Media,2014-04-15,citizenlab,
http://www.shram.kiev.ua/,SRCH,Search Engines,2014-04-15,citizenlab,
http://www.shturmnovosti.com/,NEWS,News Media,2014-04-15,citizenlab,
http://www.simya.com.ua/,NEWS,News Media,2014-04-15,citizenlab,
http://www.skaji.net/,NEWS,News Media,2014-04-15,citizenlab,
http://www.smh.com.au/,NEWS,News Media,2014-04-15,citizenlab,
http://www.smi.ru/,NEWS,News Media,2014-04-15,citizenlab,
http://www.sobytiya.info/,NEWS,News Media,2017-09-28,igorv,Blocked in Eastern Ukraine
http://www.softilla.ru/,MMED,Media sharing,2014-04-15,citizenlab,
http://www.sovest.org/,POLR,Political Criticism,2014-04-15,citizenlab,
http://www.sovinform.ru/,POLR,Political Criticism,2014-04-15,citizenlab,
http://www.sps.ru/,POLR,Political Criticism,2014-04-15,citizenlab,
http://www.sptimes.ru/,NEWS,News Media,2014-04-15,citizenlab,
http://www.ssdv.ru/,COMM,E-commerce,2014-04-15,citizenlab,
http://www.stargame.ru/,GMB,Gambling,2014-04-15,citizenlab,
http://www.statvo.narod.ru/,HUMR,Human Rights Issues,2014-04-15,citizenlab,
http://www.strana.ru/,NEWS,News Media,2014-04-15,citizenlab,
http://www.sultancasino.ru/,GMB,Gambling,2014-04-15,citizenlab,
http://www.suvorov.com/,CULTR,Culture,2014-04-15,citizenlab,
http://www.svoboda.org/,NEWS,News Media,2014-04-15,citizenlab,
http://www.svobodanews.ru/,NEWS,News Media,2014-04-15,citizenlab,
http://www.taipeitimes.com/,NEWS,News Media,2014-04-15,citizenlab,
http://www.tass.ru/,NEWS,News Media,2014-04-15,citizenlab,
http://www.telecafe.ru/,NEWS,News Media,2018-05-28,ksenia,Order of the President of Ukraine 126
http://www.themoscowtimes.com/,NEWS,News Media,2014-04-15,citizenlab,
http://www.thenational.ae/,NEWS,News Media,2014-04-15,citizenlab,
http://www.theotherrussia.org/,NEWS,News Media,2014-04-15,citizenlab,
http://www.theotherrussia.ru/,POLR,Political Criticism,2014-04-15,citizenlab,
http://www.thiru.com.sg/,COMM,E-commerce,2014-04-15,citizenlab,
http://www.transparency.org.ru/,NEWS,News Media,2014-04-15,citizenlab,
http://www.trud.org/,POLR,Political Criticism,2014-04-15,citizenlab,
http://www.trust.org/,NEWS,News Media,2014-04-15,citizenlab,
http://www.tvc.ru/,NEWS,News Media,2014-04-15,citizenlab,
http://www.tymoshenko.ua/,NEWS,News Media,2014-04-15,citizenlab,
http://www.ucoz.ru/,NEWS,News Media,2014-04-15,citizenlab,
http://www.ucoz.ru/service/blog.html,GRP,Social Networking,2014-04-15,citizenlab,
http://www.ucsmr.ru/,HUMR,Human Rights Issues,2014-04-15,citizenlab,
http://www.ugcc.org.ua/,REL,Religion,2014-04-15,citizenlab,
http://www.unifemcis.org/,HUMR,Human Rights Issues,2014-04-15,citizenlab,
http://www.unrussia.ru/,HUMR,Human Rights Issues,2014-04-15,citizenlab,
http://www.vdagestan.com/,MILX,Terrorism and Militants,2014-04-15,citizenlab,
http://www.velesova-sloboda.org/,CULTR,Culture,2014-04-15,citizenlab,
http://www.vesti.ru/,NEWS,News Media,2017-10-16,igorv,
http://www.vestnikmostok.ru/,NEWS,News Media,2014-04-15,citizenlab,
http://www.visatovietnam.us/,COMM,E-commerce,2014-04-15,citizenlab,
http://www.vladimirvladimirovich.com/,POLR,Political Criticism,2014-04-15,citizenlab,
http://www.voanews.com/russian/,NEWS,News Media,2014-04-15,citizenlab,
http://www.vremya.tv/,NEWS,News Media,2018-05-28,ksenia,Order of the President of Ukraine 126
http://www.vsenamarsh.ru/,POLR,Political Criticism,2014-04-15,citizenlab,
http://www.watchdog.cz/,HUMR,Human Rights Issues,2014-04-15,citizenlab,
http://www.wcons.org.ru/,HUMR,Human Rights Issues,2014-04-15,citizenlab,
http://www.webmasterpro.com.ua/,HOST,Hosting and Blogging Platforms,2014-04-15,citizenlab,
https://www.webmoney.ru/,COMM,E-commerce,2018-05-28,ksenia,Order of the President of Ukraine 126
http://www.weedy.be/,ALDR,Alcohol & Drugs,2014-04-15,citizenlab,
http://www.who.dk/,PUBH,Public Health,2014-04-15,citizenlab,
http://www.who.int/topics/family_planning/ru/,XED,Sex Education,2014-04-15,citizenlab,
http://www.wikia.com/wikia,HOST,Hosting and Blogging Platforms,2014-04-15,citizenlab,
http://www.winenews.ru/,ALDR,Alcohol & Drugs,2014-04-15,citizenlab,
http://www.womnet.ru/,HUMR,Human Rights Issues,2014-04-15,citizenlab,
http://www.worldmeets.us/,NEWS,News Media,2014-04-15,citizenlab,
http://www.wsws.org/,NEWS,News Media,2014-04-15,citizenlab,
http://www.wsws.org/ru/1999/dez1999/heal-d03.shtml,PUBH,Public Health,2014-04-15,citizenlab,
http://www.wuor.ru/,HUMR,Human Rights Issues,2014-04-15,citizenlab,
http://www.wur.newmail.ru/,HUMR,Human Rights Issues,2014-04-15,citizenlab,
http://www.xakep.ru/,HACK,Hacking Tools,2014-04-15,citizenlab,
http://www.yabloko.ru/,POLR,Political Criticism,2014-04-15,citizenlab,
http://www.yandex.ru/,NEWS,News Media,2014-04-15,citizenlab,
http://www.yapfiles.ru/,NEWS,News Media,2014-04-15,citizenlab,
http://www.yaplakal.com/,NEWS,News Media,2014-04-15,citizenlab,
http://www.yhrm.hrworld.ru/,HUMR,Human Rights Issues,2014-04-15,citizenlab,
http://www.yhrm.org/,POLR,Political Criticism,2014-04-15,citizenlab,
http://www.youtube.com/watch?v=ytholtbgyxy,POLR,Political Criticism,2014-04-15,citizenlab,
http://www.zapmeta.ws/,MMED,Media sharing,2017-12-12,OONI,Included in blocklist: http://inau.ua/sites/default/files/file/1711/vhidnyy_no_243_vid_28.11.2017.pdf
http://www.zaprava.ru/,POLR,Political Criticism,2014-04-15,citizenlab,
http://www.zdn.su/,PUBH,Public Health,2014-04-15,citizenlab,
http://www.zerkalo-nedeli.com/,NEWS,News Media,2014-04-15,citizenlab,
http://www.znopr.ru/,PUBH,Public Health,2014-04-15,citizenlab,
http://wwwoman.ru/,XED,Sex Education,2014-04-15,citizenlab,
http://wwwoman.ru/s.php/755.htm,XED,Sex Education,2014-04-15,citizenlab,
http://x-dvd.com.ua/,PORN,Pornography,2014-04-15,citizenlab,
http://x-video.com.ua/,PORN,Pornography,2014-04-15,citizenlab,
http://xmob.kiev.ua/,PORN,Pornography,2014-04-15,citizenlab,
http://xn----dtbrg3ale.xn--p1ai/,NEWS,News Media,2018-05-28,ksenia,Order of the President of Ukraine 126
http://xn--80aaifmgl1achx.xn--p1ai/,GMB,Gambling,2014-04-15,citizenlab,
http://xn--c1acbl2abdlkab1og.xn--p1ai/,NEWS,News Media,2018-05-28,ksenia,Order of the President of Ukraine 126
http://xn--d1ahnhhx.su/,NEWS,News Media,2018-05-28,ksenia,Order of the President of Ukraine 126
http://xs.gay.ru/,LGBT,LGBT,2014-04-15,citizenlab,
http://xterror.narod.ru/,HACK,Hacking Tools,2014-04-15,citizenlab,
http://xvideos.com/,NEWS,News Media,2014-04-15,citizenlab,
http://xxiveklnr.su/,NEWS,News Media,2018-05-28,ksenia,Order of the President of Ukraine 126
http://yadumayu.ru/,NEWS,News Media,2014-04-15,citizenlab,
http://yalta-tv.ru/,NEWS,News Media,2018-05-28,ksenia,Order of the President of Ukraine 126
http://yaltatv.ru/,NEWS,News Media,2018-05-28,ksenia,Order of the President of Ukraine 126
http://yashin.livejournal.com/,POLR,Political Criticism,2014-04-15,citizenlab,
http://yesche.biz/,ALDR,Alcohol & Drugs,2014-04-15,citizenlab,
http://yhrm.hrworld.ru/,HUMR,Human Rights Issues,2014-04-15,citizenlab,
http://youtube.com/,NEWS,News Media,2014-04-15,citizenlab,
http://yury108.blogspot.com/,NEWS,News Media,2014-04-15,citizenlab,
http://zabormozga.com/,ALDR,Alcohol & Drugs,2014-04-15,citizenlab,
http://zaukraine.com/blog,NEWS,News Media,2014-04-15,citizenlab,
http://zhurnal.lib.ru/,MISC,Miscelaneous content,2014-04-15,citizenlab,
http://zn.ua/,NEWS,News Media,2014-04-15,citizenlab,
https://ru.wikisource.org/,CULTR,Culture,2019-06-07,Wikimedia,URLs provided by wikipedia based on the most popular language domains per country
https://ru.m.wikisource.org/,CULTR,Culture,2019-06-07,Wikimedia,URLs provided by wikipedia based on the most popular language domains per country
http://go338.top/,NEWS,News Media,2019-11-02,Community members,Blocked based on court decision
https://trident-ua.info/,NEWS,News Media,2019-11-02,Community members,Blocked based on court decision
https://enigma.ua/,NEWS,News Media,2019-11-02,Community members,Blocked based on court decision
https://blogs.korrespondent.net/,NEWS,News Media,2019-11-02,Community members,Blocked based on court decision
http://seychas.press/,HACK,Hacking Tools,2019-11-02,Community members,Blocked based on court decision
http://www.netadvocate.org/,NEWS,News Media,2019-11-02,Community members,Blocked based on court decision
https://compromat.ws/,POLR,Political Criticism,2019-11-02,Community members,Blocked based on court decision
http://ua-24.com/,NEWS,News Media,2019-11-02,Community members,Blocked based on court decision
http://moscow-post.press/,NEWS,News Media,2019-11-02,Community members,Blocked based on court decision
https://novindoosh.com/,NEWS,News Media,2019-11-02,Community members,Blocked based on court decision
http://www.stalker-world.net/,NEWS,News Media,2019-11-02,Community members,Blocked based on court decision
http://rospres.press/,NEWS,News Media,2019-11-02,Community members,Blocked based on court decision
https://informator.news/,NEWS,News Media,2019-11-02,Community members,Blocked based on court decision
http://ustav.press/,NEWS,News Media,2019-11-02,Community members,Blocked based on court decision
http://www.ukrpress.info/,NEWS,News Media,2019-11-02,Community members,Blocked based on court decision
