url,category_code,category_description,date_added,source,notes
http://aabtoursandtravel.com/,SRCH,Search Engines,2014-04-15,citizenlab,
http://acfode.org/,HUMR,Human Rights Issues,2016-08-06,OONI,
http://activists4change.blogspot.com/,POLR,Political Criticism,2014-04-15,citizenlab,
http://andrewmwendasblog.blogspot.com/,POLR,Political Criticism,2014-04-15,citizenlab,
http://bigbrotherafrica.dstv.com/,CULTR,Culture,2014-04-15,citizenlab,
http://blogs.monitor.co.ug/,MISC,Miscelaneous content,2014-04-15,citizenlab,
http://bros4bros.com/,LGBT,LGBT,2016-08-06,OONI,
http://campuser.net/,GRP,Social Networking,2016-08-06,OONI,
http://cbsfmbuganda.co.ug/index.php/en/,MISC,Miscelaneous content,2014-04-15,citizenlab,
http://chimpreports.com/,MMED,Media sharing,2014-04-15,citizenlab,
http://cpj.org/attacks06/africa06/uga06.html,NEWS,News Media,2014-04-15,citizenlab,
http://dembefm.ug/,MISC,Miscelaneous content,2014-04-15,citizenlab,
http://dennismatanda.blogspot.com/,NEWS,News Media,2014-04-15,citizenlab,
http://dioceseofnorthernuganda.blogspot.com/,HUMR,Human Rights Issues,2014-04-15,citizenlab,
http://dpuganda.blogspot.com/,POLR,Political Criticism,2014-04-15,citizenlab,
http://dying-communist.blogspot.com/,NEWS,News Media,2014-04-15,citizenlab,
http://fdcuganda.org/,POLR,Political Criticism,2014-04-15,citizenlab,
http://fedsnet.blogspot.com/,POLR,Political Criticism,2014-04-15,citizenlab,
http://fsdinternational.org/country/uganda/envissues,ENV,Environment,2016-08-06,OONI,
http://gayuganda.blogspot.com/,LGBT,LGBT,2014-04-15,citizenlab,
http://globalblogagainstaids.blogspot.com/,PUBH,Public Health,2014-04-15,citizenlab,
http://groups.yahoo.com/group/candies/,LGBT,LGBT,2014-04-15,citizenlab,
http://groups.yahoo.com/group/ugandagreen,POLR,Political Criticism,2014-04-15,citizenlab,
http://hackersuganda.wordpress.com/,HACK,Hacking Tools,2014-04-15,citizenlab,
http://humanistuganda.wordpress.com/,HUMR,Human Rights Issues,2014-04-15,citizenlab,
https://hurinet.or.ug/,HUMR,Human Rights Issues,2016-08-06,OONI,
http://huripec.mak.ac.ug/,HUMR,Human Rights Issues,2016-08-06,OONI,
http://imaginet.co.ug/,HOST,Hosting and Blogging Platforms,2014-04-15,citizenlab,
https://infopoint.co.ug/,HOST,Hosting and Blogging Platforms,2014-04-15,citizenlab,
http://invisiblechildren.com/,HUMR,Human Rights Issues,2016-08-06,OONI,
http://jssozi.wordpress.com/,MISC,Miscelaneous content,2014-04-15,citizenlab,
http://kalinaki.blogspot.com/,MISC,Miscelaneous content,2014-04-15,citizenlab,
http://katwe.blogspot.com/,NEWS,News Media,2014-04-15,citizenlab,
http://kawowo.com/,MMED,Media sharing,2014-04-15,citizenlab,
http://kfm.co.ug/,MISC,Miscelaneous content,2014-04-15,citizenlab,
http://killthebilluganda.blogspot.com/,HUMR,Human Rights Issues,2014-04-15,citizenlab,
http://koonadance.ug/,MMED,Media sharing,2014-04-15,citizenlab,
http://love.redpepper.ug/,DATE,Online Dating,2014-04-15,citizenlab,
http://mak.ac.ug/,MISC,Miscelaneous content,2014-04-15,citizenlab,
http://maureenagena.wordpress.com/,HUMR,Human Rights Issues,2014-04-15,citizenlab,
http://mingle2.com/countries/346/uganda,DATE,Online Dating,2016-08-06,OONI,
http://mondaytimes.co.ug/,MISC,Miscelaneous content,2014-04-15,citizenlab,
http://mugumya.com/,MISC,Miscelaneous content,2014-04-15,citizenlab,
http://myduuka.co.ug/,COMM,E-commerce,2014-04-15,citizenlab,
http://nakedchiefs.com/,GRP,Social Networking,2014-04-15,citizenlab,
http://news.yahoo.com/uganda-frets-over-rebel-threat-congo-refugees-reach-164849460.html,GOVT,Government,2014-04-15,citizenlab,
http://ngoforum.or.ug/,HUMR,Human Rights Issues,2016-08-06,OONI,
http://northernugandapost.blogspot.com/,POLR,Political Criticism,2014-04-15,citizenlab,
http://ntv.co.ug/,MISC,Miscelaneous content,2014-04-15,citizenlab,
http://ntvuganda.co.ug/,MISC,Miscelaneous content,2014-04-15,citizenlab,
http://observer.ug/,NEWS,News Media,2014-04-15,citizenlab,
http://owerahbits.blogspot.com/,MISC,Miscelaneous content,2014-04-15,citizenlab,
http://pathwaystopeaceuganda.com/,HUMR,Human Rights Issues,2016-08-06,OONI,
http://pctechmag.com/,MMED,Media sharing,2014-04-15,citizenlab,
https://plus.google.com/+ntvuganda/posts,COMT,Communication Tools,2014-04-15,citizenlab,
http://proggie.ug/,MMED,Media sharing,2014-04-15,citizenlab,
http://redpeppe.ipower.com/ibriefing.php?item=1,POLR,Political Criticism,2014-04-15,citizenlab,
http://sba.co.ug/,GAME,Gaming,2014-04-15,citizenlab,
https://securityinabox.org/,ANON,Anonymization and circumvention tools,2016-08-06,OONI,
https://ssd.eff.org/,ANON,Anonymization and circumvention tools,2016-08-06,OONI,
http://thepearlguide.co.ug/,SRCH,Search Engines,2014-04-15,citizenlab,
http://thereport.amnesty.org/eng/Regions/Africa/Uganda,HUMR,Human Rights Issues,2014-04-15,citizenlab,
http://thinkafricapress.com/uganda/resurgent-adf-threatens-stability-great-lakes-region,GOVT,Government,2014-04-15,citizenlab,
http://tortureinuganda.wordpress.com/,HUMR,Human Rights Issues,2014-04-15,citizenlab,
https://twitter.com/amamambabazi,POLR,Political Criticism,2014-04-15,citizenlab,
https://twitter.com/andrewmwenda,GRP,Social Networking,2014-04-15,citizenlab,
https://twitter.com/cobbo3,GRP,Social Networking,2014-04-15,citizenlab,
https://twitter.com/hackersuganda,GRP,Social Networking,2014-04-15,citizenlab,
https://twitter.com/kahindaotafiire,GRP,Social Networking,2014-04-15,citizenlab,
https://twitter.com/kalinaki,GRP,Social Networking,2014-04-15,citizenlab,
https://twitter.com/mugishamuntu,GRP,Social Networking,2014-04-15,citizenlab,
https://twitter.com/ntvuganda,GRP,Social Networking,2014-04-15,citizenlab,
https://twitter.com/otafiire_,GRP,Social Networking,2014-04-15,citizenlab,
https://twitter.com/rosebellk,MISC,Miscelaneous content,2014-04-15,citizenlab,
https://twitter.com/uwonet,HUMR,Human Rights Issues,2014-04-15,citizenlab,
http://udn.or.ug/,ECON,Economics,2014-04-15,citizenlab,
http://ug.mate4all.com/,DATE,Online Dating,2016-08-06,OONI,
http://uganda.blogspirit.com/,NEWS,News Media,2014-04-15,citizenlab,
http://ugandaafricasafaris.com/,SRCH,Search Engines,2014-04-15,citizenlab,
http://ugandaforums.com/,GRP,Social Networking,2014-04-15,citizenlab,
http://ugandaletsgotravel.com/,SRCH,Search Engines,2014-04-15,citizenlab,
http://ugandansatheart.org/,GRP,Social Networking,2014-04-15,citizenlab,
http://ugandaradionetwork.com/a/,MMED,Media sharing,2014-04-15,citizenlab,
http://ugandasafaritrail.com/,SRCH,Search Engines,2014-04-15,citizenlab,
http://ugandawatch.blogspot.com/,NEWS,News Media,2014-04-15,citizenlab,
http://ugpulse.com/,CULTR,Culture,2014-04-15,citizenlab,
http://ugpulse.com/ugandan-community/blogs/samsung/default.aspx,CULTR,Culture,2014-04-15,citizenlab,
http://ugpulse.com/ugandan-community/forums/default.aspx,CULTR,Culture,2014-04-15,citizenlab,
http://unstats.un.org/unsd/environment/envpdf/UNSD_UNEP_ECA%20Workshop/Uganda.pdf,ENV,Environment,2016-08-06,OONI,
http://upcparty.net/,POLR,Political Criticism,2014-04-15,citizenlab,
http://urbanlegendkampala.com/,MMED,Media sharing,2014-04-15,citizenlab,
http://whosoever.org/,LGBT,LGBT,2014-04-15,citizenlab,
http://wwf.panda.org/who_we_are/wwf_offices/uganda/problems_uganda/,ENV,Environment,2016-08-06,OONI,
http://www.aboutuganda.com/,SRCH,Search Engines,2014-04-15,citizenlab,
http://www.acholitoday.worldbreak.com/,HUMR,Human Rights Issues,2014-04-15,citizenlab,
http://www.acme-ug.org/,NEWS,News Media,2014-04-15,citizenlab,
http://www.actionaid.org/uganda/,HUMR,Human Rights Issues,2014-04-15,citizenlab,
http://www.actvuganda.org/,HUMR,Human Rights Issues,2014-04-15,citizenlab,
http://www.advocate.com/news/world-news/2013/04/02/photos-antigay-rally-held-ugandan-activist-david-katos-grave?page=full,LGBT,LGBT,2014-04-15,citizenlab,
http://www.afriboyz.com/,PORN,Pornography,2014-04-15,citizenlab,
http://www.africafoicentre.org/,NEWS,News Media,2014-04-15,citizenlab,
http://www.africanwomenblogs.com/,GRP,Social Networking,2014-04-15,citizenlab,
http://www.africanzone.com/,GRP,Social Networking,2016-08-06,OONI,
http://www.aglionline.org/,HUMR,Human Rights Issues,2014-04-15,citizenlab,
http://www.allmale.com/,LGBT,LGBT,2016-08-06,OONI,
https://www.amamambabazi.com/,POLR,Political Criticism,2014-04-15,citizenlab,
http://www.bukedde.co.ug/,MISC,Miscelaneous content,2014-04-15,citizenlab,
http://www.catherine-mukasa-secretarial.com/services.html,COMT,Communication Tools,2014-04-15,citizenlab,
http://www.catholicmatch.com/online-dating/Uganda/singles.html,DATE,Online Dating,2016-08-06,OONI,
http://www.cfi.co.ug/,HOST,Hosting and Blogging Platforms,2014-04-15,citizenlab,
http://www.cheki.co.ug/,COMM,E-commerce,2014-04-15,citizenlab,
http://www.child-soldier.org/children-in-conflict-child-soldiers-in-uganda,HUMR,Human Rights Issues,2016-08-06,OONI,
http://www.cipesa.org/,NEWS,News Media,2014-04-15,citizenlab,
http://www.crisisgroup.org/home/index.cfm?id=2346&l=1,HUMR,Human Rights Issues,2014-04-15,citizenlab,
http://www.doctorswithoutborders.org/news/uganda.cfm,HUMR,Human Rights Issues,2014-04-15,citizenlab,
http://www.enoughproject.org/,HUMR,Human Rights Issues,2014-04-15,citizenlab,
http://www.exposed2013.com/,POLR,Political Criticism,2014-04-15,citizenlab,
https://www.facebook.com/blackmondaymovement,GRP,Social Networking,2014-04-15,citizenlab,
https://www.facebook.com/certifiedhackingacademy,GRP,Social Networking,2014-04-15,citizenlab,
https://www.facebook.com/fieldmarshalldavidsejusatinyefunzaunza,GRP,Social Networking,2014-04-15,citizenlab,
https://www.facebook.com/groups/197403350412865/,GRP,Social Networking,2014-04-15,citizenlab,
https://www.facebook.com/groups/24455258874/,POLR,Political Criticism,2014-04-15,citizenlab,
https://www.facebook.com/groups/547975235242159/,GRP,Social Networking,2014-04-15,citizenlab,
https://www.facebook.com/groups/activists4change/,POLR,Political Criticism,2014-04-15,citizenlab,
https://www.facebook.com/groups/nokasesesplit/?hc_location=stream,GRP,Social Networking,2014-04-15,citizenlab,
https://www.facebook.com/kagutamuseveni,POLR,Political Criticism,2014-04-15,citizenlab,
https://www.facebook.com/mmuntu1,GRP,Social Networking,2014-04-15,citizenlab,
https://www.facebook.com/mycountryuganda,GRP,Social Networking,2014-04-15,citizenlab,
https://www.facebook.com/ntvuganda,GRP,Social Networking,2014-04-15,citizenlab,
https://www.facebook.com/pages/janet-museveni/145017272175220,GRP,Social Networking,2014-04-15,citizenlab,
https://www.facebook.com/pages/parliament-watch-uganda/519752108067598?ref=stream&hc_location=stream,GRP,Social Networking,2014-04-15,citizenlab,
https://www.facebook.com/pages/ugandans-at-heartuah/132196106801171,GRP,Social Networking,2014-04-15,citizenlab,
https://www.facebook.com/radiobuganda,GRP,Social Networking,2014-04-15,citizenlab,
https://www.facebook.com/stopabsenteeism,GRP,Social Networking,2014-04-15,citizenlab,
https://www.facebook.com/tiuganda,POLR,Political Criticism,2014-04-15,citizenlab,
https://www.facebook.com/ugandahackersforum,GRP,Social Networking,2014-04-15,citizenlab,
https://www.facebook.com/ugandandiaspora,GRP,Social Networking,2014-04-15,citizenlab,
http://www.faweuganda.org/,HUMR,Human Rights Issues,2014-04-15,citizenlab,
http://www.fdc-uganda.org/,POLR,Political Criticism,2014-04-15,citizenlab,
http://www.federo.com/,POLR,Political Criticism,2014-04-15,citizenlab,
http://www.fhri.or.ug/,HUMR,Human Rights Issues,2014-04-15,citizenlab,
http://www.fidauganda.org/,HUMR,Human Rights Issues,2016-08-06,OONI,
http://www.freeuganda.com/,NEWS,News Media,2014-04-15,citizenlab,
http://www.genderhealth.org/uganda.php,PUBH,Public Health,2014-04-15,citizenlab,
http://www.geocities.com/gayuganda/,LGBT,LGBT,2014-04-15,citizenlab,
http://www.gmad.org/,LGBT,LGBT,2016-08-06,OONI,
http://www.grida.no/files/publications/uganda-hand-book.pdf,ENV,Environment,2016-08-06,OONI,
http://www.gwp.org/en/ToolBox/CASE-STUDIES/Africa/Uganda-How-effective-are-environmental-policies-in-Uganda-397/,ENV,Environment,2016-08-06,OONI,
http://www.hemeetshim.com/,LGBT,LGBT,2016-08-06,OONI,
http://www.hinduvoice.co.uk/,CULTR,Culture,2014-04-15,citizenlab,
http://www.hinduvoice.co.uk/Issues/8/Exodus.htm,CULTR,Culture,2014-04-15,citizenlab,
http://www.hipipo.com/,CULTR,Culture,2016-08-06,OONI,
http://www.hrcug.org/,HUMR,Human Rights Issues,2016-08-06,OONI,
https://www.hrw.org/africa/uganda,HUMR,Human Rights Issues,2016-08-06,OONI,
http://www.hrw.org/reports/2004/uganda0404/,HUMR,Human Rights Issues,2014-04-15,citizenlab,
http://www.humanrightsuganda.org/,HUMR,Human Rights Issues,2014-04-15,citizenlab,
http://www.hurinet.or.ug/,HUMR,Human Rights Issues,2014-04-15,citizenlab,
http://www.icj.org/recherche.php3?lang=en&country=407&topic=&section=&keywords=&go=Search,HUMR,Human Rights Issues,2014-04-15,citizenlab,
http://www.ict4democracy.org/,NEWS,News Media,2014-04-15,citizenlab,
http://www.independent.co.ug/,MISC,Miscelaneous content,2014-04-15,citizenlab,
http://www.inyenyerinews.org/politiki/the-untold-stories-sam-kutesa-and-salim-saleh-in-rwanda-on-mission-impossible/,GOVT,Government,2014-04-15,citizenlab,
http://www.irinnews.org/country/ug/uganda,HUMR,Human Rights Issues,2014-04-15,citizenlab,
http://www.kizito.uklinux.net/,MISC,Miscelaneous content,2014-04-15,citizenlab,
http://www.kulanu.org/,HUMR,Human Rights Issues,2014-04-15,citizenlab,
http://www.mail-archive.com/ugandanet@kym.net/,NEWS,News Media,2014-04-15,citizenlab,
http://www.mask.org.za/,LGBT,LGBT,2014-04-15,citizenlab,
http://www.maureenagena.com/,MISC,Miscelaneous content,2014-04-15,citizenlab,
http://www.misseastafrica.co.uk/,CULTR,Culture,2014-04-15,citizenlab,
http://www.missuganda.co.ug/,CULTR,Culture,2014-04-15,citizenlab,
http://www.monitor.co.ug/,MISC,Miscelaneous content,2014-04-15,citizenlab,
http://www.nabj.org/,NEWS,News Media,2014-04-15,citizenlab,
http://www.nape.or.ug/,ENV,Environment,2014-04-15,citizenlab,
http://www.newvision.co.ug/,POLR,Political Criticism,2014-04-15,citizenlab,
http://www.nodesix.com/,HOST,Hosting and Blogging Platforms,2014-04-15,citizenlab,
http://www.norbertmao.org/,POLR,Political Criticism,2014-04-15,citizenlab,
http://www.osisa.org/search/node/uganda,GOVT,Government,2014-04-15,citizenlab,
http://www.primeugandasafaris.com/,SRCH,Search Engines,2014-04-15,citizenlab,
http://www.realjock.com/gay-personals/black,LGBT,LGBT,2016-08-06,OONI,
http://www.redpepper.ug/,PROV,Provocative Attire,2014-04-15,citizenlab,
http://www.refugeelawproject.org/,HUMR,Human Rights Issues,2014-04-15,citizenlab,
http://www.shu.org.ug/,PUBH,Public Health,2014-04-15,citizenlab,
http://www.smug.4t.com/,LGBT,LGBT,2014-04-15,citizenlab,
https://www.speeddate.com/,DATE,Online Dating,2016-08-06,OONI,
http://www.splmtoday.com/,POLR,Political Criticism,2014-04-15,citizenlab,
http://www.strategypage.com/qnd/uganda/default.aspx,GOVT,Government,2014-04-15,citizenlab,
http://www.struggle.ws/africa.html,POLR,Political Criticism,2014-04-15,citizenlab,
http://www.sudantribune.com/,NEWS,News Media,2014-04-15,citizenlab,
http://www.sylviaowori.com/,PROV,Provocative Attire,2014-04-15,citizenlab,
http://www.techpost.ug/,MMED,Media sharing,2014-04-15,citizenlab,
http://www.theafricareport.com/,GOVT,Government,2014-04-15,citizenlab,
http://www.theeastafrican.co.ke/,NEWS,News Media,2014-04-15,citizenlab,
http://www.theguardian.com/world/uganda,HUMR,Human Rights Issues,2014-04-15,citizenlab,
http://www.theugandanjobline.com/,SRCH,Search Engines,2014-04-15,citizenlab,
http://www.tiuganda.org/,POLR,Political Criticism,2014-04-15,citizenlab,
http://www.topix.com/forum/world/uganda,GRP,Social Networking,2014-04-15,citizenlab,
https://www.transparency.org/,POLR,Political Criticism,2016-08-06,OONI,
https://www.transparency.org/news/pressrelease/uganda_tops_east_africa_in_corruption,POLR,Political Criticism,2016-08-06,OONI,
https://www.transparency.org/research/cpi/overview,POLR,Political Criticism,2016-08-06,OONI,
http://www.uco.co.ug/,HOST,Hosting and Blogging Platforms,2014-04-15,citizenlab,
http://www.uganda-safaris-africa.com/,SRCH,Search Engines,2014-04-15,citizenlab,
http://www.uganda.sfgd.org/,POLR,Political Criticism,2014-04-15,citizenlab,
http://www.ugandandiasporanews.com/,GRP,Social Networking,2014-04-15,citizenlab,
http://www.ugandaonline.net/miss_world,PROV,Provocative Attire,2014-04-15,citizenlab,
http://www.ugandaonlinelawlibrary.com/,POLR,Political Criticism,2014-04-15,citizenlab,
http://www.uls.or.ug/,HUMR,Human Rights Issues,2016-08-06,OONI,
http://www.upcparty.org/,POLR,Political Criticism,2014-04-15,citizenlab,
http://www.uwonet.org/,HUMR,Human Rights Issues,2014-04-15,citizenlab,
http://www.uws.or.ug/,ENV,Environment,2016-08-06,OONI,
http://www.uyonet.or.ug/,POLR,Political Criticism,2014-04-15,citizenlab,
http://www.vday.org/,HUMR,Human Rights Issues,2014-04-15,citizenlab,
http://www.voanews.com/content/exiled-general-sejusa-unlikely-to-return-to-uganda/1692342.html,GOVT,Government,2014-04-15,citizenlab,
http://www.warchild.org.uk/issues/the-lords-resistance-army,HUMR,Human Rights Issues,2016-08-06,OONI,
http://www.wougnet.org/,HUMR,Human Rights Issues,2014-04-15,citizenlab,
http://www.youtube.com/user/rosebell83?feature=c4-feed-lik,HUMR,Human Rights Issues,2014-04-15,citizenlab,
http://www.youtube.com/user/ssozijavie,COMT,Communication Tools,2014-04-15,citizenlab,
http://www.youtube.com/user/ugandaspeaks,GRP,Social Networking,2014-04-15,citizenlab,
http://xclusive.co.ug/,MMED,Media sharing,2014-04-15,citizenlab,
http://www.ugandaeconomy.com/,ALDR,Alcohol & Drugs,2018-01-23,Community member,
https://thekakandeministries.com/,REL,Religion,2018-01-23,Community member,
https://topface.com/meeting/uganda/kampala/girls/,PORN,Pornography,2018-01-23,Community member,
http://bigeye.ug/top-ten-kampala-ladies-like-taking-nude-photos/,PROV,Provocative Attire,2018-01-23,Community member,
http://www.statehouse.go.ug/,POLR,Political Criticism,2018-01-23,Community member,
http://allafrica.com/stories/201509211054.html,HUMR,Human Rights Issues,2018-01-23,Community member,
http://www.naads.or.ug/,ENV,Environment,2018-01-23,Community member,
https://u-bet.co.ug/,GMB,Gambling,2018-01-23,Community member,
https://www.kuchutimes.com/2016/04/smug-launches-publication-highlighting-human-rights-violations-of-lgbti-ugandans/,LGBT,LGBT,2018-01-23,Community member,
http://askyourgov.ug/request/i_am_requesting_to_work_as_a_vol,GOVT,Government,2018-01-23,Community member,
https://www.ura.go.ug/,COMM,E-commerce,2018-01-23,Community member,
http://www.ugandatvnetwork.com/,NEWS,News Media,2018-05-10,OONI,
http://nilepost.co.ug/,NEWS,News Media,2018-05-10,OONI,
http://watchdoguganda.com/,NEWS,News Media,2018-05-10,OONI,
http://matookerepublic.com/,NEWS,News Media,2018-05-10,OONI,
https://theinvestigatornews.com/,NEWS,News Media,2018-05-10,OONI,
https://www.softpower.ug/,NEWS,News Media,2018-05-10,OONI,
https://www.thegrapevine.co.ug/,NEWS,News Media,2018-05-10,OONI,
http://trumpetnews.co.ug/,NEWS,News Media,2018-05-10,OONI,
http://newz.ug/,NEWS,News Media,2018-05-10,OONI,
https://theugandan.com.ug/,NEWS,News Media,2018-05-10,OONI,
https://www.ceo.co.ug/,NEWS,News Media,2018-05-10,OONI,
https://campusbee.ug/,NEWS,News Media,2018-05-10,OONI,
http://businessfocus.co.ug/,NEWS,News Media,2018-05-10,OONI,
https://kampalapost.com/,NEWS,News Media,2018-05-10,OONI,
http://witnessradio.org/,NEWS,News Media,2018-05-10,OONI,
http://www.theinsider.ug/,NEWS,News Media,2018-05-10,OONI,
http://eagle.co.ug/,NEWS,News Media,2018-05-10,OONI,
http://www.pmldaily.com/,NEWS,News Media,2018-05-10,OONI,
http://dailypost.ug/,NEWS,News Media,2018-05-10,OONI,
http://edge.ug/,NEWS,News Media,2018-05-10,OONI,
https://spyreports.net/,NEWS,News Media,2018-05-10,OONI,
http://chapterfouruganda.com/,HUMR,Human Rights Issues,2018-04-17,Community member,
https://defendersprotection.org/,HUMR,Human Rights Issues,2018-04-17,Community member,
https://www.albertinewatchdog.org/,HUMR,Human Rights Issues,2018-04-17,Community member,
https://www.westnileweb.com/,NEWS,News Media,2018-04-17,Community member,
http://www.olpa-rdc.org/,NEWS,News Media,2018-04-17,Community member,
http://www.witnesstalkradio.org/,REL,Religion,2018-04-17,Community member,
https://unwantedwitness.or.ug/,HUMR,Human Rights Issues,2018-04-17,Community member,
http://www.spellingbee.ug/,HUMR,Human Rights Issues,2018-04-17,Community member,
http://stories4humanrights.com/,HUMR,Human Rights Issues,2018-04-17,Community member,
http://westnilepress.org/,NEWS,News Media,2018-04-17,Community member,
http://ujk-ug.org/,NEWS,News Media,2018-04-17,Community member,
http://crossculturalfoundation.or.ug/,CULTR,Culture,2018-04-17,Community member,
http://www.kas.de/uganda/en/,HUMR,Human Rights Issues,2018-04-17,Community member,
https://leoafricainstitute.org/,HUMR,Human Rights Issues,2018-04-17,Community member,
http://innovationvillage.co.ug/,COMM,E-commerce,2018-04-17,Community member,
http://www.cavendish.ac.ug/,CULTR,Culture,2018-04-17,Community member,
http://mcjl.ug/,HUMR,Human Rights Issues,2018-04-17,Community member,
https://massagerepublic.com/,PORN,Pornography,2018-09-18,DefendDefenders,Listed by anti-porn committee
http://www.cityoflove.com/,PORN,Pornography,2018-09-18,DefendDefenders,Listed by anti-porn committee
https://www.exoticuganda.com/,PORN,Pornography,2018-09-18,DefendDefenders,Listed by anti-porn committee
https://www.travelgirls.com/,PORN,Pornography,2018-09-18,DefendDefenders,Listed by anti-porn committee
https://www.worldescortindex.com/,PORN,Pornography,2018-09-18,DefendDefenders,Listed by anti-porn committee
http://www.wikisexguide.com/,PORN,Pornography,2018-09-18,DefendDefenders,Listed by anti-porn committee
http://www.escort24h.net/,PORN,Pornography,2018-09-18,DefendDefenders,Listed by anti-porn committee
https://swingers.theadulthub.com/,PORN,Pornography,2018-09-18,DefendDefenders,Listed by anti-porn committee
https://escort.guide/,PORN,Pornography,2018-09-18,DefendDefenders,Listed by anti-porn committee
https://uganda.topescortbabes.com/,PORN,Pornography,2018-09-18,DefendDefenders,Listed by anti-porn committee
https://kampalaexclusiveescorts.com/,PORN,Pornography,2018-09-18,DefendDefenders,Listed by anti-porn committee
https://www.selectanescort.com/,PORN,Pornography,2018-09-18,DefendDefenders,Listed by anti-porn committee
https://guysnightlife.com/,PORN,Pornography,2018-09-18,DefendDefenders,Listed by anti-porn committee
https://www.xvideos.com/,PORN,Pornography,2018-09-18,DefendDefenders,Listed by anti-porn committee
https://www.xnxx.com/,PORN,Pornography,2018-09-18,DefendDefenders,Listed by anti-porn committee
http://iporntv.net/,PORN,Pornography,2018-09-18,DefendDefenders,Listed by anti-porn committee
https://www.eporner.com/,PORN,Pornography,2018-09-18,DefendDefenders,Listed by anti-porn committee
https://www.heavy-r.com/,PORN,Pornography,2018-09-18,DefendDefenders,Listed by anti-porn committee
https://www.redtube.com/,PORN,Pornography,2018-09-18,DefendDefenders,Listed by anti-porn committee
https://sexualminoritiesuganda.com/,LGBT,LGBT,2018-09-18,DefendDefenders,
https://lg.wikipedia.org/,CULTR,Culture,2019-02-19,Wikimedia,URLs provided by wikipedia based on the most popular language domains per country
https://oblogdee.blog/,LGBT,LGBT,2019-09-03,OONI,Reportedly inaccessible in Uganda (possibly blocked)
http://www.africanhrc.org/,LGBT,LGBT,2019-09-03,OONI,
https://rosebellkagumire.com/,POLR,Political Criticism,2019-09-30,OONI,Socio-political blog
