url,category_code,category_description,date_added,source,notes
http://11abril.com/,CULTR,Culture,2014-04-15,citizenlab,
http://6topoder.com/,NEWS,News Media,2016-06-22,veinteligente,
http://6topoderweb.com/,NEWS,News Media,2016-06-22,veinteligente,
http://Ntn24web.com/,NEWS,News Media,2016-06-22,veinteligente,to cloudfront (22/06/2016)
http://accesolibre.org.ve/,NEWS,News Media,2016-06-22,veinteligente,
https://alasc.wordpress.com/,HUMR,Human Rights Issues,2014-04-15,citizenlab,
http://albaciudad.org/,NEWS,News Media,2016-06-22,veinteligente,
https://alekboyd.blogspot.com/,POLR,Political Criticism,2014-04-15,citizenlab,http version blocked in some ISPs
http://analisis24.com/,NEWS,News Media,2016-06-22,veinteligente,
https://aporrea.org/,POLR,Political Criticism,2016-06-22,veinteligente,
http://armando.info/,NEWS,News Media,2016-06-22,veinteligente,
https://armando.info/,POLR,Political Criticism,2018-04-10,OONI,
http://avn.info.ve/,NEWS,News Media,2016-06-22,veinteligente,
https://bandera-roja.blogspot.com/,POLR,Political Criticism,2016-06-22,veinteligente,
http://buscador.infoguia.net/,SRCH,Search Engines,2014-04-15,citizenlab,
http://caiv.org/,HUMR,Human Rights Issues,2014-04-15,citizenlab,
http://cambiobolivar.com/,COMM,E-commerce,2018-04-10,OONI,
http://cantv.net/,NEWS,News Media,2018-04-10,OONI,
http://capitoliotv.com/,NEWS,News Media,2017-05-21,OONI,
http://capriles.tv/,NEWS,News Media,2016-06-22,veinteligente,
https://caracasgringo.wordpress.com/,NEWS,News Media,2014-04-15,citizenlab,
http://caracasktc.org/,HUMR,Human Rights Issues,2014-04-15,citizenlab,
https://caracasqueer.blogspot.com/,LGBT,LGBT,2014-04-15,citizenlab,
http://caraotadigital.net/,NEWS,News Media,2016-06-22,veinteligente,
http://cecodap.org.ve/,HUMR,Human Rights Issues,2014-04-15,citizenlab,
http://cedema.org/,MILX,Terrorism and Militants,2014-04-15,citizenlab,
http://cedice.org.ve/,POLR,Political Criticism,2014-04-15,citizenlab,
http://ciudadaniaactiva.org/,HUMR,Human Rights Issues,2014-04-15,citizenlab,
http://cne.gob.ve/,POLR,Political Criticism,2016-06-22,veinteligente,
http://cne.gov.ve/,NEWS,News Media,2014-04-15,citizenlab,
http://cnnespanol.cnn.com/,NEWS,News Media,2017-04-11,OONI,
https://cnnespanol.cnn.com/,NEWS,News Media,2018-04-10,OONI,Reportedly blocked during the 2017 protests
http://codigovenezuela.com/,NEWS,News Media,2016-06-22,veinteligente,
http://complotmagazine.com/,NEWS,News Media,2014-04-15,citizenlab,
http://confirmado.com.ve/,NEWS,News Media,2016-06-22,veinteligente,
http://conive.org/,HUMR,Human Rights Issues,2014-04-15,citizenlab,
https://constitutional-reform-venezuela.blogspot.com/,POLR,Political Criticism,2014-04-15,citizenlab,
http://contrapunto.com/,NEWS,News Media,2016-06-22,veinteligente,
http://controlobrero.org/,HUMR,Human Rights Issues,2014-04-15,citizenlab,
http://correodelcaroni.com/,NEWS,News Media,2016-06-22,veinteligente,
https://cronica.uno/,NEWS,News Media,2016-06-22,veinteligente,
https://cuentosintrascendentes.blogspot.com/,POLR,Political Criticism,2014-04-15,citizenlab,
https://daniel-venezuela.blogspot.com/,POLR,Political Criticism,2014-04-15,citizenlab,
https://depravario.blogspot.com/,LGBT,LGBT,2014-04-15,citizenlab,
https://devilsexcrement.com/,NEWS,News Media,2014-04-15,citizenlab,
http://dialogo-americas.com/,NEWS,News Media,2014-04-15,citizenlab,
http://diariodecaracas.com/,NEWS,News Media,2016-06-22,veinteligente,
http://diegoarria.com/,POLR,Political Criticism,2014-04-15,citizenlab,
https://difundir.org/,NEWS,News Media,2018-04-10,OONI,
http://dolarparalelo.biz/,NEWS,News Media,2016-06-22,veinteligente,
http://dolarparalelovenezuela.com/,NEWS,News Media,2016-06-22,veinteligente,
https://dolartoday.com/,NEWS,News Media,2016-06-22,veinteligente,
https://dolartoday.info/,NEWS,News Media,2016-06-22,veinteligente,to cloudfront (22/06/2016)
https://dolartoday.org/,NEWS,News Media,2016-06-22,veinteligente,to cloudfront (22/06/2016)
http://dollar.nu/,NEWS,News Media,2014-04-15,citizenlab,
http://dollar.ru/,NEWS,News Media,2016-06-22,veinteligente,
http://dollarparalelovenezuela.com/,NEWS,News Media,2016-06-22,veinteligente,
http://efectococuyo.com/,NEWS,News Media,2016-06-22,veinteligente,
http://el-carabobeno.com/,NEWS,News Media,2016-06-22,veinteligente,
http://elcapitolio.tv/,NEWS,News Media,2017-04-11,OONI,
http://eldolarparalelo.info/,NEWS,News Media,2016-06-22,veinteligente,
http://elestimulo.com/,NEWS,News Media,2016-06-22,veinteligente,
http://elpais.com/,NEWS,News Media,2016-06-22,veinteligente,
https://elperiodicovenezolano.com/,NEWS,News Media,2016-06-22,veinteligente,
http://elperiodiquito.com/,NEWS,News Media,2016-06-22,veinteligente,
https://elpitazo.com/,NEWS,News Media,2018-04-16,IPYS Venezuela,
http://elpitazo.info/,NEWS,News Media,2018-04-16,IPYS Venezuela,
http://elpitazo.ml/,NEWS,News Media,2018-04-16,IPYS Venezuela,
http://elsiglo.com.ve/,NEWS,News Media,2016-06-22,veinteligente,
http://eltiempo.com.ve/,NEWS,News Media,2016-06-22,veinteligente,
http://es.catholic.net/,REL,Religion,2014-04-15,citizenlab,
https://es.panampost.com/sabrina-martin/2018/01/11/videos-si-hay-hambre-en-venezuela/,HUMR,Human Rights Issues,2018-04-10,OONI,
https://es.wikibooks.org/,CULTR,Culture,2018-07-06,Wikimedia,URLs provided by wikipedia based on the most popular language domains per country
https://es.wikisource.org/,CULTR,Culture,2018-07-06,Wikimedia,URLs provided by wikipedia based on the most popular language domains per country
https://es.wiktionary.org/,CULTR,Culture,2018-07-06,Wikimedia,URLs provided by wikipedia based on the most popular language domains per country
http://esdata.info/,POLR,Political Criticism,2014-04-15,citizenlab,
https://etnoecomerida.wordpress.com/,HUMR,Human Rights Issues,2014-04-15,citizenlab,
https://exdiablo.com/,NEWS,News Media,2014-04-15,citizenlab,
http://fncancer.org.ve/,HUMR,Human Rights Issues,2014-04-15,citizenlab,
https://foropenal.com/,HUMR,Human Rights Issues,2016-06-22,veinteligente,
http://fortune.com/2018/01/11/venezuela-food-riots/,POLR,Political Criticism,2018-04-10,OONI,
http://frentepatriotico.com/,POLR,Political Criticism,2014-04-15,citizenlab,
http://fuerzasolidaria.org/,POLR,Political Criticism,2014-04-15,citizenlab,
http://fundaciondosaguas.org.ve/,ENV,Environment,2018-04-10,OONI,
http://futbolete.com/,CULTR,Culture,2018-04-10,OONI,
http://futuropresente.com.ve/,HUMR,Human Rights Issues,2014-04-15,citizenlab,
http://globovision.com/,NEWS,News Media,2014-04-15,citizenlab,supports https but as cloudflare error
http://granpolopatriotico.org.ve/,POLR,Political Criticism,2016-06-22,veinteligente,
http://guachimanelectoral.com/,HUMR,Human Rights Issues,2016-06-22,veinteligente,
http://gumilla.org/,NEWS,News Media,2014-04-15,citizenlab,
https://info-veraz.blogspot.com/,NEWS,News Media,2016-06-22,veinteligente,
https://informe21.com/,NEWS,News Media,2016-06-22,veinteligente,
http://informe21.com/,NEWS,News Media,2018-04-10,OONI,
http://ipysvenezuela.org/,NEWS,News Media,2014-04-15,citizenlab,
http://laiguana.tv/,NEWS,News Media,2016-06-22,veinteligente,
http://lanacionweb.com/,NEWS,News Media,2016-06-22,veinteligente,
https://lanacionweb.com/,NEWS,News Media,2018-04-10,OONI,
http://lasarmasdecoronel.blogspot.co.uk/,POLR,Political Criticism,2014-04-15,citizenlab,
http://lechugaverde.biz/,NEWS,News Media,2016-06-22,veinteligente,
http://liberal-venezolano.blogspot.com/,NEWS,News Media,2016-06-22,veinteligente,
http://luchadeclases.org.ve/,POLR,Political Criticism,2014-04-15,citizenlab,
http://luzyvida.org.py/,REL,Religion,2018-04-10,OONI,
http://manosfueradevenezuela.org/,POLR,Political Criticism,2014-04-15,citizenlab,
https://medium.com/@luiscarlos/venezuela-puntos-de-venta-sin-ventas-190d38699647,POLR,Political Criticism,2018-04-10,OONI,
http://milagrossocorro.com/,POLR,Political Criticism,2018-04-10,OONI,
http://minuto30.com/,NEWS,News Media,2016-06-22,veinteligente,
https://movimientoecologicodevenezuela.blogspot.com/,ENV,Environment,2014-04-15,citizenlab,
https://muerachavez.blogspot.com/,POLR,Political Criticism,2016-06-22,veinteligente,
http://nmidigital.com/,NEWS,News Media,2014-04-15,citizenlab,
http://noticiaaldia.com/,NEWS,News Media,2016-06-22,veinteligente,
https://noticiaaldia.com/,NEWS,News Media,2018-04-10,OONI,
http://noticias24.com/,NEWS,News Media,2016-06-22,veinteligente,
http://noticias24carabobo.com/,NEWS,News Media,2018-04-10,OONI,
http://notitarde.com/,NEWS,News Media,2016-06-22,veinteligente,
http://notizulia.net/,NEWS,News Media,2016-06-22,veinteligente,
http://ntn24.com/,NEWS,News Media,2016-06-22,veinteligente,to cloudfront (22/06/2016)
http://nuevaprensa.com.ve/,NEWS,News Media,2014-04-15,citizenlab,
http://nuvipa.org/,POLR,Political Criticism,2016-06-22,veinteligente,
http://ohdios.org/,CULTR,Culture,2018-04-10,OONI,
http://opinionynoticias.com/,NEWS,News Media,2016-06-22,veinteligente,
http://orvex.org/,GOVT,Government,2014-04-15,citizenlab,
http://oveprisiones.org/,HUMR,Human Rights Issues,2014-04-15,citizenlab,
http://panorama.com.ve/,NEWS,News Media,2018-04-10,OONI,
http://partidounnuevotiempo.org/,POLR,Political Criticism,2016-06-22,veinteligente,
http://pasca.org/,PUBH,Public Health,2014-04-15,citizenlab,
http://periodismodepaz.org/,NEWS,News Media,2014-04-15,citizenlab,
http://plafam.org.ve/,XED,Sex Education,2014-04-15,citizenlab,
https://pmbcomments.blogspot.com/,POLR,Political Criticism,2014-04-15,citizenlab,
https://prensadesolidaridad.blogspot.com/,NEWS,News Media,2014-04-15,citizenlab,
https://prensapcv.wordpress.com/,POLR,Political Criticism,2016-06-22,veinteligente,
http://prodavinci.com/,NEWS,News Media,2016-06-22,veinteligente,
http://prosalud.org.ve/,XED,Sex Education,2014-04-15,citizenlab,
http://psuv.org.ve/,POLR,Political Criticism,2016-06-22,veinteligente,
https://pt.wikipedia.org/,CULTR,Culture,2018-07-06,Wikimedia,URLs provided by wikipedia based on the most popular language domains per country
https://queacido.blogspot.com/,POLR,Political Criticism,2014-04-15,citizenlab,
http://radiomundial.com.ve/,NEWS,News Media,2018-04-10,OONI,
http://rebelion.org/,NEWS,News Media,2014-04-15,citizenlab,
https://red-ara-venezuela.blogspot.com/,ENV,Environment,2018-04-10,OONI,
http://redindigena.info/,HUMR,Human Rights Issues,2014-04-15,citizenlab,
http://reporteconfidencial.info/,NEWS,News Media,2016-06-22,veinteligente,
http://rpp.pe/mundo/venezuela/fotos-las-escenas-que-va-dejando-la-madre-de-todas-las-marchas-en-venezuela-noticia-1045077,POLR,Political Criticism,2018-04-10,OONI,
http://runrun.es/,POLR,Political Criticism,2014-04-15,citizenlab,supports https but as cloudflare error
http://sinmordaza.org/,NEWS,News Media,2014-04-15,citizenlab,
https://socialdemencia.blogspot.com/,POLR,Political Criticism,2014-04-15,citizenlab,
https://sociedadcivilvenezuela.blogspot.com/,HUMR,Human Rights Issues,2014-04-15,citizenlab,
http://sumarium.com/,NEWS,News Media,2017-06-30,OONI,
http://sumate.org/,POLR,Political Criticism,2014-04-15,citizenlab,
http://sunoticiero.com/,NEWS,News Media,2016-06-22,veinteligente,
http://tecnocreativos.com/,HACK,Hacking Tools,2018-04-10,OONI,
http://todayvenezuela.com/,NEWS,News Media,2018-04-10,OONI,
https://todosenred.wordpress.com/,NEWS,News Media,2014-04-15,citizenlab,
http://todosida.org/,PUBH,Public Health,2014-04-15,citizenlab,
https://transparencia.org.ve/,POLR,Political Criticism,2018-04-10,OONI,
http://tupamaro.org.ve/,POLR,Political Criticism,2016-06-22,veinteligente,
http://twitter-venezuela.com/,NEWS,News Media,2014-04-15,citizenlab,
http://unidadvenezuela.org/,POLR,Political Criticism,2014-04-15,citizenlab,
http://unionradio.net/,NEWS,News Media,2016-06-22,veinteligente,
http://unnuevotiempo.org/,POLR,Political Criticism,2018-04-10,OONI,
http://urru.org/,POLR,Political Criticism,2014-04-15,citizenlab,
http://vcrisis.com/,POLR,Political Criticism,2014-04-15,citizenlab,
http://vdebate.blogspot.com/,NEWS,News Media,2016-06-22,veinteligente,
http://veedoresciudadanos.org.ve/,HUMR,Human Rights Issues,2016-06-22,veinteligente,
http://veinteligente.org/,NEWS,News Media,2016-06-22,veinteligente,
https://vendata.org/,HUMR,Human Rights Issues,2017-05-03,OONI,
https://venezuelablog.org/,POLR,Political Criticism,2018-04-10,OONI,
https://venezuelanalysis.com/,NEWS,News Media,2018-04-10,OONI,
http://vesinfiltro.com/,ANON,Anonymization and circumvention tools,2016-06-22,veinteligente,
http://viviendaenred.net/,ENV,Environment,2018-04-10,OONI,
https://vivoplay.net/,NEWS,News Media,2016-06-22,veinteligente,
http://voluntadpopular.com/,POLR,Political Criticism,2014-04-15,citizenlab,
http://webarticulista.net.free.fr/,NEWS,News Media,2014-04-15,citizenlab,
http://ww1.rietedelgobierno.net/,POLR,Political Criticism,2016-06-22,veinteligente,
http://www.2001.com.ve/,NEWS,News Media,2016-06-22,veinteligente,
http://www.20minutos.es/,NEWS,News Media,2016-06-22,veinteligente,
http://www.abc.es/,NEWS,News Media,2016-06-22,veinteligente,
http://www.accionsolidaria.info/,PUBH,Public Health,2016-06-22,veinteligente,
https://www.accionsolidaria.info/,PUBH,Public Health,2018-04-10,OONI,
http://www.accsi.org.ve/,PUBH,Public Health,2014-04-15,citizenlab,
https://www.accsi.org.ve/,PUBH,Public Health,2018-04-10,OONI,
http://www.acoana.org/,ENV,Environment,2018-04-10,OONI,
http://www.acsol.org/,PUBH,Public Health,2014-04-15,citizenlab,
http://www.actualidad-24.com/,NEWS,News Media,2016-06-22,veinteligente,
http://www.aguacateverde.com/,NEWS,News Media,2016-06-22,veinteligente,
https://www.amnistia.org/,HUMR,Human Rights Issues,2018-04-10,OONI,
http://www.analitica.com/,NEWS,News Media,2014-04-15,citizenlab,
https://www.aporrea.org/,NEWS,News Media,2018-04-10,OONI,
http://www.asambleanacional.gob.ve/,POLR,Political Criticism,2016-06-22,veinteligente,
http://www.aulaabierta.edu.co/,CULTR,Culture,2018-04-10,OONI,
http://www.aval.org.ve/,PUBH,Public Health,2018-04-10,OONI,
http://www.bbc.com/news/topics/cp3mvpm3933t/venezuela-crisis,NEWS,News Media,2018-04-10,OONI,
http://www.bbc.com/news/world-latin-america-19649652,NEWS,News Media,2018-04-10,OONI,
http://www.bbc.com/news/world-latin-america-36319877,POLR,Political Criticism,2018-04-10,OONI,
http://www.cadivi.gob.ve/,POLR,Political Criticism,2016-06-22,veinteligente,
http://www.canalrcn.com/,NEWS,News Media,2016-06-22,veinteligente,
http://www.caracaschronicles.com/,POLR,Political Criticism,2014-04-15,citizenlab,
https://www.caracaschronicles.com/,POLR,Political Criticism,2018-04-10,OONI,
http://www.caraotadigital.net/,NEWS,News Media,2018-04-10,OONI,
http://www.cencoex.gob.ve/,POLR,Political Criticism,2016-06-22,veinteligente,
http://www.cinex.com.ve/,CULTR,Culture,2018-04-10,OONI,
http://www.clarin.com/,NEWS,News Media,2016-06-22,veinteligente,
http://www.cocinayvino.net/,CULTR,Culture,2018-04-10,OONI,
http://www.cofavic.org.ve/,PUBH,Public Health,2018-04-10,OONI,
http://www.controlciudadano.org/,POLR,Political Criticism,2014-04-15,citizenlab,
http://www.correodelorinoco.gob.ve/,NEWS,News Media,2016-06-22,veinteligente,
http://www.derechos.org.ve/,HUMR,Human Rights Issues,2014-04-15,citizenlab,
https://www.derechos.org.ve/,HUMR,Human Rights Issues,2018-04-10,OONI,
http://www.descifrado.com/,NEWS,News Media,2014-04-15,citizenlab,
http://www.diariolavoz.net/,NEWS,News Media,2016-06-22,veinteligente,
http://www.ecodiversa.org/,ENV,Environment,2018-04-10,OONI,
https://www.el-carabobeno.com/,NEWS,News Media,2018-04-10,OONI,
http://www.el-nacional.com/,NEWS,News Media,2016-06-22,veinteligente,
http://www.elcambur.com.ve/,NEWS,News Media,2016-06-22,veinteligente,
http://www.elchiguirebipolar.com/,POLR,Political Criticism,2014-04-15,citizenlab,
http://www.elchiguirebipolar.net/,POLR,Political Criticism,2014-04-15,citizenlab,
https://www.elespectador.com/,NEWS,News Media,2016-06-22,veinteligente,
https://www.elimpulso.com/,NEWS,News Media,2016-06-22,veinteligente,
http://www.elimpulso.com/,NEWS,News Media,2018-04-10,OONI,
http://www.elinformador.com.ve/,NEWS,News Media,2016-06-22,veinteligente,
http://www.elmundo.com.ve/,NEWS,News Media,2016-06-22,veinteligente,
http://www.elmundo.es/,NEWS,News Media,2016-06-22,veinteligente,
http://www.elpitazo.com/,NEWS,News Media,2016-06-22,veinteligente,
http://www.elpropio.com/,NEWS,News Media,2016-06-22,veinteligente,
http://www.eltiempo.com/,NEWS,News Media,2016-06-22,veinteligente,
http://www.estampas.com/,CULTR,Culture,2018-04-10,OONI,
https://www.facebook.com/amigostrasplantados,PUBH,Public Health,2018-04-10,OONI,
http://www.fedecamaras.org.ve/,ECON,Economics,2014-04-15,citizenlab,
http://www.fondoindigena.org/,HUMR,Human Rights Issues,2014-04-15,citizenlab,
http://www.fundacionlatortuga.org/,ENV,Environment,2018-04-10,OONI,
http://www.fundacionreflejosdevenezuela.com/,LGBT,LGBT,2014-04-15,citizenlab,
http://www.fundepro.com.ve/,HUMR,Human Rights Issues,2014-04-15,citizenlab,
https://www.hrw.org/TodosConVenezuela,HUMR,Human Rights Issues,2018-04-10,OONI,
https://www.hrw.org/americas/venezuela,HUMR,Human Rights Issues,2018-04-10,OONI,
http://www.iglesia.net/,REL,Religion,2014-04-15,citizenlab,
http://www.infobae.com/,NEWS,News Media,2016-06-22,veinteligente,
http://www.infobae.media/,NEWS,News Media,2016-06-22,veinteligente,
http://www.laiguana.tv/,NEWS,News Media,2018-04-10,OONI,
http://www.lapatilla.com/,NEWS,News Media,2016-06-22,veinteligente,
https://www.lapatilla.com/,NEWS,News Media,2018-06-07,OONI,Reportedly blocked
http://www.laprensalara.com.ve/,NEWS,News Media,2016-06-22,veinteligente,
https://www.latinamericancupid.com/,DATE,Online Dating,2018-04-10,OONI,
http://www.laverdad.com/,NEWS,News Media,2016-06-22,veinteligente,
http://www.lavinotinto.com/,CULTR,Culture,2018-04-10,OONI,
http://www.liderendeportes.com/,NEWS,News Media,2018-04-10,OONI,
http://www.maduradas.com/,POLR,Political Criticism,2016-06-22,veinteligente,
https://www.mercado.com.ve/,GRP,Social Networking,2014-04-15,citizenlab,
http://www.miguel-pizarro.com/,POLR,Political Criticism,2018-04-10,OONI,
http://www.noticias.com/,NEWS,News Media,2016-06-22,veinteligente,
http://www.noticierodigital.com/,NEWS,News Media,2016-06-22,veinteligente,supports https but as cloudflare error
http://www.notitarde.com/,NEWS,News Media,2018-04-10,OONI,
http://www.ntn24.com/,NEWS,News Media,2018-04-10,OONI,Reportedly blocked (in the past)
https://www.oas.org/es/cidh/,HUMR,Human Rights Issues,2018-04-10,OONI,
http://www.observatoriodeconflictos.org.ve/,HUMR,Human Rights Issues,2016-06-22,veinteligente,
http://www.orinoco.org/,HUMR,Human Rights Issues,2014-04-15,citizenlab,
https://www.panfletonegro.com/,POLR,Political Criticism,2016-06-22,veinteligente,
http://www.panorama.com.ve/,NEWS,News Media,2016-06-22,veinteligente,
http://www.pdv.com/,ENV,Environment,2014-04-15,citizenlab,
http://www.prensaescrita.com/,NEWS,News Media,2016-06-22,veinteligente,
http://www.primerojusticia.org.ve/,POLR,Political Criticism,2016-06-22,veinteligente,
http://www.primicia.com.ve/,NEWS,News Media,2018-04-10,OONI,
http://www.primicias24.com/,NEWS,News Media,2016-06-22,veinteligente,
http://www.psuv.org.ve/,POLR,Political Criticism,2018-04-10,OONI,
http://www.reportero24.com/,NEWS,News Media,2016-06-22,veinteligente,
http://www.sgiv.org/,HUMR,Human Rights Issues,2014-04-15,citizenlab,
http://www.soberania.org/,NEWS,News Media,2014-04-15,citizenlab,
http://www.supercines.com.ve/,CULTR,Culture,2018-04-10,OONI,
http://www.talcualdigital.com/,NEWS,News Media,2016-06-22,veinteligente,
http://www.tecnomovida.com/,HACK,Hacking Tools,2018-04-10,OONI,
https://www.telemundo.com/,NEWS,News Media,2016-06-22,veinteligente,
http://www.telesurtv.net/,NEWS,News Media,2016-06-22,veinteligente,
https://www.telesurtv.net/,NEWS,News Media,2018-04-10,OONI,
http://www.televen.com/,NEWS,News Media,2014-04-15,citizenlab,
http://www.tuneloso.com/,ANON,Anonymization and circumvention tools,2016-06-22,veinteligente,
http://www.uic.org.ve/,HUMR,Human Rights Issues,2014-04-15,citizenlab,
http://www.ultimasnoticias.com.ve/,NEWS,News Media,2016-06-22,veinteligente,
http://www.venelogia.com/,NEWS,News Media,2014-04-15,citizenlab,
http://www.venevision.com/,NEWS,News Media,2018-04-10,OONI,
http://www.venezuelaaldia.com/,NEWS,News Media,2017-06-30,OONI,
http://www.venezuelaawareness.com/,NEWS,News Media,2014-04-15,citizenlab,
https://www.venezuelanchamber.org/,GOVT,Government,2014-04-15,citizenlab,
https://www.venezuelanwomeninaction.org/,HUMR,Human Rights Issues,2018-04-10,OONI,
https://www.venezuelasinfonica.com/,CULTR,Culture,2018-04-10,OONI,
http://www.ventevenezuela.org/,POLR,Political Criticism,2018-04-10,OONI,
https://www.vivoplay.net/,NEWS,News Media,2017-05-21,OONI,
http://www.voluntadpopular.com/,POLR,Political Criticism,2018-04-10,OONI,
http://www.votojoven.com/,POLR,Political Criticism,2014-04-15,citizenlab,
https://www.vpitv.com/,NEWS,News Media,2017-04-11,OONI,
http://www.vtv.gob.ve/,NEWS,News Media,2016-06-22,veinteligente,
http://www.webntn24.us/,NEWS,News Media,2016-06-22,veinteligente,
http://zonablackberry.com.ve/,HACK,Hacking Tools,2018-04-10,OONI,
https://venezuelaaidlive.com/,POLR,Political Criticism,2019-02-28,OONI,Reportedly blocked
https://evtvmiami.com/,NEWS,News Media,2019-02-28,OONI,Reportedly blocked
https://www.eltiempo.com/,NEWS,News Media,2019-02-28,OONI,Reportedly blocked
